dataset,fold,variant,clf,gmean,f1
new-thyroid,0,Full,KNN,0.8068181818181819,0.8077803203661327
new-thyroid,0,Full,CART,0.6409090909090909,0.641025641025641
new-thyroid,0,Full,SVM,0.7568181818181818,0.7569444444444444
new-thyroid,0,-FeatWeights,KNN,0.7818181818181817,0.7826336975273145
new-thyroid,0,-FeatWeights,CART,0.6227272727272727,0.6181818181818182
new-thyroid,0,-FeatWeights,SVM,0.7818181818181817,0.7826336975273145
new-thyroid,0,-Subgroups,KNN,0.8068181818181819,0.8077803203661327
new-thyroid,0,-Subgroups,CART,0.6409090909090909,0.641025641025641
new-thyroid,0,-Subgroups,SVM,0.7568181818181818,0.7569444444444444
new-thyroid,0,-Mahalanobis,KNN,0.8068181818181819,0.8077803203661327
new-thyroid,0,-Mahalanobis,CART,0.6409090909090909,0.641025641025641
new-thyroid,0,-Mahalanobis,SVM,0.7568181818181818,0.7569444444444444
new-thyroid,0,-NoiseGate,KNN,0.8068181818181819,0.8077803203661327
new-thyroid,0,-NoiseGate,CART,0.6409090909090909,0.641025641025641
new-thyroid,0,-NoiseGate,SVM,0.7568181818181818,0.7569444444444444
new-thyroid,0,-ConfSteer,KNN,0.8068181818181819,0.8077803203661327
new-thyroid,0,-ConfSteer,CART,0.6409090909090909,0.641025641025641
new-thyroid,0,-ConfSteer,SVM,0.7568181818181818,0.7569444444444444
new-thyroid,1,Full,KNN,0.6909090909090909,0.690300623936472
new-thyroid,1,Full,CART,0.8386363636363636,0.8324786324786324
new-thyroid,1,Full,SVM,0.8318181818181818,0.8324786324786324
new-thyroid,1,-FeatWeights,KNN,0.6909090909090909,0.690300623936472
new-thyroid,1,-FeatWeights,CART,0.8386363636363636,0.8324786324786324
new-thyroid,1,-FeatWeights,SVM,0.8318181818181818,0.8324786324786324
new-thyroid,1,-Subgroups,KNN,0.6909090909090909,0.690300623936472
new-thyroid,1,-Subgroups,CART,0.8386363636363636,0.8324786324786324
new-thyroid,1,-Subgroups,SVM,0.8318181818181818,0.8324786324786324
new-thyroid,1,-Mahalanobis,KNN,0.6909090909090909,0.690300623936472
new-thyroid,1,-Mahalanobis,CART,0.8386363636363636,0.8324786324786324
new-thyroid,1,-Mahalanobis,SVM,0.8318181818181818,0.8324786324786324
new-thyroid,1,-NoiseGate,KNN,0.6909090909090909,0.690300623936472
new-thyroid,1,-NoiseGate,CART,0.8386363636363636,0.8324786324786324
new-thyroid,1,-NoiseGate,SVM,0.8318181818181818,0.8324786324786324
new-thyroid,1,-ConfSteer,KNN,0.6909090909090909,0.690300623936472
new-thyroid,1,-ConfSteer,CART,0.8386363636363636,0.8324786324786324
new-thyroid,1,-ConfSteer,SVM,0.8318181818181818,0.8324786324786324
new-thyroid,2,Full,KNN,0.8032036613272311,0.8055555555555556
new-thyroid,2,Full,CART,0.7208237986270023,0.7142857142857143
new-thyroid,2,Full,SVM,0.8295194508009154,0.8309373202990225
new-thyroid,2,-FeatWeights,KNN,0.8032036613272311,0.8055555555555556
new-thyroid,2,-FeatWeights,CART,0.7208237986270023,0.7142857142857143
new-thyroid,2,-FeatWeights,SVM,0.8295194508009154,0.8309373202990225
new-thyroid,2,-Subgroups,KNN,0.8032036613272311,0.8055555555555556
new-thyroid,2,-Subgroups,CART,0.7208237986270023,0.7142857142857143
new-thyroid,2,-Subgroups,SVM,0.8295194508009154,0.8309373202990225
new-thyroid,2,-Mahalanobis,KNN,0.8032036613272311,0.8055555555555556
new-thyroid,2,-Mahalanobis,CART,0.7208237986270023,0.7142857142857143
new-thyroid,2,-Mahalanobis,SVM,0.8295194508009154,0.8309373202990225
new-thyroid,2,-NoiseGate,KNN,0.8032036613272311,0.8055555555555556
new-thyroid,2,-NoiseGate,CART,0.7208237986270023,0.7142857142857143
new-thyroid,2,-NoiseGate,SVM,0.8295194508009154,0.8309373202990225
new-thyroid,2,-ConfSteer,KNN,0.8032036613272311,0.8055555555555556
new-thyroid,2,-ConfSteer,CART,0.7208237986270023,0.7142857142857143
new-thyroid,2,-ConfSteer,SVM,0.8295194508009154,0.8309373202990225
new-thyroid,3,Full,KNN,0.8229665071770335,0.8255319148936171
new-thyroid,3,Full,CART,0.7057416267942584,0.7057416267942584
new-thyroid,3,Full,SVM,0.8456937799043063,0.8492647058823529
new-thyroid,3,-FeatWeights,KNN,0.8229665071770335,0.8255319148936171
new-thyroid,3,-FeatWeights,CART,0.7057416267942584,0.7057416267942584
new-thyroid,3,-FeatWeights,SVM,0.8456937799043063,0.8492647058823529
new-thyroid,3,-Subgroups,KNN,0.8229665071770335,0.8255319148936171
new-thyroid,3,-Subgroups,CART,0.7057416267942584,0.7057416267942584
new-thyroid,3,-Subgroups,SVM,0.8456937799043063,0.8492647058823529
new-thyroid,3,-Mahalanobis,KNN,0.8229665071770335,0.8255319148936171
new-thyroid,3,-Mahalanobis,CART,0.7057416267942584,0.7057416267942584
new-thyroid,3,-Mahalanobis,SVM,0.8456937799043063,0.8492647058823529
new-thyroid,3,-NoiseGate,KNN,0.8229665071770335,0.8255319148936171
new-thyroid,3,-NoiseGate,CART,0.7057416267942584,0.7057416267942584
new-thyroid,3,-NoiseGate,SVM,0.8456937799043063,0.8492647058823529
new-thyroid,3,-ConfSteer,KNN,0.8229665071770335,0.8255319148936171
new-thyroid,3,-ConfSteer,CART,0.7057416267942584,0.7057416267942584
new-thyroid,3,-ConfSteer,SVM,0.8456937799043063,0.8492647058823529
new-thyroid,4,Full,KNN,0.8564593301435407,0.8535714285714285
new-thyroid,4,Full,CART,0.7021531100478469,0.7028985507246377
new-thyroid,4,Full,SVM,0.777511961722488,0.7783783783783784
new-thyroid,4,-FeatWeights,KNN,0.8791866028708134,0.877757901013715
new-thyroid,4,-FeatWeights,CART,0.777511961722488,0.7783783783783784
new-thyroid,4,-FeatWeights,SVM,0.7583732057416268,0.7559523809523809
new-thyroid,4,-Subgroups,KNN,0.8564593301435407,0.8535714285714285
new-thyroid,4,-Subgroups,CART,0.7021531100478469,0.7028985507246377
new-thyroid,4,-Subgroups,SVM,0.777511961722488,0.7783783783783784
new-thyroid,4,-Mahalanobis,KNN,0.8564593301435407,0.8535714285714285
new-thyroid,4,-Mahalanobis,CART,0.7021531100478469,0.7028985507246377
new-thyroid,4,-Mahalanobis,SVM,0.777511961722488,0.7783783783783784
new-thyroid,4,-NoiseGate,KNN,0.8564593301435407,0.8535714285714285
new-thyroid,4,-NoiseGate,CART,0.7021531100478469,0.7028985507246377
new-thyroid,4,-NoiseGate,SVM,0.777511961722488,0.7783783783783784
new-thyroid,4,-ConfSteer,KNN,0.8564593301435407,0.8535714285714285
new-thyroid,4,-ConfSteer,CART,0.7021531100478469,0.7028985507246377
new-thyroid,4,-ConfSteer,SVM,0.777511961722488,0.7783783783783784
hayes-roth,0,Full,KNN,0.7120200556193194,0.6594982078853047
hayes-roth,0,Full,CART,0.7172655962212096,0.6428571428571429
hayes-roth,0,Full,SVM,0.8763738865825594,0.8554112554112554
hayes-roth,0,-FeatWeights,KNN,0.68971624747014,0.6317204301075269
hayes-roth,0,-FeatWeights,CART,0.8701063269755686,0.8461538461538461
hayes-roth,0,-FeatWeights,SVM,0.913486693784369,0.8968253968253969
hayes-roth,0,-Subgroups,KNN,0.7120200556193194,0.6594982078853047
hayes-roth,0,-Subgroups,CART,0.7172655962212096,0.6428571428571429
hayes-roth,0,-Subgroups,SVM,0.8763738865825594,0.8554112554112554
hayes-roth,0,-Mahalanobis,KNN,0.7120200556193194,0.6594982078853047
hayes-roth,0,-Mahalanobis,CART,0.7172655962212096,0.6428571428571429
hayes-roth,0,-Mahalanobis,SVM,0.8763738865825594,0.8554112554112554
hayes-roth,0,-NoiseGate,KNN,0.7120200556193194,0.6594982078853047
hayes-roth,0,-NoiseGate,CART,0.7172655962212096,0.6428571428571429
hayes-roth,0,-NoiseGate,SVM,0.8763738865825594,0.8554112554112554
hayes-roth,0,-ConfSteer,KNN,0.7120200556193194,0.6594982078853047
hayes-roth,0,-ConfSteer,CART,0.7172655962212096,0.6428571428571429
hayes-roth,0,-ConfSteer,SVM,0.8763738865825594,0.8554112554112554
hayes-roth,1,Full,KNN,0.7729106760683195,0.7351098644226274
hayes-roth,1,Full,CART,0.8701063269755686,0.8452380952380952
hayes-roth,1,Full,SVM,0.8483796839677038,0.8136200716845878
hayes-roth,1,-FeatWeights,KNN,0.576960562584851,0.4939309056956116
hayes-roth,1,-FeatWeights,CART,0.8701063269755686,0.8452380952380952
hayes-roth,1,-FeatWeights,SVM,0.8483796839677038,0.8136200716845878
hayes-roth,1,-Subgroups,KNN,0.7729106760683195,0.7351098644226274
hayes-roth,1,-Subgroups,CART,0.8701063269755686,0.8452380952380952
hayes-roth,1,-Subgroups,SVM,0.8483796839677038,0.8136200716845878
hayes-roth,1,-Mahalanobis,KNN,0.7729106760683195,0.7351098644226274
hayes-roth,1,-Mahalanobis,CART,0.8701063269755686,0.8452380952380952
hayes-roth,1,-Mahalanobis,SVM,0.8483796839677038,0.8136200716845878
hayes-roth,1,-NoiseGate,KNN,0.7729106760683195,0.7351098644226274
hayes-roth,1,-NoiseGate,CART,0.8701063269755686,0.8452380952380952
hayes-roth,1,-NoiseGate,SVM,0.8483796839677038,0.8136200716845878
hayes-roth,1,-ConfSteer,KNN,0.7729106760683195,0.7351098644226274
hayes-roth,1,-ConfSteer,CART,0.8701063269755686,0.8452380952380952
hayes-roth,1,-ConfSteer,SVM,0.8483796839677038,0.8136200716845878
hayes-roth,2,Full,KNN,0.8131469733552639,0.7646913580246913
hayes-roth,2,Full,CART,0.8701063269755686,0.8461538461538461
hayes-roth,2,Full,SVM,0.8918080720799182,0.8700649675162418
hayes-roth,2,-FeatWeights,KNN,0.7253073024265467,0.6619753086419754
hayes-roth,2,-FeatWeights,CART,0.8701063269755686,0.8461538461538461
hayes-roth,2,-FeatWeights,SVM,0.8918080720799182,0.8700649675162418
hayes-roth,2,-Subgroups,KNN,0.8131469733552639,0.7646913580246913
hayes-roth,2,-Subgroups,CART,0.8701063269755686,0.8461538461538461
hayes-roth,2,-Subgroups,SVM,0.8918080720799182,0.8700649675162418
hayes-roth,2,-Mahalanobis,KNN,0.8131469733552639,0.7646913580246913
hayes-roth,2,-Mahalanobis,CART,0.8701063269755686,0.8461538461538461
hayes-roth,2,-Mahalanobis,SVM,0.8918080720799182,0.8700649675162418
hayes-roth,2,-NoiseGate,KNN,0.8131469733552639,0.7646913580246913
hayes-roth,2,-NoiseGate,CART,0.8701063269755686,0.8461538461538461
hayes-roth,2,-NoiseGate,SVM,0.8918080720799182,0.8700649675162418
hayes-roth,2,-ConfSteer,KNN,0.8131469733552639,0.7646913580246913
hayes-roth,2,-ConfSteer,CART,0.8701063269755686,0.8461538461538461
hayes-roth,2,-ConfSteer,SVM,0.8918080720799182,0.8700649675162418
hayes-roth,3,Full,KNN,0.7693113618000369,0.7048131080389145
hayes-roth,3,Full,CART,0.8483796839677038,0.8180909545227385
hayes-roth,3,Full,SVM,0.8288940199911188,0.7768281101614436
hayes-roth,3,-FeatWeights,KNN,0.7253073024265467,0.6585873729801767
hayes-roth,3,-FeatWeights,CART,0.8483796839677038,0.8180909545227385
hayes-roth,3,-FeatWeights,SVM,0.8288940199911188,0.7768281101614436
hayes-roth,3,-Subgroups,KNN,0.7693113618000369,0.7048131080389145
hayes-roth,3,-Subgroups,CART,0.8483796839677038,0.8180909545227385
hayes-roth,3,-Subgroups,SVM,0.8288940199911188,0.7768281101614436
hayes-roth,3,-Mahalanobis,KNN,0.7693113618000369,0.7048131080389145
hayes-roth,3,-Mahalanobis,CART,0.8483796839677038,0.8180909545227385
hayes-roth,3,-Mahalanobis,SVM,0.8288940199911188,0.7768281101614436
hayes-roth,3,-NoiseGate,KNN,0.7693113618000369,0.7048131080389145
hayes-roth,3,-NoiseGate,CART,0.8483796839677038,0.8180909545227385
hayes-roth,3,-NoiseGate,SVM,0.8288940199911188,0.7768281101614436
hayes-roth,3,-ConfSteer,KNN,0.7693113618000369,0.7048131080389145
hayes-roth,3,-ConfSteer,CART,0.8483796839677038,0.8180909545227385
hayes-roth,3,-ConfSteer,SVM,0.8288940199911188,0.7768281101614436
hayes-roth,4,Full,KNN,0.6871087520316104,0.6001756697408871
hayes-roth,4,Full,CART,0.8878522407695417,0.8631636562671045
hayes-roth,4,Full,SVM,0.7812305735219403,0.7380246913580247
hayes-roth,4,-FeatWeights,KNN,0.6781683277046742,0.6044444444444443
hayes-roth,4,-FeatWeights,CART,0.8878522407695417,0.8631636562671045
hayes-roth,4,-FeatWeights,SVM,0.848280258647445,0.8121309715512615
hayes-roth,4,-Subgroups,KNN,0.6871087520316104,0.6001756697408871
hayes-roth,4,-Subgroups,CART,0.8878522407695417,0.8631636562671045
hayes-roth,4,-Subgroups,SVM,0.7812305735219403,0.7380246913580247
hayes-roth,4,-Mahalanobis,KNN,0.6871087520316104,0.6001756697408871
hayes-roth,4,-Mahalanobis,CART,0.8878522407695417,0.8631636562671045
hayes-roth,4,-Mahalanobis,SVM,0.7812305735219403,0.7380246913580247
hayes-roth,4,-NoiseGate,KNN,0.6871087520316104,0.6001756697408871
hayes-roth,4,-NoiseGate,CART,0.8878522407695417,0.8631636562671045
hayes-roth,4,-NoiseGate,SVM,0.7812305735219403,0.7380246913580247
hayes-roth,4,-ConfSteer,KNN,0.6871087520316104,0.6001756697408871
hayes-roth,4,-ConfSteer,CART,0.8878522407695417,0.8631636562671045
hayes-roth,4,-ConfSteer,SVM,0.7812305735219403,0.7380246913580247
balance-scale,0,Full,KNN,0.6880183156950358,0.5647907647907648
balance-scale,0,Full,CART,0.6834273449421254,0.555009555009555
balance-scale,0,Full,SVM,0.888443604879685,0.7468795355587808
balance-scale,0,-FeatWeights,KNN,0.6832308727532329,0.5606475413814863
balance-scale,0,-FeatWeights,CART,0.7070169337032797,0.5706126687435099
balance-scale,0,-FeatWeights,SVM,0.8972899373479657,0.7617220621647577
balance-scale,0,-Subgroups,KNN,0.6880183156950358,0.5647907647907648
balance-scale,0,-Subgroups,CART,0.6834273449421254,0.555009555009555
balance-scale,0,-Subgroups,SVM,0.8928418621648161,0.7541936256889529
balance-scale,0,-Mahalanobis,KNN,0.6880183156950358,0.5647907647907648
balance-scale,0,-Mahalanobis,CART,0.6834273449421254,0.555009555009555
balance-scale,0,-Mahalanobis,SVM,0.8928418621648161,0.7541936256889529
balance-scale,0,-NoiseGate,KNN,0.6880183156950358,0.5647907647907648
balance-scale,0,-NoiseGate,CART,0.6834273449421254,0.555009555009555
balance-scale,0,-NoiseGate,SVM,0.888443604879685,0.7468795355587808
balance-scale,0,-ConfSteer,KNN,0.6880183156950358,0.5647907647907648
balance-scale,0,-ConfSteer,CART,0.6834273449421254,0.555009555009555
balance-scale,0,-ConfSteer,SVM,0.8928418621648161,0.7541936256889529
balance-scale,1,Full,KNN,0.716009095534174,0.5874625863336633
balance-scale,1,Full,CART,0.7037742506495893,0.5743338887992976
balance-scale,1,Full,SVM,0.95206362707442,0.8482480920480328
balance-scale,1,-FeatWeights,KNN,0.716009095534174,0.5874625863336633
balance-scale,1,-FeatWeights,CART,0.6848540829059916,0.5486531061022539
balance-scale,1,-FeatWeights,SVM,0.9564608957394077,0.8585858585858586
balance-scale,1,-Subgroups,KNN,0.716009095534174,0.5874625863336633
balance-scale,1,-Subgroups,CART,0.7037742506495893,0.5743338887992976
balance-scale,1,-Subgroups,SVM,0.95206362707442,0.8482480920480328
balance-scale,1,-Mahalanobis,KNN,0.716009095534174,0.5874625863336633
balance-scale,1,-Mahalanobis,CART,0.7037742506495893,0.5743338887992976
balance-scale,1,-Mahalanobis,SVM,0.95206362707442,0.8482480920480328
balance-scale,1,-NoiseGate,KNN,0.7215225462741112,0.5936638221179945
balance-scale,1,-NoiseGate,CART,0.7037742506495893,0.5743338887992976
balance-scale,1,-NoiseGate,SVM,0.9564608957394077,0.8585858585858586
balance-scale,1,-ConfSteer,KNN,0.716009095534174,0.5874625863336633
balance-scale,1,-ConfSteer,CART,0.7037742506495893,0.5743338887992976
balance-scale,1,-ConfSteer,SVM,0.95206362707442,0.8482480920480328
balance-scale,2,Full,KNN,0.7329706966141718,0.6044430215222295
balance-scale,2,Full,CART,0.726315218606638,0.5986403069736403
balance-scale,2,Full,SVM,0.8794782972912931,0.7323516063221809
balance-scale,2,-FeatWeights,KNN,0.6956198905596883,0.5699790462687805
balance-scale,2,-FeatWeights,CART,0.6834348535163415,0.5551550895587593
balance-scale,2,-FeatWeights,SVM,0.8873496730295966,0.7476579905074239
balance-scale,2,-Subgroups,KNN,0.7329706966141718,0.6044430215222295
balance-scale,2,-Subgroups,CART,0.726315218606638,0.5986403069736403
balance-scale,2,-Subgroups,SVM,0.8794782972912931,0.7323516063221809
balance-scale,2,-Mahalanobis,KNN,0.7329706966141718,0.6044430215222295
balance-scale,2,-Mahalanobis,CART,0.726315218606638,0.5986403069736403
balance-scale,2,-Mahalanobis,SVM,0.8794782972912931,0.7323516063221809
balance-scale,2,-NoiseGate,KNN,0.710673197470447,0.5847727980080921
balance-scale,2,-NoiseGate,CART,0.7035274428139573,0.5713678280049962
balance-scale,2,-NoiseGate,SVM,0.8794782972912931,0.7323516063221809
balance-scale,2,-ConfSteer,KNN,0.7329706966141718,0.6044430215222295
balance-scale,2,-ConfSteer,CART,0.726315218606638,0.5986403069736403
balance-scale,2,-ConfSteer,SVM,0.8794782972912931,0.7323516063221809
balance-scale,3,Full,KNN,0.6852228396235239,0.5577834050580948
balance-scale,3,Full,CART,0.6916509693924106,0.5570487483530961
balance-scale,3,Full,SVM,0.8817279384743799,0.7523712441143634
balance-scale,3,-FeatWeights,KNN,0.7011259448587721,0.5747957441547853
balance-scale,3,-FeatWeights,CART,0.7003563388598144,0.5614035087719298
balance-scale,3,-FeatWeights,SVM,0.8861990359826052,0.7600781423872993
balance-scale,3,-Subgroups,KNN,0.6852228396235239,0.5577834050580948
balance-scale,3,-Subgroups,CART,0.6916509693924106,0.5570487483530961
balance-scale,3,-Subgroups,SVM,0.8817279384743799,0.7523712441143634
balance-scale,3,-Mahalanobis,KNN,0.6852228396235239,0.5577834050580948
balance-scale,3,-Mahalanobis,CART,0.6916509693924106,0.5570487483530961
balance-scale,3,-Mahalanobis,SVM,0.8817279384743799,0.7523712441143634
balance-scale,3,-NoiseGate,KNN,0.6725872969338424,0.5491962550786079
balance-scale,3,-NoiseGate,CART,0.6916509693924106,0.5570487483530961
balance-scale,3,-NoiseGate,SVM,0.8817279384743799,0.7523712441143634
balance-scale,3,-ConfSteer,KNN,0.6852228396235239,0.5577834050580948
balance-scale,3,-ConfSteer,CART,0.6916509693924106,0.5570487483530961
balance-scale,3,-ConfSteer,SVM,0.8817279384743799,0.7523712441143634
balance-scale,4,Full,KNN,0.6941434956218423,0.5713527370442725
balance-scale,4,Full,CART,0.7091893130074161,0.5731435167372066
balance-scale,4,Full,SVM,0.9437807076039691,0.8205086807237345
balance-scale,4,-FeatWeights,KNN,0.6989107797522903,0.5754396759990115
balance-scale,4,-FeatWeights,CART,0.7060867759056527,0.5746799431009957
balance-scale,4,-FeatWeights,SVM,0.9437807076039691,0.8205086807237345
balance-scale,4,-Subgroups,KNN,0.6941434956218423,0.5713527370442725
balance-scale,4,-Subgroups,CART,0.7091893130074161,0.5731435167372066
balance-scale,4,-Subgroups,SVM,0.9437807076039691,0.8205086807237345
balance-scale,4,-Mahalanobis,KNN,0.6941434956218423,0.5713527370442725
balance-scale,4,-Mahalanobis,CART,0.7091893130074161,0.5731435167372066
balance-scale,4,-Mahalanobis,SVM,0.9437807076039691,0.8205086807237345
balance-scale,4,-NoiseGate,KNN,0.6989107797522903,0.5755826859045505
balance-scale,4,-NoiseGate,CART,0.7100233232637396,0.575635253325053
balance-scale,4,-NoiseGate,SVM,0.9481191093012082,0.8300705467372134
balance-scale,4,-ConfSteer,KNN,0.6941434956218423,0.5713527370442725
balance-scale,4,-ConfSteer,CART,0.7091893130074161,0.5731435167372066
balance-scale,4,-ConfSteer,SVM,0.9437807076039691,0.8205086807237345
car,0,Full,KNN,0.8967924635285494,0.7164161682405465
car,0,Full,CART,0.9370294500649406,0.9257377441385011
car,0,Full,SVM,0.9891677168153863,0.9712103694741323
car,0,-FeatWeights,KNN,0.8660919891625145,0.6277692479877007
car,0,-FeatWeights,CART,0.9656332381899426,0.947470719304725
car,0,-FeatWeights,SVM,0.9891677168153863,0.9712103694741323
car,0,-Subgroups,KNN,0.8967924635285494,0.7164161682405465
car,0,-Subgroups,CART,0.9370294500649406,0.9257377441385011
car,0,-Subgroups,SVM,0.9891677168153863,0.9712103694741323
car,0,-Mahalanobis,KNN,0.8967924635285494,0.7164161682405465
car,0,-Mahalanobis,CART,0.9370294500649406,0.9257377441385011
car,0,-Mahalanobis,SVM,0.9891677168153863,0.9712103694741323
car,0,-NoiseGate,KNN,0.8967924635285494,0.7164161682405465
car,0,-NoiseGate,CART,0.9370294500649406,0.9257377441385011
car,0,-NoiseGate,SVM,0.9891677168153863,0.9712103694741323
car,0,-ConfSteer,KNN,0.8967924635285494,0.7164161682405465
car,0,-ConfSteer,CART,0.9370294500649406,0.9257377441385011
car,0,-ConfSteer,SVM,0.9891677168153863,0.9712103694741323
car,1,Full,KNN,0.9006665408373177,0.7151747786017713
car,1,Full,CART,0.9552109264367563,0.9365496554321852
car,1,Full,SVM,0.9970191877353812,0.9869763891503021
car,1,-FeatWeights,KNN,0.8424090038203725,0.6111663558864906
car,1,-FeatWeights,CART,0.9495384272803566,0.9318519442173792
car,1,-FeatWeights,SVM,0.9970191877353812,0.9869763891503021
car,1,-Subgroups,KNN,0.9006665408373177,0.7151747786017713
car,1,-Subgroups,CART,0.9552109264367563,0.9365496554321852
car,1,-Subgroups,SVM,0.9970191877353812,0.9869763891503021
car,1,-Mahalanobis,KNN,0.9006665408373177,0.7151747786017713
car,1,-Mahalanobis,CART,0.9552109264367563,0.9365496554321852
car,1,-Mahalanobis,SVM,0.9970191877353812,0.9869763891503021
car,1,-NoiseGate,KNN,0.9006665408373177,0.7151747786017713
car,1,-NoiseGate,CART,0.9552109264367563,0.9365496554321852
car,1,-NoiseGate,SVM,0.9970191877353812,0.9869763891503021
car,1,-ConfSteer,KNN,0.9006665408373177,0.7151747786017713
car,1,-ConfSteer,CART,0.9552109264367563,0.9365496554321852
car,1,-ConfSteer,SVM,0.9970191877353812,0.9869763891503021
car,2,Full,KNN,0.8852637002747652,0.7053288311241652
car,2,Full,CART,0.9697011355752991,0.9549388992378054
car,2,Full,SVM,0.9901969089411857,0.9615218794838091
car,2,-FeatWeights,KNN,0.8318298537850498,0.5944056998186831
car,2,-FeatWeights,CART,0.9697011355752991,0.9549388992378054
car,2,-FeatWeights,SVM,0.9912183504505796,0.9686582809224319
car,2,-Subgroups,KNN,0.8852637002747652,0.7053288311241652
car,2,-Subgroups,CART,0.9697011355752991,0.9549388992378054
car,2,-Subgroups,SVM,0.9901969089411857,0.9615218794838091
car,2,-Mahalanobis,KNN,0.8852637002747652,0.7053288311241652
car,2,-Mahalanobis,CART,0.9697011355752991,0.9549388992378054
car,2,-Mahalanobis,SVM,0.9901969089411857,0.9615218794838091
car,2,-NoiseGate,KNN,0.8852637002747652,0.7053288311241652
car,2,-NoiseGate,CART,0.9697011355752991,0.9549388992378054
car,2,-NoiseGate,SVM,0.9901969089411857,0.9615218794838091
car,2,-ConfSteer,KNN,0.8852637002747652,0.7053288311241652
car,2,-ConfSteer,CART,0.9697011355752991,0.9549388992378054
car,2,-ConfSteer,SVM,0.9901969089411857,0.9615218794838091
car,3,Full,KNN,0.8820158600859817,0.6853095370859845
car,3,Full,CART,0.9615882470340664,0.9491270585085018
car,3,Full,SVM,0.9902249298983506,0.9654411764705882
car,3,-FeatWeights,KNN,0.851392708790876,0.611591133161594
car,3,-FeatWeights,CART,0.9575915752652533,0.9348771378224394
car,3,-FeatWeights,SVM,0.9912079648284812,0.9674678047319557
car,3,-Subgroups,KNN,0.8820158600859817,0.6853095370859845
car,3,-Subgroups,CART,0.9615882470340664,0.9491270585085018
car,3,-Subgroups,SVM,0.9902249298983506,0.9654411764705882
car,3,-Mahalanobis,KNN,0.8820158600859817,0.6853095370859845
car,3,-Mahalanobis,CART,0.9615882470340664,0.9491270585085018
car,3,-Mahalanobis,SVM,0.9902249298983506,0.9654411764705882
car,3,-NoiseGate,KNN,0.8820158600859817,0.6853095370859845
car,3,-NoiseGate,CART,0.9615882470340664,0.9491270585085018
car,3,-NoiseGate,SVM,0.9902249298983506,0.9654411764705882
car,3,-ConfSteer,KNN,0.8820158600859817,0.6853095370859845
car,3,-ConfSteer,CART,0.9615882470340664,0.9491270585085018
car,3,-ConfSteer,SVM,0.9902249298983506,0.9654411764705882
car,4,Full,KNN,0.8974323919173645,0.7387863576874658
car,4,Full,CART,0.9621027866473846,0.9581277092738585
car,4,Full,SVM,0.9951809155678422,0.9823594505942789
car,4,-FeatWeights,KNN,0.8245626539127018,0.6254538491271966
car,4,-FeatWeights,CART,0.9525153409557576,0.9492327923610135
car,4,-FeatWeights,SVM,0.9941996831592946,0.9802794515915296
car,4,-Subgroups,KNN,0.8974323919173645,0.7387863576874658
car,4,-Subgroups,CART,0.9621027866473846,0.9581277092738585
car,4,-Subgroups,SVM,0.9951809155678422,0.9823594505942789
car,4,-Mahalanobis,KNN,0.8974323919173645,0.7387863576874658
car,4,-Mahalanobis,CART,0.9621027866473846,0.9581277092738585
car,4,-Mahalanobis,SVM,0.9951809155678422,0.9823594505942789
car,4,-NoiseGate,KNN,0.8974323919173645,0.7387863576874658
car,4,-NoiseGate,CART,0.9621027866473846,0.9581277092738585
car,4,-NoiseGate,SVM,0.9951809155678422,0.9823594505942789
car,4,-ConfSteer,KNN,0.8974323919173645,0.7387863576874658
car,4,-ConfSteer,CART,0.9621027866473846,0.9581277092738585
car,4,-ConfSteer,SVM,0.9951809155678422,0.9823594505942789
cmc,0,Full,KNN,0.5957595711358138,0.4747144297678039
cmc,0,Full,CART,0.5985416774940635,0.47781718568964004
cmc,0,Full,SVM,0.6057270514149437,0.46577282449622875
cmc,0,-FeatWeights,KNN,0.6019887296693586,0.4815422466024876
cmc,0,-FeatWeights,CART,0.596300853760449,0.47508315282013447
cmc,0,-FeatWeights,SVM,0.6057270514149437,0.46577282449622875
cmc,0,-Subgroups,KNN,0.5957595711358138,0.4747144297678039
cmc,0,-Subgroups,CART,0.5985416774940635,0.47781718568964004
cmc,0,-Subgroups,SVM,0.6057270514149437,0.46577282449622875
cmc,0,-Mahalanobis,KNN,0.5957595711358138,0.4747144297678039
cmc,0,-Mahalanobis,CART,0.5985416774940635,0.47781718568964004
cmc,0,-Mahalanobis,SVM,0.6057270514149437,0.46577282449622875
cmc,0,-NoiseGate,KNN,0.5957595711358138,0.4747144297678039
cmc,0,-NoiseGate,CART,0.5965043023792395,0.4751564827872454
cmc,0,-NoiseGate,SVM,0.6057270514149437,0.46577282449622875
cmc,0,-ConfSteer,KNN,0.5957595711358138,0.4747144297678039
cmc,0,-ConfSteer,CART,0.5985416774940635,0.47781718568964004
cmc,0,-ConfSteer,SVM,0.6057270514149437,0.46577282449622875
cmc,1,Full,KNN,0.5188868450824079,0.3849824561403509
cmc,1,Full,CART,0.5741198218919086,0.4500365690840163
cmc,1,Full,SVM,0.6039036509567887,0.46770602184223115
cmc,1,-FeatWeights,KNN,0.534580375075934,0.40170349674032685
cmc,1,-FeatWeights,CART,0.5741276161173469,0.4500438353636029
cmc,1,-FeatWeights,SVM,0.6000385854227908,0.46371881993582403
cmc,1,-Subgroups,KNN,0.5188868450824079,0.3849824561403509
cmc,1,-Subgroups,CART,0.5741198218919086,0.4500365690840163
cmc,1,-Subgroups,SVM,0.6039036509567887,0.46770602184223115
cmc,1,-Mahalanobis,KNN,0.5188868450824079,0.3849824561403509
cmc,1,-Mahalanobis,CART,0.5741198218919086,0.4500365690840163
cmc,1,-Mahalanobis,SVM,0.6039036509567887,0.46770602184223115
cmc,1,-NoiseGate,KNN,0.5260280795797929,0.39228913787737313
cmc,1,-NoiseGate,CART,0.5741198218919086,0.4500365690840163
cmc,1,-NoiseGate,SVM,0.6039036509567887,0.46770602184223115
cmc,1,-ConfSteer,KNN,0.5188868450824079,0.3849824561403509
cmc,1,-ConfSteer,CART,0.5741198218919086,0.4500365690840163
cmc,1,-ConfSteer,SVM,0.6039036509567887,0.46770602184223115
cmc,2,Full,KNN,0.5795971534400972,0.45072807788190067
cmc,2,Full,CART,0.6014536440790752,0.4802555497719716
cmc,2,Full,SVM,0.5997534068546435,0.4685537094376873
cmc,2,-FeatWeights,KNN,0.5965495560403807,0.47279099165964245
cmc,2,-FeatWeights,CART,0.6014536440790752,0.4802555497719716
cmc,2,-FeatWeights,SVM,0.6019909192856971,0.4718818856749891
cmc,2,-Subgroups,KNN,0.5795971534400972,0.45072807788190067
cmc,2,-Subgroups,CART,0.6014536440790752,0.4802555497719716
cmc,2,-Subgroups,SVM,0.5997534068546435,0.4685537094376873
cmc,2,-Mahalanobis,KNN,0.5795971534400972,0.45072807788190067
cmc,2,-Mahalanobis,CART,0.6014536440790752,0.4802555497719716
cmc,2,-Mahalanobis,SVM,0.5997534068546435,0.4685537094376873
cmc,2,-NoiseGate,KNN,0.5714686587288612,0.442373869932925
cmc,2,-NoiseGate,CART,0.6014536440790752,0.4802555497719716
cmc,2,-NoiseGate,SVM,0.5997534068546435,0.4685537094376873
cmc,2,-ConfSteer,KNN,0.5795971534400972,0.45072807788190067
cmc,2,-ConfSteer,CART,0.6014536440790752,0.4802555497719716
cmc,2,-ConfSteer,SVM,0.5997534068546435,0.4685537094376873
cmc,3,Full,KNN,0.5614279633120381,0.43338851478292345
cmc,3,Full,CART,0.5738453683651861,0.4496572147174556
cmc,3,Full,SVM,0.5777925791243725,0.4397363800254627
cmc,3,-FeatWeights,KNN,0.5623102921925677,0.4345208735216793
cmc,3,-FeatWeights,CART,0.5738453683651861,0.4496572147174556
cmc,3,-FeatWeights,SVM,0.5777925791243725,0.4397363800254627
cmc,3,-Subgroups,KNN,0.5589045338623276,0.43014357861139607
cmc,3,-Subgroups,CART,0.5738453683651861,0.4496572147174556
cmc,3,-Subgroups,SVM,0.5777925791243725,0.4397363800254627
cmc,3,-Mahalanobis,KNN,0.5614279633120381,0.43338851478292345
cmc,3,-Mahalanobis,CART,0.5738453683651861,0.4496572147174556
cmc,3,-Mahalanobis,SVM,0.5777925791243725,0.4397363800254627
cmc,3,-NoiseGate,KNN,0.562541130539669,0.4341943295328423
cmc,3,-NoiseGate,CART,0.5738453683651861,0.4496572147174556
cmc,3,-NoiseGate,SVM,0.5777925791243725,0.4397363800254627
cmc,3,-ConfSteer,KNN,0.5614279633120381,0.43338851478292345
cmc,3,-ConfSteer,CART,0.5738453683651861,0.4496572147174556
cmc,3,-ConfSteer,SVM,0.5777925791243725,0.4397363800254627
cmc,4,Full,KNN,0.5617866908831836,0.4336691658856607
cmc,4,Full,CART,0.5630468195589388,0.4378137461881304
cmc,4,Full,SVM,0.6044425109133678,0.4605239611768274
cmc,4,-FeatWeights,KNN,0.5430950929407905,0.41288804971669424
cmc,4,-FeatWeights,CART,0.5630468195589388,0.4378137461881304
cmc,4,-FeatWeights,SVM,0.6001648300174198,0.4526162790697674
cmc,4,-Subgroups,KNN,0.5762682425308563,0.4512458359207585
cmc,4,-Subgroups,CART,0.5630468195589388,0.4378137461881304
cmc,4,-Subgroups,SVM,0.6044425109133678,0.4605239611768274
cmc,4,-Mahalanobis,KNN,0.5617866908831836,0.4336691658856607
cmc,4,-Mahalanobis,CART,0.5630468195589388,0.4378137461881304
cmc,4,-Mahalanobis,SVM,0.6044425109133678,0.4605239611768274
cmc,4,-NoiseGate,KNN,0.5723096516910959,0.445924041677
cmc,4,-NoiseGate,CART,0.5630468195589388,0.4378137461881304
cmc,4,-NoiseGate,SVM,0.6044425109133678,0.4605239611768274
cmc,4,-ConfSteer,KNN,0.5617866908831836,0.4336691658856607
cmc,4,-ConfSteer,CART,0.5630468195589388,0.4378137461881304
cmc,4,-ConfSteer,SVM,0.6044425109133678,0.4605239611768274
ecoli,0,Full,KNN,0.8535798637872748,0.7826600985221674
ecoli,0,Full,CART,0.8024719253357778,0.7038226044362805
ecoli,0,Full,SVM,0.8503081166375197,0.7829800307219662
ecoli,0,-FeatWeights,KNN,0.8355465220331536,0.7527419856831622
ecoli,0,-FeatWeights,CART,0.7458891159995458,0.6120292764360561
ecoli,0,-FeatWeights,SVM,0.8446801014433557,0.7741222760290556
ecoli,0,-Subgroups,KNN,0.8535798637872748,0.7826600985221674
ecoli,0,-Subgroups,CART,0.8024719253357778,0.7038226044362805
ecoli,0,-Subgroups,SVM,0.8503081166375197,0.7829800307219662
ecoli,0,-Mahalanobis,KNN,0.8535798637872748,0.7826600985221674
ecoli,0,-Mahalanobis,CART,0.8024719253357778,0.7038226044362805
ecoli,0,-Mahalanobis,SVM,0.8503081166375197,0.7829800307219662
ecoli,0,-NoiseGate,KNN,0.8535798637872748,0.7826600985221674
ecoli,0,-NoiseGate,CART,0.8024719253357778,0.7038226044362805
ecoli,0,-NoiseGate,SVM,0.8503081166375197,0.7829800307219662
ecoli,0,-ConfSteer,KNN,0.8535798637872748,0.7826600985221674
ecoli,0,-ConfSteer,CART,0.8024719253357778,0.7038226044362805
ecoli,0,-ConfSteer,SVM,0.8503081166375197,0.7829800307219662
ecoli,1,Full,KNN,0.9091436827843413,0.8374035236946502
ecoli,1,Full,CART,0.8661968237951079,0.7612458010023933
ecoli,1,Full,SVM,0.9145217695087159,0.8486985563456152
ecoli,1,-FeatWeights,KNN,0.9091436827843413,0.8374035236946502
ecoli,1,-FeatWeights,CART,0.8011814649053312,0.675
ecoli,1,-FeatWeights,SVM,0.9145217695087159,0.8486985563456152
ecoli,1,-Subgroups,KNN,0.9091436827843413,0.8374035236946502
ecoli,1,-Subgroups,CART,0.8661968237951079,0.7612458010023933
ecoli,1,-Subgroups,SVM,0.9145217695087159,0.8486985563456152
ecoli,1,-Mahalanobis,KNN,0.9091436827843413,0.8374035236946502
ecoli,1,-Mahalanobis,CART,0.8661968237951079,0.7612458010023933
ecoli,1,-Mahalanobis,SVM,0.9145217695087159,0.8486985563456152
ecoli,1,-NoiseGate,KNN,0.9091436827843413,0.8374035236946502
ecoli,1,-NoiseGate,CART,0.8215935999759464,0.7004926108374383
ecoli,1,-NoiseGate,SVM,0.9145217695087159,0.8486985563456152
ecoli,1,-ConfSteer,KNN,0.9091436827843413,0.8374035236946502
ecoli,1,-ConfSteer,CART,0.8661968237951079,0.7612458010023933
ecoli,1,-ConfSteer,SVM,0.9145217695087159,0.8486985563456152
ecoli,2,Full,KNN,0.8803138383166337,0.8052123200291599
ecoli,2,Full,CART,0.8809117851277664,0.8126212770280568
ecoli,2,Full,SVM,0.8950602152779883,0.8415918544732104
ecoli,2,-FeatWeights,KNN,0.8891708775483045,0.8193374422187982
ecoli,2,-FeatWeights,CART,0.7749111196174331,0.6497132616487455
ecoli,2,-FeatWeights,SVM,0.8950602152779883,0.8415918544732104
ecoli,2,-Subgroups,KNN,0.8803138383166337,0.8052123200291599
ecoli,2,-Subgroups,CART,0.8809117851277664,0.8126212770280568
ecoli,2,-Subgroups,SVM,0.8950602152779883,0.8415918544732104
ecoli,2,-Mahalanobis,KNN,0.8803138383166337,0.8052123200291599
ecoli,2,-Mahalanobis,CART,0.8809117851277664,0.8126212770280568
ecoli,2,-Mahalanobis,SVM,0.8950602152779883,0.8415918544732104
ecoli,2,-NoiseGate,KNN,0.8976790523790197,0.8355845284658845
ecoli,2,-NoiseGate,CART,0.8773827777530518,0.8090606996743759
ecoli,2,-NoiseGate,SVM,0.8950602152779883,0.8415918544732104
ecoli,2,-ConfSteer,KNN,0.8803138383166337,0.8052123200291599
ecoli,2,-ConfSteer,CART,0.8809117851277664,0.8126212770280568
ecoli,2,-ConfSteer,SVM,0.8950602152779883,0.8415918544732104
ecoli,3,Full,KNN,0.9163243046176318,0.8192863045601382
ecoli,3,Full,CART,0.7690996321583666,0.6177777777777778
ecoli,3,Full,SVM,0.9290139555865186,0.8623893065998329
ecoli,3,-FeatWeights,KNN,0.9074961778822451,0.8136678614097969
ecoli,3,-FeatWeights,CART,0.8612242760886826,0.7753408029878617
ecoli,3,-FeatWeights,SVM,0.9251417818587084,0.8552166829586184
ecoli,3,-Subgroups,KNN,0.9163243046176318,0.8192863045601382
ecoli,3,-Subgroups,CART,0.7690996321583666,0.6177777777777778
ecoli,3,-Subgroups,SVM,0.9290139555865186,0.8623893065998329
ecoli,3,-Mahalanobis,KNN,0.9163243046176318,0.8192863045601382
ecoli,3,-Mahalanobis,CART,0.7690996321583666,0.6177777777777778
ecoli,3,-Mahalanobis,SVM,0.9290139555865186,0.8623893065998329
ecoli,3,-NoiseGate,KNN,0.9163243046176318,0.8192863045601382
ecoli,3,-NoiseGate,CART,0.7689158974720062,0.6197132616487455
ecoli,3,-NoiseGate,SVM,0.9290139555865186,0.8623893065998329
ecoli,3,-ConfSteer,KNN,0.9163243046176318,0.8192863045601382
ecoli,3,-ConfSteer,CART,0.7690996321583666,0.6177777777777778
ecoli,3,-ConfSteer,SVM,0.9290139555865186,0.8623893065998329
ecoli,4,Full,KNN,0.9007649586337164,0.7916543651251298
ecoli,4,Full,CART,0.8888483488681009,0.7816131930556763
ecoli,4,Full,SVM,0.9322338136382582,0.8648869648869649
ecoli,4,-FeatWeights,KNN,0.8924665280544785,0.775927039712206
ecoli,4,-FeatWeights,CART,0.9005244820221943,0.7998055745424166
ecoli,4,-FeatWeights,SVM,0.9152980336575589,0.8437819711653383
ecoli,4,-Subgroups,KNN,0.9007649586337164,0.7916543651251298
ecoli,4,-Subgroups,CART,0.8888483488681009,0.7816131930556763
ecoli,4,-Subgroups,SVM,0.9322338136382582,0.8648869648869649
ecoli,4,-Mahalanobis,KNN,0.9007649586337164,0.7916543651251298
ecoli,4,-Mahalanobis,CART,0.8888483488681009,0.7816131930556763
ecoli,4,-Mahalanobis,SVM,0.9322338136382582,0.8648869648869649
ecoli,4,-NoiseGate,KNN,0.8952479594577226,0.7809093982420554
ecoli,4,-NoiseGate,CART,0.871422437708576,0.7558221024258761
ecoli,4,-NoiseGate,SVM,0.9322338136382582,0.8648869648869649
ecoli,4,-ConfSteer,KNN,0.9007649586337164,0.7916543651251298
ecoli,4,-ConfSteer,CART,0.8888483488681009,0.7816131930556763
ecoli,4,-ConfSteer,SVM,0.9322338136382582,0.8648869648869649
glass,0,Full,KNN,0.7868615925420634,0.6033333333333333
glass,0,Full,CART,0.7738390843359981,0.6673439463762044
glass,0,Full,SVM,0.7150464073224183,0.45467787114845937
glass,0,-FeatWeights,KNN,0.7863134478621348,0.6059310344827586
glass,0,-FeatWeights,CART,0.7737074476363637,0.6766513056835637
glass,0,-FeatWeights,SVM,0.7158725439211687,0.45623015873015876
glass,0,-Subgroups,KNN,0.7868615925420634,0.6033333333333333
glass,0,-Subgroups,CART,0.7738390843359981,0.6673439463762044
glass,0,-Subgroups,SVM,0.7150464073224183,0.45467787114845937
glass,0,-Mahalanobis,KNN,0.7868615925420634,0.6033333333333333
glass,0,-Mahalanobis,CART,0.7738390843359981,0.6673439463762044
glass,0,-Mahalanobis,SVM,0.7150464073224183,0.45467787114845937
glass,0,-NoiseGate,KNN,0.7762713477025105,0.587324973876698
glass,0,-NoiseGate,CART,0.8059038973517909,0.7004127294449876
glass,0,-NoiseGate,SVM,0.7166977282339002,0.45832646131457666
glass,0,-ConfSteer,KNN,0.7868615925420634,0.6033333333333333
glass,0,-ConfSteer,CART,0.7510727874154717,0.6549783549783549
glass,0,-ConfSteer,SVM,0.7150464073224183,0.45467787114845937
glass,1,Full,KNN,0.8157096493537996,0.6599999999999999
glass,1,Full,CART,0.7053917901262939,0.5849158249158248
glass,1,Full,SVM,0.7054763055530764,0.4024908424908425
glass,1,-FeatWeights,KNN,0.8157096493537996,0.6599999999999999
glass,1,-FeatWeights,CART,0.7381157191218832,0.6349158249158249
glass,1,-FeatWeights,SVM,0.7054763055530764,0.4024908424908425
glass,1,-Subgroups,KNN,0.8157096493537996,0.6599999999999999
glass,1,-Subgroups,CART,0.7053917901262939,0.5849158249158248
glass,1,-Subgroups,SVM,0.7054763055530764,0.4024908424908425
glass,1,-Mahalanobis,KNN,0.8157096493537996,0.6599999999999999
glass,1,-Mahalanobis,CART,0.7053917901262939,0.5849158249158248
glass,1,-Mahalanobis,SVM,0.7054763055530764,0.4024908424908425
glass,1,-NoiseGate,KNN,0.8157096493537996,0.6599999999999999
glass,1,-NoiseGate,CART,0.7053917901262939,0.5849158249158248
glass,1,-NoiseGate,SVM,0.7054763055530764,0.4024908424908425
glass,1,-ConfSteer,KNN,0.8157096493537996,0.6599999999999999
glass,1,-ConfSteer,CART,0.706309768354855,0.5775925925925927
glass,1,-ConfSteer,SVM,0.7054763055530764,0.4024908424908425
glass,2,Full,KNN,0.812790387525377,0.6713419913419914
glass,2,Full,CART,0.8702242920009554,0.77
glass,2,Full,SVM,0.6980293434107968,0.45961904761904765
glass,2,-FeatWeights,KNN,0.8023772838706156,0.6538128538128538
glass,2,-FeatWeights,CART,0.8515406519630196,0.7593939393939394
glass,2,-FeatWeights,SVM,0.6971584393368996,0.4567606306736741
glass,2,-Subgroups,KNN,0.812790387525377,0.6713419913419914
glass,2,-Subgroups,CART,0.8702242920009554,0.77
glass,2,-Subgroups,SVM,0.6980293434107968,0.45961904761904765
glass,2,-Mahalanobis,KNN,0.812790387525377,0.6713419913419914
glass,2,-Mahalanobis,CART,0.8702242920009554,0.77
glass,2,-Mahalanobis,SVM,0.6980293434107968,0.45961904761904765
glass,2,-NoiseGate,KNN,0.812790387525377,0.6713419913419914
glass,2,-NoiseGate,CART,0.7981207564364158,0.6860392156862746
glass,2,-NoiseGate,SVM,0.6528539833582581,0.4393693263258481
glass,2,-ConfSteer,KNN,0.812790387525377,0.6713419913419914
glass,2,-ConfSteer,CART,0.8702242920009554,0.77
glass,2,-ConfSteer,SVM,0.6980293434107968,0.45961904761904765
glass,3,Full,KNN,0.8479028834816478,0.7564213564213565
glass,3,Full,CART,0.7724313245995286,0.6536505161505162
glass,3,Full,SVM,0.740979354494608,0.4858282068808384
glass,3,-FeatWeights,KNN,0.8370205170554464,0.7364848484848484
glass,3,-FeatWeights,CART,0.7949109597051569,0.6797857142857143
glass,3,-FeatWeights,SVM,0.7418882784938975,0.48848484848484847
glass,3,-Subgroups,KNN,0.8479028834816478,0.7564213564213565
glass,3,-Subgroups,CART,0.7724313245995286,0.6536505161505162
glass,3,-Subgroups,SVM,0.740979354494608,0.4858282068808384
glass,3,-Mahalanobis,KNN,0.8479028834816478,0.7564213564213565
glass,3,-Mahalanobis,CART,0.7724313245995286,0.6536505161505162
glass,3,-Mahalanobis,SVM,0.740979354494608,0.4858282068808384
glass,3,-NoiseGate,KNN,0.8479028834816478,0.7564213564213565
glass,3,-NoiseGate,CART,0.7724313245995286,0.6536505161505162
glass,3,-NoiseGate,SVM,0.740979354494608,0.4858282068808384
glass,3,-ConfSteer,KNN,0.8479028834816478,0.7564213564213565
glass,3,-ConfSteer,CART,0.7724313245995286,0.6536505161505162
glass,3,-ConfSteer,SVM,0.740979354494608,0.4858282068808384
glass,4,Full,KNN,0.8299744057233088,0.6866666666666666
glass,4,Full,CART,0.7753813458304537,0.621505376344086
glass,4,Full,SVM,0.7362704151325024,0.5267111267111266
glass,4,-FeatWeights,KNN,0.8517539686840524,0.7135423197492163
glass,4,-FeatWeights,CART,0.7443513912379967,0.562
glass,4,-FeatWeights,SVM,0.7371782196096242,0.526984126984127
glass,4,-Subgroups,KNN,0.8299744057233088,0.6866666666666666
glass,4,-Subgroups,CART,0.7864871285016974,0.6363201911589008
glass,4,-Subgroups,SVM,0.7362704151325024,0.5267111267111266
glass,4,-Mahalanobis,KNN,0.8299744057233088,0.6866666666666666
glass,4,-Mahalanobis,CART,0.7753813458304537,0.621505376344086
glass,4,-Mahalanobis,SVM,0.7362704151325024,0.5267111267111266
glass,4,-NoiseGate,KNN,0.8299744057233088,0.6866666666666666
glass,4,-NoiseGate,CART,0.7649467953655934,0.6053095238095237
glass,4,-NoiseGate,SVM,0.7371782196096242,0.526984126984127
glass,4,-ConfSteer,KNN,0.8299744057233088,0.6866666666666666
glass,4,-ConfSteer,CART,0.7753813458304537,0.621505376344086
glass,4,-ConfSteer,SVM,0.7362704151325024,0.5267111267111266
wine,0,Full,KNN,0.7849773029772047,0.7051282051282052
wine,0,Full,CART,0.9573314559145734,0.942857142857143
wine,0,Full,SVM,0.7920382107730203,0.7282439782439782
wine,0,-FeatWeights,KNN,0.8130208398330795,0.7525083612040134
wine,0,-FeatWeights,CART,0.9573314559145734,0.942857142857143
wine,0,-FeatWeights,SVM,0.7920382107730203,0.7282439782439782
wine,0,-Subgroups,KNN,0.7849773029772047,0.7051282051282052
wine,0,-Subgroups,CART,0.9573314559145734,0.942857142857143
wine,0,-Subgroups,SVM,0.7920382107730203,0.7282439782439782
wine,0,-Mahalanobis,KNN,0.7849773029772047,0.7051282051282052
wine,0,-Mahalanobis,CART,0.9573314559145734,0.942857142857143
wine,0,-Mahalanobis,SVM,0.7920382107730203,0.7282439782439782
wine,0,-NoiseGate,KNN,0.7849773029772047,0.7051282051282052
wine,0,-NoiseGate,CART,0.9573314559145734,0.942857142857143
wine,0,-NoiseGate,SVM,0.7920382107730203,0.7282439782439782
wine,0,-ConfSteer,KNN,0.7849773029772047,0.7051282051282052
wine,0,-ConfSteer,CART,0.9573314559145734,0.942857142857143
wine,0,-ConfSteer,SVM,0.7920382107730203,0.7282439782439782
wine,1,Full,KNN,0.7542520979285112,0.6673429951690822
wine,1,Full,CART,0.9378664908149531,0.9197780776728145
wine,1,Full,SVM,0.728802726728398,0.638888888888889
wine,1,-FeatWeights,KNN,0.728802726728398,0.638888888888889
wine,1,-FeatWeights,CART,0.9378664908149531,0.9197780776728145
wine,1,-FeatWeights,SVM,0.728802726728398,0.638888888888889
wine,1,-Subgroups,KNN,0.7542520979285112,0.6673429951690822
wine,1,-Subgroups,CART,0.9378664908149531,0.9197780776728145
wine,1,-Subgroups,SVM,0.728802726728398,0.638888888888889
wine,1,-Mahalanobis,KNN,0.7542520979285112,0.6673429951690822
wine,1,-Mahalanobis,CART,0.9378664908149531,0.9197780776728145
wine,1,-Mahalanobis,SVM,0.728802726728398,0.638888888888889
wine,1,-NoiseGate,KNN,0.7542520979285112,0.6673429951690822
wine,1,-NoiseGate,CART,0.9378664908149531,0.9197780776728145
wine,1,-NoiseGate,SVM,0.728802726728398,0.638888888888889
wine,1,-ConfSteer,KNN,0.7542520979285112,0.6673429951690822
wine,1,-ConfSteer,CART,0.9378664908149531,0.9197780776728145
wine,1,-ConfSteer,SVM,0.728802726728398,0.638888888888889
wine,2,Full,KNN,0.7770444348929177,0.6990849673202614
wine,2,Full,CART,0.8893085956909325,0.8551213282247764
wine,2,Full,SVM,0.9049272335718296,0.8609661835748792
wine,2,-FeatWeights,KNN,0.7765597871671589,0.6965811965811967
wine,2,-FeatWeights,CART,0.8893085956909325,0.8551213282247764
wine,2,-FeatWeights,SVM,0.9049272335718296,0.8609661835748792
wine,2,-Subgroups,KNN,0.7770444348929177,0.6990849673202614
wine,2,-Subgroups,CART,0.8893085956909325,0.8551213282247764
wine,2,-Subgroups,SVM,0.9049272335718296,0.8609661835748792
wine,2,-Mahalanobis,KNN,0.7770444348929177,0.6990849673202614
wine,2,-Mahalanobis,CART,0.8893085956909325,0.8551213282247764
wine,2,-Mahalanobis,SVM,0.9049272335718296,0.8609661835748792
wine,2,-NoiseGate,KNN,0.7770444348929177,0.6990849673202614
wine,2,-NoiseGate,CART,0.8893085956909325,0.8551213282247764
wine,2,-NoiseGate,SVM,0.9049272335718296,0.8609661835748792
wine,2,-ConfSteer,KNN,0.7770444348929177,0.6990849673202614
wine,2,-ConfSteer,CART,0.8893085956909325,0.8551213282247764
wine,2,-ConfSteer,SVM,0.9049272335718296,0.8609661835748792
wine,3,Full,KNN,0.7680480420304051,0.6854341736694679
wine,3,Full,CART,0.8966202484450475,0.8643788153770005
wine,3,Full,SVM,0.7826486971428478,0.7077560121038382
wine,3,-FeatWeights,KNN,0.7818894815121901,0.7064102564102565
wine,3,-FeatWeights,CART,0.8966202484450475,0.8643788153770005
wine,3,-FeatWeights,SVM,0.8095115352283708,0.7412587412587412
wine,3,-Subgroups,KNN,0.7680480420304051,0.6854341736694679
wine,3,-Subgroups,CART,0.8966202484450475,0.8643788153770005
wine,3,-Subgroups,SVM,0.7826486971428478,0.7077560121038382
wine,3,-Mahalanobis,KNN,0.7680480420304051,0.6854341736694679
wine,3,-Mahalanobis,CART,0.8966202484450475,0.8643788153770005
wine,3,-Mahalanobis,SVM,0.7826486971428478,0.7077560121038382
wine,3,-NoiseGate,KNN,0.7680480420304051,0.6854341736694679
wine,3,-NoiseGate,CART,0.8966202484450475,0.8643788153770005
wine,3,-NoiseGate,SVM,0.7826486971428478,0.7077560121038382
wine,3,-ConfSteer,KNN,0.7680480420304051,0.6854341736694679
wine,3,-ConfSteer,CART,0.8966202484450475,0.8643788153770005
wine,3,-ConfSteer,SVM,0.7826486971428478,0.7077560121038382
wine,4,Full,KNN,0.8086288933831269,0.7367686527106817
wine,4,Full,CART,0.9819356042349201,0.9740129935032483
wine,4,Full,SVM,0.7731274007083035,0.6902766798418972
wine,4,-FeatWeights,KNN,0.8349707645970206,0.7721661054994388
wine,4,-FeatWeights,CART,0.9819356042349201,0.9740129935032483
wine,4,-FeatWeights,SVM,0.7898753913771044,0.7215007215007215
wine,4,-Subgroups,KNN,0.8086288933831269,0.7367686527106817
wine,4,-Subgroups,CART,0.9819356042349201,0.9740129935032483
wine,4,-Subgroups,SVM,0.7731274007083035,0.6902766798418972
wine,4,-Mahalanobis,KNN,0.8086288933831269,0.7367686527106817
wine,4,-Mahalanobis,CART,0.9819356042349201,0.9740129935032483
wine,4,-Mahalanobis,SVM,0.7731274007083035,0.6902766798418972
wine,4,-NoiseGate,KNN,0.8086288933831269,0.7367686527106817
wine,4,-NoiseGate,CART,0.9819356042349201,0.9740129935032483
wine,4,-NoiseGate,SVM,0.7731274007083035,0.6902766798418972
wine,4,-ConfSteer,KNN,0.8086288933831269,0.7367686527106817
wine,4,-ConfSteer,CART,0.9819356042349201,0.9740129935032483
wine,4,-ConfSteer,SVM,0.7731274007083035,0.6902766798418972
dermatology,0,Full,KNN,0.9407876726431477,0.8926767676767677
dermatology,0,Full,CART,0.9723853376893182,0.9592101385204833
dermatology,0,Full,SVM,0.8967321465065304,0.809139904023625
dermatology,0,-FeatWeights,KNN,0.9307359693947952,0.8782938076416338
dermatology,0,-FeatWeights,CART,0.9723853376893182,0.9592101385204833
dermatology,0,-FeatWeights,SVM,0.8967321465065304,0.809139904023625
dermatology,0,-Subgroups,KNN,0.9407876726431477,0.8926767676767677
dermatology,0,-Subgroups,CART,0.9723853376893182,0.9592101385204833
dermatology,0,-Subgroups,SVM,0.8967321465065304,0.809139904023625
dermatology,0,-Mahalanobis,KNN,0.9407876726431477,0.8926767676767677
dermatology,0,-Mahalanobis,CART,0.9723853376893182,0.9592101385204833
dermatology,0,-Mahalanobis,SVM,0.8967321465065304,0.809139904023625
dermatology,0,-NoiseGate,KNN,0.9407876726431477,0.8926767676767677
dermatology,0,-NoiseGate,CART,0.9723853376893182,0.9592101385204833
dermatology,0,-NoiseGate,SVM,0.8967321465065304,0.809139904023625
dermatology,0,-ConfSteer,KNN,0.9407876726431477,0.8926767676767677
dermatology,0,-ConfSteer,CART,0.9723853376893182,0.9592101385204833
dermatology,0,-ConfSteer,SVM,0.8967321465065304,0.809139904023625
dermatology,1,Full,KNN,0.9046233280787002,0.8272390572390572
dermatology,1,Full,CART,0.9593461962764944,0.9401468254835689
dermatology,1,Full,SVM,0.9059712302545716,0.8325396825396826
dermatology,1,-FeatWeights,KNN,0.9045841936561938,0.8261530087845879
dermatology,1,-FeatWeights,CART,0.9593461962764944,0.9401468254835689
dermatology,1,-FeatWeights,SVM,0.9034420978476158,0.8211585349516385
dermatology,1,-Subgroups,KNN,0.9046233280787002,0.8272390572390572
dermatology,1,-Subgroups,CART,0.9593461962764944,0.9401468254835689
dermatology,1,-Subgroups,SVM,0.9059712302545716,0.8325396825396826
dermatology,1,-Mahalanobis,KNN,0.9046233280787002,0.8272390572390572
dermatology,1,-Mahalanobis,CART,0.9593461962764944,0.9401468254835689
dermatology,1,-Mahalanobis,SVM,0.9059712302545716,0.8325396825396826
dermatology,1,-NoiseGate,KNN,0.9046233280787002,0.8272390572390572
dermatology,1,-NoiseGate,CART,0.9593461962764944,0.9401468254835689
dermatology,1,-NoiseGate,SVM,0.9059712302545716,0.8325396825396826
dermatology,1,-ConfSteer,KNN,0.9046233280787002,0.8272390572390572
dermatology,1,-ConfSteer,CART,0.9593461962764944,0.9401468254835689
dermatology,1,-ConfSteer,SVM,0.9059712302545716,0.8325396825396826
dermatology,2,Full,KNN,0.8888639234978103,0.7727175721055769
dermatology,2,Full,CART,0.9700880128089078,0.9330696123799571
dermatology,2,Full,SVM,0.8572323762324385,0.7215007215007215
dermatology,2,-FeatWeights,KNN,0.8661729753632678,0.7314415621320993
dermatology,2,-FeatWeights,CART,0.9700880128089078,0.9330696123799571
dermatology,2,-FeatWeights,SVM,0.8286451559047111,0.6743909685086155
dermatology,2,-Subgroups,KNN,0.8888639234978103,0.7727175721055769
dermatology,2,-Subgroups,CART,0.9700880128089078,0.9330696123799571
dermatology,2,-Subgroups,SVM,0.8572323762324385,0.7215007215007215
dermatology,2,-Mahalanobis,KNN,0.8888639234978103,0.7727175721055769
dermatology,2,-Mahalanobis,CART,0.9700880128089078,0.9330696123799571
dermatology,2,-Mahalanobis,SVM,0.8572323762324385,0.7215007215007215
dermatology,2,-NoiseGate,KNN,0.8888639234978103,0.7727175721055769
dermatology,2,-NoiseGate,CART,0.9700880128089078,0.9330696123799571
dermatology,2,-NoiseGate,SVM,0.8572323762324385,0.7215007215007215
dermatology,2,-ConfSteer,KNN,0.8888639234978103,0.7727175721055769
dermatology,2,-ConfSteer,CART,0.9700880128089078,0.9330696123799571
dermatology,2,-ConfSteer,SVM,0.8572323762324385,0.7215007215007215
dermatology,3,Full,KNN,0.9609600174695424,0.9262174468321396
dermatology,3,Full,CART,0.9902760373940158,0.9845614035087719
dermatology,3,Full,SVM,0.907311086476031,0.813949843260188
dermatology,3,-FeatWeights,KNN,0.9328651287249164,0.8746957737429607
dermatology,3,-FeatWeights,CART,0.9819526573564069,0.9694444444444444
dermatology,3,-FeatWeights,SVM,0.9103596944451465,0.8066071859175308
dermatology,3,-Subgroups,KNN,0.9609600174695424,0.9262174468321396
dermatology,3,-Subgroups,CART,0.9902760373940158,0.9845614035087719
dermatology,3,-Subgroups,SVM,0.907311086476031,0.813949843260188
dermatology,3,-Mahalanobis,KNN,0.9609600174695424,0.9262174468321396
dermatology,3,-Mahalanobis,CART,0.9902760373940158,0.9845614035087719
dermatology,3,-Mahalanobis,SVM,0.907311086476031,0.813949843260188
dermatology,3,-NoiseGate,KNN,0.9609600174695424,0.9262174468321396
dermatology,3,-NoiseGate,CART,0.9902760373940158,0.9845614035087719
dermatology,3,-NoiseGate,SVM,0.907311086476031,0.813949843260188
dermatology,3,-ConfSteer,KNN,0.9609600174695424,0.9262174468321396
dermatology,3,-ConfSteer,CART,0.9902760373940158,0.9845614035087719
dermatology,3,-ConfSteer,SVM,0.907311086476031,0.813949843260188
dermatology,4,Full,KNN,0.9246381697021889,0.8526055124892334
dermatology,4,Full,CART,0.9761582766913135,0.9602461395564843
dermatology,4,Full,SVM,0.8519802004940256,0.7239481278954963
dermatology,4,-FeatWeights,KNN,0.9347004046989551,0.8665988291141291
dermatology,4,-FeatWeights,CART,0.9931126727200822,0.9863163656267105
dermatology,4,-FeatWeights,SVM,0.8801764350989391,0.7683982683982684
dermatology,4,-Subgroups,KNN,0.9246381697021889,0.8526055124892334
dermatology,4,-Subgroups,CART,0.9761582766913135,0.9602461395564843
dermatology,4,-Subgroups,SVM,0.8519802004940256,0.7239481278954963
dermatology,4,-Mahalanobis,KNN,0.9246381697021889,0.8526055124892334
dermatology,4,-Mahalanobis,CART,0.9761582766913135,0.9602461395564843
dermatology,4,-Mahalanobis,SVM,0.8519802004940256,0.7239481278954963
dermatology,4,-NoiseGate,KNN,0.9246381697021889,0.8526055124892334
dermatology,4,-NoiseGate,CART,0.9761582766913135,0.9602461395564843
dermatology,4,-NoiseGate,SVM,0.8519802004940256,0.7239481278954963
dermatology,4,-ConfSteer,KNN,0.9246381697021889,0.8526055124892334
dermatology,4,-ConfSteer,CART,0.9761582766913135,0.9602461395564843
dermatology,4,-ConfSteer,SVM,0.8519802004940256,0.7239481278954963
yeast,0,Full,KNN,0.664036624528625,0.43181106250025997
yeast,0,Full,CART,0.590264480449,0.37293026367518156
yeast,0,Full,SVM,0.7061308365076274,0.5297882446345569
yeast,0,-FeatWeights,KNN,0.6507401608941035,0.4165596390865869
yeast,0,-FeatWeights,CART,0.5860433907455554,0.37871012654350744
yeast,0,-FeatWeights,SVM,0.7008664648429694,0.5076230556179901
yeast,0,-Subgroups,KNN,0.6651386513265698,0.43332130383268863
yeast,0,-Subgroups,CART,0.5871307156237751,0.37233864424924346
yeast,0,-Subgroups,SVM,0.7061308365076274,0.5297882446345569
yeast,0,-Mahalanobis,KNN,0.664036624528625,0.43181106250025997
yeast,0,-Mahalanobis,CART,0.590264480449,0.37293026367518156
yeast,0,-Mahalanobis,SVM,0.7061308365076274,0.5297882446345569
yeast,0,-NoiseGate,KNN,0.662420018827273,0.4319748130351985
yeast,0,-NoiseGate,CART,0.5992543892990329,0.38310128732126875
yeast,0,-NoiseGate,SVM,0.7050628939786557,0.5283443946663419
yeast,0,-ConfSteer,KNN,0.6632930153193435,0.4330087267104711
yeast,0,-ConfSteer,CART,0.5855912315614509,0.3743717021282284
yeast,0,-ConfSteer,SVM,0.7061308365076274,0.5297882446345569
yeast,1,Full,KNN,0.6763131366594569,0.4179092916346895
yeast,1,Full,CART,0.6513332067102313,0.44520527539973753
yeast,1,Full,SVM,0.6908600790062112,0.5038803366105774
yeast,1,-FeatWeights,KNN,0.6641401840411104,0.39871504103885463
yeast,1,-FeatWeights,CART,0.645649090806317,0.4248300232325755
yeast,1,-FeatWeights,SVM,0.6697870142281409,0.4564846495981596
yeast,1,-Subgroups,KNN,0.6763131366594569,0.4179092916346895
yeast,1,-Subgroups,CART,0.649522171841906,0.4243990982780042
yeast,1,-Subgroups,SVM,0.6908600790062112,0.5038803366105774
yeast,1,-Mahalanobis,KNN,0.6763131366594569,0.4179092916346895
yeast,1,-Mahalanobis,CART,0.6513332067102313,0.44520527539973753
yeast,1,-Mahalanobis,SVM,0.6908600790062112,0.5038803366105774
yeast,1,-NoiseGate,KNN,0.6773525450286222,0.4200037741177946
yeast,1,-NoiseGate,CART,0.6422424274061357,0.43063610875323766
yeast,1,-NoiseGate,SVM,0.6908600790062112,0.5038803366105774
yeast,1,-ConfSteer,KNN,0.6763384164657106,0.41754389242908413
yeast,1,-ConfSteer,CART,0.6487305003086886,0.4392321233143734
yeast,1,-ConfSteer,SVM,0.6908600790062112,0.5038803366105774
yeast,2,Full,KNN,0.6829100823993267,0.4392581426703581
yeast,2,Full,CART,0.5942528947094271,0.38938957079307956
yeast,2,Full,SVM,0.6593618237867201,0.4580242185950798
yeast,2,-FeatWeights,KNN,0.6488643071862454,0.41647913122435404
yeast,2,-FeatWeights,CART,0.5968777093047397,0.38933708580678394
yeast,2,-FeatWeights,SVM,0.652811614314902,0.45102121442263804
yeast,2,-Subgroups,KNN,0.6829100823993267,0.4392581426703581
yeast,2,-Subgroups,CART,0.6333949659449409,0.4230721431498853
yeast,2,-Subgroups,SVM,0.6593618237867201,0.4580242185950798
yeast,2,-Mahalanobis,KNN,0.6829100823993267,0.4392581426703581
yeast,2,-Mahalanobis,CART,0.5942528947094271,0.38938957079307956
yeast,2,-Mahalanobis,SVM,0.6593618237867201,0.4580242185950798
yeast,2,-NoiseGate,KNN,0.6829100823993267,0.4392581426703581
yeast,2,-NoiseGate,CART,0.5860279621712244,0.3763031510399931
yeast,2,-NoiseGate,SVM,0.6513084116188377,0.4506792179167458
yeast,2,-ConfSteer,KNN,0.6829100823993267,0.4392581426703581
yeast,2,-ConfSteer,CART,0.6353427183056074,0.4251234272973404
yeast,2,-ConfSteer,SVM,0.6523286291864138,0.4522211097867897
yeast,3,Full,KNN,0.682636673524237,0.4059606756888974
yeast,3,Full,CART,0.6970782627513228,0.46223372963641346
yeast,3,Full,SVM,0.77271374339934,0.57014578732169
yeast,3,-FeatWeights,KNN,0.7002474257856337,0.42912533678426906
yeast,3,-FeatWeights,CART,0.7058834864011023,0.477846118713073
yeast,3,-FeatWeights,SVM,0.7682983923520084,0.5590273974694111
yeast,3,-Subgroups,KNN,0.682636673524237,0.4059606756888974
yeast,3,-Subgroups,CART,0.6970782627513228,0.46223372963641346
yeast,3,-Subgroups,SVM,0.77271374339934,0.57014578732169
yeast,3,-Mahalanobis,KNN,0.682636673524237,0.4059606756888974
yeast,3,-Mahalanobis,CART,0.7059387596008067,0.465033298943216
yeast,3,-Mahalanobis,SVM,0.77271374339934,0.57014578732169
yeast,3,-NoiseGate,KNN,0.682636673524237,0.4059606756888974
yeast,3,-NoiseGate,CART,0.7146067747324296,0.474041332853531
yeast,3,-NoiseGate,SVM,0.77271374339934,0.57014578732169
yeast,3,-ConfSteer,KNN,0.682636673524237,0.4059606756888974
yeast,3,-ConfSteer,CART,0.659525793403228,0.42394316660961995
yeast,3,-ConfSteer,SVM,0.77271374339934,0.57014578732169
yeast,4,Full,KNN,0.7433682003753432,0.5104075060498376
yeast,4,Full,CART,0.688364653043626,0.4747983422876174
yeast,4,Full,SVM,0.7352199121203608,0.5651582315301589
yeast,4,-FeatWeights,KNN,0.7070221280613291,0.46533427419833906
yeast,4,-FeatWeights,CART,0.6819530352359262,0.4653213571514246
yeast,4,-FeatWeights,SVM,0.731778978550882,0.5512474702396308
yeast,4,-Subgroups,KNN,0.7433682003753432,0.5104075060498376
yeast,4,-Subgroups,CART,0.688364653043626,0.4747983422876174
yeast,4,-Subgroups,SVM,0.7352199121203608,0.5651582315301589
yeast,4,-Mahalanobis,KNN,0.7433682003753432,0.5104075060498376
yeast,4,-Mahalanobis,CART,0.6859313569203899,0.4730036011504049
yeast,4,-Mahalanobis,SVM,0.7352199121203608,0.5651582315301589
yeast,4,-NoiseGate,KNN,0.7433283601709765,0.5106468203242396
yeast,4,-NoiseGate,CART,0.6704725037122865,0.432456877215895
yeast,4,-NoiseGate,SVM,0.7352199121203608,0.5651582315301589
yeast,4,-ConfSteer,KNN,0.7433682003753432,0.5104075060498376
yeast,4,-ConfSteer,CART,0.676835222590556,0.4683790405485535
yeast,4,-ConfSteer,SVM,0.7352199121203608,0.5651582315301589
winequality-red,0,Full,KNN,0.5893383476554013,0.3231662556013458
winequality-red,0,Full,CART,0.5765255065327218,0.3668806218203809
winequality-red,0,Full,SVM,0.509564692367675,0.2516580911324341
winequality-red,0,-FeatWeights,KNN,0.5831755989017574,0.3155204763900416
winequality-red,0,-FeatWeights,CART,0.6213102432110992,0.40638661031110435
winequality-red,0,-FeatWeights,SVM,0.504499804759721,0.24750411504808106
winequality-red,0,-Subgroups,KNN,0.5907574489279919,0.32464489647825273
winequality-red,0,-Subgroups,CART,0.5790706414291054,0.37155006841930693
winequality-red,0,-Subgroups,SVM,0.509564692367675,0.2516580911324341
winequality-red,0,-Mahalanobis,KNN,0.5893383476554013,0.3231662556013458
winequality-red,0,-Mahalanobis,CART,0.6165702519573392,0.41101146511303216
winequality-red,0,-Mahalanobis,SVM,0.509564692367675,0.2516580911324341
winequality-red,0,-NoiseGate,KNN,0.6108823419259382,0.3345755479246892
winequality-red,0,-NoiseGate,CART,0.5988112912969527,0.3981139550105067
winequality-red,0,-NoiseGate,SVM,0.509564692367675,0.2516580911324341
winequality-red,0,-ConfSteer,KNN,0.5893383476554013,0.3231662556013458
winequality-red,0,-ConfSteer,CART,0.5765255065327218,0.3668806218203809
winequality-red,0,-ConfSteer,SVM,0.509564692367675,0.2516580911324341
winequality-red,1,Full,KNN,0.5599492697985481,0.32064184791086037
winequality-red,1,Full,CART,0.6462517159912246,0.4206654670109904
winequality-red,1,Full,SVM,0.6076846786493239,0.2713412179812516
winequality-red,1,-FeatWeights,KNN,0.5607221471427596,0.3046183399424994
winequality-red,1,-FeatWeights,CART,0.6373078559473161,0.4193885148183134
winequality-red,1,-FeatWeights,SVM,0.6134510207891358,0.2598003837197342
winequality-red,1,-Subgroups,KNN,0.5599492697985481,0.32064184791086037
winequality-red,1,-Subgroups,CART,0.6487327269667641,0.42260283143254496
winequality-red,1,-Subgroups,SVM,0.6076846786493239,0.2713412179812516
winequality-red,1,-Mahalanobis,KNN,0.5599492697985481,0.32064184791086037
winequality-red,1,-Mahalanobis,CART,0.6481541000282404,0.41648852523465524
winequality-red,1,-Mahalanobis,SVM,0.6076846786493239,0.2713412179812516
winequality-red,1,-NoiseGate,KNN,0.5682213718047736,0.3195994701179953
winequality-red,1,-NoiseGate,CART,0.6549161489855242,0.42804151008526353
winequality-red,1,-NoiseGate,SVM,0.6036818978637716,0.2639775443899103
winequality-red,1,-ConfSteer,KNN,0.558490053833039,0.3190153126805852
winequality-red,1,-ConfSteer,CART,0.6487327269667641,0.42260283143254496
winequality-red,1,-ConfSteer,SVM,0.6076846786493239,0.2713412179812516
winequality-red,2,Full,KNN,0.5855709330226007,0.30890802485575836
winequality-red,2,Full,CART,0.685517183797083,0.49485918079449753
winequality-red,2,Full,SVM,0.5145056893022307,0.22372135357134648
winequality-red,2,-FeatWeights,KNN,0.6352207968509016,0.3392872349534078
winequality-red,2,-FeatWeights,CART,0.6115400527695772,0.403788474834895
winequality-red,2,-FeatWeights,SVM,0.5173557857764093,0.22727071067511223
winequality-red,2,-Subgroups,KNN,0.5855709330226007,0.30890802485575836
winequality-red,2,-Subgroups,CART,0.6630514171861056,0.46930004185662977
winequality-red,2,-Subgroups,SVM,0.5145056893022307,0.22372135357134648
winequality-red,2,-Mahalanobis,KNN,0.5855709330226007,0.30890802485575836
winequality-red,2,-Mahalanobis,CART,0.685517183797083,0.49485918079449753
winequality-red,2,-Mahalanobis,SVM,0.5145056893022307,0.22372135357134648
winequality-red,2,-NoiseGate,KNN,0.588080540727332,0.31097652126403724
winequality-red,2,-NoiseGate,CART,0.6804555372562201,0.47853189677124763
winequality-red,2,-NoiseGate,SVM,0.5146310495447906,0.22374428334554816
winequality-red,2,-ConfSteer,KNN,0.5855709330226007,0.30890802485575836
winequality-red,2,-ConfSteer,CART,0.685517183797083,0.49485918079449753
winequality-red,2,-ConfSteer,SVM,0.5145056893022307,0.22372135357134648
winequality-red,3,Full,KNN,0.5019002896067575,0.2772890601288673
winequality-red,3,Full,CART,0.6132495614658933,0.3922176618657244
winequality-red,3,Full,SVM,0.510613917665831,0.19788701719736204
winequality-red,3,-FeatWeights,KNN,0.4786614363430748,0.2616159801292583
winequality-red,3,-FeatWeights,CART,0.601353044007478,0.3951386999089104
winequality-red,3,-FeatWeights,SVM,0.46468272124369087,0.22171733566389912
winequality-red,3,-Subgroups,KNN,0.5019002896067575,0.2772890601288673
winequality-red,3,-Subgroups,CART,0.6132495614658933,0.3922176618657244
winequality-red,3,-Subgroups,SVM,0.510613917665831,0.19788701719736204
winequality-red,3,-Mahalanobis,KNN,0.5019002896067575,0.2772890601288673
winequality-red,3,-Mahalanobis,CART,0.6132495614658933,0.3922176618657244
winequality-red,3,-Mahalanobis,SVM,0.510613917665831,0.19788701719736204
winequality-red,3,-NoiseGate,KNN,0.5021054567193365,0.27549337260677464
winequality-red,3,-NoiseGate,CART,0.6131557700553408,0.39266796263809206
winequality-red,3,-NoiseGate,SVM,0.5106184614750746,0.19800138946363305
winequality-red,3,-ConfSteer,KNN,0.5019002896067575,0.2772890601288673
winequality-red,3,-ConfSteer,CART,0.6132495614658933,0.3922176618657244
winequality-red,3,-ConfSteer,SVM,0.510613917665831,0.19788701719736204
winequality-red,4,Full,KNN,0.4534032763066796,0.24427021268361043
winequality-red,4,Full,CART,0.6280380319457175,0.4127278066912325
winequality-red,4,Full,SVM,0.46182995317675396,0.22766606946004195
winequality-red,4,-FeatWeights,KNN,0.47508851447339234,0.26670576981375643
winequality-red,4,-FeatWeights,CART,0.6085583004264309,0.39250016000708954
winequality-red,4,-FeatWeights,SVM,0.4666851381036708,0.2324852167272607
winequality-red,4,-Subgroups,KNN,0.4582464403928184,0.24851227701107748
winequality-red,4,-Subgroups,CART,0.6156371215330021,0.40353302611367126
winequality-red,4,-Subgroups,SVM,0.46182995317675396,0.22766606946004195
winequality-red,4,-Mahalanobis,KNN,0.4534032763066796,0.24427021268361043
winequality-red,4,-Mahalanobis,CART,0.6280380319457175,0.4127278066912325
winequality-red,4,-Mahalanobis,SVM,0.46182995317675396,0.22766606946004195
winequality-red,4,-NoiseGate,KNN,0.46287014546348365,0.2520695619412953
winequality-red,4,-NoiseGate,CART,0.6320611555562726,0.4302530198451547
winequality-red,4,-NoiseGate,SVM,0.46353659551275744,0.22950093184536308
winequality-red,4,-ConfSteer,KNN,0.4534032763066796,0.24427021268361043
winequality-red,4,-ConfSteer,CART,0.6280380319457175,0.4127278066912325
winequality-red,4,-ConfSteer,SVM,0.46182995317675396,0.22766606946004195
cleveland,0,Full,KNN,0.4730560038463008,0.24208700679288916
cleveland,0,Full,CART,0.4714461081115489,0.25475748194014447
cleveland,0,Full,SVM,0.45996625773827776,0.21465293327362295
cleveland,0,-FeatWeights,KNN,0.5034979260989234,0.27257439373080583
cleveland,0,-FeatWeights,CART,0.6246650656968586,0.43533333333333335
cleveland,0,-FeatWeights,SVM,0.465807963166516,0.22628352490421455
cleveland,0,-Subgroups,KNN,0.4746829621204973,0.24393817302761703
cleveland,0,-Subgroups,CART,0.4773966347549422,0.25894736842105265
cleveland,0,-Subgroups,SVM,0.45996625773827776,0.21465293327362295
cleveland,0,-Mahalanobis,KNN,0.4746829621204973,0.24393817302761703
cleveland,0,-Mahalanobis,CART,0.4714461081115489,0.25475748194014447
cleveland,0,-Mahalanobis,SVM,0.45996625773827776,0.21465293327362295
cleveland,0,-NoiseGate,KNN,0.47303517266537437,0.2464987714987715
cleveland,0,-NoiseGate,CART,0.4832882973442331,0.2587662337662338
cleveland,0,-NoiseGate,SVM,0.45996625773827776,0.21465293327362295
cleveland,0,-ConfSteer,KNN,0.4746829621204973,0.24393817302761703
cleveland,0,-ConfSteer,CART,0.4773966347549422,0.25894736842105265
cleveland,0,-ConfSteer,SVM,0.45996625773827776,0.21465293327362295
cleveland,1,Full,KNN,0.351131912739359,0.137404832836809
cleveland,1,Full,CART,0.5170837280476654,0.3045014245014245
cleveland,1,Full,SVM,0.580928811147408,0.21558823529411764
cleveland,1,-FeatWeights,KNN,0.3507792518988335,0.1502534113060429
cleveland,1,-FeatWeights,CART,0.5036641946733127,0.30564102564102563
cleveland,1,-FeatWeights,SVM,0.6189497412517277,0.22736479207067442
cleveland,1,-Subgroups,KNN,0.351131912739359,0.137404832836809
cleveland,1,-Subgroups,CART,0.4545091329288806,0.23629629629629628
cleveland,1,-Subgroups,SVM,0.580928811147408,0.21558823529411764
cleveland,1,-Mahalanobis,KNN,0.3510720021372227,0.13938250428816468
cleveland,1,-Mahalanobis,CART,0.49732217456924227,0.27858093126385813
cleveland,1,-Mahalanobis,SVM,0.6043460748955825,0.22816399286987524
cleveland,1,-NoiseGate,KNN,0.3510872424213146,0.13938250428816468
cleveland,1,-NoiseGate,CART,0.5040720123323659,0.29741863075196406
cleveland,1,-NoiseGate,SVM,0.6043460748955825,0.22816399286987524
cleveland,1,-ConfSteer,KNN,0.351131912739359,0.137404832836809
cleveland,1,-ConfSteer,CART,0.4545091329288806,0.23629629629629628
cleveland,1,-ConfSteer,SVM,0.580928811147408,0.21558823529411764
cleveland,2,Full,KNN,0.3881191291969907,0.17825136612021858
cleveland,2,Full,CART,0.4482016279621036,0.2074358974358974
cleveland,2,Full,SVM,0.4294486861086431,0.19897435897435897
cleveland,2,-FeatWeights,KNN,0.45483270379349694,0.22337513061650993
cleveland,2,-FeatWeights,CART,0.45154717813383033,0.2217902813299233
cleveland,2,-FeatWeights,SVM,0.4605726958399848,0.20435070306038047
cleveland,2,-Subgroups,KNN,0.38168183341876893,0.17238095238095236
cleveland,2,-Subgroups,CART,0.4151377945023725,0.19063492063492063
cleveland,2,-Subgroups,SVM,0.4294486861086431,0.19897435897435897
cleveland,2,-Mahalanobis,KNN,0.3881191291969907,0.17825136612021858
cleveland,2,-Mahalanobis,CART,0.448255105089244,0.2074358974358974
cleveland,2,-Mahalanobis,SVM,0.4294486861086431,0.19897435897435897
cleveland,2,-NoiseGate,KNN,0.38168183341876893,0.17238095238095236
cleveland,2,-NoiseGate,CART,0.48143545816287464,0.2287675606641124
cleveland,2,-NoiseGate,SVM,0.4294486861086431,0.19897435897435897
cleveland,2,-ConfSteer,KNN,0.3751880479241774,0.16643040575243964
cleveland,2,-ConfSteer,CART,0.4151377945023725,0.19063492063492063
cleveland,2,-ConfSteer,SVM,0.4294486861086431,0.19897435897435897
cleveland,3,Full,KNN,0.4485083276168113,0.21374625374625372
cleveland,3,Full,CART,0.5642735071729293,0.3583333333333333
cleveland,3,Full,SVM,0.47775777059958385,0.15614530397139093
cleveland,3,-FeatWeights,KNN,0.4301972493431656,0.19743589743589743
cleveland,3,-FeatWeights,CART,0.458929376845344,0.24610644257703082
cleveland,3,-FeatWeights,SVM,0.5163954172568672,0.21132962275819417
cleveland,3,-Subgroups,KNN,0.4485083276168113,0.21374625374625372
cleveland,3,-Subgroups,CART,0.6012542426761468,0.38983787454375685
cleveland,3,-Subgroups,SVM,0.47775777059958385,0.15614530397139093
cleveland,3,-Mahalanobis,KNN,0.4485083276168113,0.21374625374625372
cleveland,3,-Mahalanobis,CART,0.5642735071729293,0.3583333333333333
cleveland,3,-Mahalanobis,SVM,0.47775777059958385,0.15614530397139093
cleveland,3,-NoiseGate,KNN,0.4545591431203703,0.22106227106227108
cleveland,3,-NoiseGate,CART,0.5419755393625373,0.3226407914764079
cleveland,3,-NoiseGate,SVM,0.47775777059958385,0.15614530397139093
cleveland,3,-ConfSteer,KNN,0.4485083276168113,0.21374625374625372
cleveland,3,-ConfSteer,CART,0.6012542426761468,0.38983787454375685
cleveland,3,-ConfSteer,SVM,0.47775777059958385,0.15614530397139093
cleveland,4,Full,KNN,0.36311522126738244,0.14917391304347824
cleveland,4,Full,CART,0.5494247358695058,0.33299145299145294
cleveland,4,Full,SVM,0.4948720159610271,0.15873835125448027
cleveland,4,-FeatWeights,KNN,0.2829923944650681,0.09640404040404041
cleveland,4,-FeatWeights,CART,0.5731361109621128,0.36084321475625825
cleveland,4,-FeatWeights,SVM,0.4400750603108157,0.12995169082125604
cleveland,4,-Subgroups,KNN,0.36311522126738244,0.14917391304347824
cleveland,4,-Subgroups,CART,0.5439150834971334,0.3242277597207175
cleveland,4,-Subgroups,SVM,0.4948720159610271,0.15873835125448027
cleveland,4,-Mahalanobis,KNN,0.36311522126738244,0.14917391304347824
cleveland,4,-Mahalanobis,CART,0.563241015498081,0.3538095238095238
cleveland,4,-Mahalanobis,SVM,0.4707905104908478,0.14620289855072463
cleveland,4,-NoiseGate,KNN,0.36308429853241225,0.14917391304347824
cleveland,4,-NoiseGate,CART,0.5857056555074222,0.38234741784037557
cleveland,4,-NoiseGate,SVM,0.4707905104908478,0.14620289855072463
cleveland,4,-ConfSteer,KNN,0.36311522126738244,0.14917391304347824
cleveland,4,-ConfSteer,CART,0.5439150834971334,0.3242277597207175
cleveland,4,-ConfSteer,SVM,0.4948720159610271,0.15873835125448027
vehicle,0,Full,KNN,0.7533679471337839,0.639607386138376
vehicle,0,Full,CART,0.8038392146798145,0.7159114635692965
vehicle,0,Full,SVM,0.6176652433067094,0.4391070508478501
vehicle,0,-FeatWeights,KNN,0.7617554644132244,0.652560205751695
vehicle,0,-FeatWeights,CART,0.7833143712177975,0.6887022436750762
vehicle,0,-FeatWeights,SVM,0.6176652433067094,0.4391070508478501
vehicle,0,-Subgroups,KNN,0.7533679471337839,0.639607386138376
vehicle,0,-Subgroups,CART,0.8038392146798145,0.7159114635692965
vehicle,0,-Subgroups,SVM,0.6176652433067094,0.4391070508478501
vehicle,0,-Mahalanobis,KNN,0.7533679471337839,0.639607386138376
vehicle,0,-Mahalanobis,CART,0.8038392146798145,0.7159114635692965
vehicle,0,-Mahalanobis,SVM,0.6176652433067094,0.4391070508478501
vehicle,0,-NoiseGate,KNN,0.7533679471337839,0.639607386138376
vehicle,0,-NoiseGate,CART,0.8038392146798145,0.7159114635692965
vehicle,0,-NoiseGate,SVM,0.6176652433067094,0.4391070508478501
vehicle,0,-ConfSteer,KNN,0.7533679471337839,0.639607386138376
vehicle,0,-ConfSteer,CART,0.8038392146798145,0.7159114635692965
vehicle,0,-ConfSteer,SVM,0.6176652433067094,0.4391070508478501
vehicle,1,Full,KNN,0.7552130159847984,0.6337988121269855
vehicle,1,Full,CART,0.7847389436892537,0.6709956063888846
vehicle,1,Full,SVM,0.6202864062592595,0.44560823341194183
vehicle,1,-FeatWeights,KNN,0.7552130159847984,0.6337988121269855
vehicle,1,-FeatWeights,CART,0.7755385068788557,0.6678546520825581
vehicle,1,-FeatWeights,SVM,0.6202864062592595,0.44560823341194183
vehicle,1,-Subgroups,KNN,0.7552130159847984,0.6337988121269855
vehicle,1,-Subgroups,CART,0.7847389436892537,0.6709956063888846
vehicle,1,-Subgroups,SVM,0.6202864062592595,0.44560823341194183
vehicle,1,-Mahalanobis,KNN,0.7552130159847984,0.6337988121269855
vehicle,1,-Mahalanobis,CART,0.7847389436892537,0.6709956063888846
vehicle,1,-Mahalanobis,SVM,0.6202864062592595,0.44560823341194183
vehicle,1,-NoiseGate,KNN,0.7552130159847984,0.6337988121269855
vehicle,1,-NoiseGate,CART,0.7847389436892537,0.6709956063888846
vehicle,1,-NoiseGate,SVM,0.6202864062592595,0.44560823341194183
vehicle,1,-ConfSteer,KNN,0.7552130159847984,0.6337988121269855
vehicle,1,-ConfSteer,CART,0.7847389436892537,0.6709956063888846
vehicle,1,-ConfSteer,SVM,0.6202864062592595,0.44560823341194183
vehicle,2,Full,KNN,0.7669233185547998,0.6598517809286456
vehicle,2,Full,CART,0.8011810496551403,0.711661780159508
vehicle,2,Full,SVM,0.6639594305854711,0.49972113118617445
vehicle,2,-FeatWeights,KNN,0.7624448754966247,0.6532003210901676
vehicle,2,-FeatWeights,CART,0.809433931823328,0.7244528889687696
vehicle,2,-FeatWeights,SVM,0.664154040372575,0.4981353548371108
vehicle,2,-Subgroups,KNN,0.7669233185547998,0.6598517809286456
vehicle,2,-Subgroups,CART,0.8011810496551403,0.711661780159508
vehicle,2,-Subgroups,SVM,0.6639594305854711,0.49972113118617445
vehicle,2,-Mahalanobis,KNN,0.7669233185547998,0.6598517809286456
vehicle,2,-Mahalanobis,CART,0.8011810496551403,0.711661780159508
vehicle,2,-Mahalanobis,SVM,0.6639594305854711,0.49972113118617445
vehicle,2,-NoiseGate,KNN,0.7669233185547998,0.6598517809286456
vehicle,2,-NoiseGate,CART,0.8011810496551403,0.711661780159508
vehicle,2,-NoiseGate,SVM,0.6639594305854711,0.49972113118617445
vehicle,2,-ConfSteer,KNN,0.7669233185547998,0.6598517809286456
vehicle,2,-ConfSteer,CART,0.8011810496551403,0.711661780159508
vehicle,2,-ConfSteer,SVM,0.6639594305854711,0.49972113118617445
vehicle,3,Full,KNN,0.7382577325813489,0.6139925450370838
vehicle,3,Full,CART,0.7746404660875275,0.6768476937151635
vehicle,3,Full,SVM,0.6312953115854153,0.4458338326081126
vehicle,3,-FeatWeights,KNN,0.7428147039165629,0.6181314499807651
vehicle,3,-FeatWeights,CART,0.7746404660875275,0.6768476937151635
vehicle,3,-FeatWeights,SVM,0.6266373431469499,0.4394310235219326
vehicle,3,-Subgroups,KNN,0.7382577325813489,0.6139925450370838
vehicle,3,-Subgroups,CART,0.7746404660875275,0.6768476937151635
vehicle,3,-Subgroups,SVM,0.6312953115854153,0.4458338326081126
vehicle,3,-Mahalanobis,KNN,0.7382577325813489,0.6139925450370838
vehicle,3,-Mahalanobis,CART,0.7746404660875275,0.6768476937151635
vehicle,3,-Mahalanobis,SVM,0.6312953115854153,0.4458338326081126
vehicle,3,-NoiseGate,KNN,0.7382577325813489,0.6139925450370838
vehicle,3,-NoiseGate,CART,0.7746404660875275,0.6768476937151635
vehicle,3,-NoiseGate,SVM,0.6312953115854153,0.4458338326081126
vehicle,3,-ConfSteer,KNN,0.7382577325813489,0.6139925450370838
vehicle,3,-ConfSteer,CART,0.7746404660875275,0.6768476937151635
vehicle,3,-ConfSteer,SVM,0.6312953115854153,0.4458338326081126
vehicle,4,Full,KNN,0.8002698015938006,0.7038548254235747
vehicle,4,Full,CART,0.7984653412561691,0.7111331775331496
vehicle,4,Full,SVM,0.592055456248694,0.40471694585074136
vehicle,4,-FeatWeights,KNN,0.8002698015938006,0.7038548254235747
vehicle,4,-FeatWeights,CART,0.7901190583515981,0.6995729689334899
vehicle,4,-FeatWeights,SVM,0.5916256147017519,0.4045335206590022
vehicle,4,-Subgroups,KNN,0.8002698015938006,0.7038548254235747
vehicle,4,-Subgroups,CART,0.7984653412561691,0.7111331775331496
vehicle,4,-Subgroups,SVM,0.592055456248694,0.40471694585074136
vehicle,4,-Mahalanobis,KNN,0.8002698015938006,0.7038548254235747
vehicle,4,-Mahalanobis,CART,0.7984653412561691,0.7111331775331496
vehicle,4,-Mahalanobis,SVM,0.592055456248694,0.40471694585074136
vehicle,4,-NoiseGate,KNN,0.8002698015938006,0.7038548254235747
vehicle,4,-NoiseGate,CART,0.7984653412561691,0.7111331775331496
vehicle,4,-NoiseGate,SVM,0.592055456248694,0.40471694585074136
vehicle,4,-ConfSteer,KNN,0.8002698015938006,0.7038548254235747
vehicle,4,-ConfSteer,CART,0.7984653412561691,0.7111331775331496
vehicle,4,-ConfSteer,SVM,0.592055456248694,0.40471694585074136
segment,0,Full,KNN,0.9604517498038774,0.9324271405823185
segment,0,Full,CART,0.9771378860247626,0.9609948006151807
segment,0,Full,SVM,0.9094275470987779,0.8505260211212159
segment,0,-FeatWeights,KNN,0.9604517498038774,0.9324271405823185
segment,0,-FeatWeights,CART,0.9771378860247626,0.9609948006151807
segment,0,-FeatWeights,SVM,0.9094275470987779,0.8505260211212159
segment,0,-Subgroups,KNN,0.9604517498038774,0.9324271405823185
segment,0,-Subgroups,CART,0.9771378860247626,0.9609948006151807
segment,0,-Subgroups,SVM,0.9094275470987779,0.8505260211212159
segment,0,-Mahalanobis,KNN,0.9604517498038774,0.9324271405823185
segment,0,-Mahalanobis,CART,0.9771378860247626,0.9609948006151807
segment,0,-Mahalanobis,SVM,0.9094275470987779,0.8505260211212159
segment,0,-NoiseGate,KNN,0.9604517498038774,0.9324271405823185
segment,0,-NoiseGate,CART,0.9771378860247626,0.9609948006151807
segment,0,-NoiseGate,SVM,0.9094275470987779,0.8505260211212159
segment,0,-ConfSteer,KNN,0.9604517498038774,0.9324271405823185
segment,0,-ConfSteer,CART,0.9771378860247626,0.9609948006151807
segment,0,-ConfSteer,SVM,0.9094275470987779,0.8505260211212159
segment,1,Full,KNN,0.9668874213271348,0.9433693290836148
segment,1,Full,CART,0.9796917147244596,0.965275935768866
segment,1,Full,SVM,0.9213387650419449,0.8696236536572671
segment,1,-FeatWeights,KNN,0.9668874213271348,0.9433693290836148
segment,1,-FeatWeights,CART,0.9796917147244596,0.965275935768866
segment,1,-FeatWeights,SVM,0.9213387650419449,0.8696236536572671
segment,1,-Subgroups,KNN,0.9668874213271348,0.9433693290836148
segment,1,-Subgroups,CART,0.9796917147244596,0.965275935768866
segment,1,-Subgroups,SVM,0.9213387650419449,0.8696236536572671
segment,1,-Mahalanobis,KNN,0.9668874213271348,0.9433693290836148
segment,1,-Mahalanobis,CART,0.9796917147244596,0.965275935768866
segment,1,-Mahalanobis,SVM,0.9213387650419449,0.8696236536572671
segment,1,-NoiseGate,KNN,0.9668874213271348,0.9433693290836148
segment,1,-NoiseGate,CART,0.9796917147244596,0.965275935768866
segment,1,-NoiseGate,SVM,0.9213387650419449,0.8696236536572671
segment,1,-ConfSteer,KNN,0.9668874213271348,0.9433693290836148
segment,1,-ConfSteer,CART,0.9796917147244596,0.965275935768866
segment,1,-ConfSteer,SVM,0.9213387650419449,0.8696236536572671
segment,2,Full,KNN,0.950106739616058,0.9149974932325657
segment,2,Full,CART,0.9707379970366363,0.9501623689593615
segment,2,Full,SVM,0.912081934515797,0.8544408545959563
segment,2,-FeatWeights,KNN,0.950106739616058,0.9149974932325657
segment,2,-FeatWeights,CART,0.9707379970366363,0.9501623689593615
segment,2,-FeatWeights,SVM,0.912081934515797,0.8544408545959563
segment,2,-Subgroups,KNN,0.950106739616058,0.9149974932325657
segment,2,-Subgroups,CART,0.9707379970366363,0.9501623689593615
segment,2,-Subgroups,SVM,0.912081934515797,0.8544408545959563
segment,2,-Mahalanobis,KNN,0.950106739616058,0.9149974932325657
segment,2,-Mahalanobis,CART,0.9707379970366363,0.9501623689593615
segment,2,-Mahalanobis,SVM,0.912081934515797,0.8544408545959563
segment,2,-NoiseGate,KNN,0.950106739616058,0.9149974932325657
segment,2,-NoiseGate,CART,0.9707379970366363,0.9501623689593615
segment,2,-NoiseGate,SVM,0.912081934515797,0.8544408545959563
segment,2,-ConfSteer,KNN,0.950106739616058,0.9149974932325657
segment,2,-ConfSteer,CART,0.9707379970366363,0.9501623689593615
segment,2,-ConfSteer,SVM,0.912081934515797,0.8544408545959563
segment,3,Full,KNN,0.9758596656499062,0.958594343318904
segment,3,Full,CART,0.9809673298494539,0.9675618876904534
segment,3,Full,SVM,0.9331657266507788,0.8878956326957079
segment,3,-FeatWeights,KNN,0.9758596656499062,0.958594343318904
segment,3,-FeatWeights,CART,0.9809673298494539,0.9675618876904534
segment,3,-FeatWeights,SVM,0.9331657266507788,0.8878956326957079
segment,3,-Subgroups,KNN,0.9758596656499062,0.958594343318904
segment,3,-Subgroups,CART,0.9809673298494539,0.9675618876904534
segment,3,-Subgroups,SVM,0.9331657266507788,0.8878956326957079
segment,3,-Mahalanobis,KNN,0.9758596656499062,0.958594343318904
segment,3,-Mahalanobis,CART,0.9809673298494539,0.9675618876904534
segment,3,-Mahalanobis,SVM,0.9331657266507788,0.8878956326957079
segment,3,-NoiseGate,KNN,0.9758596656499062,0.958594343318904
segment,3,-NoiseGate,CART,0.9809673298494539,0.9675618876904534
segment,3,-NoiseGate,SVM,0.9331657266507788,0.8878956326957079
segment,3,-ConfSteer,KNN,0.9758596656499062,0.958594343318904
segment,3,-ConfSteer,CART,0.9809673298494539,0.9675618876904534
segment,3,-ConfSteer,SVM,0.9331657266507788,0.8878956326957079
segment,4,Full,KNN,0.9707379970366363,0.9495927462596103
segment,4,Full,CART,0.9796917147244596,0.9652904021175969
segment,4,Full,SVM,0.9134075178850227,0.8569214956993377
segment,4,-FeatWeights,KNN,0.9707379970366363,0.9495927462596103
segment,4,-FeatWeights,CART,0.9796917147244596,0.9652904021175969
segment,4,-FeatWeights,SVM,0.9134075178850227,0.8569214956993377
segment,4,-Subgroups,KNN,0.9707379970366363,0.9495927462596103
segment,4,-Subgroups,CART,0.9796917147244596,0.9652904021175969
segment,4,-Subgroups,SVM,0.9134075178850227,0.8569214956993377
segment,4,-Mahalanobis,KNN,0.9707379970366363,0.9495927462596103
segment,4,-Mahalanobis,CART,0.9796917147244596,0.9652904021175969
segment,4,-Mahalanobis,SVM,0.9134075178850227,0.8569214956993377
segment,4,-NoiseGate,KNN,0.9707379970366363,0.9495927462596103
segment,4,-NoiseGate,CART,0.9796917147244596,0.9652904021175969
segment,4,-NoiseGate,SVM,0.9134075178850227,0.8569214956993377
segment,4,-ConfSteer,KNN,0.9707379970366363,0.9495927462596103
segment,4,-ConfSteer,CART,0.9796917147244596,0.9652904021175969
segment,4,-ConfSteer,SVM,0.9134075178850227,0.8569214956993377
satimage,0,Full,KNN,0.9354594542156409,0.8778593712820278
satimage,0,Full,CART,0.9060029519597668,0.8390259097054534
satimage,0,Full,SVM,0.9291051138971138,0.8714201914333217
satimage,0,-FeatWeights,KNN,0.9360699061277367,0.8780254240466413
satimage,0,-FeatWeights,CART,0.9008124372916679,0.833488975706118
satimage,0,-FeatWeights,SVM,0.9294735170798976,0.8720431564876768
satimage,0,-Subgroups,KNN,0.9354594542156409,0.8778593712820278
satimage,0,-Subgroups,CART,0.9060029519597668,0.8390259097054534
satimage,0,-Subgroups,SVM,0.9291051138971138,0.8714201914333217
satimage,0,-Mahalanobis,KNN,0.9354594542156409,0.8778593712820278
satimage,0,-Mahalanobis,CART,0.9060029519597668,0.8390259097054534
satimage,0,-Mahalanobis,SVM,0.9291051138971138,0.8714201914333217
satimage,0,-NoiseGate,KNN,0.9346834389004618,0.8768592659815374
satimage,0,-NoiseGate,CART,0.9070420466305371,0.8384868501868207
satimage,0,-NoiseGate,SVM,0.9291051138971138,0.8714201914333217
satimage,0,-ConfSteer,KNN,0.9354594542156409,0.8778593712820278
satimage,0,-ConfSteer,CART,0.9060029519597668,0.8390259097054534
satimage,0,-ConfSteer,SVM,0.9291051138971138,0.8714201914333217
satimage,1,Full,KNN,0.9358328686508225,0.8773419721773923
satimage,1,Full,CART,0.9036410087787962,0.8379621486868061
satimage,1,Full,SVM,0.9298654786147882,0.8737246500317815
satimage,1,-FeatWeights,KNN,0.9347441792115999,0.8757680231651901
satimage,1,-FeatWeights,CART,0.8938229354887394,0.8214759537375363
satimage,1,-FeatWeights,SVM,0.9276585035556695,0.8701535133524679
satimage,1,-Subgroups,KNN,0.9358328686508225,0.8773419721773923
satimage,1,-Subgroups,CART,0.9036410087787962,0.8379621486868061
satimage,1,-Subgroups,SVM,0.9298654786147882,0.8737246500317815
satimage,1,-Mahalanobis,KNN,0.9358328686508225,0.8773419721773923
satimage,1,-Mahalanobis,CART,0.9036410087787962,0.8379621486868061
satimage,1,-Mahalanobis,SVM,0.9298654786147882,0.8737246500317815
satimage,1,-NoiseGate,KNN,0.9358328686508225,0.8773419721773923
satimage,1,-NoiseGate,CART,0.904434809738689,0.8395461065270714
satimage,1,-NoiseGate,SVM,0.9294749963797422,0.873029933792278
satimage,1,-ConfSteer,KNN,0.9358328686508225,0.8773419721773923
satimage,1,-ConfSteer,CART,0.9036410087787962,0.8379621486868061
satimage,1,-ConfSteer,SVM,0.9298654786147882,0.8737246500317815
satimage,2,Full,KNN,0.9434373113545445,0.8943908088410016
satimage,2,Full,CART,0.8988373588098572,0.8296752896594927
satimage,2,Full,SVM,0.9288742343580343,0.8732696901432163
satimage,2,-FeatWeights,KNN,0.9441422510590444,0.8953852784165829
satimage,2,-FeatWeights,CART,0.8964632746990924,0.8269331404759614
satimage,2,-FeatWeights,SVM,0.9298039486487639,0.8750367285057052
satimage,2,-Subgroups,KNN,0.9434373113545445,0.8943908088410016
satimage,2,-Subgroups,CART,0.8988373588098572,0.8296752896594927
satimage,2,-Subgroups,SVM,0.9288742343580343,0.8732696901432163
satimage,2,-Mahalanobis,KNN,0.9434373113545445,0.8943908088410016
satimage,2,-Mahalanobis,CART,0.8988373588098572,0.8296752896594927
satimage,2,-Mahalanobis,SVM,0.9288742343580343,0.8732696901432163
satimage,2,-NoiseGate,KNN,0.9442119756920656,0.8953739713932473
satimage,2,-NoiseGate,CART,0.8978939867864871,0.829628058108964
satimage,2,-NoiseGate,SVM,0.9288742343580343,0.8732696901432163
satimage,2,-ConfSteer,KNN,0.9434373113545445,0.8943908088410016
satimage,2,-ConfSteer,CART,0.8988373588098572,0.8296752896594927
satimage,2,-ConfSteer,SVM,0.9288742343580343,0.8732696901432163
satimage,3,Full,KNN,0.9298891410607603,0.8700958858311839
satimage,3,Full,CART,0.8938305587848735,0.8204863749213923
satimage,3,Full,SVM,0.926443704395001,0.866695810490409
satimage,3,-FeatWeights,KNN,0.9364038288433981,0.8811852603271353
satimage,3,-FeatWeights,CART,0.90427167711054,0.8405616357111382
satimage,3,-FeatWeights,SVM,0.9276405737982327,0.8685114559068152
satimage,3,-Subgroups,KNN,0.9298891410607603,0.8700958858311839
satimage,3,-Subgroups,CART,0.8938305587848735,0.8204863749213923
satimage,3,-Subgroups,SVM,0.926443704395001,0.866695810490409
satimage,3,-Mahalanobis,KNN,0.9298891410607603,0.8700958858311839
satimage,3,-Mahalanobis,CART,0.8938305587848735,0.8204863749213923
satimage,3,-Mahalanobis,SVM,0.926443704395001,0.866695810490409
satimage,3,-NoiseGate,KNN,0.9294977570081582,0.8693820223675699
satimage,3,-NoiseGate,CART,0.8893966788904525,0.8156902287986633
satimage,3,-NoiseGate,SVM,0.926443704395001,0.866695810490409
satimage,3,-ConfSteer,KNN,0.9298891410607603,0.8700958858311839
satimage,3,-ConfSteer,CART,0.8938305587848735,0.8204863749213923
satimage,3,-ConfSteer,SVM,0.926443704395001,0.866695810490409
satimage,4,Full,KNN,0.9390211638638885,0.8848153645067874
satimage,4,Full,CART,0.899341464726211,0.8317056693447572
satimage,4,Full,SVM,0.9344160564061078,0.8809591247236721
satimage,4,-FeatWeights,KNN,0.9407953491033669,0.8878566905559454
satimage,4,-FeatWeights,CART,0.9021252625532201,0.8352573513430225
satimage,4,-FeatWeights,SVM,0.9340584408830629,0.880232790492857
satimage,4,-Subgroups,KNN,0.9390211638638885,0.8848153645067874
satimage,4,-Subgroups,CART,0.899341464726211,0.8317056693447572
satimage,4,-Subgroups,SVM,0.9344160564061078,0.8809591247236721
satimage,4,-Mahalanobis,KNN,0.9390211638638885,0.8848153645067874
satimage,4,-Mahalanobis,CART,0.899341464726211,0.8317056693447572
satimage,4,-Mahalanobis,SVM,0.9344160564061078,0.8809591247236721
satimage,4,-NoiseGate,KNN,0.9401567760382876,0.8869895067016018
satimage,4,-NoiseGate,CART,0.8938129914829974,0.8236036572816537
satimage,4,-NoiseGate,SVM,0.9340253649967433,0.8802432249760445
satimage,4,-ConfSteer,KNN,0.9390211638638885,0.8848153645067874
satimage,4,-ConfSteer,CART,0.899341464726211,0.8317056693447572
satimage,4,-ConfSteer,SVM,0.9344160564061078,0.8809591247236721
vowel,0,Full,KNN,0.9691220412642557,0.9436162880013147
vowel,0,Full,CART,0.8842279083925174,0.7951983695052932
vowel,0,Full,SVM,0.8992664992706777,0.814502530605533
vowel,0,-FeatWeights,KNN,0.9691220412642557,0.9436162880013147
vowel,0,-FeatWeights,CART,0.8842279083925174,0.7951983695052932
vowel,0,-FeatWeights,SVM,0.8992664992706777,0.814502530605533
vowel,0,-Subgroups,KNN,0.9691220412642557,0.9436162880013147
vowel,0,-Subgroups,CART,0.8842279083925174,0.7951983695052932
vowel,0,-Subgroups,SVM,0.8992664992706777,0.814502530605533
vowel,0,-Mahalanobis,KNN,0.9691220412642557,0.9436162880013147
vowel,0,-Mahalanobis,CART,0.8842279083925174,0.7951983695052932
vowel,0,-Mahalanobis,SVM,0.8992664992706777,0.814502530605533
vowel,0,-NoiseGate,KNN,0.9691220412642557,0.9436162880013147
vowel,0,-NoiseGate,CART,0.8842279083925174,0.7951983695052932
vowel,0,-NoiseGate,SVM,0.8992664992706777,0.814502530605533
vowel,0,-ConfSteer,KNN,0.9691220412642557,0.9436162880013147
vowel,0,-ConfSteer,CART,0.8842279083925174,0.7951983695052932
vowel,0,-ConfSteer,SVM,0.8992664992706777,0.814502530605533
vowel,1,Full,KNN,0.9577267813396121,0.9242929116205222
vowel,1,Full,CART,0.8811980764816151,0.7920656624417788
vowel,1,Full,SVM,0.9141274623635367,0.8461379857383234
vowel,1,-FeatWeights,KNN,0.9577267813396121,0.9242929116205222
vowel,1,-FeatWeights,CART,0.8811980764816151,0.7920656624417788
vowel,1,-FeatWeights,SVM,0.9141274623635367,0.8461379857383234
vowel,1,-Subgroups,KNN,0.9577267813396121,0.9242929116205222
vowel,1,-Subgroups,CART,0.8811980764816151,0.7920656624417788
vowel,1,-Subgroups,SVM,0.9141274623635367,0.8461379857383234
vowel,1,-Mahalanobis,KNN,0.9577267813396121,0.9242929116205222
vowel,1,-Mahalanobis,CART,0.8811980764816151,0.7920656624417788
vowel,1,-Mahalanobis,SVM,0.9141274623635367,0.8461379857383234
vowel,1,-NoiseGate,KNN,0.9577267813396121,0.9242929116205222
vowel,1,-NoiseGate,CART,0.8811980764816151,0.7920656624417788
vowel,1,-NoiseGate,SVM,0.9141274623635367,0.8461379857383234
vowel,1,-ConfSteer,KNN,0.9577267813396121,0.9242929116205222
vowel,1,-ConfSteer,CART,0.8811980764816151,0.7920656624417788
vowel,1,-ConfSteer,SVM,0.9141274623635367,0.8461379857383234
vowel,2,Full,KNN,0.9634359637459872,0.9344239579533696
vowel,2,Full,CART,0.8690024679229618,0.7761813874373928
vowel,2,Full,SVM,0.8811980764816151,0.7896357348403515
vowel,2,-FeatWeights,KNN,0.9634359637459872,0.9344239579533696
vowel,2,-FeatWeights,CART,0.8690024679229618,0.7761813874373928
vowel,2,-FeatWeights,SVM,0.8811980764816151,0.7896357348403515
vowel,2,-Subgroups,KNN,0.9634359637459872,0.9344239579533696
vowel,2,-Subgroups,CART,0.8690024679229618,0.7761813874373928
vowel,2,-Subgroups,SVM,0.8811980764816151,0.7896357348403515
vowel,2,-Mahalanobis,KNN,0.9634359637459872,0.9344239579533696
vowel,2,-Mahalanobis,CART,0.8690024679229618,0.7761813874373928
vowel,2,-Mahalanobis,SVM,0.8811980764816151,0.7896357348403515
vowel,2,-NoiseGate,KNN,0.9634359637459872,0.9344239579533696
vowel,2,-NoiseGate,CART,0.8690024679229618,0.7761813874373928
vowel,2,-NoiseGate,SVM,0.8811980764816151,0.7896357348403515
vowel,2,-ConfSteer,KNN,0.9634359637459872,0.9344239579533696
vowel,2,-ConfSteer,CART,0.8690024679229618,0.7761813874373928
vowel,2,-ConfSteer,SVM,0.8811980764816151,0.7896357348403515
vowel,3,Full,KNN,0.9719565424735285,0.9493223947769404
vowel,3,Full,CART,0.8473537434231437,0.7362927299459808
vowel,3,Full,SVM,0.9111690612939846,0.8404575614889708
vowel,3,-FeatWeights,KNN,0.9719565424735285,0.9493223947769404
vowel,3,-FeatWeights,CART,0.8473537434231437,0.7362927299459808
vowel,3,-FeatWeights,SVM,0.9111690612939846,0.8404575614889708
vowel,3,-Subgroups,KNN,0.9719565424735285,0.9493223947769404
vowel,3,-Subgroups,CART,0.8473537434231437,0.7362927299459808
vowel,3,-Subgroups,SVM,0.9111690612939846,0.8404575614889708
vowel,3,-Mahalanobis,KNN,0.9719565424735285,0.9493223947769404
vowel,3,-Mahalanobis,CART,0.8473537434231437,0.7362927299459808
vowel,3,-Mahalanobis,SVM,0.9111690612939846,0.8404575614889708
vowel,3,-NoiseGate,KNN,0.9719565424735285,0.9493223947769404
vowel,3,-NoiseGate,CART,0.8473537434231437,0.7362927299459808
vowel,3,-NoiseGate,SVM,0.9111690612939846,0.8404575614889708
vowel,3,-ConfSteer,KNN,0.9719565424735285,0.9493223947769404
vowel,3,-ConfSteer,CART,0.8473537434231437,0.7362927299459808
vowel,3,-ConfSteer,SVM,0.9111690612939846,0.8404575614889708
vowel,4,Full,KNN,0.9404563884354913,0.8933820491818512
vowel,4,Full,CART,0.8872502688000532,0.7956755237534793
vowel,4,Full,SVM,0.8811980764816152,0.7910557128609866
vowel,4,-FeatWeights,KNN,0.9404563884354913,0.8933820491818512
vowel,4,-FeatWeights,CART,0.8872502688000532,0.7956755237534793
vowel,4,-FeatWeights,SVM,0.8811980764816152,0.7910557128609866
vowel,4,-Subgroups,KNN,0.9404563884354913,0.8933820491818512
vowel,4,-Subgroups,CART,0.8872502688000532,0.7956755237534793
vowel,4,-Subgroups,SVM,0.8811980764816152,0.7910557128609866
vowel,4,-Mahalanobis,KNN,0.9404563884354913,0.8933820491818512
vowel,4,-Mahalanobis,CART,0.8872502688000532,0.7956755237534793
vowel,4,-Mahalanobis,SVM,0.8811980764816152,0.7910557128609866
vowel,4,-NoiseGate,KNN,0.9404563884354913,0.8933820491818512
vowel,4,-NoiseGate,CART,0.8872502688000532,0.7956755237534793
vowel,4,-NoiseGate,SVM,0.8811980764816152,0.7910557128609866
vowel,4,-ConfSteer,KNN,0.9404563884354913,0.8933820491818512
vowel,4,-ConfSteer,CART,0.8872502688000532,0.7956755237534793
vowel,4,-ConfSteer,SVM,0.8811980764816152,0.7910557128609866
abalone,0,Full,KNN,0.7155752198688657,0.6255602612698165
abalone,0,Full,CART,0.7007878878995806,0.6077087843682644
abalone,0,Full,SVM,0.7508978778629581,0.6781166224822023
abalone,0,-FeatWeights,KNN,0.7130758245187152,0.6225422757467083
abalone,0,-FeatWeights,CART,0.6917998471452107,0.5949916569814572
abalone,0,-FeatWeights,SVM,0.752078201630918,0.6800315768154368
abalone,0,-Subgroups,KNN,0.7155752198688657,0.6255602612698165
abalone,0,-Subgroups,CART,0.6905917577212664,0.5924062471294972
abalone,0,-Subgroups,SVM,0.7508978778629581,0.6781166224822023
abalone,0,-Mahalanobis,KNN,0.7145959586727351,0.6245721108611297
abalone,0,-Mahalanobis,CART,0.6972193507988279,0.6025337617687399
abalone,0,-Mahalanobis,SVM,0.7508978778629581,0.6781166224822023
abalone,0,-NoiseGate,KNN,0.7164310298695802,0.6263911490982795
abalone,0,-NoiseGate,CART,0.6795696953314473,0.5773571573805218
abalone,0,-NoiseGate,SVM,0.7508978778629581,0.6781166224822023
abalone,0,-ConfSteer,KNN,0.7142825412255793,0.6240440761540341
abalone,0,-ConfSteer,CART,0.6872442760913778,0.5875087717556018
abalone,0,-ConfSteer,SVM,0.7508978778629581,0.6781166224822023
abalone,1,Full,KNN,0.7244403845111496,0.6339987084704625
abalone,1,Full,CART,0.6913241674518361,0.5922872053362841
abalone,1,Full,SVM,0.758110363000785,0.6876520373292868
abalone,1,-FeatWeights,KNN,0.7330586839754826,0.6442443045977734
abalone,1,-FeatWeights,CART,0.6980389946562676,0.6002301449072137
abalone,1,-FeatWeights,SVM,0.7581484859106076,0.6875706571421129
abalone,1,-Subgroups,KNN,0.7244403845111496,0.6339987084704625
abalone,1,-Subgroups,CART,0.6891101041148205,0.5916732362988849
abalone,1,-Subgroups,SVM,0.758110363000785,0.6876520373292868
abalone,1,-Mahalanobis,KNN,0.7244403845111496,0.6339987084704625
abalone,1,-Mahalanobis,CART,0.6891101041148205,0.5916732362988849
abalone,1,-Mahalanobis,SVM,0.758110363000785,0.6876520373292868
abalone,1,-NoiseGate,KNN,0.7284249847431357,0.6381354967407419
abalone,1,-NoiseGate,CART,0.6880303869572045,0.5910489906417723
abalone,1,-NoiseGate,SVM,0.758110363000785,0.6876520373292868
abalone,1,-ConfSteer,KNN,0.7244403845111496,0.6339987084704625
abalone,1,-ConfSteer,CART,0.6873918388027906,0.5926490176490177
abalone,1,-ConfSteer,SVM,0.758110363000785,0.6876520373292868
abalone,2,Full,KNN,0.7043554722409594,0.6076368313880688
abalone,2,Full,CART,0.6566495939522109,0.5529693424414578
abalone,2,Full,SVM,0.7231462273128709,0.6405217500662986
abalone,2,-FeatWeights,KNN,0.7006936045544783,0.6039376377619415
abalone,2,-FeatWeights,CART,0.6713328846322955,0.5714074930731164
abalone,2,-FeatWeights,SVM,0.7257354292209848,0.6443285785733727
abalone,2,-Subgroups,KNN,0.7053410599958617,0.6086180118970559
abalone,2,-Subgroups,CART,0.6731387775196414,0.5726195038552193
abalone,2,-Subgroups,SVM,0.7231462273128709,0.6405217500662986
abalone,2,-Mahalanobis,KNN,0.7053410599958617,0.6086180118970559
abalone,2,-Mahalanobis,CART,0.6759850948780916,0.5761406306157827
abalone,2,-Mahalanobis,SVM,0.7231462273128709,0.6405217500662986
abalone,2,-NoiseGate,KNN,0.706452063204703,0.6101592370631107
abalone,2,-NoiseGate,CART,0.6763966604780265,0.577805932286219
abalone,2,-NoiseGate,SVM,0.7231462273128709,0.6405217500662986
abalone,2,-ConfSteer,KNN,0.7043103330758341,0.6077727040238191
abalone,2,-ConfSteer,CART,0.6769734492841645,0.5767740399005806
abalone,2,-ConfSteer,SVM,0.7231462273128709,0.6405217500662986
abalone,3,Full,KNN,0.7078769608312271,0.6158229548039476
abalone,3,Full,CART,0.6619322674510791,0.5619306330067452
abalone,3,Full,SVM,0.7439083303175174,0.6660819356255678
abalone,3,-FeatWeights,KNN,0.7069674406459827,0.6139564655651693
abalone,3,-FeatWeights,CART,0.6724760804276043,0.5759973969229915
abalone,3,-FeatWeights,SVM,0.7453976100413728,0.6683633942465761
abalone,3,-Subgroups,KNN,0.7078769608312271,0.6158229548039476
abalone,3,-Subgroups,CART,0.6621714960616386,0.562619038260431
abalone,3,-Subgroups,SVM,0.7439083303175174,0.6660819356255678
abalone,3,-Mahalanobis,KNN,0.7078769608312271,0.6158229548039476
abalone,3,-Mahalanobis,CART,0.6621714960616386,0.562619038260431
abalone,3,-Mahalanobis,SVM,0.7439083303175174,0.6660819356255678
abalone,3,-NoiseGate,KNN,0.7096108319977622,0.6180186852349571
abalone,3,-NoiseGate,CART,0.67025606908767,0.5761631506802182
abalone,3,-NoiseGate,SVM,0.7451894495572566,0.6674774377023377
abalone,3,-ConfSteer,KNN,0.7078769608312271,0.6158229548039476
abalone,3,-ConfSteer,CART,0.6655559560659449,0.5677886961866977
abalone,3,-ConfSteer,SVM,0.7439083303175174,0.6660819356255678
abalone,4,Full,KNN,0.7286488838893979,0.638025257846874
abalone,4,Full,CART,0.7005013134007232,0.6094689417467894
abalone,4,Full,SVM,0.7406302102198901,0.6645804148721982
abalone,4,-FeatWeights,KNN,0.7376515716039015,0.6511000886999779
abalone,4,-FeatWeights,CART,0.6792303417517555,0.5780830100284413
abalone,4,-FeatWeights,SVM,0.740921384818368,0.6651256212579008
abalone,4,-Subgroups,KNN,0.7286488838893979,0.638025257846874
abalone,4,-Subgroups,CART,0.7005013134007232,0.6094689417467894
abalone,4,-Subgroups,SVM,0.7406302102198901,0.6645804148721982
abalone,4,-Mahalanobis,KNN,0.7286488838893979,0.638025257846874
abalone,4,-Mahalanobis,CART,0.6975729765551479,0.605513959791751
abalone,4,-Mahalanobis,SVM,0.7406302102198901,0.6645804148721982
abalone,4,-NoiseGate,KNN,0.725362717303275,0.6351250778665016
abalone,4,-NoiseGate,CART,0.6898087543867835,0.5961747383749427
abalone,4,-NoiseGate,SVM,0.7398841841033849,0.6634523074992508
abalone,4,-ConfSteer,KNN,0.7286488838893979,0.638025257846874
abalone,4,-ConfSteer,CART,0.6888006291240402,0.5940950622324639
abalone,4,-ConfSteer,SVM,0.7406302102198901,0.6645804148721982
ann-thyroid,0,Full,KNN,0.5570311625557929,0.2938727127748867
ann-thyroid,0,Full,CART,0.6297037839174738,0.4240927576348402
ann-thyroid,0,Full,SVM,0.6222679661350233,0.2585821267799937
ann-thyroid,0,-FeatWeights,KNN,0.5539254301056371,0.2916060080366915
ann-thyroid,0,-FeatWeights,CART,0.6150839526880079,0.38710082764371
ann-thyroid,0,-FeatWeights,SVM,0.649101400850203,0.26241108085783804
ann-thyroid,0,-Subgroups,KNN,0.5599893758575327,0.29684373118708407
ann-thyroid,0,-Subgroups,CART,0.6304779781813993,0.41851512396193247
ann-thyroid,0,-Subgroups,SVM,0.6222548536260356,0.2583372861165081
ann-thyroid,0,-Mahalanobis,KNN,0.559834758222373,0.296855896372347
ann-thyroid,0,-Mahalanobis,CART,0.6225469764843472,0.4175702367087215
ann-thyroid,0,-Mahalanobis,SVM,0.6222548536260356,0.2583372861165081
ann-thyroid,0,-NoiseGate,KNN,0.5502988037653802,0.2866502937480278
ann-thyroid,0,-NoiseGate,CART,0.6422352485306259,0.4346178329853677
ann-thyroid,0,-NoiseGate,SVM,0.6222055886192567,0.25805483750707225
ann-thyroid,0,-ConfSteer,KNN,0.5563549949670035,0.29375906634980475
ann-thyroid,0,-ConfSteer,CART,0.6216106625517472,0.41520331216827105
ann-thyroid,0,-ConfSteer,SVM,0.6222548536260356,0.2583372861165081
ann-thyroid,1,Full,KNN,0.5567273378473486,0.2931582606464739
ann-thyroid,1,Full,CART,0.6281449529921505,0.41141344163083293
ann-thyroid,1,Full,SVM,0.5549388583011501,0.2071890891318248
ann-thyroid,1,-FeatWeights,KNN,0.5815334154294904,0.3084365097867678
ann-thyroid,1,-FeatWeights,CART,0.621125151956445,0.39561104106596695
ann-thyroid,1,-FeatWeights,SVM,0.554587374149481,0.20874156689203355
ann-thyroid,1,-Subgroups,KNN,0.5571871088376885,0.2931094851615502
ann-thyroid,1,-Subgroups,CART,0.6314416929716279,0.4062062174151958
ann-thyroid,1,-Subgroups,SVM,0.5549388583011501,0.2071890891318248
ann-thyroid,1,-Mahalanobis,KNN,0.5571871088376885,0.2931094851615502
ann-thyroid,1,-Mahalanobis,CART,0.6236582039678795,0.3962184324744767
ann-thyroid,1,-Mahalanobis,SVM,0.5549388583011501,0.2071890891318248
ann-thyroid,1,-NoiseGate,KNN,0.5640686173369308,0.30013004841146695
ann-thyroid,1,-NoiseGate,CART,0.6238800274696795,0.41448509417935675
ann-thyroid,1,-NoiseGate,SVM,0.5548148429105701,0.20737411692413876
ann-thyroid,1,-ConfSteer,KNN,0.5572101490229509,0.29376962244384364
ann-thyroid,1,-ConfSteer,CART,0.616441980316431,0.3971832875977236
ann-thyroid,1,-ConfSteer,SVM,0.5549388583011501,0.2071890891318248
ann-thyroid,2,Full,KNN,0.5869222360940698,0.29650271556266444
ann-thyroid,2,Full,CART,0.5791319738522256,0.3606717211732886
ann-thyroid,2,Full,SVM,0.570062594106727,0.21507187845694378
ann-thyroid,2,-FeatWeights,KNN,0.5602986900848831,0.2893175207646669
ann-thyroid,2,-FeatWeights,CART,0.5760448442728154,0.36294138332784226
ann-thyroid,2,-FeatWeights,SVM,0.5667193075868242,0.21234221646553433
ann-thyroid,2,-Subgroups,KNN,0.5881998457821043,0.2957755419139547
ann-thyroid,2,-Subgroups,CART,0.5790213268405521,0.35989908190688646
ann-thyroid,2,-Subgroups,SVM,0.570062594106727,0.21507187845694378
ann-thyroid,2,-Mahalanobis,KNN,0.5881998457821043,0.2957755419139547
ann-thyroid,2,-Mahalanobis,CART,0.5883546989429138,0.3562594739667203
ann-thyroid,2,-Mahalanobis,SVM,0.570062594106727,0.21507187845694378
ann-thyroid,2,-NoiseGate,KNN,0.5857281420308753,0.29604213481135055
ann-thyroid,2,-NoiseGate,CART,0.600470314205536,0.3794529898059704
ann-thyroid,2,-NoiseGate,SVM,0.5701545008916677,0.21557337104667798
ann-thyroid,2,-ConfSteer,KNN,0.5880390262660413,0.2958965650851776
ann-thyroid,2,-ConfSteer,CART,0.6044530820945839,0.376275746491311
ann-thyroid,2,-ConfSteer,SVM,0.570062594106727,0.21507187845694378
ann-thyroid,3,Full,KNN,0.5887031993591499,0.2983604750997982
ann-thyroid,3,Full,CART,0.632000145022182,0.43265710889419917
ann-thyroid,3,Full,SVM,0.6044685996173297,0.24748317493089916
ann-thyroid,3,-FeatWeights,KNN,0.5574674468056321,0.2852514327422366
ann-thyroid,3,-FeatWeights,CART,0.6545101374785078,0.45018860249060644
ann-thyroid,3,-FeatWeights,SVM,0.5836145669545478,0.24544649313157185
ann-thyroid,3,-Subgroups,KNN,0.5922038862709953,0.3008737817919429
ann-thyroid,3,-Subgroups,CART,0.6129630696979975,0.40676835445233017
ann-thyroid,3,-Subgroups,SVM,0.6044685996173297,0.24748317493089916
ann-thyroid,3,-Mahalanobis,KNN,0.5922038862709953,0.3008737817919429
ann-thyroid,3,-Mahalanobis,CART,0.6117869693882341,0.41108259609043507
ann-thyroid,3,-Mahalanobis,SVM,0.6044685996173297,0.24748317493089916
ann-thyroid,3,-NoiseGate,KNN,0.5876074839376833,0.29601327773257846
ann-thyroid,3,-NoiseGate,CART,0.622707742729137,0.4171034134538133
ann-thyroid,3,-NoiseGate,SVM,0.6044685996173297,0.24748317493089916
ann-thyroid,3,-ConfSteer,KNN,0.592075222929828,0.30095601457466953
ann-thyroid,3,-ConfSteer,CART,0.6131646127817967,0.41006708114139967
ann-thyroid,3,-ConfSteer,SVM,0.6044685996173297,0.24748317493089916
ann-thyroid,4,Full,KNN,0.5543853444150235,0.29053526258065604
ann-thyroid,4,Full,CART,0.5849250319360354,0.36730875538015156
ann-thyroid,4,Full,SVM,0.5878891544362387,0.22479161175101922
ann-thyroid,4,-FeatWeights,KNN,0.5691374449778845,0.2908265238693275
ann-thyroid,4,-FeatWeights,CART,0.5985167477134095,0.3852562727448758
ann-thyroid,4,-FeatWeights,SVM,0.591954435282554,0.23025986685429428
ann-thyroid,4,-Subgroups,KNN,0.5639121946692652,0.3002693927371315
ann-thyroid,4,-Subgroups,CART,0.5699556308990817,0.3561663163682479
ann-thyroid,4,-Subgroups,SVM,0.5878891544362387,0.22479161175101922
ann-thyroid,4,-Mahalanobis,KNN,0.5639121946692652,0.3002693927371315
ann-thyroid,4,-Mahalanobis,CART,0.5675459497862559,0.3586632180534125
ann-thyroid,4,-Mahalanobis,SVM,0.5878891544362387,0.22479161175101922
ann-thyroid,4,-NoiseGate,KNN,0.5573577943038732,0.2918047916431061
ann-thyroid,4,-NoiseGate,CART,0.5649827056977925,0.34567579544953647
ann-thyroid,4,-NoiseGate,SVM,0.5878891544362387,0.22479161175101922
ann-thyroid,4,-ConfSteer,KNN,0.564055009406275,0.2998858777059862
ann-thyroid,4,-ConfSteer,CART,0.5724782459501,0.356975828434413
ann-thyroid,4,-ConfSteer,SVM,0.5878891544362387,0.22479161175101922
winequality-white,0,Full,KNN,0.6012542149722261,0.30200960953730377
winequality-white,0,Full,CART,0.6401969949161229,0.41373783684204984
winequality-white,0,Full,SVM,0.5216294138934539,0.16817158240832367
winequality-white,0,-FeatWeights,KNN,0.6101908767869235,0.3163123804508301
winequality-white,0,-FeatWeights,CART,0.627374959799334,0.4049043573673208
winequality-white,0,-FeatWeights,SVM,0.5217038908666679,0.1702788851500249
winequality-white,0,-Subgroups,KNN,0.6012791175753086,0.3021014814201686
winequality-white,0,-Subgroups,CART,0.6343374999873838,0.4028854718300052
winequality-white,0,-Subgroups,SVM,0.5216294138934539,0.16817158240832367
winequality-white,0,-Mahalanobis,KNN,0.6012791175753086,0.3021014814201686
winequality-white,0,-Mahalanobis,CART,0.6343374999873838,0.4028854718300052
winequality-white,0,-Mahalanobis,SVM,0.5216294138934539,0.16817158240832367
winequality-white,0,-NoiseGate,KNN,0.5988539884321588,0.3020359637976891
winequality-white,0,-NoiseGate,CART,0.6343697730791377,0.40695156623462925
winequality-white,0,-NoiseGate,SVM,0.5224418813788231,0.16913770885544158
winequality-white,0,-ConfSteer,KNN,0.5999823241908512,0.30055795518222017
winequality-white,0,-ConfSteer,CART,0.6394178389538411,0.4108117237684607
winequality-white,0,-ConfSteer,SVM,0.5216294138934539,0.16817158240832367
winequality-white,1,Full,KNN,0.5721536563825697,0.2959871424251588
winequality-white,1,Full,CART,0.6905815994509741,0.45638174751385496
winequality-white,1,Full,SVM,0.5242087267757427,0.19619638628965685
winequality-white,1,-FeatWeights,KNN,0.5632650093762638,0.28979225875944825
winequality-white,1,-FeatWeights,CART,0.644855215823181,0.4332116782414404
winequality-white,1,-FeatWeights,SVM,0.5121301620553091,0.18549815062884756
winequality-white,1,-Subgroups,KNN,0.5721536563825697,0.2959871424251588
winequality-white,1,-Subgroups,CART,0.6909605031476012,0.4593430555676324
winequality-white,1,-Subgroups,SVM,0.5242087267757427,0.19619638628965685
winequality-white,1,-Mahalanobis,KNN,0.5721536563825697,0.2959871424251588
winequality-white,1,-Mahalanobis,CART,0.6909605031476012,0.4593430555676324
winequality-white,1,-Mahalanobis,SVM,0.5242087267757427,0.19619638628965685
winequality-white,1,-NoiseGate,KNN,0.5732992866101981,0.29671454808634057
winequality-white,1,-NoiseGate,CART,0.6825846441152075,0.44843654762416785
winequality-white,1,-NoiseGate,SVM,0.5193809229794017,0.1924463268213268
winequality-white,1,-ConfSteer,KNN,0.5721437218098783,0.2962370214625134
winequality-white,1,-ConfSteer,CART,0.6802675204660815,0.4518754196935846
winequality-white,1,-ConfSteer,SVM,0.5242087267757427,0.19619638628965685
winequality-white,2,Full,KNN,0.546697439426209,0.2917359300862788
winequality-white,2,Full,CART,0.6413399258171593,0.4223060362707373
winequality-white,2,Full,SVM,0.5446061470999691,0.16695573254103824
winequality-white,2,-FeatWeights,KNN,0.5483553774676646,0.29089347858779957
winequality-white,2,-FeatWeights,CART,0.6262337928894702,0.3966940104863714
winequality-white,2,-FeatWeights,SVM,0.5280126255724898,0.1499255614672132
winequality-white,2,-Subgroups,KNN,0.546697439426209,0.2917359300862788
winequality-white,2,-Subgroups,CART,0.6413144986753221,0.42212602431062063
winequality-white,2,-Subgroups,SVM,0.5446061470999691,0.16695573254103824
winequality-white,2,-Mahalanobis,KNN,0.546697439426209,0.2917359300862788
winequality-white,2,-Mahalanobis,CART,0.6413144986753221,0.42212602431062063
winequality-white,2,-Mahalanobis,SVM,0.5446061470999691,0.16695573254103824
winequality-white,2,-NoiseGate,KNN,0.549311497355693,0.2935106746903531
winequality-white,2,-NoiseGate,CART,0.6310239973581031,0.4105295899051924
winequality-white,2,-NoiseGate,SVM,0.5446061470999691,0.16695573254103824
winequality-white,2,-ConfSteer,KNN,0.5457751948437266,0.2904966784936799
winequality-white,2,-ConfSteer,CART,0.6318710652586684,0.4204945808242868
winequality-white,2,-ConfSteer,SVM,0.5446061470999691,0.16695573254103824
winequality-white,3,Full,KNN,0.593693412640304,0.28748047350408007
winequality-white,3,Full,CART,0.623776739402407,0.401234241440427
winequality-white,3,Full,SVM,0.5616981429513856,0.21222158160487295
winequality-white,3,-FeatWeights,KNN,0.6022008833275655,0.2914911597231962
winequality-white,3,-FeatWeights,CART,0.6646669763437594,0.4337568654268273
winequality-white,3,-FeatWeights,SVM,0.5308940693529276,0.20176700850830878
winequality-white,3,-Subgroups,KNN,0.5931915017926334,0.28669106450053256
winequality-white,3,-Subgroups,CART,0.6310402092116684,0.4109759901994976
winequality-white,3,-Subgroups,SVM,0.561687727469653,0.2122099885315747
winequality-white,3,-Mahalanobis,KNN,0.5931915017926334,0.28669106450053256
winequality-white,3,-Mahalanobis,CART,0.6310402092116684,0.4109759901994976
winequality-white,3,-Mahalanobis,SVM,0.5616981429513856,0.21222158160487295
winequality-white,3,-NoiseGate,KNN,0.5939819671470064,0.29088608840607955
winequality-white,3,-NoiseGate,CART,0.633173973841449,0.41805177945507715
winequality-white,3,-NoiseGate,SVM,0.5617085582399892,0.2122347519541876
winequality-white,3,-ConfSteer,KNN,0.5929863518997531,0.2864819397120916
winequality-white,3,-ConfSteer,CART,0.6243512322905663,0.4087890219987505
winequality-white,3,-ConfSteer,SVM,0.561687727469653,0.2122099885315747
winequality-white,4,Full,KNN,0.568919752216358,0.25807938276328984
winequality-white,4,Full,CART,0.5957668729942039,0.36990530708911323
winequality-white,4,Full,SVM,0.5378830155744336,0.1430378456585005
winequality-white,4,-FeatWeights,KNN,0.5579145010513498,0.25420188543038097
winequality-white,4,-FeatWeights,CART,0.5944022467874241,0.3754570756697038
winequality-white,4,-FeatWeights,SVM,0.5394710683835926,0.14441283189055612
winequality-white,4,-Subgroups,KNN,0.568919752216358,0.25807938276328984
winequality-white,4,-Subgroups,CART,0.6262301690771009,0.3807975167633419
winequality-white,4,-Subgroups,SVM,0.5378731314273743,0.14301215727805525
winequality-white,4,-Mahalanobis,KNN,0.568919752216358,0.25807938276328984
winequality-white,4,-Mahalanobis,CART,0.620597595616557,0.3763373187103862
winequality-white,4,-Mahalanobis,SVM,0.5378830155744336,0.1430378456585005
winequality-white,4,-NoiseGate,KNN,0.5698392269281867,0.258800086281833
winequality-white,4,-NoiseGate,CART,0.6202855227542478,0.3927744916995415
winequality-white,4,-NoiseGate,SVM,0.5378731314273743,0.14301215727805525
winequality-white,4,-ConfSteer,KNN,0.570554788000945,0.2598283785999863
winequality-white,4,-ConfSteer,CART,0.5924136228490308,0.36287614763252735
winequality-white,4,-ConfSteer,SVM,0.5378830155744336,0.1430378456585005
hepatitis,0,Full,KNN,0.7166666666666667,0.6039488966318234
hepatitis,0,Full,CART,0.73,0.7615384615384615
hepatitis,0,Full,SVM,0.6566666666666667,0.5241228070175439
hepatitis,0,-FeatWeights,KNN,0.6133333333333333,0.5319396051103369
hepatitis,0,-FeatWeights,CART,0.63,0.6042553191489362
hepatitis,0,-FeatWeights,SVM,0.6766666666666667,0.5507246376811594
hepatitis,0,-Subgroups,KNN,0.7166666666666667,0.6039488966318234
hepatitis,0,-Subgroups,CART,0.73,0.7615384615384615
hepatitis,0,-Subgroups,SVM,0.6566666666666667,0.5241228070175439
hepatitis,0,-Mahalanobis,KNN,0.6966666666666668,0.5772727272727273
hepatitis,0,-Mahalanobis,CART,0.5866666666666667,0.5866666666666667
hepatitis,0,-Mahalanobis,SVM,0.6566666666666667,0.5241228070175439
hepatitis,0,-NoiseGate,KNN,0.7166666666666667,0.6039488966318234
hepatitis,0,-NoiseGate,CART,0.73,0.7615384615384615
hepatitis,0,-NoiseGate,SVM,0.6566666666666667,0.5241228070175439
hepatitis,0,-ConfSteer,KNN,0.6966666666666668,0.5772727272727273
hepatitis,0,-ConfSteer,CART,0.5866666666666667,0.5866666666666667
hepatitis,0,-ConfSteer,SVM,0.6566666666666667,0.5241228070175439
hepatitis,1,Full,KNN,0.6566666666666667,0.5241228070175439
hepatitis,1,Full,CART,0.69,0.69
hepatitis,1,Full,SVM,0.5933333333333333,0.5068181818181818
hepatitis,1,-FeatWeights,KNN,0.6766666666666667,0.5507246376811594
hepatitis,1,-FeatWeights,CART,0.7533333333333333,0.7232142857142857
hepatitis,1,-FeatWeights,SVM,0.5933333333333333,0.5068181818181818
hepatitis,1,-Subgroups,KNN,0.6566666666666667,0.5241228070175439
hepatitis,1,-Subgroups,CART,0.69,0.69
hepatitis,1,-Subgroups,SVM,0.5933333333333333,0.5068181818181818
hepatitis,1,-Mahalanobis,KNN,0.6566666666666667,0.5241228070175439
hepatitis,1,-Mahalanobis,CART,0.69,0.69
hepatitis,1,-Mahalanobis,SVM,0.5933333333333333,0.5068181818181818
hepatitis,1,-NoiseGate,KNN,0.6566666666666667,0.5241228070175439
hepatitis,1,-NoiseGate,CART,0.69,0.69
hepatitis,1,-NoiseGate,SVM,0.5933333333333333,0.5068181818181818
hepatitis,1,-ConfSteer,KNN,0.6366666666666667,0.4972972972972973
hepatitis,1,-ConfSteer,CART,0.7533333333333333,0.7232142857142857
hepatitis,1,-ConfSteer,SVM,0.6333333333333333,0.5571428571428572
hepatitis,2,Full,KNN,0.42333333333333334,0.42836879432624114
hepatitis,2,Full,CART,0.5866666666666667,0.5866666666666667
hepatitis,2,Full,SVM,0.5700000000000001,0.5303030303030303
hepatitis,2,-FeatWeights,KNN,0.42333333333333334,0.42836879432624114
hepatitis,2,-FeatWeights,CART,0.65,0.6309523809523809
hepatitis,2,-FeatWeights,SVM,0.6333333333333333,0.5571428571428572
hepatitis,2,-Subgroups,KNN,0.42333333333333334,0.42836879432624114
hepatitis,2,-Subgroups,CART,0.5866666666666667,0.5866666666666667
hepatitis,2,-Subgroups,SVM,0.5700000000000001,0.5303030303030303
hepatitis,2,-Mahalanobis,KNN,0.42333333333333334,0.42836879432624114
hepatitis,2,-Mahalanobis,CART,0.5866666666666667,0.5866666666666667
hepatitis,2,-Mahalanobis,SVM,0.5700000000000001,0.5303030303030303
hepatitis,2,-NoiseGate,KNN,0.42333333333333334,0.42836879432624114
hepatitis,2,-NoiseGate,CART,0.5866666666666667,0.5866666666666667
hepatitis,2,-NoiseGate,SVM,0.5700000000000001,0.5303030303030303
hepatitis,2,-ConfSteer,KNN,0.3833333333333333,0.39215686274509803
hepatitis,2,-ConfSteer,CART,0.5866666666666667,0.5866666666666667
hepatitis,2,-ConfSteer,SVM,0.55,0.5067319461444308
hepatitis,3,Full,KNN,0.45535714285714285,0.452020202020202
hepatitis,3,Full,CART,0.47619047619047616,0.47320261437908495
hepatitis,3,Full,SVM,0.5476190476190476,0.5303030303030303
hepatitis,3,-FeatWeights,KNN,0.47619047619047616,0.47320261437908495
hepatitis,3,-FeatWeights,CART,0.5476190476190476,0.5303030303030303
hepatitis,3,-FeatWeights,SVM,0.5476190476190476,0.5303030303030303
hepatitis,3,-Subgroups,KNN,0.45535714285714285,0.452020202020202
hepatitis,3,-Subgroups,CART,0.47619047619047616,0.47320261437908495
hepatitis,3,-Subgroups,SVM,0.5476190476190476,0.5303030303030303
hepatitis,3,-Mahalanobis,KNN,0.45535714285714285,0.452020202020202
hepatitis,3,-Mahalanobis,CART,0.47619047619047616,0.47320261437908495
hepatitis,3,-Mahalanobis,SVM,0.5476190476190476,0.5303030303030303
hepatitis,3,-NoiseGate,KNN,0.45535714285714285,0.452020202020202
hepatitis,3,-NoiseGate,CART,0.47619047619047616,0.47320261437908495
hepatitis,3,-NoiseGate,SVM,0.5476190476190476,0.5303030303030303
hepatitis,3,-ConfSteer,KNN,0.45535714285714285,0.452020202020202
hepatitis,3,-ConfSteer,CART,0.47619047619047616,0.47320261437908495
hepatitis,3,-ConfSteer,SVM,0.40476190476190477,0.41032608695652173
hepatitis,4,Full,KNN,0.44345238095238093,0.4124860646599777
hepatitis,4,Full,CART,0.6607142857142857,0.6352941176470588
hepatitis,4,Full,SVM,0.5357142857142857,0.4816053511705686
hepatitis,4,-FeatWeights,KNN,0.5357142857142857,0.4816053511705686
hepatitis,4,-FeatWeights,CART,0.5892857142857143,0.5788043478260869
hepatitis,4,-FeatWeights,SVM,0.5357142857142857,0.4816053511705686
hepatitis,4,-Subgroups,KNN,0.44345238095238093,0.4124860646599777
hepatitis,4,-Subgroups,CART,0.6607142857142857,0.6352941176470588
hepatitis,4,-Subgroups,SVM,0.5357142857142857,0.4816053511705686
hepatitis,4,-Mahalanobis,KNN,0.44345238095238093,0.4124860646599777
hepatitis,4,-Mahalanobis,CART,0.6607142857142857,0.6352941176470588
hepatitis,4,-Mahalanobis,SVM,0.5357142857142857,0.4816053511705686
hepatitis,4,-NoiseGate,KNN,0.44345238095238093,0.4124860646599777
hepatitis,4,-NoiseGate,CART,0.6607142857142857,0.6352941176470588
hepatitis,4,-NoiseGate,SVM,0.5357142857142857,0.4816053511705686
hepatitis,4,-ConfSteer,KNN,0.4226190476190476,0.3881578947368421
hepatitis,4,-ConfSteer,CART,0.6815476190476191,0.6630434782608696
hepatitis,4,-ConfSteer,SVM,0.5357142857142857,0.4816053511705686
splice,0,Full,KNN,0.7070991649007873,0.4235651189398624
splice,0,Full,CART,0.9347502705343507,0.9123122885984655
splice,0,Full,SVM,0.9716743842383423,0.9617275998854947
splice,0,-FeatWeights,KNN,0.7010968364422016,0.4183150183150183
splice,0,-FeatWeights,CART,0.940370881796687,0.9197400153916241
splice,0,-FeatWeights,SVM,0.9716743842383423,0.9617275998854947
splice,0,-Subgroups,KNN,0.7070998190792076,0.4235190097259063
splice,0,-Subgroups,CART,0.930411203869073,0.9059185014653899
splice,0,-Subgroups,SVM,0.9716743842383423,0.9617275998854947
splice,0,-Mahalanobis,KNN,0.7070998190792076,0.4235190097259063
splice,0,-Mahalanobis,CART,0.930411203869073,0.9059185014653899
splice,0,-Mahalanobis,SVM,0.9716743842383423,0.9617275998854947
splice,0,-NoiseGate,KNN,0.7070991649007873,0.4235651189398624
splice,0,-NoiseGate,CART,0.930411203869073,0.9059185014653899
splice,0,-NoiseGate,SVM,0.9716743842383423,0.9617275998854947
splice,0,-ConfSteer,KNN,0.7070998190792076,0.4235190097259063
splice,0,-ConfSteer,CART,0.930411203869073,0.9059185014653899
splice,0,-ConfSteer,SVM,0.9716743842383423,0.9617275998854947
splice,1,Full,KNN,0.6995989577288585,0.41638588190312326
splice,1,Full,CART,0.9363490730216307,0.9129240961131245
splice,1,Full,SVM,0.9768075314638829,0.9638956838849256
splice,1,-FeatWeights,KNN,0.7025968722464749,0.4201100568237924
splice,1,-FeatWeights,CART,0.9453543976222114,0.9281543838920888
splice,1,-FeatWeights,SVM,0.9768082352430879,0.9639342594932914
splice,1,-Subgroups,KNN,0.699600908179344,0.4162985793172241
splice,1,-Subgroups,CART,0.9363490730216307,0.9129240961131245
splice,1,-Subgroups,SVM,0.9768075314638829,0.9638956838849256
splice,1,-Mahalanobis,KNN,0.6996002580297863,0.41632394622798446
splice,1,-Mahalanobis,CART,0.9363490730216307,0.9129240961131245
splice,1,-Mahalanobis,SVM,0.9768075314638829,0.9638956838849256
splice,1,-NoiseGate,KNN,0.6996002580297863,0.41632394622798446
splice,1,-NoiseGate,CART,0.9363490730216307,0.9129240961131245
splice,1,-NoiseGate,SVM,0.9768075314638829,0.9638956838849256
splice,1,-ConfSteer,KNN,0.6996002580297863,0.41632394622798446
splice,1,-ConfSteer,CART,0.9363490730216307,0.9129240961131245
splice,1,-ConfSteer,SVM,0.9768075314638829,0.9638956838849256
splice,2,Full,KNN,0.695955004955671,0.4150340911360881
splice,2,Full,CART,0.939680724567623,0.913910223587643
splice,2,Full,SVM,0.9721573564830195,0.9599271332848245
splice,2,-FeatWeights,KNN,0.6998264658789923,0.42161399876830735
splice,2,-FeatWeights,CART,0.9383757386596542,0.9143425707756413
splice,2,-FeatWeights,SVM,0.9707229848633608,0.9577618816877435
splice,2,-Subgroups,KNN,0.695955004955671,0.4150340911360881
splice,2,-Subgroups,CART,0.939680724567623,0.913910223587643
splice,2,-Subgroups,SVM,0.9721573564830195,0.9599271332848245
splice,2,-Mahalanobis,KNN,0.695955004955671,0.4150340911360881
splice,2,-Mahalanobis,CART,0.939680724567623,0.913910223587643
splice,2,-Mahalanobis,SVM,0.9721573564830195,0.9599271332848245
splice,2,-NoiseGate,KNN,0.6959543570551255,0.4149682995283739
splice,2,-NoiseGate,CART,0.939680724567623,0.913910223587643
splice,2,-NoiseGate,SVM,0.9721573564830195,0.9599271332848245
splice,2,-ConfSteer,KNN,0.695955004955671,0.4150340911360881
splice,2,-ConfSteer,CART,0.939680724567623,0.913910223587643
splice,2,-ConfSteer,SVM,0.9721573564830195,0.9599271332848245
splice,3,Full,KNN,0.7010816933449857,0.41830065359477125
splice,3,Full,CART,0.9457324762321748,0.9278602895896771
splice,3,Full,SVM,0.9729471511120584,0.9622112420395759
splice,3,-FeatWeights,KNN,0.6920941211955256,0.409670649015176
splice,3,-FeatWeights,CART,0.9344853885731321,0.9103725426306072
splice,3,-FeatWeights,SVM,0.9720984385086013,0.9606612663198196
splice,3,-Subgroups,KNN,0.7010816933449857,0.41830065359477125
splice,3,-Subgroups,CART,0.9457324762321748,0.9278602895896771
splice,3,-Subgroups,SVM,0.9729471511120584,0.9622112420395759
splice,3,-Mahalanobis,KNN,0.6995772357443766,0.4168534289556252
splice,3,-Mahalanobis,CART,0.9457324762321748,0.9278602895896771
splice,3,-Mahalanobis,SVM,0.9729471511120584,0.9622112420395759
splice,3,-NoiseGate,KNN,0.7010816933449857,0.41830065359477125
splice,3,-NoiseGate,CART,0.9457324762321748,0.9278602895896771
splice,3,-NoiseGate,SVM,0.9729471511120584,0.9622112420395759
splice,3,-ConfSteer,KNN,0.6995772357443766,0.4168534289556252
splice,3,-ConfSteer,CART,0.9457324762321748,0.9278602895896771
splice,3,-ConfSteer,SVM,0.9729471511120584,0.9622112420395759
splice,4,Full,KNN,0.6905810896502979,0.40898232631654574
splice,4,Full,CART,0.9348925709645592,0.9031272267747396
splice,4,Full,SVM,0.9703444683830931,0.9539254085694217
splice,4,-FeatWeights,KNN,0.6989590600306262,0.4177332378274412
splice,4,-FeatWeights,CART,0.9313225072597905,0.8996645152335732
splice,4,-FeatWeights,SVM,0.9703444683830931,0.9539254085694217
splice,4,-Subgroups,KNN,0.6905804444340405,0.40888888888888886
splice,4,-Subgroups,CART,0.9348925709645592,0.9031272267747396
splice,4,-Subgroups,SVM,0.9703444683830931,0.9539254085694217
splice,4,-Mahalanobis,KNN,0.6905804444340405,0.40888888888888886
splice,4,-Mahalanobis,CART,0.9348925709645592,0.9031272267747396
splice,4,-Mahalanobis,SVM,0.9703444683830931,0.9539254085694217
splice,4,-NoiseGate,KNN,0.6905804444340405,0.40888888888888886
splice,4,-NoiseGate,CART,0.9348925709645592,0.9031272267747396
splice,4,-NoiseGate,SVM,0.9703444683830931,0.9539254085694217
splice,4,-ConfSteer,KNN,0.6905804444340405,0.40888888888888886
splice,4,-ConfSteer,CART,0.9348925709645592,0.9031272267747396
splice,4,-ConfSteer,SVM,0.9703444683830931,0.9539254085694217
flare,0,Full,KNN,0.7470140583471842,0.5784012267784991
flare,0,Full,CART,0.7565291001152278,0.5893408427200667
flare,0,Full,SVM,0.8083891444507308,0.6448097233132583
flare,0,-FeatWeights,KNN,0.7722442658679983,0.6110647090749787
flare,0,-FeatWeights,CART,0.7653103661781755,0.6005734032049821
flare,0,-FeatWeights,SVM,0.7997135048116892,0.6415664780691517
flare,0,-Subgroups,KNN,0.7470140583471842,0.5784012267784991
flare,0,-Subgroups,CART,0.7565291001152278,0.5893408427200667
flare,0,-Subgroups,SVM,0.8083891444507308,0.6448097233132583
flare,0,-Mahalanobis,KNN,0.7470140583471842,0.5784012267784991
flare,0,-Mahalanobis,CART,0.7565291001152278,0.5893408427200667
flare,0,-Mahalanobis,SVM,0.8083891444507308,0.6448097233132583
flare,0,-NoiseGate,KNN,0.764630316750647,0.5991419675192399
flare,0,-NoiseGate,CART,0.7683940360591072,0.6138973319824383
flare,0,-NoiseGate,SVM,0.8083891444507308,0.6448097233132583
flare,0,-ConfSteer,KNN,0.7470140583471842,0.5784012267784991
flare,0,-ConfSteer,CART,0.7565291001152278,0.5893408427200667
flare,0,-ConfSteer,SVM,0.8083891444507308,0.6448097233132583
flare,1,Full,KNN,0.7923417285240628,0.6347322684348001
flare,1,Full,CART,0.7715463263723967,0.6337037483589208
flare,1,Full,SVM,0.8302197969060874,0.6828656462585033
flare,1,-FeatWeights,KNN,0.7806438010022472,0.6150150666170616
flare,1,-FeatWeights,CART,0.7546622059068137,0.5984580403075804
flare,1,-FeatWeights,SVM,0.8274802011345883,0.6797086720867208
flare,1,-Subgroups,KNN,0.7923417285240628,0.6347322684348001
flare,1,-Subgroups,CART,0.7715463263723967,0.6337037483589208
flare,1,-Subgroups,SVM,0.8302197969060874,0.6828656462585033
flare,1,-Mahalanobis,KNN,0.7923417285240628,0.6347322684348001
flare,1,-Mahalanobis,CART,0.7715463263723967,0.6337037483589208
flare,1,-Mahalanobis,SVM,0.8302197969060874,0.6828656462585033
flare,1,-NoiseGate,KNN,0.7979200587445319,0.6450842353085061
flare,1,-NoiseGate,CART,0.7715463263723967,0.6337037483589208
flare,1,-NoiseGate,SVM,0.8302197969060874,0.6828656462585033
flare,1,-ConfSteer,KNN,0.7923417285240628,0.6347322684348001
flare,1,-ConfSteer,CART,0.7715463263723967,0.6337037483589208
flare,1,-ConfSteer,SVM,0.8302197969060874,0.6828656462585033
flare,2,Full,KNN,0.7475074688288086,0.5908448824933242
flare,2,Full,CART,0.7438508425841567,0.5797109709627476
flare,2,Full,SVM,0.7376359960097594,0.5639392737965442
flare,2,-FeatWeights,KNN,0.7671921526062744,0.6206842471663382
flare,2,-FeatWeights,CART,0.7383499390336588,0.570688417521191
flare,2,-FeatWeights,SVM,0.7586272212038736,0.6005862446540412
flare,2,-Subgroups,KNN,0.7475074688288086,0.5908448824933242
flare,2,-Subgroups,CART,0.7438508425841567,0.5797109709627476
flare,2,-Subgroups,SVM,0.7376359960097594,0.5639392737965442
flare,2,-Mahalanobis,KNN,0.7475074688288086,0.5908448824933242
flare,2,-Mahalanobis,CART,0.7438508425841567,0.5797109709627476
flare,2,-Mahalanobis,SVM,0.7376359960097594,0.5639392737965442
flare,2,-NoiseGate,KNN,0.7475074688288086,0.5908448824933242
flare,2,-NoiseGate,CART,0.746751144906833,0.5832570702535277
flare,2,-NoiseGate,SVM,0.7376359960097594,0.5639392737965442
flare,2,-ConfSteer,KNN,0.7475074688288086,0.5908448824933242
flare,2,-ConfSteer,CART,0.7438508425841567,0.5797109709627476
flare,2,-ConfSteer,SVM,0.7376359960097594,0.5639392737965442
flare,3,Full,KNN,0.7223807178018984,0.5567193473707084
flare,3,Full,CART,0.7284288699845669,0.5569050832208727
flare,3,Full,SVM,0.7607789285776883,0.5996248634406529
flare,3,-FeatWeights,KNN,0.714675110218302,0.5419681678284045
flare,3,-FeatWeights,CART,0.7343731051561745,0.5791908207018562
flare,3,-FeatWeights,SVM,0.7527386341851914,0.5840938204096098
flare,3,-Subgroups,KNN,0.7223807178018984,0.5567193473707084
flare,3,-Subgroups,CART,0.7284288699845669,0.5569050832208727
flare,3,-Subgroups,SVM,0.7607789285776883,0.5996248634406529
flare,3,-Mahalanobis,KNN,0.7223807178018984,0.5567193473707084
flare,3,-Mahalanobis,CART,0.7284288699845669,0.5569050832208727
flare,3,-Mahalanobis,SVM,0.7607789285776883,0.5996248634406529
flare,3,-NoiseGate,KNN,0.7223807178018984,0.5567193473707084
flare,3,-NoiseGate,CART,0.7252731513670273,0.5528844634107792
flare,3,-NoiseGate,SVM,0.7607789285776883,0.5996248634406529
flare,3,-ConfSteer,KNN,0.7223807178018984,0.5567193473707084
flare,3,-ConfSteer,CART,0.7284288699845669,0.5569050832208727
flare,3,-ConfSteer,SVM,0.7607789285776883,0.5996248634406529
flare,4,Full,KNN,0.7750554419416905,0.6186611163925139
flare,4,Full,CART,0.7807231052684811,0.6439953513785078
flare,4,Full,SVM,0.7801616368614986,0.6206490771708163
flare,4,-FeatWeights,KNN,0.7633065173093129,0.6030893981694111
flare,4,-FeatWeights,CART,0.7699116171268187,0.6280820374126662
flare,4,-FeatWeights,SVM,0.7794262354533475,0.6245577583605753
flare,4,-Subgroups,KNN,0.7750554419416905,0.6186611163925139
flare,4,-Subgroups,CART,0.7807231052684811,0.6439953513785078
flare,4,-Subgroups,SVM,0.7801616368614986,0.6206490771708163
flare,4,-Mahalanobis,KNN,0.7750554419416905,0.6186611163925139
flare,4,-Mahalanobis,CART,0.7807231052684811,0.6439953513785078
flare,4,-Mahalanobis,SVM,0.7801616368614986,0.6206490771708163
flare,4,-NoiseGate,KNN,0.7725375576151272,0.6140068690904098
flare,4,-NoiseGate,CART,0.7701065107249101,0.6264039596421093
flare,4,-NoiseGate,SVM,0.7801616368614986,0.6206490771708163
flare,4,-ConfSteer,KNN,0.7750554419416905,0.6186611163925139
flare,4,-ConfSteer,CART,0.7807231052684811,0.6439953513785078
flare,4,-ConfSteer,SVM,0.7801616368614986,0.6206490771708163
pendigits,0,Full,KNN,0.9962484025688162,0.9932077446252366
pendigits,0,Full,CART,0.9764700316736817,0.9581267554696915
pendigits,0,Full,SVM,0.995006762148008,0.9910079758676481
pendigits,0,-FeatWeights,KNN,0.9962484025688162,0.9932077446252366
pendigits,0,-FeatWeights,CART,0.9764524732047378,0.9580306314629266
pendigits,0,-FeatWeights,SVM,0.995006762148008,0.9910079758676481
pendigits,0,-Subgroups,KNN,0.9962484025688162,0.9932077446252366
pendigits,0,-Subgroups,CART,0.9764700316736817,0.9581267554696915
pendigits,0,-Subgroups,SVM,0.995006762148008,0.9910079758676481
pendigits,0,-Mahalanobis,KNN,0.9962484025688162,0.9932077446252366
pendigits,0,-Mahalanobis,CART,0.9764700316736817,0.9581267554696915
pendigits,0,-Mahalanobis,SVM,0.995006762148008,0.9910079758676481
pendigits,0,-NoiseGate,KNN,0.9962484025688162,0.9932077446252366
pendigits,0,-NoiseGate,CART,0.9764700316736817,0.9581267554696915
pendigits,0,-NoiseGate,SVM,0.995006762148008,0.9910079758676481
pendigits,0,-ConfSteer,KNN,0.9962484025688162,0.9932077446252366
pendigits,0,-ConfSteer,CART,0.9764700316736817,0.9581267554696915
pendigits,0,-ConfSteer,SVM,0.995006762148008,0.9910079758676481
pendigits,1,Full,KNN,0.9944793331040742,0.9900809796169863
pendigits,1,Full,CART,0.9773274093460853,0.9595180349800367
pendigits,1,Full,SVM,0.9957024646915231,0.9922905404031013
pendigits,1,-FeatWeights,KNN,0.9947423673130499,0.9905583200451176
pendigits,1,-FeatWeights,CART,0.9760360349358616,0.9571905574675469
pendigits,1,-FeatWeights,SVM,0.9957024646915231,0.9922905404031013
pendigits,1,-Subgroups,KNN,0.9944793331040742,0.9900809796169863
pendigits,1,-Subgroups,CART,0.9773274093460853,0.9595180349800367
pendigits,1,-Subgroups,SVM,0.9957024646915231,0.9922905404031013
pendigits,1,-Mahalanobis,KNN,0.9944793331040742,0.9900809796169863
pendigits,1,-Mahalanobis,CART,0.9773274093460853,0.9595180349800367
pendigits,1,-Mahalanobis,SVM,0.9957024646915231,0.9922905404031013
pendigits,1,-NoiseGate,KNN,0.9944793331040742,0.9900809796169863
pendigits,1,-NoiseGate,CART,0.9773274093460853,0.9595180349800367
pendigits,1,-NoiseGate,SVM,0.9957024646915231,0.9922905404031013
pendigits,1,-ConfSteer,KNN,0.9944793331040742,0.9900809796169863
pendigits,1,-ConfSteer,CART,0.9773274093460853,0.9595180349800367
pendigits,1,-ConfSteer,SVM,0.9957024646915231,0.9922905404031013
pendigits,2,Full,KNN,0.996485878942329,0.9937058992225991
pendigits,2,Full,CART,0.9750946145444819,0.9553725152159643
pendigits,2,Full,SVM,0.9980065688335982,0.9964027087068292
pendigits,2,-FeatWeights,KNN,0.996485878942329,0.9937058992225991
pendigits,2,-FeatWeights,CART,0.9764240319304301,0.9576529521985664
pendigits,2,-FeatWeights,SVM,0.9977617789923829,0.9959416292856071
pendigits,2,-Subgroups,KNN,0.996485878942329,0.9937058992225991
pendigits,2,-Subgroups,CART,0.9750946145444819,0.9553725152159643
pendigits,2,-Subgroups,SVM,0.9980065688335982,0.9964027087068292
pendigits,2,-Mahalanobis,KNN,0.996485878942329,0.9937058992225991
pendigits,2,-Mahalanobis,CART,0.9750946145444819,0.9553725152159643
pendigits,2,-Mahalanobis,SVM,0.9980065688335982,0.9964027087068292
pendigits,2,-NoiseGate,KNN,0.996485878942329,0.9937058992225991
pendigits,2,-NoiseGate,CART,0.9750946145444819,0.9553725152159643
pendigits,2,-NoiseGate,SVM,0.9980065688335982,0.9964027087068292
pendigits,2,-ConfSteer,KNN,0.996485878942329,0.9937058992225991
pendigits,2,-ConfSteer,CART,0.9750946145444819,0.9553725152159643
pendigits,2,-ConfSteer,SVM,0.9980065688335982,0.9964027087068292
pendigits,3,Full,KNN,0.9948897818263749,0.990863759368397
pendigits,3,Full,CART,0.9829899481994321,0.969542643696555
pendigits,3,Full,SVM,0.997674246599204,0.9958560286202365
pendigits,3,-FeatWeights,KNN,0.9948897818263749,0.990863759368397
pendigits,3,-FeatWeights,CART,0.9850492122771874,0.9732604664121534
pendigits,3,-FeatWeights,SVM,0.997674246599204,0.9958560286202365
pendigits,3,-Subgroups,KNN,0.9948897818263749,0.990863759368397
pendigits,3,-Subgroups,CART,0.9829899481994321,0.969542643696555
pendigits,3,-Subgroups,SVM,0.997674246599204,0.9958560286202365
pendigits,3,-Mahalanobis,KNN,0.9948897818263749,0.990863759368397
pendigits,3,-Mahalanobis,CART,0.9829899481994321,0.969542643696555
pendigits,3,-Mahalanobis,SVM,0.997674246599204,0.9958560286202365
pendigits,3,-NoiseGate,KNN,0.9948897818263749,0.990863759368397
pendigits,3,-NoiseGate,CART,0.9829899481994321,0.969542643696555
pendigits,3,-NoiseGate,SVM,0.997674246599204,0.9958560286202365
pendigits,3,-ConfSteer,KNN,0.9948897818263749,0.990863759368397
pendigits,3,-ConfSteer,CART,0.9829899481994321,0.969542643696555
pendigits,3,-ConfSteer,SVM,0.997674246599204,0.9958560286202365
pendigits,4,Full,KNN,0.9959265616534572,0.9927441392892522
pendigits,4,Full,CART,0.9768588426970514,0.9585693707623673
pendigits,4,Full,SVM,0.9972436442128358,0.9949876085327254
pendigits,4,-FeatWeights,KNN,0.9961893635992309,0.9932215097612713
pendigits,4,-FeatWeights,CART,0.9784014199747214,0.9613087927624798
pendigits,4,-FeatWeights,SVM,0.9972436442128358,0.9949876085327254
pendigits,4,-Subgroups,KNN,0.9959265616534572,0.9927441392892522
pendigits,4,-Subgroups,CART,0.9768588426970514,0.9585693707623673
pendigits,4,-Subgroups,SVM,0.9972436442128358,0.9949876085327254
pendigits,4,-Mahalanobis,KNN,0.9959265616534572,0.9927441392892522
pendigits,4,-Mahalanobis,CART,0.9768588426970514,0.9585693707623673
pendigits,4,-Mahalanobis,SVM,0.9972436442128358,0.9949876085327254
pendigits,4,-NoiseGate,KNN,0.9959265616534572,0.9927441392892522
pendigits,4,-NoiseGate,CART,0.9768588426970514,0.9585693707623673
pendigits,4,-NoiseGate,SVM,0.9972436442128358,0.9949876085327254
pendigits,4,-ConfSteer,KNN,0.9959265616534572,0.9927441392892522
pendigits,4,-ConfSteer,CART,0.9768588426970514,0.9585693707623673
pendigits,4,-ConfSteer,SVM,0.9972436442128358,0.9949876085327254
