dataset,rep,fold,method,clf,failed,resample_s,label_noise,n_train_res,gmean,gmean_ovr,bacc,f1,mcc,min_recall,auc
abalone,0,0,Full,KNN,0,1.229566799942404,0.0,4161,0.6109349675076742,0.7047137418653845,0.6165856859624138,0.6149798230443392,0.4198555200374972,0.532608695652174,0.7932455806900588
abalone,0,0,Full,CART,0,1.229566799942404,0.0,4161,0.5730391255356931,0.6713153088066789,0.5774903893589494,0.5727654496477049,0.348845153407649,0.5057803468208093,0.6789371806781267
abalone,0,0,Full,SVM,0,1.229566799942404,0.0,4161,0.6610243545370859,0.7414855310641435,0.665007260339002,0.6577767301438134,0.4834437778932201,0.5924855491329479,0.8319871582865114
abalone,0,0,Full,RF,0,1.229566799942404,0.0,4161,0.635912983773956,0.7212123429718019,0.6387794408297885,0.6401955078863126,0.4506825027929652,0.5706521739130435,0.8287922411230871
abalone,0,0,Full,LGBM,0,1.229566799942404,0.0,4161,0.6453854972513534,0.7287212901089297,0.6484602806710539,0.647919750297327,0.4634175333305573,0.5869565217391305,0.8351111240033066
abalone,0,0,-FeatWeights,KNN,0,0.7092705999966711,0.0,4161,0.6139852915107785,0.7056856748991507,0.6187439303255673,0.6156028278642506,0.4188971913614714,0.5543478260869565,0.79144073136745
abalone,0,0,-FeatWeights,CART,0,0.7092705999966711,0.0,4161,0.5626613534719551,0.6672775788995969,0.5696312275247518,0.5678283988620403,0.3488030056672335,0.483695652173913,0.6756468619340362
abalone,0,0,-FeatWeights,SVM,0,0.7092705999966711,0.0,4161,0.6653011618894046,0.744888547585668,0.6691320016506411,0.662236286801206,0.490546346502573,0.6011560693641619,0.8331662581923852
abalone,0,0,-FeatWeights,RF,0,0.7092705999966711,0.0,4161,0.6564412733482712,0.7392451036795357,0.6607590312101496,0.6625148454973603,0.4881076158484934,0.5706521739130435,0.8331540312973481
abalone,0,0,-FeatWeights,LGBM,0,0.7092705999966711,0.0,4161,0.6545908105983981,0.7366023856280438,0.657944331195567,0.6578164722575363,0.480081141552374,0.5869565217391305,0.8386254923485965
abalone,0,0,-Subgroups,KNN,0,0.7405480000888929,0.0,4161,0.6109349675076742,0.7047137418653845,0.6165856859624138,0.6149798230443392,0.4198555200374972,0.532608695652174,0.7932455806900588
abalone,0,0,-Subgroups,CART,0,0.7405480000888929,0.0,4161,0.5765515467675906,0.6767815663689916,0.5828955410969318,0.5767548095585392,0.3619449533138938,0.5086705202312138,0.6843426001391228
abalone,0,0,-Subgroups,SVM,0,0.7405480000888929,0.0,4161,0.6610243545370859,0.7414855310641435,0.665007260339002,0.6577767301438134,0.4834437778932201,0.5924855491329479,0.8319803775328051
abalone,0,0,-Subgroups,RF,0,0.7405480000888929,0.0,4161,0.6450116628341145,0.729098541341231,0.6482634913543014,0.6501621076044543,0.4674320656747681,0.5706521739130435,0.8311996273480178
abalone,0,0,-Subgroups,LGBM,0,0.7405480000888929,0.0,4161,0.6655243923303694,0.7461429457202761,0.6694703520643874,0.6713871869603665,0.501616063576166,0.5815217391304348,0.8384408825518386
abalone,0,0,-Mahalanobis,KNN,0,1.162713299971074,0.0,4161,0.6109349675076742,0.7047137418653845,0.6165856859624138,0.6149798230443392,0.4198555200374972,0.532608695652174,0.7932455806900588
abalone,0,0,-Mahalanobis,CART,0,1.162713299971074,0.0,4161,0.5765515467675906,0.6767815663689916,0.5828955410969318,0.5767548095585392,0.3619449533138938,0.5086705202312138,0.6843426001391228
abalone,0,0,-Mahalanobis,SVM,0,1.162713299971074,0.0,4161,0.6610243545370859,0.7414855310641435,0.665007260339002,0.6577767301438134,0.4834437778932201,0.5924855491329479,0.8319753146262157
abalone,0,0,-Mahalanobis,RF,0,1.162713299971074,0.0,4161,0.6361583181564262,0.7221861646674946,0.6397081591937921,0.640737691793273,0.4529732038897606,0.5652173913043478,0.8293970343683382
abalone,0,0,-Mahalanobis,LGBM,0,1.162713299971074,0.0,4161,0.6576500429646835,0.7400437240006286,0.6618784110406797,0.6628587863650566,0.4887519325654463,0.5760869565217391,0.8373513637165532
abalone,0,0,-NoiseGate,KNN,0,1.2501791999675331,0.0,4161,0.6119414519755805,0.7055009434805923,0.6175490770992154,0.6160974505088067,0.4215219673699383,0.532608695652174,0.7923326083956653
abalone,0,0,-NoiseGate,CART,0,1.2501791999675331,0.0,4161,0.608414511890441,0.6995507544327642,0.6112560076202532,0.6078972995505995,0.4061315880128656,0.5652173913043478,0.7059277570450058
abalone,0,0,-NoiseGate,SVM,0,1.2501791999675331,0.0,4161,0.6610243545370859,0.7414855310641435,0.665007260339002,0.6577767301438134,0.4834437778932201,0.5924855491329479,0.8319606340274251
abalone,0,0,-NoiseGate,RF,0,1.2501791999675331,0.0,4161,0.6532116103811559,0.7353427991202773,0.6562825978361708,0.6580051157972236,0.4791263264770001,0.5815217391304348,0.8300224744289629
abalone,0,0,-NoiseGate,LGBM,0,1.2501791999675331,0.0,4161,0.6585164865136041,0.7396232242593819,0.6617978957427729,0.6629683591947744,0.4868965235244812,0.5869565217391305,0.8370186991099562
abalone,0,0,-ConfSteer,KNN,0,1.1936861000722274,0.0,4161,0.6109349675076742,0.7047137418653845,0.6165856859624138,0.6149798230443392,0.4198555200374972,0.532608695652174,0.7932118047757797
abalone,0,0,-ConfSteer,CART,0,1.1936861000722274,0.0,4161,0.5752434638059951,0.6732263720721062,0.5791459948681194,0.5745405678664819,0.3538943558684504,0.5144508670520231,0.6808678972257592
abalone,0,0,-ConfSteer,SVM,0,1.1936861000722274,0.0,4161,0.6610243545370859,0.7414855310641435,0.665007260339002,0.6577767301438134,0.4834437778932201,0.5924855491329479,0.8319651782398507
abalone,0,0,-ConfSteer,RF,0,1.1936861000722274,0.0,4161,0.6571775756525967,0.7374274227073365,0.6595194214068303,0.6610028269602738,0.4816081417628615,0.5978260869565217,0.8284498360113045
abalone,0,0,-ConfSteer,LGBM,0,1.1936861000722274,0.0,4161,0.6595626687321118,0.7401678355072532,0.66264609880887,0.6636495123455535,0.4873987000939093,0.592391304347826,0.8375342092344437
abalone,0,1,Full,KNN,0,1.1886063000420108,0.0,4158,0.6243956234767761,0.7121869423263962,0.6271167644593331,0.6215089543605433,0.4291077608360276,0.5734870317002881,0.7814127979320095
abalone,0,1,Full,CART,0,1.1886063000420108,0.0,4158,0.5915064490710028,0.6845441599749849,0.5930760354478815,0.5912859620934156,0.3769659313079735,0.5543478260869565,0.691597570755769
abalone,0,1,Full,SVM,0,1.1886063000420108,0.0,4158,0.6723120483096566,0.7470442726239026,0.675119556716719,0.6638700262173517,0.4862900565010596,0.590778097982709,0.8361025587633164
abalone,0,1,Full,RF,0,1.1886063000420108,0.0,4158,0.6564974639343173,0.7368720285183245,0.6590145283089469,0.6586454730315303,0.4787600934181815,0.6032608695652174,0.8410509510207017
abalone,0,1,Full,LGBM,0,1.1886063000420108,0.0,4158,0.6687754307899889,0.7451821112576222,0.6701779877767318,0.6676300846178269,0.4918428550316384,0.6368876080691642,0.8389709257884542
abalone,0,1,-FeatWeights,KNN,0,0.7018423000117764,0.0,4158,0.6234891488528442,0.7105002428748485,0.6256736879891477,0.6189288250573856,0.4239613710239882,0.5677233429394812,0.7846461131350653
abalone,0,1,-FeatWeights,CART,0,0.7018423000117764,0.0,4158,0.571340257254053,0.6689304811426017,0.5740830103465991,0.5702495978070221,0.3453652407730446,0.5244956772334294,0.6767656221886389
abalone,0,1,-FeatWeights,SVM,0,0.7018423000117764,0.0,4158,0.6711304781270346,0.7460652289421699,0.6738803993437327,0.6627077523827314,0.4844576191229187,0.590778097982709,0.8355795095591807
abalone,0,1,-FeatWeights,RF,0,0.7018423000117764,0.0,4158,0.656980742660426,0.7366861438276483,0.6587513374003034,0.658696169413123,0.478530827099771,0.6086956521739131,0.8372794087929236
abalone,0,1,-FeatWeights,LGBM,0,0.7018423000117764,0.0,4158,0.6618028241549042,0.7399985319378467,0.6632255052155313,0.6617192016225584,0.4832270408024052,0.625,0.8434307506901958
abalone,0,1,-Subgroups,KNN,0,0.7394192999927327,0.0,4158,0.6243956234767761,0.7121869423263962,0.6271167644593331,0.6215089543605433,0.4291077608360276,0.5734870317002881,0.7814127979320095
abalone,0,1,-Subgroups,CART,0,0.7394192999927327,0.0,4158,0.5915064490710028,0.6845441599749849,0.5930760354478815,0.5912859620934156,0.3769659313079735,0.5543478260869565,0.691597570755769
abalone,0,1,-Subgroups,SVM,0,0.7394192999927327,0.0,4158,0.6723120483096566,0.7470442726239026,0.675119556716719,0.6638700262173517,0.4862900565010596,0.590778097982709,0.8360945980981759
abalone,0,1,-Subgroups,RF,0,0.7394192999927327,0.0,4158,0.6643604564348762,0.7433140148707934,0.6666994466566895,0.6675223044783274,0.493119211654809,0.6032608695652174,0.8391279767272345
abalone,0,1,-Subgroups,LGBM,0,0.7394192999927327,0.0,4158,0.6647159958412938,0.7419064150196669,0.6663355286028606,0.6632026283316387,0.4845540450598314,0.6253602305475504,0.8411372248983987
abalone,0,1,-Mahalanobis,KNN,0,1.17098260007333,0.0,4158,0.6243956234767761,0.7121869423263962,0.6271167644593331,0.6215089543605433,0.4291077608360276,0.5734870317002881,0.7814127979320095
abalone,0,1,-Mahalanobis,CART,0,1.17098260007333,0.0,4158,0.5915064490710028,0.6845441599749849,0.5930760354478815,0.5912859620934156,0.3769659313079735,0.5543478260869565,0.691597570755769
abalone,0,1,-Mahalanobis,SVM,0,1.17098260007333,0.0,4158,0.6723120483096566,0.7470442726239026,0.675119556716719,0.6638700262173517,0.4862900565010596,0.590778097982709,0.8361030265944865
abalone,0,1,-Mahalanobis,RF,0,1.17098260007333,0.0,4158,0.6622746769588658,0.7414663420093277,0.6644996744902353,0.6654353352606777,0.4893122921725999,0.6032608695652174,0.8396514149061386
abalone,0,1,-Mahalanobis,LGBM,0,1.17098260007333,0.0,4158,0.6647159958412938,0.7419064150196669,0.6663355286028606,0.6632026283316387,0.4845540450598314,0.6253602305475504,0.8411372248983987
abalone,0,1,-NoiseGate,KNN,0,1.1679750999901444,0.0,4158,0.6225359648815408,0.7109541461805069,0.6255837128359532,0.6200907141449806,0.4268319006793024,0.5706051873198847,0.780454857547598
abalone,0,1,-NoiseGate,CART,0,1.1679750999901444,0.0,4158,0.5694661545095755,0.6668003120842917,0.5719578616624644,0.5661949994490604,0.3392501663243884,0.5129682997118156,0.6746637326305812
abalone,0,1,-NoiseGate,SVM,0,1.1679750999901444,0.0,4158,0.6706354527007856,0.745709179642099,0.6733079625138204,0.6624747498241473,0.4840807511762413,0.590778097982709,0.8356590526614319
abalone,0,1,-NoiseGate,RF,0,1.1679750999901444,0.0,4158,0.6705583734434235,0.7480420889139973,0.6728009498084592,0.672701534536844,0.5013501154137551,0.6141304347826086,0.8428981617968039
abalone,0,1,-NoiseGate,LGBM,0,1.1679750999901444,0.0,4158,0.6644348479403235,0.7414862094622909,0.6659473506393049,0.6623608353046015,0.4831521849262853,0.622478386167147,0.8385061803164714
abalone,0,1,-ConfSteer,KNN,0,1.158714700024575,0.0,4158,0.6243956234767761,0.7121869423263962,0.6271167644593331,0.6215089543605433,0.4291077608360276,0.5734870317002881,0.7811652304605116
abalone,0,1,-ConfSteer,CART,0,1.158714700024575,0.0,4158,0.5894373346364138,0.6831684627826353,0.5909858986654642,0.5895993741036031,0.3753532962165191,0.5489130434782609,0.6903578264767652
abalone,0,1,-ConfSteer,SVM,0,1.158714700024575,0.0,4158,0.6723120483096566,0.7470442726239026,0.675119556716719,0.6638700262173517,0.4862900565010596,0.590778097982709,0.8361049220328541
abalone,0,1,-ConfSteer,RF,0,1.158714700024575,0.0,4158,0.6625397989555433,0.741951632804169,0.6650567596492724,0.6652989223254858,0.4898577042771821,0.6032608695652174,0.8417492045335994
abalone,0,1,-ConfSteer,LGBM,0,1.158714700024575,0.0,4158,0.6729212524375419,0.7486852166360709,0.674467896725603,0.6710807465100664,0.4984071349422621,0.6368876080691642,0.8416850299681427
abalone,0,2,Full,KNN,0,1.3939743000082672,0.0,4158,0.6283411341891438,0.7141733992228733,0.6310931189269683,0.6235898756653308,0.4292301371728074,0.5619596541786743,0.7860526302445129
abalone,0,2,Full,CART,0,1.3939743000082672,0.0,4158,0.574145291560276,0.6761798546788057,0.5806120119236097,0.5781622856331619,0.3656065108020916,0.4945652173913043,0.6840450145285158
abalone,0,2,Full,SVM,0,1.3939743000082672,0.0,4158,0.6718265032846349,0.7475988933012363,0.6741982623849362,0.66687407140606,0.4921004414830504,0.6051873198847262,0.8334682240627643
abalone,0,2,Full,RF,0,1.3939743000082672,0.0,4158,0.6474146020642426,0.7308066270322221,0.6507043447518712,0.6557600198938275,0.4731820824824535,0.5652173913043478,0.826409181766475
abalone,0,2,Full,LGBM,0,1.3939743000082672,0.0,4158,0.6489028007599351,0.7318553051440606,0.6516803112162141,0.6557968466092258,0.4750244742034346,0.5706521739130435,0.8228968048775851
abalone,0,2,-FeatWeights,KNN,0,0.6889479999663308,0.0,4158,0.630847291520258,0.7162111582467354,0.6336810690569781,0.6273199007255763,0.4336804403745337,0.5677233429394812,0.7846208391837936
abalone,0,2,-FeatWeights,CART,0,0.6889479999663308,0.0,4158,0.5466192029230572,0.6548635127007191,0.5543944051136318,0.5546398637308757,0.3269611183260015,0.4456521739130434,0.663967177425904
abalone,0,2,-FeatWeights,SVM,0,0.6889479999663308,0.0,4158,0.6684730192114268,0.7451420746805445,0.6706847093631761,0.664850928645744,0.4888686087466742,0.6109510086455331,0.831323869694177
abalone,0,2,-FeatWeights,RF,0,0.6889479999663308,0.0,4158,0.6535363891016793,0.7346884225965343,0.6557509493970112,0.6589760590350662,0.478499021135695,0.5869565217391305,0.8289437345847986
abalone,0,2,-FeatWeights,LGBM,0,0.6889479999663308,0.0,4158,0.6403694868154686,0.7265762992973367,0.6445874899292263,0.6482330314409889,0.4654840031195817,0.5489130434782609,0.8270363904999435
abalone,0,2,-Subgroups,KNN,0,0.7546993000432849,0.0,4158,0.6283411341891438,0.7141733992228733,0.6310931189269683,0.6235898756653308,0.4292301371728074,0.5619596541786743,0.7864094426805835
abalone,0,2,-Subgroups,CART,0,0.7546993000432849,0.0,4158,0.5793392133436136,0.6787998053654865,0.5841409166162449,0.5807870501737195,0.3691933238084037,0.5163043478260869,0.6864694489089875
abalone,0,2,-Subgroups,SVM,0,0.7546993000432849,0.0,4158,0.6718265032846349,0.7475988933012363,0.6741982623849362,0.66687407140606,0.4921004414830504,0.6051873198847262,0.8334826519754829
abalone,0,2,-Subgroups,RF,0,0.7546993000432849,0.0,4158,0.651130118718094,0.7341006475896188,0.6545468039257424,0.6598937246508852,0.480661186472468,0.5652173913043478,0.8256328335462474
abalone,0,2,-Subgroups,LGBM,0,0.7546993000432849,0.0,4158,0.630630396557518,0.7186259560420868,0.6347685146584973,0.6397127965629802,0.450917858710976,0.5380434782608695,0.8219880374311468
abalone,0,2,-Mahalanobis,KNN,0,1.3311222998891026,0.0,4158,0.6283411341891438,0.7141733992228733,0.6310931189269683,0.6235898756653308,0.4292301371728074,0.5619596541786743,0.7864094426805835
abalone,0,2,-Mahalanobis,CART,0,1.3311222998891026,0.0,4158,0.5793392133436136,0.6787998053654865,0.5841409166162449,0.5807870501737195,0.3691933238084037,0.5163043478260869,0.6864694489089875
abalone,0,2,-Mahalanobis,SVM,0,1.3311222998891026,0.0,4158,0.6718265032846349,0.7475988933012363,0.6741982623849362,0.66687407140606,0.4921004414830504,0.6051873198847262,0.8334921356980199
abalone,0,2,-Mahalanobis,RF,0,1.3311222998891026,0.0,4158,0.6589389680793483,0.7404498771090537,0.6624006294689665,0.6681309142246642,0.4939037441439296,0.5706521739130435,0.8257397801093616
abalone,0,2,-Mahalanobis,LGBM,0,1.3311222998891026,0.0,4158,0.636209127734185,0.7219834709832469,0.6391330470896881,0.6419324700719016,0.4547632786139469,0.5597826086956522,0.8212543522446475
abalone,0,2,-NoiseGate,KNN,0,1.3246149000478908,0.0,4158,0.6283072138082645,0.7141400394736298,0.6308145763474498,0.6233385060852301,0.4295820386175573,0.5648414985590778,0.7868860359320856
abalone,0,2,-NoiseGate,CART,0,1.3246149000478908,0.0,4158,0.5540765397032607,0.6614202810745295,0.5620136082179066,0.5612393879384637,0.3395251853508372,0.4565217391304347,0.6702116043307026
abalone,0,2,-NoiseGate,SVM,0,1.3246149000478908,0.0,4158,0.6718265032846349,0.7475988933012363,0.6741982623849362,0.66687407140606,0.4921004414830504,0.6051873198847262,0.8333797559977517
abalone,0,2,-NoiseGate,RF,0,1.3246149000478908,0.0,4158,0.6502052167362817,0.7334555860758815,0.6535861891322746,0.6583261394209818,0.4790689062601291,0.5652173913043478,0.8282675662751467
abalone,0,2,-NoiseGate,LGBM,0,1.3246149000478908,0.0,4158,0.6241919547056266,0.7126848514139676,0.627656033140667,0.6311182787195463,0.4369453605966548,0.5434782608695652,0.8219023266225322
abalone,0,2,-ConfSteer,KNN,0,1.2611362000461668,0.0,4158,0.6283411341891438,0.7141733992228733,0.6310931189269683,0.6235898756653308,0.4292301371728074,0.5619596541786743,0.7860876346900776
abalone,0,2,-ConfSteer,CART,0,1.2611362000461668,0.0,4158,0.5793284577515024,0.6798491147683677,0.5856432648978747,0.5812760060915313,0.3708105220804093,0.5108695652173914,0.6874260329041628
abalone,0,2,-ConfSteer,SVM,0,1.2611362000461668,0.0,4158,0.6718265032846349,0.7475988933012363,0.6741982623849362,0.66687407140606,0.4921004414830504,0.6051873198847262,0.8334750118846309
abalone,0,2,-ConfSteer,RF,0,1.2611362000461668,0.0,4158,0.6452693895175906,0.7299489189564898,0.6492809285125283,0.654303759783481,0.4724468071708037,0.5543478260869565,0.825663553715397
abalone,0,2,-ConfSteer,LGBM,0,1.2611362000461668,0.0,4158,0.6410731901144425,0.7254850370671881,0.6438264856729902,0.6476843105404001,0.4619560584088991,0.5652173913043478,0.8242191884183465
abalone,0,3,Full,KNN,0,1.188140599988401,0.0,4158,0.6573755222693174,0.7381631023118758,0.6606507718843405,0.6545934129344714,0.4778119611777329,0.6023054755043228,0.8054986820809423
abalone,0,3,Full,CART,0,1.188140599988401,0.0,4158,0.5974247335874429,0.69344531770774,0.6035595963896286,0.5957264957264957,0.3937525033772559,0.5331412103746398,0.7001384785366017
abalone,0,3,Full,SVM,0,1.188140599988401,0.0,4158,0.6828300225687604,0.7570841593579534,0.6866644595971193,0.6769344811095169,0.5090160641826329,0.5965417867435159,0.8465364557644387
abalone,0,3,Full,RF,0,1.188140599988401,0.0,4158,0.6579211413573915,0.7388524390678124,0.6618153057750075,0.6582827873700088,0.4804654967864456,0.6086956521739131,0.8473406429848104
abalone,0,3,Full,LGBM,0,1.188140599988401,0.0,4158,0.6579962787119552,0.7377141021508312,0.6616706584892528,0.6559987722674095,0.4744495615547112,0.590778097982709,0.8417919063133054
abalone,0,3,-FeatWeights,KNN,0,0.6797387000406161,0.0,4158,0.6482259341780401,0.730832628165503,0.6513888817726486,0.6462307901525253,0.4640287483376955,0.5965417867435159,0.8023972385002146
abalone,0,3,-FeatWeights,CART,0,0.6797387000406161,0.0,4158,0.5967266458934491,0.6923321820638106,0.6019826246256793,0.5966015930065632,0.3927575205788262,0.5380434782608695,0.6991123134125701
abalone,0,3,-FeatWeights,SVM,0,0.6797387000406161,0.0,4158,0.6828194496622264,0.7574143118658614,0.6869430021766378,0.6765824743868968,0.5097260056225337,0.5936599423631124,0.8459613934673511
abalone,0,3,-FeatWeights,RF,0,0.6797387000406161,0.0,4158,0.6748973263648428,0.7511311391134025,0.6778761229232936,0.6746132775897419,0.5032323854124077,0.6282420749279539,0.8503876922630568
abalone,0,3,-FeatWeights,LGBM,0,0.6797387000406161,0.0,4158,0.657416837734063,0.7385040516907725,0.6617649422024147,0.655294495217282,0.4774771019175923,0.590778097982709,0.8440395800248376
abalone,0,3,-Subgroups,KNN,0,0.740334999980405,0.0,4158,0.6573755222693174,0.7381631023118758,0.6606507718843405,0.6545934129344714,0.4778119611777329,0.6023054755043228,0.8054986820809423
abalone,0,3,-Subgroups,CART,0,0.740334999980405,0.0,4158,0.5974247335874429,0.69344531770774,0.6035595963896286,0.5957264957264957,0.3937525033772559,0.5331412103746398,0.7001384785366017
abalone,0,3,-Subgroups,SVM,0,0.740334999980405,0.0,4158,0.6828300225687604,0.7570841593579534,0.6866644595971193,0.6769344811095169,0.5090160641826329,0.5965417867435159,0.8465542725330879
abalone,0,3,-Subgroups,RF,0,0.740334999980405,0.0,4158,0.6579211413573915,0.7386972442759652,0.6618153057750075,0.6585594404849187,0.4800427599523708,0.6086956521739131,0.8477558464680296
abalone,0,3,-Subgroups,LGBM,0,0.740334999980405,0.0,4158,0.661983656566228,0.7403764308769939,0.6651249396995683,0.66011315228927,0.4796189512960489,0.5994236311239193,0.8411174358932022
abalone,0,3,-Mahalanobis,KNN,0,1.1652923000510782,0.0,4158,0.6573755222693174,0.7381631023118758,0.6606507718843405,0.6545934129344714,0.4778119611777329,0.6023054755043228,0.8054986820809423
abalone,0,3,-Mahalanobis,CART,0,1.1652923000510782,0.0,4158,0.5974247335874429,0.69344531770774,0.6035595963896286,0.5957264957264957,0.3937525033772559,0.5331412103746398,0.7001384785366017
abalone,0,3,-Mahalanobis,SVM,0,1.1652923000510782,0.0,4158,0.6828300225687604,0.7570841593579534,0.6866644595971193,0.6769344811095169,0.5090160641826329,0.5965417867435159,0.8465545393538555
abalone,0,3,-Mahalanobis,RF,0,1.1652923000510782,0.0,4158,0.661074063443026,0.741316772117285,0.664806785539448,0.6629496586850158,0.4865916942213629,0.6032608695652174,0.8471998560656632
abalone,0,3,-Mahalanobis,LGBM,0,1.1652923000510782,0.0,4158,0.6504002626817912,0.7323096937041778,0.6541457390981399,0.6495693308697534,0.4659411103618784,0.5936599423631124,0.8442328121004662
abalone,0,3,-NoiseGate,KNN,0,1.1576283999020234,0.0,4158,0.6574013450433438,0.7382799258053289,0.660929314463859,0.6547089487258174,0.4778133530850664,0.5994236311239193,0.8036730249189802
abalone,0,3,-NoiseGate,CART,0,1.1576283999020234,0.0,4158,0.5960130441733158,0.6887577961064784,0.599728180326665,0.5920009071594298,0.3797111495894081,0.5244956772334294,0.6953660169187668
abalone,0,3,-NoiseGate,SVM,0,1.1576283999020234,0.0,4158,0.6828300225687604,0.7570841593579534,0.6866644595971193,0.6769344811095169,0.5090160641826329,0.5965417867435159,0.8466444650109904
abalone,0,3,-NoiseGate,RF,0,1.1576283999020234,0.0,4158,0.6632826374079736,0.7442957959952039,0.6677829136330136,0.6659254405185434,0.4942405783344364,0.592391304347826,0.8483008965997515
abalone,0,3,-NoiseGate,LGBM,0,1.1576283999020234,0.0,4158,0.6554645361322826,0.737280302314587,0.6605104331585533,0.6541972607114009,0.47504976782768,0.5850144092219021,0.8457121813416887
abalone,0,3,-ConfSteer,KNN,0,1.18226379994303,0.0,4158,0.6584223003467319,0.738980632891274,0.6616113866778083,0.6557436661655704,0.4796007800191723,0.6051873198847262,0.8056778948836553
abalone,0,3,-ConfSteer,CART,0,1.18226379994303,0.0,4158,0.5895081012416107,0.6880026572337516,0.5964228549620715,0.5905139804818932,0.3852408992890588,0.5217391304347826,0.6950336253751833
abalone,0,3,-ConfSteer,SVM,0,1.18226379994303,0.0,4158,0.6828300225687604,0.7570841593579534,0.6866644595971193,0.6769344811095169,0.5090160641826329,0.5965417867435159,0.8465398348554554
abalone,0,3,-ConfSteer,RF,0,1.18226379994303,0.0,4158,0.6600634394893364,0.7410886374556418,0.6648507056800174,0.6607580736625248,0.4845329332337902,0.6051873198847262,0.848265790993386
abalone,0,3,-ConfSteer,LGBM,0,1.18226379994303,0.0,4158,0.6611904854646836,0.740252194049255,0.6645525028696563,0.6591861537575313,0.4800419901878771,0.5994236311239193,0.8443993692186805
abalone,0,4,Full,KNN,0,1.2083779000677168,0.0,4161,0.6543242731828612,0.7373326775619455,0.6605064617983535,0.6498450961804735,0.473367447995915,0.5606936416184971,0.818811649117024
abalone,0,4,Full,CART,0,1.2083779000677168,0.0,4161,0.5947617996594208,0.6941370887147513,0.6047927392947766,0.5973988735279058,0.3962989339456126,0.523121387283237,0.7007363848493133
abalone,0,4,Full,SVM,0,1.2083779000677168,0.0,4161,0.6872401089151994,0.7617936343813119,0.6928726603984824,0.6847381911189977,0.5197694740449763,0.5953757225433526,0.8535353162657652
abalone,0,4,Full,RF,0,1.2083779000677168,0.0,4161,0.6785481609173472,0.7584830526073134,0.6855710095894562,0.6865664539139041,0.5259394017599242,0.5792349726775956,0.8574226204809968
abalone,0,4,Full,LGBM,0,1.2083779000677168,0.0,4161,0.6765891960791509,0.7581639821914952,0.6851659992536204,0.6819614289978713,0.5232334970053192,0.5846994535519126,0.855892282229474
abalone,0,4,-FeatWeights,KNN,0,0.6683100999798626,0.0,4161,0.6542283499592649,0.7379673670713258,0.6607776385627866,0.6488507773279926,0.475233057766092,0.5578034682080925,0.8159118874292065
abalone,0,4,-FeatWeights,CART,0,0.6683100999798626,0.0,4161,0.5824605496813642,0.6846009132184563,0.5928396699551821,0.5871947316917644,0.3788013239934656,0.5027322404371585,0.691702433403381
abalone,0,4,-FeatWeights,SVM,0,0.6683100999798626,0.0,4161,0.6859632091609295,0.7615816900000217,0.692451622790547,0.6827640185099747,0.5192351363405356,0.5867052023121387,0.8537391687775048
abalone,0,4,-FeatWeights,RF,0,0.6683100999798626,0.0,4161,0.6796786873102622,0.7594303782178088,0.6864291120774269,0.6859017731255633,0.5269743481099459,0.5846994535519126,0.8599276853872028
abalone,0,4,-FeatWeights,LGBM,0,0.6683100999798626,0.0,4161,0.6733918206232065,0.7562434941351309,0.6826522912564797,0.6789777212262553,0.5196772591349019,0.5792349726775956,0.8548477342238606
abalone,0,4,-Subgroups,KNN,0,0.7291524999309331,0.0,4161,0.6543242731828612,0.7373326775619455,0.6605064617983535,0.6498450961804735,0.473367447995915,0.5606936416184971,0.818811649117024
abalone,0,4,-Subgroups,CART,0,0.7291524999309331,0.0,4161,0.5947617996594208,0.6941370887147513,0.6047927392947766,0.5973988735279058,0.3962989339456126,0.523121387283237,0.7007363848493133
abalone,0,4,-Subgroups,SVM,0,0.7291524999309331,0.0,4161,0.6872401089151994,0.7617936343813119,0.6928726603984824,0.6847381911189977,0.5197694740449763,0.5953757225433526,0.8535425266184378
abalone,0,4,-Subgroups,RF,0,0.7291524999309331,0.0,4161,0.6805621468490959,0.7603562494345635,0.6877689686274921,0.6886068870326741,0.5298818571788911,0.5792349726775956,0.8586677568698139
abalone,0,4,-Subgroups,LGBM,0,0.7291524999309331,0.0,4161,0.6849444650887458,0.7635959016531604,0.6921201975215053,0.6902648745524776,0.5339206808236859,0.5956284153005464,0.8558031680010516
abalone,0,4,-Mahalanobis,KNN,0,1.1960452999919653,0.0,4161,0.6543242731828612,0.7373326775619455,0.6605064617983535,0.6498450961804735,0.473367447995915,0.5606936416184971,0.8186591846513211
abalone,0,4,-Mahalanobis,CART,0,1.1960452999919653,0.0,4161,0.5992207101900157,0.696880028789401,0.6083751270775498,0.6027630287082412,0.4019130321339214,0.5245901639344263,0.7033177653752576
abalone,0,4,-Mahalanobis,SVM,0,1.1960452999919653,0.0,4161,0.6872401089151994,0.7617936343813119,0.6928726603984824,0.6847381911189977,0.5197694740449763,0.5953757225433526,0.8535384803214351
abalone,0,4,-Mahalanobis,RF,0,1.1960452999919653,0.0,4161,0.6754139758368661,0.7553659452642896,0.6815961291213194,0.6831247339426327,0.5197639946252002,0.5792349726775956,0.8578992531922033
abalone,0,4,-Mahalanobis,LGBM,0,1.1960452999919653,0.0,4161,0.6735632115483265,0.7554350354204769,0.6817334723143498,0.6784741167272963,0.5174160769598184,0.5846994535519126,0.8564831624392973
abalone,0,4,-NoiseGate,KNN,0,1.199377299984917,0.0,4161,0.6543242731828612,0.7373326775619455,0.6605064617983535,0.6498450961804735,0.473367447995915,0.5606936416184971,0.8174413091414857
abalone,0,4,-NoiseGate,CART,0,1.199377299984917,0.0,4161,0.6003261005559242,0.6986004602737141,0.6094438068631821,0.6037141690242319,0.4067321595541419,0.5191256830601093,0.7051219055307256
abalone,0,4,-NoiseGate,SVM,0,1.199377299984917,0.0,4161,0.6853725994132912,0.7605458349368923,0.6910511667737101,0.6829745226886627,0.5178446249811681,0.5953757225433526,0.8531245848027386
abalone,0,4,-NoiseGate,RF,0,1.199377299984917,0.0,4161,0.6656865684932465,0.7499702572242336,0.6739944056631254,0.6754297904708247,0.5117598950096471,0.5519125683060109,0.8579071904823263
abalone,0,4,-NoiseGate,LGBM,0,1.199377299984917,0.0,4161,0.681717014407604,0.7624798068376916,0.6904200198176634,0.6864418463986488,0.5315977129051719,0.5901639344262295,0.8559892208016694
abalone,0,4,-ConfSteer,KNN,0,1.213727500056848,0.0,4161,0.6543242731828612,0.7373326775619455,0.6605064617983535,0.6498450961804735,0.473367447995915,0.5606936416184971,0.8188408405178363
abalone,0,4,-ConfSteer,CART,0,1.213727500056848,0.0,4161,0.5860289070615392,0.6856174794536459,0.5940580935969293,0.5880403629695111,0.3799194745817588,0.5191256830601093,0.6926732886655874
abalone,0,4,-ConfSteer,SVM,0,1.213727500056848,0.0,4161,0.6872401089151994,0.7617936343813119,0.6928726603984824,0.6847381911189977,0.5197694740449763,0.5953757225433526,0.8535736979320387
abalone,0,4,-ConfSteer,RF,0,1.213727500056848,0.0,4161,0.6766256536760358,0.7562847815455022,0.6829965851381562,0.683516057585825,0.5204936924388831,0.5846994535519126,0.8582620568992253
abalone,0,4,-ConfSteer,LGBM,0,1.213727500056848,0.0,4161,0.6695854994548477,0.7503990757100366,0.6760422698828839,0.6731815505816936,0.5057949049868352,0.5956284153005464,0.8579362273014352
anneal,0,0,Full,KNN,0,0.7161648999899626,0.0,2188,0.914929575266964,0.94729728827271,0.9210766423357664,0.871407691605006,0.8553843586603541,0.75,0.956127472797914
anneal,0,0,Full,CART,0,0.7161648999899626,0.0,2188,1.0,1.0,1.0,1.0,1.0,1.0,1.0
anneal,0,0,Full,SVM,0,0.7161648999899626,0.0,2188,0.9202440073085532,0.9524055021139975,0.9265510948905108,0.8925925925925926,0.8906288065410838,0.75,0.949104052561028
anneal,0,0,Full,RF,0,0.7161648999899626,0.0,2188,1.0,1.0,1.0,1.0,1.0,1.0,1.0
anneal,0,0,Full,LGBM,0,0.7161648999899626,0.0,2188,1.0,1.0,1.0,1.0,1.0,1.0,1.0
anneal,0,0,-FeatWeights,KNN,0,0.3394706000108272,0.0,2188,0.9167113355558808,0.9489505862178782,0.9229014598540146,0.8802736957063209,0.8665431378772437,0.75,0.956127472797914
anneal,0,0,-FeatWeights,CART,0,0.3394706000108272,0.0,2188,1.0,1.0,1.0,1.0,1.0,1.0,1.0
anneal,0,0,-FeatWeights,SVM,0,0.3394706000108272,0.0,2188,0.9219951931675212,0.9540586782094516,0.9283759124087592,0.9014371722664596,0.9027849462846572,0.75,0.9489647367759636
anneal,0,0,-FeatWeights,RF,0,0.3394706000108272,0.0,2188,1.0,1.0,1.0,1.0,1.0,1.0,1.0
anneal,0,0,-FeatWeights,LGBM,0,0.3394706000108272,0.0,2188,1.0,1.0,1.0,1.0,1.0,1.0,1.0
anneal,0,0,-Subgroups,KNN,0,0.4936116000171751,0.0,2188,0.914929575266964,0.94729728827271,0.9210766423357664,0.871407691605006,0.8553843586603541,0.75,0.956127472797914
anneal,0,0,-Subgroups,CART,0,0.4936116000171751,0.0,2188,1.0,1.0,1.0,1.0,1.0,1.0,1.0
anneal,0,0,-Subgroups,SVM,0,0.4936116000171751,0.0,2188,0.9202440073085532,0.9524055021139975,0.9265510948905108,0.8925925925925926,0.8906288065410838,0.75,0.949104052561028
anneal,0,0,-Subgroups,RF,0,0.4936116000171751,0.0,2188,1.0,1.0,1.0,1.0,1.0,1.0,1.0
anneal,0,0,-Subgroups,LGBM,0,0.4936116000171751,0.0,2188,1.0,1.0,1.0,1.0,1.0,1.0,1.0
anneal,0,0,-Mahalanobis,KNN,0,0.7234056000597775,0.0,2188,0.914929575266964,0.94729728827271,0.9210766423357664,0.871407691605006,0.8553843586603541,0.75,0.956127472797914
anneal,0,0,-Mahalanobis,CART,0,0.7234056000597775,0.0,2188,1.0,1.0,1.0,1.0,1.0,1.0,1.0
anneal,0,0,-Mahalanobis,SVM,0,0.7234056000597775,0.0,2188,0.9202440073085532,0.9524055021139975,0.9265510948905108,0.8925925925925926,0.8906288065410838,0.75,0.949104052561028
anneal,0,0,-Mahalanobis,RF,0,0.7234056000597775,0.0,2188,1.0,1.0,1.0,1.0,1.0,1.0,1.0
anneal,0,0,-Mahalanobis,LGBM,0,0.7234056000597775,0.0,2188,1.0,1.0,1.0,1.0,1.0,1.0,1.0
anneal,0,0,-NoiseGate,KNN,0,0.7313931999960914,0.0,2188,0.914929575266964,0.94729728827271,0.9210766423357664,0.871407691605006,0.8553843586603541,0.75,0.956127472797914
anneal,0,0,-NoiseGate,CART,0,0.7313931999960914,0.0,2188,1.0,1.0,1.0,1.0,1.0,1.0,1.0
anneal,0,0,-NoiseGate,SVM,0,0.7313931999960914,0.0,2188,0.9202440073085532,0.9524055021139975,0.9265510948905108,0.8925925925925926,0.8906288065410838,0.75,0.949104052561028
anneal,0,0,-NoiseGate,RF,0,0.7313931999960914,0.0,2188,1.0,1.0,1.0,1.0,1.0,1.0,1.0
anneal,0,0,-NoiseGate,LGBM,0,0.7313931999960914,0.0,2188,1.0,1.0,1.0,1.0,1.0,1.0,1.0
anneal,0,0,-ConfSteer,KNN,0,0.7235897000646219,0.0,2188,0.914929575266964,0.94729728827271,0.9210766423357664,0.871407691605006,0.8553843586603541,0.75,0.956127472797914
anneal,0,0,-ConfSteer,CART,0,0.7235897000646219,0.0,2188,1.0,1.0,1.0,1.0,1.0,1.0,1.0
anneal,0,0,-ConfSteer,SVM,0,0.7235897000646219,0.0,2188,0.9202440073085532,0.9524055021139975,0.9265510948905108,0.8925925925925926,0.8906288065410838,0.75,0.949104052561028
anneal,0,0,-ConfSteer,RF,0,0.7235897000646219,0.0,2188,1.0,1.0,1.0,1.0,1.0,1.0,1.0
anneal,0,0,-ConfSteer,LGBM,0,0.7235897000646219,0.0,2188,1.0,1.0,1.0,1.0,1.0,1.0,1.0
anneal,0,1,Full,KNN,0,0.7221163000212982,0.0,2188,0.9888665401945752,0.9900016357286352,0.9890510948905108,0.9324982231698647,0.9214459394321656,0.9562043795620438,0.9954830567501246
anneal,0,1,Full,CART,0,0.7221163000212982,0.0,2188,0.9981701661679876,0.998352281412544,0.998175182481752,0.984378366731308,0.9857897461522498,0.9927007299270072,0.9983522971232288
anneal,0,1,Full,SVM,0,0.7221163000212982,0.0,2188,0.9618294512604428,0.9762951249474392,0.9632755474452556,0.9407679738562092,0.9437163886215642,0.875,0.9987693281425084
anneal,0,1,Full,RF,0,0.7221163000212982,0.0,2188,1.0,1.0,1.0,1.0,1.0,1.0,1.0
anneal,0,1,Full,LGBM,0,0.7221163000212982,0.0,2188,1.0,1.0,1.0,1.0,1.0,1.0,1.0
anneal,0,1,-FeatWeights,KNN,0,0.33398480003234,0.0,2188,0.9888665401945752,0.9900016357286352,0.9890510948905108,0.9324982231698647,0.9214459394321656,0.9562043795620438,0.995371787389256
anneal,0,1,-FeatWeights,CART,0,0.33398480003234,0.0,2188,1.0,1.0,1.0,1.0,1.0,1.0,1.0
anneal,0,1,-FeatWeights,SVM,0,0.33398480003234,0.0,2188,0.9618294512604428,0.9762951249474392,0.9632755474452556,0.9407679738562092,0.9437163886215642,0.875,0.9992259906900272
anneal,0,1,-FeatWeights,RF,0,0.33398480003234,0.0,2188,1.0,1.0,1.0,1.0,1.0,1.0,1.0
anneal,0,1,-FeatWeights,LGBM,0,0.33398480003234,0.0,2188,1.0,1.0,1.0,1.0,1.0,1.0,1.0
anneal,0,1,-Subgroups,KNN,0,0.4861408999422565,0.0,2188,0.9888665401945752,0.9900016357286352,0.9890510948905108,0.9324982231698647,0.9214459394321656,0.9562043795620438,0.9954830567501246
anneal,0,1,-Subgroups,CART,0,0.4861408999422565,0.0,2188,0.9981701661679876,0.998352281412544,0.998175182481752,0.984378366731308,0.9857897461522498,0.9927007299270072,0.9983522971232288
anneal,0,1,-Subgroups,SVM,0,0.4861408999422565,0.0,2188,0.9618294512604428,0.9762951249474392,0.9632755474452556,0.9407679738562092,0.9437163886215642,0.875,0.9987693281425084
anneal,0,1,-Subgroups,RF,0,0.4861408999422565,0.0,2188,1.0,1.0,1.0,1.0,1.0,1.0,1.0
anneal,0,1,-Subgroups,LGBM,0,0.4861408999422565,0.0,2188,1.0,1.0,1.0,1.0,1.0,1.0,1.0
anneal,0,1,-Mahalanobis,KNN,0,0.7404636000283062,0.0,2188,0.9888665401945752,0.9900016357286352,0.9890510948905108,0.9324982231698647,0.9214459394321656,0.9562043795620438,0.9954830567501246
anneal,0,1,-Mahalanobis,CART,0,0.7404636000283062,0.0,2188,0.9981701661679876,0.998352281412544,0.998175182481752,0.984378366731308,0.9857897461522498,0.9927007299270072,0.9983522971232288
anneal,0,1,-Mahalanobis,SVM,0,0.7404636000283062,0.0,2188,0.9618294512604428,0.9762951249474392,0.9632755474452556,0.9407679738562092,0.9437163886215642,0.875,0.9987693281425084
anneal,0,1,-Mahalanobis,RF,0,0.7404636000283062,0.0,2188,1.0,1.0,1.0,1.0,1.0,1.0,1.0
anneal,0,1,-Mahalanobis,LGBM,0,0.7404636000283062,0.0,2188,1.0,1.0,1.0,1.0,1.0,1.0,1.0
anneal,0,1,-NoiseGate,KNN,0,0.7300420999526978,0.0,2188,0.9888665401945752,0.9900016357286352,0.9890510948905108,0.9324982231698647,0.9214459394321656,0.9562043795620438,0.9954830567501246
anneal,0,1,-NoiseGate,CART,0,0.7300420999526978,0.0,2188,0.9981701661679876,0.998352281412544,0.998175182481752,0.984378366731308,0.9857897461522498,0.9927007299270072,0.9983522971232288
anneal,0,1,-NoiseGate,SVM,0,0.7300420999526978,0.0,2188,0.9618294512604428,0.9762951249474392,0.9632755474452556,0.9407679738562092,0.9437163886215642,0.875,0.9987693281425084
anneal,0,1,-NoiseGate,RF,0,0.7300420999526978,0.0,2188,1.0,1.0,1.0,1.0,1.0,1.0,1.0
anneal,0,1,-NoiseGate,LGBM,0,0.7300420999526978,0.0,2188,1.0,1.0,1.0,1.0,1.0,1.0,1.0
anneal,0,1,-ConfSteer,KNN,0,0.7710323000792414,0.0,2188,0.9888665401945752,0.9900016357286352,0.9890510948905108,0.9324982231698647,0.9214459394321656,0.9562043795620438,0.9954830567501246
anneal,0,1,-ConfSteer,CART,0,0.7710323000792414,0.0,2188,0.9981701661679876,0.998352281412544,0.998175182481752,0.984378366731308,0.9857897461522498,0.9927007299270072,0.9983522971232288
anneal,0,1,-ConfSteer,SVM,0,0.7710323000792414,0.0,2188,0.9618294512604428,0.9762951249474392,0.9632755474452556,0.9407679738562092,0.9437163886215642,0.875,0.9987693281425084
anneal,0,1,-ConfSteer,RF,0,0.7710323000792414,0.0,2188,1.0,1.0,1.0,1.0,1.0,1.0,1.0
anneal,0,1,-ConfSteer,LGBM,0,0.7710323000792414,0.0,2188,1.0,1.0,1.0,1.0,1.0,1.0,1.0
anneal,0,2,Full,KNN,0,0.7454841000726447,0.0,2188,0.9490143986918675,0.9644123305293352,0.9505018248175182,0.8912244721730496,0.8601646107791484,0.875,0.9936286824276002
anneal,0,2,Full,CART,0,0.7454841000726447,0.0,2188,0.9271897378036918,0.9589091318809346,0.9338503649635036,0.948731317344456,0.9422254073290596,0.75,0.9592453430251294
anneal,0,2,Full,SVM,0,0.7454841000726447,0.0,2188,0.9600299495511956,0.974644875299332,0.9614507299270072,0.9295979801903282,0.9308257456565724,0.875,0.9966155787577626
anneal,0,2,Full,RF,0,0.7454841000726447,0.0,2188,0.9981701661679876,0.9982964446346736,0.998175182481752,0.9929866881086392,0.985766652354853,0.9927007299270072,1.0
anneal,0,2,Full,LGBM,0,0.7454841000726447,0.0,2188,1.0,1.0,1.0,1.0,1.0,1.0,1.0
anneal,0,2,-FeatWeights,KNN,0,0.3409107999177649,0.0,2188,0.9471407184798882,0.9627068296830674,0.94867700729927,0.8856128473989616,0.8496017118196995,0.875,0.9947882852269684
anneal,0,2,-FeatWeights,CART,0,0.3409107999177649,0.0,2188,0.9271897378036918,0.9589091318809346,0.9338503649635036,0.948731317344456,0.9422254073290596,0.75,0.9592453430251294
anneal,0,2,-FeatWeights,SVM,0,0.3409107999177649,0.0,2188,0.9600299495511956,0.974644875299332,0.9614507299270072,0.9295979801903282,0.9308257456565724,0.875,0.9956809161264648
anneal,0,2,-FeatWeights,RF,0,0.3409107999177649,0.0,2188,1.0,1.0,1.0,1.0,1.0,1.0,1.0
anneal,0,2,-FeatWeights,LGBM,0,0.3409107999177649,0.0,2188,1.0,1.0,1.0,1.0,1.0,1.0,1.0
anneal,0,2,-Subgroups,KNN,0,0.4829768999479711,0.0,2188,0.9490143986918675,0.9644123305293352,0.9505018248175182,0.8912244721730496,0.8601646107791484,0.875,0.9936286824276002
anneal,0,2,-Subgroups,CART,0,0.4829768999479711,0.0,2188,0.9271897378036918,0.9589091318809346,0.9338503649635036,0.948731317344456,0.9422254073290596,0.75,0.9592453430251294
anneal,0,2,-Subgroups,SVM,0,0.4829768999479711,0.0,2188,0.9600299495511956,0.974644875299332,0.9614507299270072,0.9295979801903282,0.9308257456565724,0.875,0.9966155787577626
anneal,0,2,-Subgroups,RF,0,0.4829768999479711,0.0,2188,0.9981701661679876,0.9982964446346736,0.998175182481752,0.9929866881086392,0.985766652354853,0.9927007299270072,1.0
anneal,0,2,-Subgroups,LGBM,0,0.4829768999479711,0.0,2188,1.0,1.0,1.0,1.0,1.0,1.0,1.0
anneal,0,2,-Mahalanobis,KNN,0,0.7438901000423357,0.0,2188,0.9490143986918675,0.9644123305293352,0.9505018248175182,0.8912244721730496,0.8601646107791484,0.875,0.9936286824276002
anneal,0,2,-Mahalanobis,CART,0,0.7438901000423357,0.0,2188,0.9271897378036918,0.9589091318809346,0.9338503649635036,0.948731317344456,0.9422254073290596,0.75,0.9592453430251294
anneal,0,2,-Mahalanobis,SVM,0,0.7438901000423357,0.0,2188,0.9600299495511956,0.974644875299332,0.9614507299270072,0.9295979801903282,0.9308257456565724,0.875,0.9966155787577626
anneal,0,2,-Mahalanobis,RF,0,0.7438901000423357,0.0,2188,0.9981701661679876,0.9982964446346736,0.998175182481752,0.9929866881086392,0.985766652354853,0.9927007299270072,1.0
anneal,0,2,-Mahalanobis,LGBM,0,0.7438901000423357,0.0,2188,1.0,1.0,1.0,1.0,1.0,1.0,1.0
anneal,0,2,-NoiseGate,KNN,0,0.7187928999774158,0.0,2188,0.9490143986918675,0.9644123305293352,0.9505018248175182,0.8912244721730496,0.8601646107791484,0.875,0.9936286824276002
anneal,0,2,-NoiseGate,CART,0,0.7187928999774158,0.0,2188,0.9271897378036918,0.9589091318809346,0.9338503649635036,0.948731317344456,0.9422254073290596,0.75,0.9592453430251294
anneal,0,2,-NoiseGate,SVM,0,0.7187928999774158,0.0,2188,0.9600299495511956,0.974644875299332,0.9614507299270072,0.9295979801903282,0.9308257456565724,0.875,0.9966155787577626
anneal,0,2,-NoiseGate,RF,0,0.7187928999774158,0.0,2188,0.9981701661679876,0.9982964446346736,0.998175182481752,0.9929866881086392,0.985766652354853,0.9927007299270072,1.0
anneal,0,2,-NoiseGate,LGBM,0,0.7187928999774158,0.0,2188,1.0,1.0,1.0,1.0,1.0,1.0,1.0
anneal,0,2,-ConfSteer,KNN,0,0.8536602000240237,0.0,2188,0.9490143986918675,0.9644123305293352,0.9505018248175182,0.8912244721730496,0.8601646107791484,0.875,0.9936286824276002
anneal,0,2,-ConfSteer,CART,0,0.8536602000240237,0.0,2188,0.9271897378036918,0.9589091318809346,0.9338503649635036,0.948731317344456,0.9422254073290596,0.75,0.9592453430251294
anneal,0,2,-ConfSteer,SVM,0,0.8536602000240237,0.0,2188,0.9600299495511956,0.974644875299332,0.9614507299270072,0.9295979801903282,0.9308257456565724,0.875,0.9966155787577626
anneal,0,2,-ConfSteer,RF,0,0.8536602000240237,0.0,2188,0.9981701661679876,0.9982964446346736,0.998175182481752,0.9929866881086392,0.985766652354853,0.9927007299270072,1.0
anneal,0,2,-ConfSteer,LGBM,0,0.8536602000240237,0.0,2188,1.0,1.0,1.0,1.0,1.0,1.0,1.0
anneal,0,3,Full,KNN,0,0.7018318000482395,0.0,2188,0.8924954958715932,0.927579938963184,0.8976277372262773,0.8345967153434295,0.7767795915307036,0.75,0.9489403366396102
anneal,0,3,Full,CART,0,0.7018318000482395,0.0,2188,0.9306048591020996,0.9623237881143392,0.9375,0.9624741200828156,0.9709461544478478,0.75,0.9626524390243902
anneal,0,3,Full,SVM,0,0.7018318000482395,0.0,2188,0.9219951931675212,0.9538956388753632,0.9283759124087592,0.913600574959238,0.9023432324665132,0.75,0.970537051388118
anneal,0,3,Full,RF,0,0.7018318000482395,0.0,2188,0.9306048591020996,0.9623237881143392,0.9375,0.9624741200828156,0.9709461544478478,0.75,0.978725560012148
anneal,0,3,Full,LGBM,0,0.7018318000482395,0.0,2188,0.9306048591020996,0.9623237881143392,0.9375,0.9624741200828156,0.9709461544478478,0.75,0.9503359680172584
anneal,0,3,-FeatWeights,KNN,0,0.3678801000351086,0.0,2188,0.8943187852426663,0.9292343153109264,0.8994525547445256,0.8443845218695843,0.7864806452091238,0.75,0.9489403366396102
anneal,0,3,-FeatWeights,CART,0,0.3678801000351086,0.0,2188,0.9306048591020996,0.9623237881143392,0.9375,0.9624741200828156,0.9709461544478478,0.75,0.9626524390243902
anneal,0,3,-FeatWeights,SVM,0,0.3678801000351086,0.0,2188,0.9219951931675212,0.9538956388753632,0.9283759124087592,0.913600574959238,0.9023432324665132,0.75,0.970860190702594
anneal,0,3,-FeatWeights,RF,0,0.3678801000351086,0.0,2188,0.9306048591020996,0.9623237881143392,0.9375,0.9624741200828156,0.9709461544478478,0.75,0.9633724826943418
anneal,0,3,-FeatWeights,LGBM,0,0.3678801000351086,0.0,2188,0.9306048591020996,0.9623237881143392,0.9375,0.9624741200828156,0.9709461544478478,0.75,0.9390239648022284
anneal,0,3,-Subgroups,KNN,0,0.4874397000530734,0.0,2188,0.8924954958715932,0.927579938963184,0.8976277372262773,0.8345967153434295,0.7767795915307036,0.75,0.9489403366396102
anneal,0,3,-Subgroups,CART,0,0.4874397000530734,0.0,2188,0.9306048591020996,0.9623237881143392,0.9375,0.9624741200828156,0.9709461544478478,0.75,0.9626524390243902
anneal,0,3,-Subgroups,SVM,0,0.4874397000530734,0.0,2188,0.9219951931675212,0.9538956388753632,0.9283759124087592,0.913600574959238,0.9023432324665132,0.75,0.970537051388118
anneal,0,3,-Subgroups,RF,0,0.4874397000530734,0.0,2188,0.9306048591020996,0.9623237881143392,0.9375,0.9624741200828156,0.9709461544478478,0.75,0.978725560012148
anneal,0,3,-Subgroups,LGBM,0,0.4874397000530734,0.0,2188,0.9306048591020996,0.9623237881143392,0.9375,0.9624741200828156,0.9709461544478478,0.75,0.9503359680172584
anneal,0,3,-Mahalanobis,KNN,0,0.7041332999942824,0.0,2188,0.8924954958715932,0.927579938963184,0.8976277372262773,0.8345967153434295,0.7767795915307036,0.75,0.9489403366396102
anneal,0,3,-Mahalanobis,CART,0,0.7041332999942824,0.0,2188,0.9306048591020996,0.9623237881143392,0.9375,0.9624741200828156,0.9709461544478478,0.75,0.9626524390243902
anneal,0,3,-Mahalanobis,SVM,0,0.7041332999942824,0.0,2188,0.9219951931675212,0.9538956388753632,0.9283759124087592,0.913600574959238,0.9023432324665132,0.75,0.970537051388118
anneal,0,3,-Mahalanobis,RF,0,0.7041332999942824,0.0,2188,0.9306048591020996,0.9623237881143392,0.9375,0.9624741200828156,0.9709461544478478,0.75,0.978725560012148
anneal,0,3,-Mahalanobis,LGBM,0,0.7041332999942824,0.0,2188,0.9306048591020996,0.9623237881143392,0.9375,0.9624741200828156,0.9709461544478478,0.75,0.9503359680172584
anneal,0,3,-NoiseGate,KNN,0,0.7074465999612585,0.0,2188,0.8924954958715932,0.927579938963184,0.8976277372262773,0.8345967153434295,0.7767795915307036,0.75,0.9489403366396102
anneal,0,3,-NoiseGate,CART,0,0.7074465999612585,0.0,2188,0.9306048591020996,0.9623237881143392,0.9375,0.9624741200828156,0.9709461544478478,0.75,0.9626524390243902
anneal,0,3,-NoiseGate,SVM,0,0.7074465999612585,0.0,2188,0.9219951931675212,0.9538956388753632,0.9283759124087592,0.913600574959238,0.9023432324665132,0.75,0.970537051388118
anneal,0,3,-NoiseGate,RF,0,0.7074465999612585,0.0,2188,0.9306048591020996,0.9623237881143392,0.9375,0.9624741200828156,0.9709461544478478,0.75,0.978725560012148
anneal,0,3,-NoiseGate,LGBM,0,0.7074465999612585,0.0,2188,0.9306048591020996,0.9623237881143392,0.9375,0.9624741200828156,0.9709461544478478,0.75,0.9503359680172584
anneal,0,3,-ConfSteer,KNN,0,0.5956824999302626,0.0,2188,0.8924954958715932,0.927579938963184,0.8976277372262773,0.8345967153434295,0.7767795915307036,0.75,0.9489403366396102
anneal,0,3,-ConfSteer,CART,0,0.5956824999302626,0.0,2188,0.9306048591020996,0.9623237881143392,0.9375,0.9624741200828156,0.9709461544478478,0.75,0.9626524390243902
anneal,0,3,-ConfSteer,SVM,0,0.5956824999302626,0.0,2188,0.9219951931675212,0.9538956388753632,0.9283759124087592,0.913600574959238,0.9023432324665132,0.75,0.970537051388118
anneal,0,3,-ConfSteer,RF,0,0.5956824999302626,0.0,2188,0.9306048591020996,0.9623237881143392,0.9375,0.9624741200828156,0.9709461544478478,0.75,0.978725560012148
anneal,0,3,-ConfSteer,LGBM,0,0.5956824999302626,0.0,2188,0.9306048591020996,0.9623237881143392,0.9375,0.9624741200828156,0.9709461544478478,0.75,0.9503359680172584
anneal,0,4,Full,KNN,0,0.7474592999788001,0.0,2192,0.9469886839209322,0.9628135010553708,0.9485294117647058,0.8774385072094996,0.8522585357569253,0.875,0.9752724111796618
anneal,0,4,Full,CART,0,0.7474592999788001,0.0,2192,0.9649253679477752,0.9730252197519752,0.9658088235294118,0.9430742557245946,0.9041513965344732,0.9,0.9730521797326526
anneal,0,4,Full,SVM,0,0.7474592999788001,0.0,2192,0.9201665185134822,0.9473154461601364,0.9220063025210083,0.8890715851682395,0.8777089769991757,0.8571428571428571,0.9957457983193276
anneal,0,4,Full,RF,0,0.7474592999788001,0.0,2192,0.9981566741912852,0.9982897349091688,0.9981617647058824,0.992979929799298,0.9860409496591248,0.9926470588235294,1.0
anneal,0,4,Full,LGBM,0,0.7474592999788001,0.0,2192,0.9981566741912852,0.9982897349091688,0.9981617647058824,0.992979929799298,0.9860409496591248,0.9926470588235294,0.9995084742757864
anneal,0,4,-FeatWeights,KNN,0,0.3364624000387266,0.0,2192,0.9469886839209322,0.9628135010553708,0.9485294117647058,0.8774385072094996,0.8522585357569253,0.875,0.9773240546218488
anneal,0,4,-FeatWeights,CART,0,0.3364624000387266,0.0,2192,0.9944390800982889,0.9949249772635184,0.9944852941176472,0.9706012516530776,0.9594473761198146,0.9779411764705882,0.994925074460164
anneal,0,4,-FeatWeights,SVM,0,0.3364624000387266,0.0,2192,0.9201665185134822,0.9473154461601364,0.9220063025210083,0.8890715851682395,0.8777089769991757,0.8571428571428571,0.9950892857142858
anneal,0,4,-FeatWeights,RF,0,0.3364624000387266,0.0,2192,0.9981566741912852,0.9982897349091688,0.9981617647058824,0.992979929799298,0.9860409496591248,0.9926470588235294,1.0
anneal,0,4,-FeatWeights,LGBM,0,0.3364624000387266,0.0,2192,0.9981566741912852,0.9982897349091688,0.9981617647058824,0.992979929799298,0.9860409496591248,0.9926470588235294,0.9996313557068396
anneal,0,4,-Subgroups,KNN,0,0.5877401999896392,0.0,2192,0.9469886839209322,0.9628135010553708,0.9485294117647058,0.8774385072094996,0.8522585357569253,0.875,0.9752724111796618
anneal,0,4,-Subgroups,CART,0,0.5877401999896392,0.0,2192,0.9649253679477752,0.9730252197519752,0.9658088235294118,0.9430742557245946,0.9041513965344732,0.9,0.9730521797326526
anneal,0,4,-Subgroups,SVM,0,0.5877401999896392,0.0,2192,0.9201665185134822,0.9473154461601364,0.9220063025210083,0.8890715851682395,0.8777089769991757,0.8571428571428571,0.9957457983193276
anneal,0,4,-Subgroups,RF,0,0.5877401999896392,0.0,2192,0.9981566741912852,0.9982897349091688,0.9981617647058824,0.992979929799298,0.9860409496591248,0.9926470588235294,1.0
anneal,0,4,-Subgroups,LGBM,0,0.5877401999896392,0.0,2192,0.9981566741912852,0.9982897349091688,0.9981617647058824,0.992979929799298,0.9860409496591248,0.9926470588235294,0.9995084742757864
anneal,0,4,-Mahalanobis,KNN,0,0.7031162000494078,0.0,2192,0.9469886839209322,0.9628135010553708,0.9485294117647058,0.8774385072094996,0.8522585357569253,0.875,0.9752724111796618
anneal,0,4,-Mahalanobis,CART,0,0.7031162000494078,0.0,2192,0.9649253679477752,0.9730252197519752,0.9658088235294118,0.9430742557245946,0.9041513965344732,0.9,0.9730521797326526
anneal,0,4,-Mahalanobis,SVM,0,0.7031162000494078,0.0,2192,0.9201665185134822,0.9473154461601364,0.9220063025210083,0.8890715851682395,0.8777089769991757,0.8571428571428571,0.9957457983193276
anneal,0,4,-Mahalanobis,RF,0,0.7031162000494078,0.0,2192,0.9981566741912852,0.9982897349091688,0.9981617647058824,0.992979929799298,0.9860409496591248,0.9926470588235294,1.0
anneal,0,4,-Mahalanobis,LGBM,0,0.7031162000494078,0.0,2192,0.9981566741912852,0.9982897349091688,0.9981617647058824,0.992979929799298,0.9860409496591248,0.9926470588235294,0.9995084742757864
anneal,0,4,-NoiseGate,KNN,0,0.6465115000028163,0.0,2192,0.9469886839209322,0.9628135010553708,0.9485294117647058,0.8774385072094996,0.8522585357569253,0.875,0.9752724111796618
anneal,0,4,-NoiseGate,CART,0,0.6465115000028163,0.0,2192,0.9649253679477752,0.9730252197519752,0.9658088235294118,0.9430742557245946,0.9041513965344732,0.9,0.9730521797326526
anneal,0,4,-NoiseGate,SVM,0,0.6465115000028163,0.0,2192,0.9201665185134822,0.9473154461601364,0.9220063025210083,0.8890715851682395,0.8777089769991757,0.8571428571428571,0.9957457983193276
anneal,0,4,-NoiseGate,RF,0,0.6465115000028163,0.0,2192,0.9981566741912852,0.9982897349091688,0.9981617647058824,0.992979929799298,0.9860409496591248,0.9926470588235294,1.0
anneal,0,4,-NoiseGate,LGBM,0,0.6465115000028163,0.0,2192,0.9981566741912852,0.9982897349091688,0.9981617647058824,0.992979929799298,0.9860409496591248,0.9926470588235294,0.9995084742757864
anneal,0,4,-ConfSteer,KNN,0,0.6531457999954,0.0,2192,0.9469886839209322,0.9628135010553708,0.9485294117647058,0.8774385072094996,0.8522585357569253,0.875,0.9752724111796618
anneal,0,4,-ConfSteer,CART,0,0.6531457999954,0.0,2192,0.9649253679477752,0.9730252197519752,0.9658088235294118,0.9430742557245946,0.9041513965344732,0.9,0.9730521797326526
anneal,0,4,-ConfSteer,SVM,0,0.6531457999954,0.0,2192,0.9201665185134822,0.9473154461601364,0.9220063025210083,0.8890715851682395,0.8777089769991757,0.8571428571428571,0.9957457983193276
anneal,0,4,-ConfSteer,RF,0,0.6531457999954,0.0,2192,0.9981566741912852,0.9982897349091688,0.9981617647058824,0.992979929799298,0.9860409496591248,0.9926470588235294,1.0
anneal,0,4,-ConfSteer,LGBM,0,0.6531457999954,0.0,2192,0.9981566741912852,0.9982897349091688,0.9981617647058824,0.992979929799298,0.9860409496591248,0.9926470588235294,0.9995084742757864
autos,0,0,Full,KNN,0,0.5367919999407604,0.0,270,0.4257344474234203,0.667199454102828,0.5152447552447553,0.4558873805932629,0.3407324260718841,0.1666666666666666,0.7979725829725831
autos,0,0,Full,CART,0,0.5367919999407604,0.0,270,0.6057900703537742,0.8122751687642247,0.7144522144522144,0.6788100788100788,0.6234539696531868,0.1666666666666666,0.8189721389721389
autos,0,0,Full,SVM,0,0.5367919999407604,0.0,270,0.5113600471878532,0.7384472393504666,0.6165501165501166,0.5753535353535353,0.4432434132906671,0.1666666666666666,0.8483616383616385
autos,0,0,Full,RF,0,0.5367919999407604,0.0,270,0.622186437155834,0.8244522877168664,0.7326340326340326,0.6976681933203672,0.6568184529469501,0.1666666666666666,0.9288511488511488
autos,0,0,Full,LGBM,0,0.5367919999407604,0.0,270,0.6057900703537742,0.8110176679639338,0.7144522144522144,0.6805194805194805,0.6243847469832292,0.1666666666666666,0.9116161616161615
autos,0,0,-FeatWeights,KNN,0,0.1650448000291362,0.0,270,0.4509480766666289,0.6791985312930564,0.5306293706293707,0.4882323232323232,0.3659135753427854,0.1666666666666666,0.7994921744921746
autos,0,0,-FeatWeights,CART,0,0.1650448000291362,0.0,270,0.5873984450158932,0.7999410290175457,0.6962703962703962,0.6435653235653236,0.598145285935085,0.1666666666666666,0.8076590076590076
autos,0,0,-FeatWeights,SVM,0,0.1650448000291362,0.0,270,0.5113600471878532,0.7379832448093044,0.6165501165501166,0.5904584304584304,0.4416992819618137,0.1666666666666666,0.8546586746586746
autos,0,0,-FeatWeights,RF,0,0.1650448000291362,0.0,270,0.6341603382935574,0.8360513560672395,0.7480186480186479,0.7129870129870131,0.6892764443883304,0.1666666666666666,0.9366100566100568
autos,0,0,-FeatWeights,LGBM,0,0.1650448000291362,0.0,270,0.6057900703537742,0.8110176679639338,0.7144522144522144,0.6805194805194805,0.6243847469832292,0.1666666666666666,0.924075924075924
autos,0,0,-Subgroups,KNN,0,0.4151611999841407,0.0,270,0.4257344474234203,0.667199454102828,0.5152447552447553,0.4558873805932629,0.3407324260718841,0.1666666666666666,0.7979725829725831
autos,0,0,-Subgroups,CART,0,0.4151611999841407,0.0,270,0.6057900703537742,0.8122751687642247,0.7144522144522144,0.6788100788100788,0.6234539696531868,0.1666666666666666,0.8189721389721389
autos,0,0,-Subgroups,SVM,0,0.4151611999841407,0.0,270,0.5113600471878532,0.7384472393504666,0.6165501165501166,0.5753535353535353,0.4432434132906671,0.1666666666666666,0.8483616383616385
autos,0,0,-Subgroups,RF,0,0.4151611999841407,0.0,270,0.622186437155834,0.8244522877168664,0.7326340326340326,0.6976681933203672,0.6568184529469501,0.1666666666666666,0.9274941724941728
autos,0,0,-Subgroups,LGBM,0,0.4151611999841407,0.0,270,0.6057900703537742,0.8110176679639338,0.7144522144522144,0.6805194805194805,0.6243847469832292,0.1666666666666666,0.9116650016650016
autos,0,0,-Mahalanobis,KNN,0,0.4959529000334441,0.0,270,0.4257344474234203,0.667199454102828,0.5152447552447553,0.4558873805932629,0.3407324260718841,0.1666666666666666,0.7979725829725831
autos,0,0,-Mahalanobis,CART,0,0.4959529000334441,0.0,270,0.6057900703537742,0.8122751687642247,0.7144522144522144,0.6788100788100788,0.6234539696531868,0.1666666666666666,0.8189721389721389
autos,0,0,-Mahalanobis,SVM,0,0.4959529000334441,0.0,270,0.5113600471878532,0.7384472393504666,0.6165501165501166,0.5753535353535353,0.4432434132906671,0.1666666666666666,0.8483616383616385
autos,0,0,-Mahalanobis,RF,0,0.4959529000334441,0.0,270,0.622186437155834,0.8244522877168664,0.7326340326340326,0.6976681933203672,0.6568184529469501,0.1666666666666666,0.9267149517149518
autos,0,0,-Mahalanobis,LGBM,0,0.4959529000334441,0.0,270,0.6057900703537742,0.8110176679639338,0.7144522144522144,0.6805194805194805,0.6243847469832292,0.1666666666666666,0.911861471861472
autos,0,0,-NoiseGate,KNN,0,0.5083958000177518,0.0,270,0.4257344474234203,0.667199454102828,0.5152447552447553,0.4558873805932629,0.3407324260718841,0.1666666666666666,0.7979725829725831
autos,0,0,-NoiseGate,CART,0,0.5083958000177518,0.0,270,0.6057900703537742,0.8122751687642247,0.7144522144522144,0.6788100788100788,0.6234539696531868,0.1666666666666666,0.8189721389721389
autos,0,0,-NoiseGate,SVM,0,0.5083958000177518,0.0,270,0.5113600471878532,0.7384472393504666,0.6165501165501166,0.5753535353535353,0.4432434132906671,0.1666666666666666,0.8493140193140194
autos,0,0,-NoiseGate,RF,0,0.5083958000177518,0.0,270,0.6341603382935574,0.8360513560672395,0.7480186480186479,0.7129870129870131,0.6892764443883304,0.1666666666666666,0.9275874125874124
autos,0,0,-NoiseGate,LGBM,0,0.5083958000177518,0.0,270,0.6057900703537742,0.8110176679639338,0.7144522144522144,0.6805194805194805,0.6243847469832292,0.1666666666666666,0.9032600732600732
autos,0,0,-ConfSteer,KNN,0,0.5022906999802217,0.0,270,0.4257344474234203,0.667199454102828,0.5152447552447553,0.4558873805932629,0.3407324260718841,0.1666666666666666,0.7979725829725831
autos,0,0,-ConfSteer,CART,0,0.5022906999802217,0.0,270,0.6057900703537742,0.8122751687642247,0.7144522144522144,0.6788100788100788,0.6234539696531868,0.1666666666666666,0.8189721389721389
autos,0,0,-ConfSteer,SVM,0,0.5022906999802217,0.0,270,0.5113600471878532,0.7384472393504666,0.6165501165501166,0.5753535353535353,0.4432434132906671,0.1666666666666666,0.8472061272061273
autos,0,0,-ConfSteer,RF,0,0.5022906999802217,0.0,270,0.622186437155834,0.8244522877168664,0.7326340326340326,0.6976681933203672,0.6568184529469501,0.1666666666666666,0.927898767898768
autos,0,0,-ConfSteer,LGBM,0,0.5022906999802217,0.0,270,0.6057900703537742,0.8110176679639338,0.7144522144522144,0.6805194805194805,0.6243847469832292,0.1666666666666666,0.918241758241758
autos,0,1,Full,KNN,0,0.5016260000411421,0.0,270,0.7481754704429164,0.8424280814519549,0.7592673992673993,0.7270995670995672,0.6727830027326799,0.6153846153846154,0.9093902871322228
autos,0,1,Full,CART,0,0.5016260000411421,0.0,270,0.811375177597901,0.8866621648451856,0.828131868131868,0.8176852133373874,0.7561809433405702,0.5714285714285714,0.8887305526015202
autos,0,1,Full,SVM,0,0.5016260000411421,0.0,270,0.7660091721448614,0.8556605182763648,0.7794139194139194,0.75175983436853,0.6959043606178632,0.5714285714285714,0.9350083523897564
autos,0,1,Full,RF,0,0.5016260000411421,0.0,270,0.8484059776871341,0.9027166926947664,0.851941391941392,0.8393273393273393,0.78398408468307,0.7692307692307693,0.9878646148285618
autos,0,1,Full,LGBM,0,0.5016260000411421,0.0,270,0.8484059776871341,0.9065979382670424,0.8541391941391941,0.8485298327403591,0.8135631851069519,0.7142857142857143,0.9894257355547678
autos,0,1,-FeatWeights,KNN,0,0.1606759999413043,0.0,270,0.652944807656719,0.7943959833203847,0.6841758241758241,0.65175983436853,0.6045914265520852,0.4285714285714285,0.9179493087557604
autos,0,1,-FeatWeights,CART,0,0.1606759999413043,0.0,270,0.9008873184210632,0.9374080204712352,0.9052747252747252,0.8785883681535855,0.8497134290624342,0.7692307692307693,0.937978316223098
autos,0,1,-FeatWeights,SVM,0,0.1606759999413043,0.0,270,0.8009694880423646,0.8745085903154469,0.8079853479853479,0.7793872793872794,0.7295245652238374,0.6923076923076923,0.9348131775456254
autos,0,1,-FeatWeights,RF,0,0.1606759999413043,0.0,270,0.8647334459423365,0.9167536897943818,0.8720879120879121,0.8529059011164275,0.8180514202198568,0.7142857142857143,0.982608610027965
autos,0,1,-FeatWeights,LGBM,0,0.1606759999413043,0.0,270,0.8337695065379619,0.8953793701480424,0.8387545787545788,0.8315617715617716,0.7818740399385561,0.7142857142857143,0.984033196405113
autos,0,1,-Subgroups,KNN,0,0.4037730999989435,0.0,270,0.7481754704429164,0.8424280814519549,0.7592673992673993,0.7270995670995672,0.6727830027326799,0.6153846153846154,0.9093902871322228
autos,0,1,-Subgroups,CART,0,0.4037730999989435,0.0,270,0.811375177597901,0.8866621648451856,0.828131868131868,0.8176852133373874,0.7561809433405702,0.5714285714285714,0.8887305526015202
autos,0,1,-Subgroups,SVM,0,0.4037730999989435,0.0,270,0.7660091721448614,0.8556605182763648,0.7794139194139194,0.75175983436853,0.6959043606178632,0.5714285714285714,0.9350083523897564
autos,0,1,-Subgroups,RF,0,0.4037730999989435,0.0,270,0.8484059776871341,0.9027166926947664,0.851941391941392,0.8393273393273393,0.78398408468307,0.7692307692307693,0.9884129880239938
autos,0,1,-Subgroups,LGBM,0,0.4037730999989435,0.0,270,0.8686287993726169,0.9198698134496848,0.8741391941391943,0.872929292929293,0.844027774679287,0.7142857142857143,0.9929138603332152
autos,0,1,-Mahalanobis,KNN,0,0.4985294000944122,0.0,270,0.7481754704429164,0.8424280814519549,0.7592673992673993,0.7270995670995672,0.6727830027326799,0.6153846153846154,0.9093902871322228
autos,0,1,-Mahalanobis,CART,0,0.4985294000944122,0.0,270,0.811375177597901,0.8866621648451856,0.828131868131868,0.8176852133373874,0.7561809433405702,0.5714285714285714,0.8887305526015202
autos,0,1,-Mahalanobis,SVM,0,0.4985294000944122,0.0,270,0.7660091721448614,0.8556605182763648,0.7794139194139194,0.75175983436853,0.6959043606178632,0.5714285714285714,0.9350083523897564
autos,0,1,-Mahalanobis,RF,0,0.4985294000944122,0.0,270,0.8484059776871341,0.9027166926947664,0.851941391941392,0.8393273393273393,0.78398408468307,0.7692307692307693,0.9876223839411696
autos,0,1,-Mahalanobis,LGBM,0,0.4985294000944122,0.0,270,0.8686287993726169,0.9198698134496848,0.8741391941391943,0.872929292929293,0.844027774679287,0.7142857142857143,0.9921221788963724
autos,0,1,-NoiseGate,KNN,0,0.490271900082007,0.0,270,0.7481754704429164,0.8424280814519549,0.7592673992673993,0.7270995670995672,0.6727830027326799,0.6153846153846154,0.9093902871322228
autos,0,1,-NoiseGate,CART,0,0.490271900082007,0.0,270,0.7404175889217449,0.8445467040861947,0.7613186813186814,0.7511970638057595,0.6905938207038881,0.5,0.8490959841339347
autos,0,1,-NoiseGate,SVM,0,0.490271900082007,0.0,270,0.7660091721448614,0.8556605182763648,0.7794139194139194,0.75175983436853,0.6959043606178632,0.5714285714285714,0.92912599944858
autos,0,1,-NoiseGate,RF,0,0.490271900082007,0.0,270,0.8180266840369549,0.8847956630061118,0.8233699633699633,0.8103896103896103,0.7545950950999988,0.7142857142857143,0.989158690771594
autos,0,1,-NoiseGate,LGBM,0,0.490271900082007,0.0,270,0.8686287993726169,0.9198698134496848,0.8741391941391943,0.872929292929293,0.844027774679287,0.7142857142857143,0.9911697979439914
autos,0,1,-ConfSteer,KNN,0,0.597836000029929,0.0,270,0.7481754704429164,0.8424280814519549,0.7592673992673993,0.7270995670995672,0.6727830027326799,0.6153846153846154,0.9093902871322228
autos,0,1,-ConfSteer,CART,0,0.597836000029929,0.0,270,0.811375177597901,0.8866621648451856,0.828131868131868,0.8176852133373874,0.7561809433405702,0.5714285714285714,0.8887305526015202
autos,0,1,-ConfSteer,SVM,0,0.597836000029929,0.0,270,0.7660091721448614,0.8556605182763648,0.7794139194139194,0.75175983436853,0.6959043606178632,0.5714285714285714,0.9350083523897564
autos,0,1,-ConfSteer,RF,0,0.597836000029929,0.0,270,0.8484059776871341,0.9027166926947664,0.851941391941392,0.8393273393273393,0.78398408468307,0.7692307692307693,0.9880933614140446
autos,0,1,-ConfSteer,LGBM,0,0.597836000029929,0.0,270,0.8536434495569349,0.908695726944192,0.8587545787545787,0.8558108558108557,0.8127927654240855,0.7142857142857143,0.9911697979439914
autos,0,2,Full,KNN,0,0.5182741000317037,0.0,270,0.6432634921961548,0.7662148581230598,0.6478221778221778,0.6230094466936571,0.531173849585066,0.5384615384615384,0.8722837210682037
autos,0,2,Full,CART,0,0.5182741000317037,0.0,270,0.7515457666872875,0.8626720689165802,0.7807192807192808,0.7886274644895334,0.7783986548034927,0.5,0.866973396973397
autos,0,2,Full,SVM,0,0.5182741000317037,0.0,270,0.7231796929593104,0.8311294488796374,0.7357242757242759,0.7639291465378422,0.7029566039690344,0.5,0.8983627962076237
autos,0,2,Full,RF,0,0.5182741000317037,0.0,270,0.9115516770226788,0.9468561355159124,0.9164335664335664,0.9310245310245312,0.9016836861923118,0.75,0.9695055104537864
autos,0,2,Full,LGBM,0,0.5182741000317037,0.0,270,0.7899931540893276,0.8810478522194413,0.8110489510489511,0.8407407407407408,0.8032233378746071,0.5,0.9602396645500092
autos,0,2,-FeatWeights,KNN,0,0.153266099980101,0.0,270,0.6542585905324356,0.7772458864060214,0.6668431568431569,0.6214046345811052,0.5319430985405905,0.4545454545454545,0.8690721669773394
autos,0,2,-FeatWeights,CART,0,0.153266099980101,0.0,270,0.6698536654853516,0.7974355968358409,0.6831368631368632,0.6810559006211181,0.6446112852589085,0.5,0.8069975171699308
autos,0,2,-FeatWeights,SVM,0,0.153266099980101,0.0,270,0.7231796929593104,0.8311294488796374,0.7357242757242759,0.7639291465378422,0.7029566039690344,0.5,0.8988080725149692
autos,0,2,-FeatWeights,RF,0,0.153266099980101,0.0,270,0.8686287993726169,0.9170904864653788,0.8724775224775225,0.8929199624851799,0.8357494020077609,0.75,0.963889056345953
autos,0,2,-FeatWeights,LGBM,0,0.153266099980101,0.0,270,0.72463479465479,0.8380048194518281,0.7499500499500499,0.7807821807821809,0.7103083394115364,0.5,0.9515989916851986
autos,0,2,-Subgroups,KNN,0,0.3948895999928936,0.0,270,0.6432634921961548,0.7662148581230598,0.6478221778221778,0.6230094466936571,0.531173849585066,0.5384615384615384,0.8671555159399986
autos,0,2,-Subgroups,CART,0,0.3948895999928936,0.0,270,0.7515457666872875,0.8626720689165802,0.7807192807192808,0.7886274644895334,0.7783986548034927,0.5,0.866973396973397
autos,0,2,-Subgroups,SVM,0,0.3948895999928936,0.0,270,0.7231796929593104,0.8311294488796374,0.7357242757242759,0.7639291465378422,0.7029566039690344,0.5,0.8983627962076237
autos,0,2,-Subgroups,RF,0,0.3948895999928936,0.0,270,0.9115516770226788,0.9468561355159124,0.9164335664335664,0.9310245310245312,0.9016836861923118,0.75,0.969448351775938
autos,0,2,-Subgroups,LGBM,0,0.3948895999928936,0.0,270,0.7385803017793334,0.8433005770742686,0.753906093906094,0.7945868945868946,0.7396611527375984,0.5,0.9489130920165404
autos,0,2,-Mahalanobis,KNN,0,0.4912398000014946,0.0,270,0.6432634921961548,0.7662148581230598,0.6478221778221778,0.6230094466936571,0.531173849585066,0.5384615384615384,0.8748122110966939
autos,0,2,-Mahalanobis,CART,0,0.4912398000014946,0.0,270,0.7515457666872875,0.8626720689165802,0.7807192807192808,0.7886274644895334,0.7783986548034927,0.5,0.866973396973397
autos,0,2,-Mahalanobis,SVM,0,0.4912398000014946,0.0,270,0.7231796929593104,0.8311294488796374,0.7357242757242759,0.7639291465378422,0.7029566039690344,0.5,0.8983627962076237
autos,0,2,-Mahalanobis,RF,0,0.4912398000014946,0.0,270,0.9115516770226788,0.9468561355159124,0.9164335664335664,0.9310245310245312,0.9016836861923118,0.75,0.971717227536193
autos,0,2,-Mahalanobis,LGBM,0,0.4912398000014946,0.0,270,0.8260480881921333,0.9057583264399988,0.851048951048951,0.8702093397745572,0.8360746567141467,0.5,0.94858599255151
autos,0,2,-NoiseGate,KNN,0,0.4924292999785393,0.0,270,0.6606741178973363,0.7778475847950233,0.6632067932067932,0.6438665895508,0.56045288730312,0.6,0.8646077801508836
autos,0,2,-NoiseGate,CART,0,0.4924292999785393,0.0,270,0.7515457666872875,0.8626720689165802,0.7807192807192808,0.7886274644895334,0.7783986548034927,0.5,0.866973396973397
autos,0,2,-NoiseGate,SVM,0,0.4924292999785393,0.0,270,0.7231796929593104,0.8311294488796374,0.7357242757242759,0.7639291465378422,0.7029566039690344,0.5,0.8989897554552726
autos,0,2,-NoiseGate,RF,0,0.4924292999785393,0.0,270,0.9115516770226788,0.9468561355159124,0.9164335664335664,0.9310245310245312,0.9016836861923118,0.75,0.9652882717537892
autos,0,2,-NoiseGate,LGBM,0,0.4924292999785393,0.0,270,0.8260480881921333,0.9063135837903638,0.851048951048951,0.8599326599326599,0.83683395775422,0.5,0.9549606364261536
autos,0,2,-ConfSteer,KNN,0,0.52999449998606,0.0,270,0.6432634921961548,0.7662148581230598,0.6478221778221778,0.6230094466936571,0.531173849585066,0.5384615384615384,0.8722837210682037
autos,0,2,-ConfSteer,CART,0,0.52999449998606,0.0,270,0.7515457666872875,0.8626720689165802,0.7807192807192808,0.7886274644895334,0.7783986548034927,0.5,0.866973396973397
autos,0,2,-ConfSteer,SVM,0,0.52999449998606,0.0,270,0.7231796929593104,0.8311294488796374,0.7357242757242759,0.7639291465378422,0.7029566039690344,0.5,0.8983627962076237
autos,0,2,-ConfSteer,RF,0,0.52999449998606,0.0,270,0.9115516770226788,0.9468561355159124,0.9164335664335664,0.9310245310245312,0.9016836861923118,0.75,0.9724116719806376
autos,0,2,-ConfSteer,LGBM,0,0.52999449998606,0.0,270,0.8260480881921333,0.9057583264399988,0.851048951048951,0.8702093397745572,0.8360746567141467,0.5,0.9514780876849842
autos,0,3,Full,KNN,0,0.55469440005254,0.0,265,0.6225415666321121,0.8011308446301675,0.6868831168831169,0.6759934318555009,0.6692130281185423,0.25,0.8492532214798949
autos,0,3,Full,CART,0,0.55469440005254,0.0,265,0.8265195771340672,0.8889280161719572,0.8307792207792207,0.8467846967846967,0.7694453084643017,0.75,0.8909630227784386
autos,0,3,Full,SVM,0,0.55469440005254,0.0,265,0.6476662701474153,0.824428420362076,0.7193506493506494,0.7239324116743472,0.7366913585922173,0.25,0.9449013420656422
autos,0,3,Full,RF,0,0.55469440005254,0.0,265,0.788034128409319,0.879832334969959,0.8093506493506494,0.8348970026389381,0.802683243547047,0.5,0.9675510074216972
autos,0,3,Full,LGBM,0,0.55469440005254,0.0,265,0.8347045363712717,0.8982598246268687,0.8411688311688312,0.8477352532524947,0.8015149108011529,0.7272727272727273,0.9765008592939628
autos,0,3,-FeatWeights,KNN,0,0.1746380000840872,0.0,265,0.7151124735075842,0.8328335006341243,0.7368831168831169,0.7312315270935962,0.7044190937726929,0.5,0.8518129289574523
autos,0,3,-FeatWeights,CART,0,0.1746380000840872,0.0,265,0.8109136442060841,0.8796165667823462,0.8164935064935065,0.8052602952602953,0.7421907444189465,0.7142857142857143,0.8820565866407651
autos,0,3,-FeatWeights,SVM,0,0.1746380000840872,0.0,265,0.6476662701474153,0.824428420362076,0.7193506493506494,0.7239324116743472,0.7366913585922173,0.25,0.9449013420656422
autos,0,3,-FeatWeights,RF,0,0.1746380000840872,0.0,265,0.8546007670002889,0.9106161397127354,0.8593506493506494,0.8767684422856838,0.8340813743543783,0.75,0.9624874407201992
autos,0,3,-FeatWeights,LGBM,0,0.1746380000840872,0.0,265,0.8347045363712717,0.8982598246268687,0.8411688311688312,0.8477352532524947,0.8015149108011529,0.7272727272727273,0.98121697651008
autos,0,3,-Subgroups,KNN,0,0.3741365999449044,0.0,265,0.6225415666321121,0.8011308446301675,0.6868831168831169,0.6759934318555009,0.6692130281185423,0.25,0.8684238439608623
autos,0,3,-Subgroups,CART,0,0.3741365999449044,0.0,265,0.8265195771340672,0.8889280161719572,0.8307792207792207,0.8467846967846967,0.7694453084643017,0.75,0.8909630227784386
autos,0,3,-Subgroups,SVM,0,0.3741365999449044,0.0,265,0.6476662701474153,0.824428420362076,0.7193506493506494,0.7239324116743472,0.7366913585922173,0.25,0.9449013420656422
autos,0,3,-Subgroups,RF,0,0.3741365999449044,0.0,265,0.788034128409319,0.8801982636135185,0.8093506493506494,0.8326961926961929,0.8010419312286585,0.5,0.9673150364960708
autos,0,3,-Subgroups,LGBM,0,0.3741365999449044,0.0,265,0.8546007670002889,0.9106161397127354,0.8593506493506494,0.8767684422856838,0.8340813743543783,0.75,0.9746974902492144
autos,0,3,-Mahalanobis,KNN,0,0.4899856999982148,0.0,265,0.6225415666321121,0.8011308446301675,0.6868831168831169,0.6759934318555009,0.6692130281185423,0.25,0.8495667011037193
autos,0,3,-Mahalanobis,CART,0,0.4899856999982148,0.0,265,0.8265195771340672,0.8889280161719572,0.8307792207792207,0.8467846967846967,0.7694453084643017,0.75,0.8909630227784386
autos,0,3,-Mahalanobis,SVM,0,0.4899856999982148,0.0,265,0.6476662701474153,0.824428420362076,0.7193506493506494,0.7239324116743472,0.7366913585922173,0.25,0.9449013420656422
autos,0,3,-Mahalanobis,RF,0,0.4899856999982148,0.0,265,0.7998010374229787,0.8906564259364957,0.8236363636363636,0.8553926360377974,0.8354383024429612,0.5,0.9698028264838608
autos,0,3,-Mahalanobis,LGBM,0,0.4899856999982148,0.0,265,0.8347045363712717,0.8982598246268687,0.8411688311688312,0.8477352532524947,0.8015149108011529,0.7272727272727273,0.97872918652229
autos,0,3,-NoiseGate,KNN,0,0.5010631000623107,0.0,265,0.6225415666321121,0.8011308446301675,0.6868831168831169,0.6759934318555009,0.6692130281185423,0.25,0.8674834050893889
autos,0,3,-NoiseGate,CART,0,0.5010631000623107,0.0,265,0.7969239806840889,0.8677490979345266,0.7974458874458875,0.8228359788359789,0.7362010013328201,0.75,0.8708480802497031
autos,0,3,-NoiseGate,SVM,0,0.5010631000623107,0.0,265,0.6476662701474153,0.824428420362076,0.7193506493506494,0.7239324116743472,0.7366913585922173,0.25,0.9449013420656422
autos,0,3,-NoiseGate,RF,0,0.5010631000623107,0.0,265,0.8048158570261685,0.8935989703582967,0.8275324675324676,0.8489498840323428,0.834603548078307,0.5,0.965545182786562
autos,0,3,-NoiseGate,LGBM,0,0.5010631000623107,0.0,265,0.8347045363712717,0.8987345686817267,0.8411688311688312,0.8421674876847292,0.8043366957262663,0.7272727272727273,0.97796725688105
autos,0,3,-ConfSteer,KNN,0,0.5035544000566006,0.0,265,0.6225415666321121,0.8011308446301675,0.6868831168831169,0.6759934318555009,0.6692130281185423,0.25,0.8495667011037193
autos,0,3,-ConfSteer,CART,0,0.5035544000566006,0.0,265,0.8265195771340672,0.8889280161719572,0.8307792207792207,0.8467846967846967,0.7694453084643017,0.75,0.8909630227784386
autos,0,3,-ConfSteer,SVM,0,0.5035544000566006,0.0,265,0.6476662701474153,0.824428420362076,0.7193506493506494,0.7239324116743472,0.7366913585922173,0.25,0.9449013420656422
autos,0,3,-ConfSteer,RF,0,0.5035544000566006,0.0,265,0.788034128409319,0.8801982636135185,0.8093506493506494,0.8326961926961929,0.8010419312286585,0.5,0.9676960013166908
autos,0,3,-ConfSteer,LGBM,0,0.5035544000566006,0.0,265,0.8546007670002889,0.9106161397127354,0.8593506493506494,0.8767684422856838,0.8340813743543783,0.75,0.978102227274641
autos,0,4,Full,KNN,0,0.5049264999106526,0.0,265,0.7477498868509092,0.8385592227490496,0.74982683982684,0.7445054945054945,0.6828813841546133,0.6666666666666666,0.91351504760734
autos,0,4,Full,CART,0,0.5049264999106526,0.0,265,0.7477498868509092,0.8411262604163218,0.7571861471861473,0.7458012848212485,0.6749585406301825,0.5454545454545454,0.8457789753631539
autos,0,4,Full,SVM,0,0.5049264999106526,0.0,265,0.6420335338783746,0.7933015661137224,0.6853679653679654,0.6910727969348659,0.5996263189329442,0.3333333333333333,0.9229335032783308
autos,0,4,Full,RF,0,0.5049264999106526,0.0,265,0.8347045363712718,0.9001479428877446,0.8426839826839826,0.8325829725829725,0.8034825870646766,0.6666666666666666,0.977713194963702
autos,0,4,Full,LGBM,0,0.5049264999106526,0.0,265,0.737502864219022,0.8333811389907116,0.742034632034632,0.7338383838383837,0.6713490085476597,0.6363636363636364,0.9578597261426876
autos,0,4,-FeatWeights,KNN,0,0.1659116999944672,0.0,265,0.7303412853423616,0.8257281714872761,0.7316450216450218,0.723379519031693,0.6508625279681175,0.6666666666666666,0.92032894584568
autos,0,4,-FeatWeights,CART,0,0.1659116999944672,0.0,265,0.7711621649767607,0.8532310277814017,0.7753679653679655,0.7804745063365752,0.7016754376644566,0.6363636363636364,0.85714056284036
autos,0,4,-FeatWeights,SVM,0,0.1659116999944672,0.0,265,0.6420335338783746,0.7928633397011919,0.6853679653679654,0.6975172413793104,0.6011393312358257,0.3333333333333333,0.923344196033851
autos,0,4,-FeatWeights,RF,0,0.1659116999944672,0.0,265,0.8048158570261685,0.8829904688190977,0.8108658008658007,0.8150818746470921,0.8023489533722259,0.6666666666666666,0.976308665078442
autos,0,4,-FeatWeights,LGBM,0,0.1659116999944672,0.0,265,0.7443966131753871,0.8359437331890202,0.745930735930736,0.7389710289710288,0.6749096035323376,0.6666666666666666,0.9597176010827124
autos,0,4,-Subgroups,KNN,0,0.3759643000084907,0.0,265,0.7477498868509092,0.8385592227490496,0.74982683982684,0.7445054945054945,0.6828813841546133,0.6666666666666666,0.91351504760734
autos,0,4,-Subgroups,CART,0,0.3759643000084907,0.0,265,0.7247796636776955,0.8216394717213226,0.7277489177489176,0.7171428571428571,0.6377965942942934,0.6363636363636364,0.8276961183959155
autos,0,4,-Subgroups,SVM,0,0.3759643000084907,0.0,265,0.6420335338783746,0.7933015661137224,0.6853679653679654,0.6910727969348659,0.5996263189329442,0.3333333333333333,0.9229335032783308
autos,0,4,-Subgroups,RF,0,0.3759643000084907,0.0,265,0.8347045363712718,0.9000692704036303,0.8426839826839826,0.8325829725829725,0.8019886762419489,0.6666666666666666,0.978496370544038
autos,0,4,-Subgroups,LGBM,0,0.3759643000084907,0.0,265,0.7443966131753871,0.8364485859354626,0.745930735930736,0.7317971014492752,0.6779134894579764,0.6666666666666666,0.957431182407856
autos,0,4,-Mahalanobis,KNN,0,0.6112007999327034,0.0,265,0.7477498868509092,0.8385592227490496,0.74982683982684,0.7445054945054945,0.6828813841546133,0.6666666666666666,0.91351504760734
autos,0,4,-Mahalanobis,CART,0,0.6112007999327034,0.0,265,0.7247796636776955,0.8216394717213226,0.7277489177489176,0.7171428571428571,0.6377965942942934,0.6363636363636364,0.8276961183959155
autos,0,4,-Mahalanobis,SVM,0,0.6112007999327034,0.0,265,0.6420335338783746,0.7933015661137224,0.6853679653679654,0.6910727969348659,0.5996263189329442,0.3333333333333333,0.9229335032783308
autos,0,4,-Mahalanobis,RF,0,0.6112007999327034,0.0,265,0.788034128409319,0.869459028761525,0.7926839826839827,0.7984012539184953,0.766938971954646,0.6666666666666666,0.9781441365711142
autos,0,4,-Mahalanobis,LGBM,0,0.6112007999327034,0.0,265,0.7247796636776955,0.8227967669404644,0.7277489177489176,0.7131701631701631,0.6426652669105846,0.6363636363636364,0.9590995810590132
autos,0,4,-NoiseGate,KNN,0,0.5141718999948353,0.0,265,0.7303412853423616,0.8257281714872761,0.7316450216450218,0.723379519031693,0.6508625279681175,0.6666666666666666,0.9040228502059132
autos,0,4,-NoiseGate,CART,0,0.5141718999948353,0.0,265,0.7574641809706204,0.845385123990062,0.7602164502164502,0.7612315270935961,0.7013349981696609,0.6666666666666666,0.8501559382695285
autos,0,4,-NoiseGate,SVM,0,0.5141718999948353,0.0,265,0.6420335338783746,0.7933015661137224,0.6853679653679654,0.6910727969348659,0.5996263189329442,0.3333333333333333,0.9217906461354736
autos,0,4,-NoiseGate,RF,0,0.5141718999948353,0.0,265,0.788034128409319,0.869535638656464,0.7926839826839827,0.7984012539184955,0.7684215093699971,0.6666666666666666,0.976549837698925
autos,0,4,-NoiseGate,LGBM,0,0.5141718999948353,0.0,265,0.7247796636776955,0.8227224373658483,0.7277489177489176,0.715034965034965,0.6418455408048312,0.6363636363636364,0.9610379204973526
autos,0,4,-ConfSteer,KNN,0,0.6270421000663191,0.0,265,0.7477498868509092,0.8385592227490496,0.74982683982684,0.7445054945054945,0.6828813841546133,0.6666666666666666,0.91351504760734
autos,0,4,-ConfSteer,CART,0,0.6270421000663191,0.0,265,0.7477498868509092,0.8411262604163218,0.7571861471861473,0.7458012848212485,0.6749585406301825,0.5454545454545454,0.8457789753631539
autos,0,4,-ConfSteer,SVM,0,0.6270421000663191,0.0,265,0.6420335338783746,0.7933015661137224,0.6853679653679654,0.6910727969348659,0.5996263189329442,0.3333333333333333,0.9229335032783308
autos,0,4,-ConfSteer,RF,0,0.6270421000663191,0.0,265,0.8728000779571629,0.9205015739884784,0.876017316017316,0.8689466089466089,0.8351287041858311,0.8,0.9762568581970206
autos,0,4,-ConfSteer,LGBM,0,0.6270421000663191,0.0,265,0.7247796636776955,0.8211198595348804,0.7277489177489176,0.7253246753246753,0.6359867330016584,0.6363636363636364,0.9565342823730248
balance-scale,0,0,Full,KNN,0,0.6150290999794379,0.0,693,0.4965685591497948,0.7211857376125415,0.5883444242790885,0.596189157559874,0.5826061980846743,0.2,0.8163578788136236
balance-scale,0,0,Full,CART,0,0.6150290999794379,0.0,693,0.0,0.7123676997935147,0.568158903004638,0.575635253325053,0.6278339686194586,0.0,0.730669073723693
balance-scale,0,0,Full,SVM,0,0.6150290999794379,0.0,693,0.8500143387914759,0.8928947703716597,0.8508166969147005,0.7542055428847881,0.7550100842812595,0.8103448275862069,0.954708615841333
balance-scale,0,0,Full,RF,0,0.6150290999794379,0.0,693,0.0,0.7339760686408807,0.5913490623109497,0.5965371296652558,0.6814381900375797,0.0,0.8442376520564018
balance-scale,0,0,Full,LGBM,0,0.6150290999794379,0.0,693,0.4284401535088917,0.7522277174251376,0.6247832224238757,0.6231884057971014,0.6887642785973495,0.1,0.9108871662777732
balance-scale,0,0,-FeatWeights,KNN,0,0.2361560999415815,0.0,693,0.5511522592577962,0.7245261799453694,0.5983867715265174,0.5957516339869281,0.5621822313059922,0.3,0.7976913046411038
balance-scale,0,0,-FeatWeights,CART,0,0.2361560999415815,0.0,693,0.408644271625714,0.720725276257903,0.5840492034684411,0.5927256835811407,0.6106100248133156,0.1,0.7367173782607949
balance-scale,0,0,-FeatWeights,SVM,0,0.2361560999415815,0.0,693,0.8500143387914759,0.8928947703716597,0.8508166969147005,0.7542055428847881,0.7550100842812595,0.8103448275862069,0.9549984709137967
balance-scale,0,0,-FeatWeights,RF,0,0.2361560999415815,0.0,693,0.0,0.7291750549527073,0.5855011090945755,0.5932826165709258,0.6694677077677189,0.0,0.859357501485845
balance-scale,0,0,-FeatWeights,LGBM,0,0.2361560999415815,0.0,693,0.4312775882094712,0.756887808692492,0.6305303488606574,0.6286154308466682,0.7015408367693604,0.1,0.91018672271307
balance-scale,0,0,-Subgroups,KNN,0,0.3988996000261977,0.0,693,0.4965685591497948,0.7211857376125415,0.5883444242790885,0.596189157559874,0.5826061980846743,0.2,0.8163578788136236
balance-scale,0,0,-Subgroups,CART,0,0.3988996000261977,0.0,693,0.0,0.7123676997935147,0.568158903004638,0.575635253325053,0.6278339686194586,0.0,0.730669073723693
balance-scale,0,0,-Subgroups,SVM,0,0.3988996000261977,0.0,693,0.8500143387914759,0.8928947703716597,0.8508166969147005,0.7542055428847881,0.7550100842812595,0.8103448275862069,0.954708615841333
balance-scale,0,0,-Subgroups,RF,0,0.3988996000261977,0.0,693,0.0,0.7339760686408807,0.5913490623109497,0.5965371296652558,0.6814381900375797,0.0,0.8442376520564018
balance-scale,0,0,-Subgroups,LGBM,0,0.3988996000261977,0.0,693,0.4284401535088917,0.7522277174251376,0.6247832224238757,0.6231884057971014,0.6887642785973495,0.1,0.9108871662777732
balance-scale,0,0,-Mahalanobis,KNN,0,0.673893200000748,0.0,693,0.4965685591497948,0.7211857376125415,0.5883444242790885,0.596189157559874,0.5826061980846743,0.2,0.8163578788136236
balance-scale,0,0,-Mahalanobis,CART,0,0.673893200000748,0.0,693,0.0,0.7123676997935147,0.568158903004638,0.575635253325053,0.6278339686194586,0.0,0.730669073723693
balance-scale,0,0,-Mahalanobis,SVM,0,0.673893200000748,0.0,693,0.8500143387914759,0.8928947703716597,0.8508166969147005,0.7542055428847881,0.7550100842812595,0.8103448275862069,0.954708615841333
balance-scale,0,0,-Mahalanobis,RF,0,0.673893200000748,0.0,693,0.0,0.7339760686408807,0.5913490623109497,0.5965371296652558,0.6814381900375797,0.0,0.8442376520564018
balance-scale,0,0,-Mahalanobis,LGBM,0,0.673893200000748,0.0,693,0.4284401535088917,0.7522277174251376,0.6247832224238757,0.6231884057971014,0.6887642785973495,0.1,0.9108871662777732
balance-scale,0,0,-NoiseGate,KNN,0,0.5889719999395311,0.0,693,0.4814758467828867,0.7021166580119176,0.5650534381931841,0.5773823787842479,0.5449419169472043,0.2,0.8049684916794871
balance-scale,0,0,-NoiseGate,CART,0,0.5889719999395311,0.0,693,0.0,0.7123676997935147,0.568158903004638,0.575635253325053,0.6278339686194586,0.0,0.730669073723693
balance-scale,0,0,-NoiseGate,SVM,0,0.5889719999395311,0.0,693,0.8500143387914759,0.8928947703716597,0.8508166969147005,0.7542055428847881,0.7550100842812595,0.8103448275862069,0.9549984709137967
balance-scale,0,0,-NoiseGate,RF,0,0.5889719999395311,0.0,693,0.0,0.7339760686408807,0.5913490623109497,0.5965371296652558,0.6814381900375797,0.0,0.8427348090660551
balance-scale,0,0,-NoiseGate,LGBM,0,0.5889719999395311,0.0,693,0.4255646295958135,0.7475608600327729,0.6190360959870942,0.617933723196881,0.6763096165900957,0.1,0.9154074335997135
balance-scale,0,0,-ConfSteer,KNN,0,0.5784597999881953,0.0,693,0.4965685591497948,0.7211857376125415,0.5883444242790885,0.596189157559874,0.5826061980846743,0.2,0.8163578788136236
balance-scale,0,0,-ConfSteer,CART,0,0.5784597999881953,0.0,693,0.0,0.7123676997935147,0.568158903004638,0.575635253325053,0.6278339686194586,0.0,0.730669073723693
balance-scale,0,0,-ConfSteer,SVM,0,0.5784597999881953,0.0,693,0.8500143387914759,0.8928947703716597,0.8508166969147005,0.7542055428847881,0.7550100842812595,0.8103448275862069,0.954708615841333
balance-scale,0,0,-ConfSteer,RF,0,0.5784597999881953,0.0,693,0.0,0.7339760686408807,0.5913490623109497,0.5965371296652558,0.6814381900375797,0.0,0.8442376520564018
balance-scale,0,0,-ConfSteer,LGBM,0,0.5784597999881953,0.0,693,0.4284401535088917,0.7522277174251376,0.6247832224238757,0.6231884057971014,0.6887642785973495,0.1,0.9108871662777732
balance-scale,0,1,Full,KNN,0,0.5639452000614256,0.0,693,0.6432699651928866,0.7607402146216754,0.6534583585400282,0.6214833759590793,0.5875699882009134,0.5,0.8011427157283765
balance-scale,0,1,Full,CART,0,0.5639452000614256,0.0,693,0.4142428340602594,0.727695553693682,0.5955434563420045,0.5974442384600137,0.6255324318362715,0.1,0.7423579403327002
balance-scale,0,1,Full,SVM,0,0.5639452000614256,0.0,693,0.9411498730666156,0.9564608957394076,0.9421254285138132,0.8585858585858586,0.8747335011134083,0.896551724137931,0.9848522155446467
balance-scale,0,1,Full,RF,0,0.5639452000614256,0.0,693,0.0,0.7395190487314198,0.597197015527324,0.6024368346800051,0.6949496495027611,0.0,0.8418111120263537
balance-scale,0,1,Full,LGBM,0,0.5639452000614256,0.0,693,0.4312775882094712,0.7593567660049606,0.6304295220810647,0.6304295220810647,0.7054533213644524,0.1,0.9238839891084448
balance-scale,0,1,-FeatWeights,KNN,0,0.2116002000402659,0.0,693,0.6016490229057567,0.7436669159126765,0.6258721516434765,0.6107678729037952,0.5788045946018859,0.4,0.7858315599066291
balance-scale,0,1,-FeatWeights,CART,0,0.2116002000402659,0.0,693,0.4085234781597273,0.718223910629081,0.5839483766888486,0.5881370091896407,0.6026458073012988,0.1,0.7336618497814845
balance-scale,0,1,-FeatWeights,SVM,0,0.2116002000402659,0.0,693,0.9411498730666156,0.9564608957394076,0.9421254285138132,0.8585858585858586,0.8747335011134083,0.896551724137931,0.9827372307253948
balance-scale,0,1,-FeatWeights,RF,0,0.2116002000402659,0.0,693,0.0,0.7482682485929582,0.6087920951804799,0.606087869245764,0.7186354020075333,0.0,0.8487669698490249
balance-scale,0,1,-FeatWeights,LGBM,0,0.2116002000402659,0.0,693,0.4340246532812648,0.7640178666882341,0.6361766485178464,0.6353276353276353,0.7180522691483509,0.1,0.9168646383183652
balance-scale,0,1,-Subgroups,KNN,0,0.3931649000151083,0.0,693,0.6432699651928866,0.7607402146216754,0.6534583585400282,0.6214833759590793,0.5875699882009134,0.5,0.8011427157283765
balance-scale,0,1,-Subgroups,CART,0,0.3931649000151083,0.0,693,0.4142428340602594,0.727695553693682,0.5955434563420045,0.5974442384600137,0.6255324318362715,0.1,0.7423579403327002
balance-scale,0,1,-Subgroups,SVM,0,0.3931649000151083,0.0,693,0.9411498730666156,0.9564608957394076,0.9421254285138132,0.8585858585858586,0.8747335011134083,0.896551724137931,0.9848522155446467
balance-scale,0,1,-Subgroups,RF,0,0.3931649000151083,0.0,693,0.0,0.7395190487314198,0.597197015527324,0.6024368346800051,0.6949496495027611,0.0,0.8418111120263537
balance-scale,0,1,-Subgroups,LGBM,0,0.3931649000151083,0.0,693,0.4312775882094712,0.7593567660049606,0.6304295220810647,0.6304295220810647,0.7054533213644524,0.1,0.9238839891084448
balance-scale,0,1,-Mahalanobis,KNN,0,0.5949722999939695,0.0,693,0.6432699651928866,0.7607402146216754,0.6534583585400282,0.6214833759590793,0.5875699882009134,0.5,0.8011427157283765
balance-scale,0,1,-Mahalanobis,CART,0,0.5949722999939695,0.0,693,0.4142428340602594,0.727695553693682,0.5955434563420045,0.5974442384600137,0.6255324318362715,0.1,0.7423579403327002
balance-scale,0,1,-Mahalanobis,SVM,0,0.5949722999939695,0.0,693,0.9411498730666156,0.9564608957394076,0.9421254285138132,0.8585858585858586,0.8747335011134083,0.896551724137931,0.9848522155446467
balance-scale,0,1,-Mahalanobis,RF,0,0.5949722999939695,0.0,693,0.0,0.7395190487314198,0.597197015527324,0.6024368346800051,0.6949496495027611,0.0,0.8418111120263537
balance-scale,0,1,-Mahalanobis,LGBM,0,0.5949722999939695,0.0,693,0.4312775882094712,0.7593567660049606,0.6304295220810647,0.6304295220810647,0.7054533213644524,0.1,0.9238839891084448
balance-scale,0,1,-NoiseGate,KNN,0,0.5731574998935685,0.0,693,0.5425549012511999,0.716039074825287,0.5867916918733616,0.5877115283301781,0.5485383487773517,0.3,0.7886187341229189
balance-scale,0,1,-NoiseGate,CART,0,0.5731574998935685,0.0,693,0.4142428340602594,0.727695553693682,0.5955434563420045,0.5974442384600137,0.6255324318362715,0.1,0.7423579403327002
balance-scale,0,1,-NoiseGate,SVM,0,0.5731574998935685,0.0,693,0.9411498730666156,0.9564608957394076,0.9421254285138132,0.8585858585858586,0.8747335011134083,0.896551724137931,0.9845623604721828
balance-scale,0,1,-NoiseGate,RF,0,0.5731574998935685,0.0,693,0.0,0.7490233302274324,0.6087920951804799,0.6087920951804799,0.7194793536804309,0.0,0.8390957024452824
balance-scale,0,1,-NoiseGate,LGBM,0,0.5731574998935685,0.0,693,0.0,0.7369964173517672,0.5970961887477314,0.594541910331384,0.6898446847223472,0.0,0.9161554653106422
balance-scale,0,1,-ConfSteer,KNN,0,0.5478200999787077,0.0,693,0.6432699651928866,0.7607402146216754,0.6534583585400282,0.6214833759590793,0.5875699882009134,0.5,0.8011427157283765
balance-scale,0,1,-ConfSteer,CART,0,0.5478200999787077,0.0,693,0.4142428340602594,0.727695553693682,0.5955434563420045,0.5974442384600137,0.6255324318362715,0.1,0.7423579403327002
balance-scale,0,1,-ConfSteer,SVM,0,0.5478200999787077,0.0,693,0.9411498730666156,0.9564608957394076,0.9421254285138132,0.8585858585858586,0.8747335011134083,0.896551724137931,0.9848522155446467
balance-scale,0,1,-ConfSteer,RF,0,0.5478200999787077,0.0,693,0.0,0.7395190487314198,0.597197015527324,0.6024368346800051,0.6949496495027611,0.0,0.8418111120263537
balance-scale,0,1,-ConfSteer,LGBM,0,0.5478200999787077,0.0,693,0.4312775882094712,0.7593567660049606,0.6304295220810647,0.6304295220810647,0.7054533213644524,0.1,0.9238839891084448
balance-scale,0,2,Full,KNN,0,0.6569087000098079,0.0,693,0.4810405157618131,0.6994247668533091,0.5649526114135914,0.5730639730639732,0.5355957918396664,0.2,0.8089295451314745
balance-scale,0,2,Full,CART,0,0.6569087000098079,0.0,693,0.4889278277006449,0.7099221468076676,0.57664851784634,0.5836022836022836,0.55630721497368,0.2,0.7253230883056693
balance-scale,0,2,Full,SVM,0,0.6569087000098079,0.0,693,0.8198166282005255,0.870659486869534,0.8216777576124219,0.7188561713314189,0.7090244113773511,0.7719298245614035,0.9393789967915168
balance-scale,0,2,Full,RF,0,0.6569087000098079,0.0,693,0.0,0.702862004769334,0.5566646501310748,0.5688319898846215,0.6057339899387504,0.0,0.8442269326344484
balance-scale,0,2,Full,LGBM,0,0.6569087000098079,0.0,693,0.6176798752081814,0.7983440617992495,0.6915507158701351,0.6858695652173914,0.725088291455324,0.3,0.9308573008907034
balance-scale,0,2,-FeatWeights,KNN,0,0.2154420000733807,0.0,693,0.6060730716605949,0.742865347238518,0.6316192780802581,0.6108475822761538,0.5663034044314779,0.4,0.8189835791175158
balance-scale,0,2,-FeatWeights,CART,0,0.2154420000733807,0.0,693,0.3941267265843587,0.6959756310801085,0.5550110909457552,0.5696213667709799,0.5556859457172358,0.1,0.713877076564224
balance-scale,0,2,-FeatWeights,SVM,0,0.2154420000733807,0.0,693,0.8138323518767997,0.8652667278772587,0.8159306311756401,0.7125069649822126,0.6959927908182908,0.7719298245614035,0.9412161329959914
balance-scale,0,2,-FeatWeights,RF,0,0.2154420000733807,0.0,693,0.0,0.7036838444178243,0.5566646501310748,0.571398192450824,0.6085889432345648,0.0,0.8545741412752491
balance-scale,0,2,-FeatWeights,LGBM,0,0.2154420000733807,0.0,693,0.7326223570906765,0.837602718575647,0.758116555757209,0.7479496776149336,0.750870675980437,0.5,0.9344449526388172
balance-scale,0,2,-Subgroups,KNN,0,0.3900242999661714,0.0,693,0.4810405157618131,0.6994247668533091,0.5649526114135914,0.5730639730639732,0.5355957918396664,0.2,0.8089295451314745
balance-scale,0,2,-Subgroups,CART,0,0.3900242999661714,0.0,693,0.4889278277006449,0.7099221468076676,0.57664851784634,0.5836022836022836,0.55630721497368,0.2,0.7253230883056693
balance-scale,0,2,-Subgroups,SVM,0,0.3900242999661714,0.0,693,0.8198166282005255,0.870659486869534,0.8216777576124219,0.7188561713314189,0.7090244113773511,0.7719298245614035,0.9393789967915168
balance-scale,0,2,-Subgroups,RF,0,0.3900242999661714,0.0,693,0.0,0.702862004769334,0.5566646501310748,0.5688319898846215,0.6057339899387504,0.0,0.8442269326344484
balance-scale,0,2,-Subgroups,LGBM,0,0.3900242999661714,0.0,693,0.6176798752081814,0.7983440617992495,0.6915507158701351,0.6858695652173914,0.725088291455324,0.3,0.9308573008907034
balance-scale,0,2,-Mahalanobis,KNN,0,0.5572628999361768,0.0,693,0.4810405157618131,0.6994247668533091,0.5649526114135914,0.5730639730639732,0.5355957918396664,0.2,0.8089295451314745
balance-scale,0,2,-Mahalanobis,CART,0,0.5572628999361768,0.0,693,0.4889278277006449,0.7099221468076676,0.57664851784634,0.5836022836022836,0.55630721497368,0.2,0.7253230883056693
balance-scale,0,2,-Mahalanobis,SVM,0,0.5572628999361768,0.0,693,0.8198166282005255,0.870659486869534,0.8216777576124219,0.7188561713314189,0.7090244113773511,0.7719298245614035,0.9393789967915168
balance-scale,0,2,-Mahalanobis,RF,0,0.5572628999361768,0.0,693,0.0,0.702862004769334,0.5566646501310748,0.5688319898846215,0.6057339899387504,0.0,0.8442269326344484
balance-scale,0,2,-Mahalanobis,LGBM,0,0.5572628999361768,0.0,693,0.6176798752081814,0.7983440617992495,0.6915507158701351,0.6858695652173914,0.725088291455324,0.3,0.9308573008907034
balance-scale,0,2,-NoiseGate,KNN,0,0.5721805000212044,0.0,693,0.4810405157618131,0.6994543147705796,0.5649526114135914,0.5727095516569201,0.5349488387347877,0.2,0.8110459283319847
balance-scale,0,2,-NoiseGate,CART,0,0.5721805000212044,0.0,693,0.4889278277006449,0.7099221468076676,0.57664851784634,0.5836022836022836,0.55630721497368,0.2,0.7253230883056693
balance-scale,0,2,-NoiseGate,SVM,0,0.5721805000212044,0.0,693,0.8257147923459202,0.8750704831061656,0.8274248840492033,0.7255614109019503,0.7180262399363793,0.7719298245614035,0.941032127914294
balance-scale,0,2,-NoiseGate,RF,0,0.5721805000212044,0.0,693,0.0,0.702862004769334,0.5566646501310748,0.5688319898846215,0.6057339899387504,0.0,0.8432789417561138
balance-scale,0,2,-NoiseGate,LGBM,0,0.5721805000212044,0.0,693,0.617917627300639,0.7974177440060882,0.6914498890905424,0.6873436170088728,0.7230976816032941,0.3,0.9247928081459325
balance-scale,0,2,-ConfSteer,KNN,0,0.5807286000344902,0.0,693,0.4810405157618131,0.6994247668533091,0.5649526114135914,0.5730639730639732,0.5355957918396664,0.2,0.8089295451314745
balance-scale,0,2,-ConfSteer,CART,0,0.5807286000344902,0.0,693,0.4889278277006449,0.7099221468076676,0.57664851784634,0.5836022836022836,0.55630721497368,0.2,0.7253230883056693
balance-scale,0,2,-ConfSteer,SVM,0,0.5807286000344902,0.0,693,0.8198166282005255,0.870659486869534,0.8216777576124219,0.7188561713314189,0.7090244113773511,0.7719298245614035,0.9393789967915168
balance-scale,0,2,-ConfSteer,RF,0,0.5807286000344902,0.0,693,0.0,0.702862004769334,0.5566646501310748,0.5688319898846215,0.6057339899387504,0.0,0.8442269326344484
balance-scale,0,2,-ConfSteer,LGBM,0,0.5807286000344902,0.0,693,0.6176798752081814,0.7983440617992495,0.6915507158701351,0.6858695652173914,0.725088291455324,0.3,0.9308573008907034
balance-scale,0,3,Full,KNN,0,0.5762267999816686,0.0,693,0.550653929637748,0.724465136885556,0.5982859447469248,0.5953719683894995,0.562408272316574,0.3,0.786840185717101
balance-scale,0,3,Full,CART,0,0.5762267999816686,0.0,693,0.408644271625714,0.7191296648564575,0.5840492034684411,0.5896670880741677,0.6054300037408661,0.1,0.7347505499980166
balance-scale,0,3,Full,SVM,0,0.5762267999816686,0.0,693,0.8284856681205188,0.8817279384743799,0.8288767896753377,0.7523712441143634,0.7579469009279758,0.8,0.9247452164588194
balance-scale,0,3,Full,RF,0,0.5762267999816686,0.0,693,0.0,0.7481443118221548,0.6085904416212946,0.6059970014992504,0.7180836333069617,0.0,0.840440469043546
balance-scale,0,3,Full,LGBM,0,0.5762267999816686,0.0,693,0.0,0.7512771151307656,0.6144383948376689,0.6041301383206702,0.729299830122694,0.0,0.9236037912685756
balance-scale,0,3,-FeatWeights,KNN,0,0.2080510000232607,0.0,693,0.4775291459381187,0.6972540265342202,0.5592054849768099,0.5725890937717625,0.5361716483047912,0.2,0.773532308018472
balance-scale,0,3,-FeatWeights,CART,0,0.2080510000232607,0.0,693,0.5076070111566376,0.7295592627286965,0.6058882839282114,0.6044634107792003,0.5920345600957354,0.2,0.7421808230090091
balance-scale,0,3,-FeatWeights,SVM,0,0.2080510000232607,0.0,693,0.8343202664674993,0.8861990359826052,0.8347247428917121,0.7600781423872993,0.7679517680925527,0.8,0.9282234773283844
balance-scale,0,3,-FeatWeights,RF,0,0.2080510000232607,0.0,693,0.0,0.7575525433942123,0.6200846944948578,0.6120363547040039,0.7441172656849107,0.0,0.8278104842269499
balance-scale,0,3,-FeatWeights,LGBM,0,0.2080510000232607,0.0,693,0.0,0.7561252609616911,0.6203871748336358,0.607462181624861,0.7444662278367183,0.0,0.9174196716314608
balance-scale,0,3,-Subgroups,KNN,0,0.3899152999510988,0.0,693,0.550653929637748,0.724465136885556,0.5982859447469248,0.5953719683894995,0.562408272316574,0.3,0.786840185717101
balance-scale,0,3,-Subgroups,CART,0,0.3899152999510988,0.0,693,0.408644271625714,0.7191296648564575,0.5840492034684411,0.5896670880741677,0.6054300037408661,0.1,0.7347505499980166
balance-scale,0,3,-Subgroups,SVM,0,0.3899152999510988,0.0,693,0.8284856681205188,0.8817279384743799,0.8288767896753377,0.7523712441143634,0.7579469009279758,0.8,0.9247452164588194
balance-scale,0,3,-Subgroups,RF,0,0.3899152999510988,0.0,693,0.0,0.7481443118221548,0.6085904416212946,0.6059970014992504,0.7180836333069617,0.0,0.840440469043546
balance-scale,0,3,-Subgroups,LGBM,0,0.3899152999510988,0.0,693,0.0,0.7512771151307656,0.6144383948376689,0.6041301383206702,0.729299830122694,0.0,0.9236037912685756
balance-scale,0,3,-Mahalanobis,KNN,0,0.6205496999900788,0.0,693,0.550653929637748,0.724465136885556,0.5982859447469248,0.5953719683894995,0.562408272316574,0.3,0.786840185717101
balance-scale,0,3,-Mahalanobis,CART,0,0.6205496999900788,0.0,693,0.408644271625714,0.7191296648564575,0.5840492034684411,0.5896670880741677,0.6054300037408661,0.1,0.7347505499980166
balance-scale,0,3,-Mahalanobis,SVM,0,0.6205496999900788,0.0,693,0.8284856681205188,0.8817279384743799,0.8288767896753377,0.7523712441143634,0.7579469009279758,0.8,0.9247452164588194
balance-scale,0,3,-Mahalanobis,RF,0,0.6205496999900788,0.0,693,0.0,0.7481443118221548,0.6085904416212946,0.6059970014992504,0.7180836333069617,0.0,0.840440469043546
balance-scale,0,3,-Mahalanobis,LGBM,0,0.6205496999900788,0.0,693,0.0,0.7512771151307656,0.6144383948376689,0.6041301383206702,0.729299830122694,0.0,0.9236037912685756
balance-scale,0,3,-NoiseGate,KNN,0,0.5759554000105709,0.0,693,0.4850162375079592,0.706790435507756,0.5708005646299658,0.5818494542952747,0.5545104834317482,0.2,0.7806035624117612
balance-scale,0,3,-NoiseGate,CART,0,0.5759554000105709,0.0,693,0.4057252843271141,0.7134480807402344,0.5782012502520669,0.5837154150197628,0.591596178340759,0.1,0.7292658476069791
balance-scale,0,3,-NoiseGate,SVM,0,0.5759554000105709,0.0,693,0.8284856681205188,0.8817279384743799,0.8288767896753377,0.7523712441143634,0.7579469009279758,0.8,0.9256147816762104
balance-scale,0,3,-NoiseGate,RF,0,0.5759554000105709,0.0,693,0.0,0.7519744416983163,0.6143375680580762,0.6063688633348076,0.7299892163908929,0.0,0.8385627249757898
balance-scale,0,3,-NoiseGate,LGBM,0,0.5759554000105709,0.0,693,0.0,0.7466044864599428,0.6086912684008873,0.6012580470784805,0.716703450284005,0.0,0.9227331195237524
balance-scale,0,3,-ConfSteer,KNN,0,0.5768966000759974,0.0,693,0.550653929637748,0.724465136885556,0.5982859447469248,0.5953719683894995,0.562408272316574,0.3,0.786840185717101
balance-scale,0,3,-ConfSteer,CART,0,0.5768966000759974,0.0,693,0.408644271625714,0.7191296648564575,0.5840492034684411,0.5896670880741677,0.6054300037408661,0.1,0.7347505499980166
balance-scale,0,3,-ConfSteer,SVM,0,0.5768966000759974,0.0,693,0.8284856681205188,0.8817279384743799,0.8288767896753377,0.7523712441143634,0.7579469009279758,0.8,0.9247452164588194
balance-scale,0,3,-ConfSteer,RF,0,0.5768966000759974,0.0,693,0.0,0.7481443118221548,0.6085904416212946,0.6059970014992504,0.7180836333069617,0.0,0.840440469043546
balance-scale,0,3,-ConfSteer,LGBM,0,0.5768966000759974,0.0,693,0.0,0.7512771151307656,0.6144383948376689,0.6041301383206702,0.729299830122694,0.0,0.9236037912685756
balance-scale,0,4,Full,KNN,0,0.560862599988468,0.0,690,0.5723319139692574,0.7344211923104366,0.611111111111111,0.6015037940604283,0.5768347954106086,0.3333333333333333,0.8424853700844436
balance-scale,0,4,Full,CART,0,0.560862599988468,0.0,690,0.4208043296145098,0.7200704331157389,0.5830140485312899,0.5912154496225293,0.6099922594878807,0.1111111111111111,0.736180210060807
balance-scale,0,4,Full,SVM,0,0.560862599988468,0.0,690,0.911789803296716,0.9350965028695988,0.9137931034482758,0.8023867626314111,0.8196553671507434,0.8620689655172413,0.982958769371533
balance-scale,0,4,Full,RF,0,0.560862599988468,0.0,690,0.4410195255366554,0.7554770695328537,0.6232439335887613,0.6267077555213149,0.6971388197008196,0.1111111111111111,0.8524570633422924
balance-scale,0,4,Full,LGBM,0,0.560862599988468,0.0,690,0.551843843757731,0.7759838429986077,0.6545338441890166,0.6514888010540184,0.7034305987625291,0.2222222222222222,0.9226472998989728
balance-scale,0,4,-FeatWeights,KNN,0,0.2129303000401705,0.0,690,0.5038241149907104,0.7145201763796376,0.5798212005108557,0.5872004679344128,0.5686226369166845,0.2222222222222222,0.8154390880844818
balance-scale,0,4,-FeatWeights,CART,0,0.2129303000401705,0.0,690,0.0,0.7298492594725577,0.5862068965517241,0.5913490623109497,0.6778154997059731,0.0,0.747448104306056
balance-scale,0,4,-FeatWeights,SVM,0,0.2129303000401705,0.0,690,0.9178283223438228,0.9394398501932208,0.9195402298850576,0.8113532110091745,0.8300266186695247,0.8793103448275862,0.980809553763748
balance-scale,0,4,-FeatWeights,RF,0,0.2129303000401705,0.0,690,0.0,0.7362685423093576,0.5919540229885057,0.5993589743589743,0.6942677629952201,0.0,0.8370980347305617
balance-scale,0,4,-FeatWeights,LGBM,0,0.2129303000401705,0.0,690,0.4552184987237447,0.7796142731457344,0.6519795657726691,0.6516668318630852,0.7593055707373833,0.1111111111111111,0.9246678484969788
balance-scale,0,4,-Subgroups,KNN,0,0.3755087000317871,0.0,690,0.5723319139692574,0.7344211923104366,0.611111111111111,0.6015037940604283,0.5768347954106086,0.3333333333333333,0.8424853700844436
balance-scale,0,4,-Subgroups,CART,0,0.3755087000317871,0.0,690,0.4208043296145098,0.7200704331157389,0.5830140485312899,0.5912154496225293,0.6099922594878807,0.1111111111111111,0.736180210060807
balance-scale,0,4,-Subgroups,SVM,0,0.3755087000317871,0.0,690,0.911789803296716,0.9350965028695988,0.9137931034482758,0.8023867626314111,0.8196553671507434,0.8620689655172413,0.982958769371533
balance-scale,0,4,-Subgroups,RF,0,0.3755087000317871,0.0,690,0.4410195255366554,0.7554770695328537,0.6232439335887613,0.6267077555213149,0.6971388197008196,0.1111111111111111,0.8524570633422924
balance-scale,0,4,-Subgroups,LGBM,0,0.3755087000317871,0.0,690,0.551843843757731,0.7759838429986077,0.6545338441890166,0.6514888010540184,0.7034305987625291,0.2222222222222222,0.9226472998989728
balance-scale,0,4,-Mahalanobis,KNN,0,0.5895354000385851,0.0,690,0.5723319139692574,0.7344211923104366,0.611111111111111,0.6015037940604283,0.5768347954106086,0.3333333333333333,0.8424853700844436
balance-scale,0,4,-Mahalanobis,CART,0,0.5895354000385851,0.0,690,0.4208043296145098,0.7200704331157389,0.5830140485312899,0.5912154496225293,0.6099922594878807,0.1111111111111111,0.736180210060807
balance-scale,0,4,-Mahalanobis,SVM,0,0.5895354000385851,0.0,690,0.911789803296716,0.9350965028695988,0.9137931034482758,0.8023867626314111,0.8196553671507434,0.8620689655172413,0.982958769371533
balance-scale,0,4,-Mahalanobis,RF,0,0.5895354000385851,0.0,690,0.4410195255366554,0.7554770695328537,0.6232439335887613,0.6267077555213149,0.6971388197008196,0.1111111111111111,0.8524570633422924
balance-scale,0,4,-Mahalanobis,LGBM,0,0.5895354000385851,0.0,690,0.551843843757731,0.7759838429986077,0.6545338441890166,0.6514888010540184,0.7034305987625291,0.2222222222222222,0.9226472998989728
balance-scale,0,4,-NoiseGate,KNN,0,0.5675297999987379,0.0,690,0.5940816533026512,0.7575817611161039,0.6398467432950191,0.627163297751533,0.6236074466474306,0.3333333333333333,0.8202092983359067
balance-scale,0,4,-NoiseGate,CART,0,0.5675297999987379,0.0,690,0.4295735983498895,0.7367455619240592,0.6002554278416347,0.60894777736883,0.6511699567513756,0.1111111111111111,0.7522635862831436
balance-scale,0,4,-NoiseGate,SVM,0,0.5675297999987379,0.0,690,0.911789803296716,0.9350965028695988,0.9137931034482758,0.8023867626314111,0.8196553671507434,0.8620689655172413,0.9842359085797068
balance-scale,0,4,-NoiseGate,RF,0,0.5675297999987379,0.0,690,0.4410195255366554,0.7546097119346449,0.6232439335887613,0.6254292786181709,0.6939622546138726,0.1111111111111111,0.8638202664836735
balance-scale,0,4,-NoiseGate,LGBM,0,0.5675297999987379,0.0,690,0.4467745463689007,0.7648003459408248,0.6347381864623244,0.6360371267150928,0.7205458695323942,0.1111111111111111,0.9220468538533386
balance-scale,0,4,-ConfSteer,KNN,0,0.5588140999898314,0.0,690,0.5723319139692574,0.7344211923104366,0.611111111111111,0.6015037940604283,0.5768347954106086,0.3333333333333333,0.8424853700844436
balance-scale,0,4,-ConfSteer,CART,0,0.5588140999898314,0.0,690,0.4208043296145098,0.7200704331157389,0.5830140485312899,0.5912154496225293,0.6099922594878807,0.1111111111111111,0.736180210060807
balance-scale,0,4,-ConfSteer,SVM,0,0.5588140999898314,0.0,690,0.911789803296716,0.9350965028695988,0.9137931034482758,0.8023867626314111,0.8196553671507434,0.8620689655172413,0.982958769371533
balance-scale,0,4,-ConfSteer,RF,0,0.5588140999898314,0.0,690,0.4410195255366554,0.7554770695328537,0.6232439335887613,0.6267077555213149,0.6971388197008196,0.1111111111111111,0.8524570633422924
balance-scale,0,4,-ConfSteer,LGBM,0,0.5588140999898314,0.0,690,0.551843843757731,0.7759838429986077,0.6545338441890166,0.6514888010540184,0.7034305987625291,0.2222222222222222,0.9226472998989728
cardiotocography,0,0,Full,KNN,0,1.980005299905315,0.0,4640,0.7524078430677065,0.8628538197318447,0.7664747349020657,0.7225799504966344,0.7073347804361719,0.5454545454545454,0.9059727290579748
cardiotocography,0,0,Full,CART,0,1.980005299905315,0.0,4640,0.7801143926225571,0.8821573589964984,0.7941983455342057,0.7705556542746128,0.7925543261212938,0.5,0.88702817501668
cardiotocography,0,0,Full,SVM,0,1.980005299905315,0.0,4640,0.8731724001096149,0.9280288996102224,0.8753906487664873,0.855849610005718,0.8346774287900527,0.7857142857142857,0.9830678059598638
cardiotocography,0,0,Full,RF,0,1.980005299905315,0.0,4640,0.8765500282048156,0.9357782095314566,0.8857795740087304,0.8735556727570251,0.883165019257902,0.5714285714285714,0.9933784476783364
cardiotocography,0,0,Full,LGBM,0,1.980005299905315,0.0,4640,0.8814115850345513,0.9385250837452996,0.889957777238623,0.8947268598798154,0.8967819319095889,0.5714285714285714,0.9892529523146154
cardiotocography,0,0,-FeatWeights,KNN,0,0.8962951999856159,0.0,4640,0.7249273465393402,0.8453794535747631,0.73878254988807,0.6975321783362822,0.668310357909557,0.5454545454545454,0.8991495844993798
cardiotocography,0,0,-FeatWeights,CART,0,0.8962951999856159,0.0,4640,0.7565023958883482,0.8688362747739106,0.7714729004508569,0.7638626071345749,0.7802663271269864,0.5,0.8749801241910651
cardiotocography,0,0,-FeatWeights,SVM,0,0.8962951999856159,0.0,4640,0.870125850338724,0.9264234158789432,0.8730375078973955,0.8461322829808748,0.8262591041188756,0.7692307692307693,0.9821944692641846
cardiotocography,0,0,-FeatWeights,RF,0,0.8962951999856159,0.0,4640,0.869455990651063,0.9323656054868362,0.8793628342768158,0.8689283355740736,0.8830905701466544,0.5714285714285714,0.991485149854076
cardiotocography,0,0,-FeatWeights,LGBM,0,0.8962951999856159,0.0,4640,0.8690981780538002,0.9321223405603706,0.8778003047280567,0.8817414828402619,0.8968476560369866,0.5714285714285714,0.9893921672051936
cardiotocography,0,0,-Subgroups,KNN,0,1.715518799959682,0.0,4640,0.7524078430677065,0.8628538197318447,0.7664747349020657,0.7225799504966344,0.7073347804361719,0.5454545454545454,0.9059727290579748
cardiotocography,0,0,-Subgroups,CART,0,1.715518799959682,0.0,4640,0.7801143926225571,0.8821573589964984,0.7941983455342057,0.7705556542746128,0.7925543261212938,0.5,0.88702817501668
cardiotocography,0,0,-Subgroups,SVM,0,1.715518799959682,0.0,4640,0.8731724001096149,0.9280288996102224,0.8753906487664873,0.855849610005718,0.8346774287900527,0.7857142857142857,0.9830640465613676
cardiotocography,0,0,-Subgroups,RF,0,1.715518799959682,0.0,4640,0.8738568841282073,0.9342877719217244,0.8832154714446279,0.8714831424379387,0.8803478691369727,0.5714285714285714,0.9932402111011986
cardiotocography,0,0,-Subgroups,LGBM,0,1.715518799959682,0.0,4640,0.8775110575750529,0.9370933054385604,0.886547221055612,0.8965058924302843,0.9051731756236892,0.5714285714285714,0.9891415687353584
cardiotocography,0,0,-Mahalanobis,KNN,0,1.947531900019385,0.0,4640,0.7524078430677065,0.8628538197318447,0.7664747349020657,0.7225799504966344,0.7073347804361719,0.5454545454545454,0.9059727290579748
cardiotocography,0,0,-Mahalanobis,CART,0,1.947531900019385,0.0,4640,0.7801143926225571,0.8821573589964984,0.7941983455342057,0.7705556542746128,0.7925543261212938,0.5,0.88702817501668
cardiotocography,0,0,-Mahalanobis,SVM,0,1.947531900019385,0.0,4640,0.8731724001096149,0.9280288996102224,0.8753906487664873,0.855849610005718,0.8346774287900527,0.7857142857142857,0.9830678059598638
cardiotocography,0,0,-Mahalanobis,RF,0,1.947531900019385,0.0,4640,0.8765500282048156,0.9357782095314566,0.8857795740087304,0.8735556727570251,0.883165019257902,0.5714285714285714,0.993166780293967
cardiotocography,0,0,-Mahalanobis,LGBM,0,1.947531900019385,0.0,4640,0.8555819281571789,0.9269412979357194,0.8685419381757251,0.8747708916801535,0.8912762282480037,0.5,0.9890334033605364
cardiotocography,0,0,-NoiseGate,KNN,0,1.8247562000760809,0.0,4640,0.7524078430677065,0.8628416870617048,0.7664747349020657,0.7230703573947588,0.7072670509670127,0.5454545454545454,0.9059611406208627
cardiotocography,0,0,-NoiseGate,CART,0,1.8247562000760809,0.0,4640,0.7845132146821555,0.8827561272630847,0.7963671750445346,0.76865451206643,0.7789301524253219,0.5714285714285714,0.8874418120196179
cardiotocography,0,0,-NoiseGate,SVM,0,1.8247562000760809,0.0,4640,0.8731724001096149,0.9280288996102224,0.8753906487664873,0.855849610005718,0.8346774287900527,0.7857142857142857,0.983062577201694
cardiotocography,0,0,-NoiseGate,RF,0,1.8247562000760809,0.0,4640,0.87949371392897,0.9374944956888844,0.8888119235731257,0.875266482446715,0.8860573744853979,0.5714285714285714,0.9930294362261168
cardiotocography,0,0,-NoiseGate,LGBM,0,1.8247562000760809,0.0,4640,0.8775610334254507,0.9367612831415562,0.886290264466924,0.8892770555766558,0.8998486651755686,0.5714285714285714,0.9899604788805052
cardiotocography,0,0,-ConfSteer,KNN,0,1.4644205999793485,0.0,4640,0.7524078430677065,0.8628538197318447,0.7664747349020657,0.7225799504966344,0.7073347804361719,0.5454545454545454,0.9059727290579748
cardiotocography,0,0,-ConfSteer,CART,0,1.4644205999793485,0.0,4640,0.7801143926225571,0.8821573589964984,0.7941983455342057,0.7705556542746128,0.7925543261212938,0.5,0.88702817501668
cardiotocography,0,0,-ConfSteer,SVM,0,1.4644205999793485,0.0,4640,0.8731724001096149,0.9280288996102224,0.8753906487664873,0.855849610005718,0.8346774287900527,0.7857142857142857,0.9830640465613676
cardiotocography,0,0,-ConfSteer,RF,0,1.4644205999793485,0.0,4640,0.8869353411504901,0.939676008361171,0.8929224311515875,0.881329716275266,0.8859476531776946,0.6428571428571429,0.993217771624234
cardiotocography,0,0,-ConfSteer,LGBM,0,1.4644205999793485,0.0,4640,0.8697202054221778,0.9346373706732682,0.8828149200957659,0.8851748177190775,0.8940286846018157,0.5,0.9891656174239876
cardiotocography,0,1,Full,KNN,0,1.9781561000272632,0.0,4630,0.733401181028943,0.8482575297254804,0.7437361202016375,0.7049817068143083,0.670923328521108,0.5,0.9095663709367804
cardiotocography,0,1,Full,CART,0,1.9781561000272632,0.0,4630,0.7942226986981408,0.8899052218798718,0.8063294090966504,0.7956600625179263,0.8169497384571976,0.5,0.8942365264333058
cardiotocography,0,1,Full,SVM,0,1.9781561000272632,0.0,4630,0.8098744833290809,0.894897125079086,0.8164702969444348,0.7909582217484181,0.8032858196313735,0.5714285714285714,0.9784828521740324
cardiotocography,0,1,Full,RF,0,1.9781561000272632,0.0,4630,0.8500469215656863,0.923514040534096,0.8624322861046998,0.8694546442472811,0.8878116463841143,0.5714285714285714,0.9916843659120228
cardiotocography,0,1,Full,LGBM,0,1.9781561000272632,0.0,4630,0.8721263689876207,0.9339771708947529,0.8804433583657723,0.8926178331127304,0.9074416603714196,0.6363636363636364,0.9888251217599432
cardiotocography,0,1,-FeatWeights,KNN,0,0.8747316999360919,0.0,4630,0.7465133584511275,0.8548687339143004,0.7548727077520182,0.7138525107467344,0.6762022213222628,0.5714285714285714,0.9074941192548576
cardiotocography,0,1,-FeatWeights,CART,0,0.8747316999360919,0.0,4630,0.7924032951702138,0.8851127710799677,0.7993050857188788,0.7782751633350737,0.7955025740171917,0.5714285714285714,0.8897186212106505
cardiotocography,0,1,-FeatWeights,SVM,0,0.8747316999360919,0.0,4630,0.8148661330481701,0.8976368471737624,0.8212212815919712,0.79516741206984,0.8063621553482045,0.5714285714285714,0.9787345292647076
cardiotocography,0,1,-FeatWeights,RF,0,0.8747316999360919,0.0,4630,0.8673313363964739,0.9300940121627912,0.8742779117434291,0.8803638669268794,0.8935789900634492,0.6363636363636364,0.9917333213389709
cardiotocography,0,1,-FeatWeights,LGBM,0,0.8747316999360919,0.0,4630,0.863600283730244,0.9303573178021172,0.8738646037870176,0.8876031915641873,0.9046431715470968,0.6363636363636364,0.9910781452541332
cardiotocography,0,1,-Subgroups,KNN,0,1.4001383999129755,0.0,4630,0.733401181028943,0.8482575297254804,0.7437361202016375,0.7049817068143083,0.670923328521108,0.5,0.9095663709367804
cardiotocography,0,1,-Subgroups,CART,0,1.4001383999129755,0.0,4630,0.7942226986981408,0.8899052218798718,0.8063294090966504,0.7956600625179263,0.8169497384571976,0.5,0.8942365264333058
cardiotocography,0,1,-Subgroups,SVM,0,1.4001383999129755,0.0,4630,0.8098744833290809,0.894897125079086,0.8164702969444348,0.7909582217484181,0.8032858196313735,0.5714285714285714,0.9784654729595728
cardiotocography,0,1,-Subgroups,RF,0,1.4001383999129755,0.0,4630,0.8500469215656863,0.923514040534096,0.8624322861046998,0.8694546442472811,0.8878116463841143,0.5714285714285714,0.991597070376046
cardiotocography,0,1,-Subgroups,LGBM,0,1.4001383999129755,0.0,4630,0.8721263689876207,0.9339771708947529,0.8804433583657723,0.8926178331127304,0.9074416603714196,0.6363636363636364,0.9890520057320972
cardiotocography,0,1,-Mahalanobis,KNN,0,1.668369800085202,0.0,4630,0.733401181028943,0.8482575297254804,0.7437361202016375,0.7049817068143083,0.670923328521108,0.5,0.9095663709367804
cardiotocography,0,1,-Mahalanobis,CART,0,1.668369800085202,0.0,4630,0.7942226986981408,0.8899052218798718,0.8063294090966504,0.7956600625179263,0.8169497384571976,0.5,0.8942365264333058
cardiotocography,0,1,-Mahalanobis,SVM,0,1.668369800085202,0.0,4630,0.8098744833290809,0.894897125079086,0.8164702969444348,0.7909582217484181,0.8032858196313735,0.5714285714285714,0.9784703177154316
cardiotocography,0,1,-Mahalanobis,RF,0,1.668369800085202,0.0,4630,0.8500469215656863,0.923514040534096,0.8624322861046998,0.8694546442472811,0.8878116463841143,0.5714285714285714,0.9913591687001916
cardiotocography,0,1,-Mahalanobis,LGBM,0,1.668369800085202,0.0,4630,0.867074651488304,0.9308643709814796,0.8750358348548005,0.8861707025929075,0.9018877702960422,0.6363636363636364,0.9887206712106922
cardiotocography,0,1,-NoiseGate,KNN,0,1.628121400019154,0.0,4630,0.733401181028943,0.8482699312486248,0.7437361202016375,0.7046469688135362,0.6710327559888895,0.5,0.9093377225305184
cardiotocography,0,1,-NoiseGate,CART,0,1.628121400019154,0.0,4630,0.7980391868414857,0.8902484301285353,0.8073920677024125,0.7942706025902782,0.8118240728901536,0.5714285714285714,0.8944998818513799
cardiotocography,0,1,-NoiseGate,SVM,0,1.628121400019154,0.0,4630,0.8098744833290809,0.894897125079086,0.8164702969444348,0.7909582217484181,0.8032858196313735,0.5714285714285714,0.9784597864551422
cardiotocography,0,1,-NoiseGate,RF,0,1.628121400019154,0.0,4630,0.8725110709283042,0.9333364486214072,0.8801553676208849,0.8850622140387034,0.8963656558975264,0.6363636363636364,0.9929587544048096
cardiotocography,0,1,-NoiseGate,LGBM,0,1.628121400019154,0.0,4630,0.8690319041528821,0.9322416784968706,0.8771966051190191,0.8940086301904193,0.9074516178675645,0.6363636363636364,0.9881103543281734
cardiotocography,0,1,-ConfSteer,KNN,0,1.455192600027658,0.0,4630,0.733401181028943,0.8482575297254804,0.7437361202016375,0.7049817068143083,0.670923328521108,0.5,0.9095663709367804
cardiotocography,0,1,-ConfSteer,CART,0,1.455192600027658,0.0,4630,0.7942226986981408,0.8899052218798718,0.8063294090966504,0.7956600625179263,0.8169497384571976,0.5,0.8942365264333058
cardiotocography,0,1,-ConfSteer,SVM,0,1.455192600027658,0.0,4630,0.8098744833290809,0.894897125079086,0.8164702969444348,0.7909582217484181,0.8032858196313735,0.5714285714285714,0.978486584074316
cardiotocography,0,1,-ConfSteer,RF,0,1.455192600027658,0.0,4630,0.8500469215656863,0.923514040534096,0.8624322861046998,0.8694546442472811,0.8878116463841143,0.5714285714285714,0.991677601124616
cardiotocography,0,1,-ConfSteer,LGBM,0,1.455192600027658,0.0,4630,0.8734135173540092,0.9346116096756945,0.8817087596311735,0.8949051439625585,0.9073762655141926,0.6363636363636364,0.9883694504230788
cardiotocography,0,2,Full,KNN,0,1.1878833000082525,0.0,4630,0.7719757183226349,0.8701692681834726,0.7801251679355128,0.7226599092435286,0.6989766200990095,0.5974025974025974,0.9312983801838352
cardiotocography,0,2,Full,CART,0,1.1878833000082525,0.0,4630,0.7716100682752135,0.8762702213849858,0.783363934915659,0.7728548217572805,0.7963994927593063,0.5,0.8814927626923426
cardiotocography,0,2,Full,SVM,0,1.1878833000082525,0.0,4630,0.8447176799839331,0.9137293719421744,0.849011830123899,0.8256804873112509,0.8280332601112087,0.7142857142857143,0.9783845279757885
cardiotocography,0,2,Full,RF,0,1.1878833000082525,0.0,4630,0.9039443409613368,0.9469936731343448,0.90545420958352,0.8955411130467725,0.9022477442437457,0.8181818181818182,0.992630278259498
cardiotocography,0,2,Full,LGBM,0,1.1878833000082525,0.0,4630,0.8716116910444418,0.9337547060374386,0.8811253172115242,0.8782042505714713,0.8937238325910822,0.5714285714285714,0.9893291577261992
cardiotocography,0,2,-FeatWeights,KNN,0,0.7917249000165612,0.0,4630,0.7607654928852312,0.8640961919782049,0.7706580086580087,0.709045976985773,0.6811058456924538,0.5584415584415584,0.9290710182512878
cardiotocography,0,2,-FeatWeights,CART,0,0.7917249000165612,0.0,4630,0.8149450091618604,0.8957885986987856,0.8179889908941634,0.8025679579060405,0.8074980386099393,0.6875,0.8990911871467585
cardiotocography,0,2,-FeatWeights,SVM,0,0.7917249000165612,0.0,4630,0.845819056223108,0.913456794284606,0.8492103672189879,0.8205222045528705,0.8198019343904139,0.7142857142857143,0.9785249536314738
cardiotocography,0,2,-FeatWeights,RF,0,0.7917249000165612,0.0,4630,0.9013527323467306,0.946166940480624,0.9038600537393642,0.8923999035966412,0.9021970303153044,0.7857142857142857,0.990955830995338
cardiotocography,0,2,-FeatWeights,LGBM,0,0.7917249000165612,0.0,4630,0.8962044644347493,0.9445316987039046,0.9005641140468728,0.8951369180784224,0.9049919105884218,0.7142857142857143,0.987730368312564
cardiotocography,0,2,-Subgroups,KNN,0,0.6225669999839738,0.0,4630,0.7719757183226349,0.8701692681834726,0.7801251679355128,0.7226599092435286,0.6989766200990095,0.5974025974025974,0.9312983801838352
cardiotocography,0,2,-Subgroups,CART,0,0.6225669999839738,0.0,4630,0.7716100682752135,0.8762702213849858,0.783363934915659,0.7728548217572805,0.7963994927593063,0.5,0.8814927626923426
cardiotocography,0,2,-Subgroups,SVM,0,0.6225669999839738,0.0,4630,0.8447176799839331,0.9137293719421744,0.849011830123899,0.8256804873112509,0.8280332601112087,0.7142857142857143,0.9783803074980304
cardiotocography,0,2,-Subgroups,RF,0,0.6225669999839738,0.0,4630,0.905490904095453,0.947940504176324,0.9069693610986714,0.8968005394008058,0.9050544474241448,0.8181818181818182,0.9927043918761174
cardiotocography,0,2,-Subgroups,LGBM,0,0.6225669999839738,0.0,4630,0.8717454110855035,0.9338406670890208,0.8814645469473057,0.8728449774646707,0.8911286343459681,0.5714285714285714,0.9897185268838852
cardiotocography,0,2,-Mahalanobis,KNN,0,1.2517557999817654,0.0,4630,0.7711136483451434,0.869563546052499,0.7792630989699956,0.7215440494891279,0.6963674853765655,0.5974025974025974,0.9312268818006302
cardiotocography,0,2,-Mahalanobis,CART,0,1.2517557999817654,0.0,4630,0.7716100682752135,0.8762702213849858,0.783363934915659,0.7728548217572805,0.7963994927593063,0.5,0.8814927626923426
cardiotocography,0,2,-Mahalanobis,SVM,0,1.2517557999817654,0.0,4630,0.8447176799839331,0.9137293719421744,0.849011830123899,0.8256804873112509,0.8280332601112087,0.7142857142857143,0.9783634168610452
cardiotocography,0,2,-Mahalanobis,RF,0,1.2517557999817654,0.0,4630,0.8957584176672365,0.9429089902052246,0.8978265039558144,0.8883058270168964,0.8994789470861717,0.7857142857142857,0.9925116083465012
cardiotocography,0,2,-Mahalanobis,LGBM,0,1.2517557999817654,0.0,4630,0.8737933484283575,0.9349672835096292,0.8834163307956411,0.8788720661903037,0.8937869944721063,0.5714285714285714,0.9895650637701576
cardiotocography,0,2,-NoiseGate,KNN,0,1.2363371999235824,0.0,4630,0.7711136483451434,0.869563546052499,0.7792630989699956,0.7215440494891279,0.6963674853765655,0.5974025974025974,0.9318244842854496
cardiotocography,0,2,-NoiseGate,CART,0,1.2363371999235824,0.0,4630,0.7537450991883499,0.8678152967556135,0.7688093372145096,0.753602246106922,0.7880873975736106,0.4285714285714285,0.8739034449587246
cardiotocography,0,2,-NoiseGate,SVM,0,1.2363371999235824,0.0,4630,0.8447176799839331,0.9137293719421744,0.849011830123899,0.8256804873112509,0.8280332601112087,0.7142857142857143,0.978360626993843
cardiotocography,0,2,-NoiseGate,RF,0,1.2363371999235824,0.0,4630,0.909797130260144,0.9503810109604944,0.91170420958352,0.8998856802557004,0.9050378606664642,0.8181818181818182,0.9924126830220824
cardiotocography,0,2,-NoiseGate,LGBM,0,1.2363371999235824,0.0,4630,0.8745844749607806,0.9355971278304878,0.8842783997611583,0.8778577695385026,0.8966335052714792,0.5714285714285714,0.989795333797112
cardiotocography,0,2,-ConfSteer,KNN,0,1.225485400063917,0.0,4630,0.7719757183226349,0.8701692681834726,0.7801251679355128,0.7226599092435286,0.6989766200990095,0.5974025974025974,0.9312983801838352
cardiotocography,0,2,-ConfSteer,CART,0,1.225485400063917,0.0,4630,0.7743358846443368,0.8777632984101451,0.785438237050306,0.7696690770812744,0.8021277888168161,0.5,0.882902754236734
cardiotocography,0,2,-ConfSteer,SVM,0,1.225485400063917,0.0,4630,0.8447176799839331,0.9137293719421744,0.849011830123899,0.8256804873112509,0.8280332601112087,0.7142857142857143,0.9783803074980304
cardiotocography,0,2,-ConfSteer,RF,0,1.225485400063917,0.0,4630,0.9035865424112764,0.946776463697685,0.9049693610986717,0.8935361950261692,0.9022758810568544,0.8181818181818182,0.992035443502421
cardiotocography,0,2,-ConfSteer,LGBM,0,1.225485400063917,0.0,4630,0.8710815482091951,0.9333359448098154,0.8804796984624572,0.8722747162956438,0.8910323522890892,0.5714285714285714,0.9904635563131782
cardiotocography,0,3,Full,KNN,0,1.1940674000652507,0.0,4630,0.7851281165312374,0.8776759514903977,0.7925552321241975,0.7481020665315766,0.7156180447098387,0.65,0.931624942969895
cardiotocography,0,3,Full,CART,0,1.1940674000652507,0.0,4630,0.8107406875589673,0.8965898436151515,0.8192571652485446,0.8136876270402048,0.8101359484862113,0.5333333333333333,0.9002397007033949
cardiotocography,0,3,Full,SVM,0,1.1940674000652507,0.0,4630,0.8599746127755019,0.9219174090300656,0.864346880131363,0.8344526013433006,0.8284312235045425,0.725,0.9776873364679416
cardiotocography,0,3,Full,RF,0,1.1940674000652507,0.0,4630,0.8795186081398084,0.9374424750828224,0.8869840274667862,0.8842640851588879,0.9047327234486576,0.6,0.9817924823394598
cardiotocography,0,3,Full,LGBM,0,1.1940674000652507,0.0,4630,0.882375247108239,0.9414126955357428,0.8943437080161217,0.8966561338030488,0.907792388219813,0.5333333333333333,0.9877232721640452
cardiotocography,0,3,-FeatWeights,KNN,0,0.7994753000093624,0.0,4630,0.7691135469800716,0.8692173707043194,0.7779068517689207,0.7393867911924228,0.7085540228039217,0.625,0.924750300175154
cardiotocography,0,3,-FeatWeights,CART,0,0.7994753000093624,0.0,4630,0.7780402297520611,0.8779663812724864,0.7867145842663084,0.7709120469745677,0.7932241673984014,0.6,0.8832585740342506
cardiotocography,0,3,-FeatWeights,SVM,0,0.7994753000093624,0.0,4630,0.8592465129415177,0.9224856711898451,0.8647469398417675,0.8370979671832506,0.8362753580914348,0.675,0.9768386780277298
cardiotocography,0,3,-FeatWeights,RF,0,0.7994753000093624,0.0,4630,0.8860457831511717,0.939959074897525,0.8919265562024183,0.8866195185551333,0.902145099535431,0.6666666666666666,0.9825378986576444
cardiotocography,0,3,-FeatWeights,LGBM,0,0.7994753000093624,0.0,4630,0.8901997113544634,0.9435972291347352,0.8980590759814898,0.904246609571579,0.913273444249809,0.6,0.9845529084797412
cardiotocography,0,3,-Subgroups,KNN,0,0.6887920000590384,0.0,4630,0.7851281165312374,0.8776759514903977,0.7925552321241975,0.7481020665315766,0.7156180447098387,0.65,0.931624942969895
cardiotocography,0,3,-Subgroups,CART,0,0.6887920000590384,0.0,4630,0.8107406875589673,0.8965898436151515,0.8192571652485446,0.8136876270402048,0.8101359484862113,0.5333333333333333,0.9002397007033949
cardiotocography,0,3,-Subgroups,SVM,0,0.6887920000590384,0.0,4630,0.8599746127755019,0.9219174090300656,0.864346880131363,0.8344526013433006,0.8284312235045425,0.725,0.9776873364679416
cardiotocography,0,3,-Subgroups,RF,0,0.6887920000590384,0.0,4630,0.8795186081398084,0.9374424750828224,0.8869840274667862,0.8842640851588879,0.9047327234486576,0.6,0.9817684797201056
cardiotocography,0,3,-Subgroups,LGBM,0,0.6887920000590384,0.0,4630,0.8811627696782676,0.9407842874078924,0.8928805045529185,0.8962992559666143,0.910576670019428,0.5333333333333333,0.9872227319670934
cardiotocography,0,3,-Mahalanobis,KNN,0,1.1306475999299437,0.0,4630,0.7851281165312374,0.8776759514903977,0.7925552321241975,0.7481020665315766,0.7156180447098387,0.65,0.9317065172670836
cardiotocography,0,3,-Mahalanobis,CART,0,1.1306475999299437,0.0,4630,0.8107406875589673,0.8965898436151515,0.8192571652485446,0.8136876270402048,0.8101359484862113,0.5333333333333333,0.9002397007033949
cardiotocography,0,3,-Mahalanobis,SVM,0,1.1306475999299437,0.0,4630,0.8599746127755019,0.9219174090300656,0.864346880131363,0.8344526013433006,0.8284312235045425,0.725,0.9776873364679416
cardiotocography,0,3,-Mahalanobis,RF,0,1.1306475999299437,0.0,4630,0.8941781933668648,0.9439363238641812,0.8990386251679355,0.8925883511633206,0.9076315999110904,0.6666666666666666,0.982347935665073
cardiotocography,0,3,-Mahalanobis,LGBM,0,1.1306475999299437,0.0,4630,0.8862889679805799,0.9439720798215988,0.8985044782803403,0.9036501781985272,0.9161365096561936,0.5333333333333333,0.98657341341213
cardiotocography,0,3,-NoiseGate,KNN,0,1.2203052999684587,0.0,4630,0.7851281165312374,0.8776759514903977,0.7925552321241975,0.7481020665315766,0.7156180447098387,0.65,0.9316637359034884
cardiotocography,0,3,-NoiseGate,CART,0,1.2203052999684587,0.0,4630,0.7580653939022173,0.8680784437752821,0.7699790267204061,0.7669722326708549,0.7825169852043454,0.5,0.8743276371250648
cardiotocography,0,3,-NoiseGate,SVM,0,1.2203052999684587,0.0,4630,0.8599746127755019,0.9219174090300656,0.864346880131363,0.8344526013433006,0.8284312235045425,0.725,0.9773062594255776
cardiotocography,0,3,-NoiseGate,RF,0,1.2203052999684587,0.0,4630,0.8849805319157412,0.9393165970514252,0.8903373264666369,0.8929585021990599,0.9075243294902556,0.6666666666666666,0.984924488178156
cardiotocography,0,3,-NoiseGate,LGBM,0,1.2203052999684587,0.0,4630,0.8790472993808411,0.939717039670272,0.8913437080161218,0.8920634027792833,0.905016366946406,0.5333333333333333,0.9858848972201318
cardiotocography,0,3,-ConfSteer,KNN,0,1.2380622000200674,0.0,4630,0.7851281165312374,0.8776759514903977,0.7925552321241975,0.7481020665315766,0.7156180447098387,0.65,0.931624942969895
cardiotocography,0,3,-ConfSteer,CART,0,1.2380622000200674,0.0,4630,0.8107406875589673,0.8965898436151515,0.8192571652485446,0.8136876270402048,0.8101359484862113,0.5333333333333333,0.9002397007033949
cardiotocography,0,3,-ConfSteer,SVM,0,1.2380622000200674,0.0,4630,0.8599746127755019,0.9219174090300656,0.864346880131363,0.8344526013433006,0.8284312235045425,0.725,0.9776873364679416
cardiotocography,0,3,-ConfSteer,RF,0,1.2380622000200674,0.0,4630,0.8787230183179213,0.9368764008277252,0.886121958501269,0.8827538882795387,0.9019943801362632,0.6,0.9817251543186096
cardiotocography,0,3,-ConfSteer,LGBM,0,1.2380622000200674,0.0,4630,0.8811627696782676,0.9407441527673228,0.8928805045529185,0.8973809968248846,0.9105281241038228,0.5333333333333333,0.986775696361542
cardiotocography,0,4,Full,KNN,0,1.2307611000724137,0.0,4630,0.7051789292803818,0.8302990570032674,0.7149594036189961,0.6784998644442338,0.6399783092086077,0.4666666666666667,0.9036689021928864
cardiotocography,0,4,Full,CART,0,1.2307611000724137,0.0,4630,0.6844950060216677,0.8347712405842287,0.7134410857602329,0.7224781109252005,0.7642731214775492,0.4,0.855250965206251
cardiotocography,0,4,Full,SVM,0,1.2307611000724137,0.0,4630,0.7987052774400776,0.8853585062333197,0.8026512193744113,0.7706243177727586,0.7603202827690347,0.6623376623376623,0.9684775949280156
cardiotocography,0,4,Full,RF,0,1.2307611000724137,0.0,4630,0.8340863373075671,0.9100723965183022,0.8398635343721399,0.8416996158869223,0.8597802478566104,0.6666666666666666,0.9879947422238654
cardiotocography,0,4,Full,LGBM,0,1.2307611000724137,0.0,4630,0.8295312035299955,0.9086798488152188,0.8366526480971622,0.8502422449971432,0.8679922356684786,0.6666666666666666,0.987059971898688
cardiotocography,0,4,-FeatWeights,KNN,0,0.7300034000072628,0.0,4630,0.7168582550919285,0.834532647786416,0.7231398443094652,0.6786785776299191,0.629021384467664,0.5775862068965517,0.893642890095863
cardiotocography,0,4,-FeatWeights,CART,0,0.7300034000072628,0.0,4630,0.7235232784092567,0.8501255418409026,0.7396063666586812,0.7414400818997994,0.7674735088377287,0.5,0.8685196640180515
cardiotocography,0,4,-FeatWeights,SVM,0,0.7300034000072628,0.0,4630,0.7949622371181863,0.8841911979141321,0.8010794578026497,0.7688706301495734,0.7544647732108843,0.6363636363636364,0.9696230882519692
cardiotocography,0,4,-FeatWeights,RF,0,0.7300034000072628,0.0,4630,0.8450229169803474,0.9164532571612556,0.8513089559215168,0.8530057868053449,0.8653063111513621,0.625,0.987543577247734
cardiotocography,0,4,-FeatWeights,LGBM,0,0.7300034000072628,0.0,4630,0.8468045920687628,0.9167949235348616,0.8514172952147506,0.8632588936883199,0.8709548112212312,0.6875,0.9879624372208828
cardiotocography,0,4,-Subgroups,KNN,0,0.7484270000131801,0.0,4630,0.7051789292803818,0.8302990570032674,0.7149594036189961,0.6784998644442338,0.6399783092086077,0.4666666666666667,0.9036689021928864
cardiotocography,0,4,-Subgroups,CART,0,0.7484270000131801,0.0,4630,0.6844950060216677,0.8347712405842287,0.7134410857602329,0.7224781109252005,0.7642731214775492,0.4,0.855250965206251
cardiotocography,0,4,-Subgroups,SVM,0,0.7484270000131801,0.0,4630,0.7987052774400776,0.8853585062333197,0.8026512193744113,0.7706243177727586,0.7603202827690347,0.6623376623376623,0.9684775949280156
cardiotocography,0,4,-Subgroups,RF,0,0.7484270000131801,0.0,4630,0.8191609311952578,0.9019022443305744,0.8257735944613044,0.8301248342555724,0.8485652092491262,0.6666666666666666,0.9881035377873696
cardiotocography,0,4,-Subgroups,LGBM,0,0.7484270000131801,0.0,4630,0.8323904705037029,0.910539650913921,0.8398788336762889,0.8570567752918963,0.8708646771109761,0.6666666666666666,0.9871747762150036
cardiotocography,0,4,-Mahalanobis,KNN,0,1.1062740000197664,0.0,4630,0.7051789292803818,0.8302990570032674,0.7149594036189961,0.6784998644442338,0.6399783092086077,0.4666666666666667,0.9036689021928864
cardiotocography,0,4,-Mahalanobis,CART,0,1.1062740000197664,0.0,4630,0.6844950060216677,0.8347712405842287,0.7134410857602329,0.7224781109252005,0.7642731214775492,0.4,0.855250965206251
cardiotocography,0,4,-Mahalanobis,SVM,0,1.1062740000197664,0.0,4630,0.7987052774400776,0.8853585062333197,0.8026512193744113,0.7706243177727586,0.7603202827690347,0.6623376623376623,0.9684775949280156
cardiotocography,0,4,-Mahalanobis,RF,0,1.1062740000197664,0.0,4630,0.8265345982983128,0.9066068662126472,0.8334992021869121,0.8387846464021017,0.859774734426426,0.6666666666666666,0.988160769201496
cardiotocography,0,4,-Mahalanobis,LGBM,0,1.1062740000197664,0.0,4630,0.8295312035299955,0.908673189168904,0.8366526480971622,0.8532977344001627,0.8679880722593872,0.6666666666666666,0.9870853459126824
cardiotocography,0,4,-NoiseGate,KNN,0,1.103508099913597,0.0,4630,0.7051789292803818,0.8302990570032674,0.7149594036189961,0.6784998644442338,0.6399783092086077,0.4666666666666667,0.9068092943421248
cardiotocography,0,4,-NoiseGate,CART,0,1.103508099913597,0.0,4630,0.6988645516901423,0.8393957452031716,0.721546768652215,0.7262263200206057,0.7616903877586836,0.4,0.859086504246425
cardiotocography,0,4,-NoiseGate,SVM,0,1.103508099913597,0.0,4630,0.7987052774400776,0.8853585062333197,0.8026512193744113,0.7706243177727586,0.7603202827690347,0.6623376623376623,0.9684690574872824
cardiotocography,0,4,-NoiseGate,RF,0,1.103508099913597,0.0,4630,0.8392707535760158,0.9136685500789704,0.8456733068179133,0.8539152581444425,0.8709094687414092,0.625,0.9886716561313156
cardiotocography,0,4,-NoiseGate,LGBM,0,1.103508099913597,0.0,4630,0.8192132364274402,0.9034801361371014,0.8278052454997595,0.8409435941176122,0.859596446183565,0.625,0.9867150864744406
cardiotocography,0,4,-ConfSteer,KNN,0,1.142520199995488,0.0,4630,0.7051789292803818,0.8302990570032674,0.7149594036189961,0.6784998644442338,0.6399783092086077,0.4666666666666667,0.9036689021928864
cardiotocography,0,4,-ConfSteer,CART,0,1.142520199995488,0.0,4630,0.6844950060216677,0.8347712405842287,0.7134410857602329,0.7224781109252005,0.7642731214775492,0.4,0.855250965206251
cardiotocography,0,4,-ConfSteer,SVM,0,1.142520199995488,0.0,4630,0.7987052774400776,0.8853585062333197,0.8026512193744113,0.7706243177727586,0.7603202827690347,0.6623376623376623,0.9684780321263728
cardiotocography,0,4,-ConfSteer,RF,0,1.142520199995488,0.0,4630,0.8286444702026764,0.9080456815505472,0.8361776369362424,0.8400339234038284,0.8597586949758986,0.625,0.9881581849387124
cardiotocography,0,4,-ConfSteer,LGBM,0,1.142520199995488,0.0,4630,0.8300842431183277,0.9093983950978012,0.8377646978121531,0.8519212984737996,0.8708369367779486,0.625,0.9866992228680542
car,0,0,Full,KNN,0,0.8405984999844804,0.0,3872,0.7518246602505749,0.8343985345595268,0.7595586231949869,0.5988261419249623,0.559656731122973,0.6363636363636364,0.91216185200474
car,0,0,Full,CART,0,0.8405984999844804,0.0,3872,0.9399415375798568,0.9620317040845664,0.9403323948778496,0.942555827402652,0.9304487125620818,0.922077922077922,0.9622820730086904
car,0,0,Full,SVM,0,0.8405984999844804,0.0,3872,0.9862769228302314,0.9881864111443336,0.98642266824085,0.9692338830972804,0.9346099846627453,0.9586776859504132,0.9922549606888303
car,0,0,Full,RF,0,0.8405984999844804,0.0,3872,0.959108257362664,0.9724223939751244,0.9595177549723004,0.9398850968073996,0.9202755663109072,0.9230769230769232,0.9958798780458668
car,0,0,Full,LGBM,0,0.8405984999844804,0.0,3872,0.9934422693038854,0.9959982406616236,0.9935064935064934,0.9788305774013576,0.9874711373881448,0.974025974025974,0.9999637908559842
car,0,0,-FeatWeights,KNN,0,0.5761767999501899,0.0,3872,0.6598966640918474,0.7740318908090251,0.6666401780038144,0.5325384965438588,0.4793332773150179,0.5384615384615384,0.8806223252191584
car,0,0,-FeatWeights,CART,0,0.5761767999501899,0.0,3872,0.936614258690118,0.959195930097092,0.9370856416310962,0.940285862591771,0.9239565057137908,0.9090909090909092,0.9594567733083904
car,0,0,-FeatWeights,SVM,0,0.5761767999501899,0.0,3872,0.985212402204414,0.9872051025662048,0.9853896103896104,0.9672726739296262,0.9290882311799892,0.9545454545454546,0.991200442078494
car,0,0,-FeatWeights,RF,0,0.5761767999501899,0.0,3872,0.9617390106517322,0.9747130501914572,0.9620720188902008,0.937999471900243,0.9162231453738982,0.9285714285714286,0.9943871176903912
car,0,0,-FeatWeights,LGBM,0,0.5761767999501899,0.0,3872,0.990114107729754,0.993172911282286,0.9902597402597404,0.9766605058081128,0.9811912527377588,0.961038961038961,0.999790540682734
car,0,0,-Subgroups,KNN,0,0.5692634000442922,0.0,3872,0.7518246602505749,0.8343985345595268,0.7595586231949869,0.5988261419249623,0.559656731122973,0.6363636363636364,0.91216185200474
car,0,0,-Subgroups,CART,0,0.5692634000442922,0.0,3872,0.9399415375798568,0.9620317040845664,0.9403323948778496,0.942555827402652,0.9304487125620818,0.922077922077922,0.9622820730086904
car,0,0,-Subgroups,SVM,0,0.5692634000442922,0.0,3872,0.9862769228302314,0.9881864111443336,0.98642266824085,0.9692338830972804,0.9346099846627453,0.9586776859504132,0.9922549606888303
car,0,0,-Subgroups,RF,0,0.5692634000442922,0.0,3872,0.959108257362664,0.9724223939751244,0.9595177549723004,0.9398850968073996,0.9202755663109072,0.9230769230769232,0.9958798780458668
car,0,0,-Subgroups,LGBM,0,0.5692634000442922,0.0,3872,0.9934422693038854,0.9959982406616236,0.9935064935064934,0.9788305774013576,0.9874711373881448,0.974025974025974,0.9999637908559842
car,0,0,-Mahalanobis,KNN,0,0.8209350000834092,0.0,3872,0.7518246602505749,0.8343985345595268,0.7595586231949869,0.5988261419249623,0.559656731122973,0.6363636363636364,0.91216185200474
car,0,0,-Mahalanobis,CART,0,0.8209350000834092,0.0,3872,0.9399415375798568,0.9620317040845664,0.9403323948778496,0.942555827402652,0.9304487125620818,0.922077922077922,0.9622820730086904
car,0,0,-Mahalanobis,SVM,0,0.8209350000834092,0.0,3872,0.9862769228302314,0.9881864111443336,0.98642266824085,0.9692338830972804,0.9346099846627453,0.9586776859504132,0.9922549606888303
car,0,0,-Mahalanobis,RF,0,0.8209350000834092,0.0,3872,0.959108257362664,0.9724223939751244,0.9595177549723004,0.9398850968073996,0.9202755663109072,0.9230769230769232,0.9958798780458668
car,0,0,-Mahalanobis,LGBM,0,0.8209350000834092,0.0,3872,0.9934422693038854,0.9959982406616236,0.9935064935064934,0.9788305774013576,0.9874711373881448,0.974025974025974,0.9999637908559842
car,0,0,-NoiseGate,KNN,0,0.9414164999034256,0.0,3872,0.7518246602505749,0.8343985345595268,0.7595586231949869,0.5988261419249623,0.559656731122973,0.6363636363636364,0.91216185200474
car,0,0,-NoiseGate,CART,0,0.9414164999034256,0.0,3872,0.9399415375798568,0.9620317040845664,0.9403323948778496,0.942555827402652,0.9304487125620818,0.922077922077922,0.9622820730086904
car,0,0,-NoiseGate,SVM,0,0.9414164999034256,0.0,3872,0.9862769228302314,0.9881864111443336,0.98642266824085,0.9692338830972804,0.9346099846627453,0.9586776859504132,0.9922549606888303
car,0,0,-NoiseGate,RF,0,0.9414164999034256,0.0,3872,0.9740821423274482,0.9795080672664582,0.9744687131050768,0.945605069592082,0.9146325441773764,0.935064935064935,0.9958032631257212
car,0,0,-NoiseGate,LGBM,0,0.9414164999034256,0.0,3872,0.9934422693038854,0.9959982406616236,0.9935064935064934,0.9788305774013576,0.9874711373881448,0.974025974025974,0.999975860570656
car,0,0,-ConfSteer,KNN,0,0.9259613000322132,0.0,3872,0.7518246602505749,0.8343985345595268,0.7595586231949869,0.5988261419249623,0.559656731122973,0.6363636363636364,0.91216185200474
car,0,0,-ConfSteer,CART,0,0.9259613000322132,0.0,3872,0.9399415375798568,0.9620317040845664,0.9403323948778496,0.942555827402652,0.9304487125620818,0.922077922077922,0.9622820730086904
car,0,0,-ConfSteer,SVM,0,0.9259613000322132,0.0,3872,0.9862769228302314,0.9881864111443336,0.98642266824085,0.9692338830972804,0.9346099846627453,0.9586776859504132,0.9922549606888303
car,0,0,-ConfSteer,RF,0,0.9259613000322132,0.0,3872,0.959108257362664,0.9724223939751244,0.9595177549723004,0.9398850968073996,0.9202755663109072,0.9230769230769232,0.9958798780458668
car,0,0,-ConfSteer,LGBM,0,0.9259613000322132,0.0,3872,0.9934422693038854,0.9959982406616236,0.9935064935064934,0.9788305774013576,0.9874711373881448,0.974025974025974,0.9999637908559842
car,0,1,Full,KNN,0,0.920629599946551,0.0,3872,0.8262969037660617,0.8856355826814204,0.8284669875578967,0.6800458028905099,0.6797602363798882,0.7662337662337663,0.9282282439258732
car,0,1,Full,CART,0,0.920629599946551,0.0,3872,0.9150739093847936,0.9494874347969786,0.9194214876033058,0.9221028230892172,0.923859638029719,0.7857142857142857,0.9499790271693784
car,0,1,Full,SVM,0,0.920629599946551,0.0,3872,0.9946715258550534,0.9960379049524092,0.9946871310507674,0.9848646866649812,0.9812912033827828,0.987012987012987,0.9958842272968668
car,0,1,Full,RF,0,0.920629599946551,0.0,3872,0.9516975918386292,0.9732924869193904,0.9535123966942148,0.9451620868733168,0.9622548010820204,0.8571428571428571,0.9988747707304428
car,0,1,Full,LGBM,0,0.920629599946551,0.0,3872,0.971939154044423,0.9838063809605756,0.9724025974025974,0.9593963204404792,0.974932839861544,0.9285714285714286,0.9998858648517692
car,0,1,-FeatWeights,KNN,0,0.5027417000383139,0.0,3872,0.7287166800387312,0.8228275740099702,0.734708473344837,0.5713316790736146,0.5503313487960789,0.5974025974025974,0.8791492872279307
car,0,1,-FeatWeights,CART,0,0.5027417000383139,0.0,3872,0.9317904792020456,0.9561936279740232,0.9340318772136954,0.9386110600396314,0.92372626836793,0.8571428571428571,0.9564565436243048
car,0,1,-FeatWeights,SVM,0,0.5027417000383139,0.0,3872,0.9731850588196808,0.984672963804484,0.9735832349468714,0.9573478208833768,0.9688806627172272,0.9285714285714286,0.9957097435752764
car,0,1,-FeatWeights,RF,0,0.5027417000383139,0.0,3872,0.9092926044804716,0.9541690927492058,0.9177981109799292,0.907463674174904,0.9498292762869296,0.7142857142857143,0.998754869623928
car,0,1,-FeatWeights,LGBM,0,0.5027417000383139,0.0,3872,0.971939154044423,0.9838063809605756,0.9724025974025974,0.9593963204404792,0.974932839861544,0.9285714285714286,0.9999637908559842
car,0,1,-Subgroups,KNN,0,0.5737898999359459,0.0,3872,0.8262969037660617,0.8856355826814204,0.8284669875578967,0.6800458028905099,0.6797602363798882,0.7662337662337663,0.9282282439258732
car,0,1,-Subgroups,CART,0,0.5737898999359459,0.0,3872,0.9150739093847936,0.9494874347969786,0.9194214876033058,0.9221028230892172,0.923859638029719,0.7857142857142857,0.9499790271693784
car,0,1,-Subgroups,SVM,0,0.5737898999359459,0.0,3872,0.9946715258550534,0.9960379049524092,0.9946871310507674,0.9848646866649812,0.9812912033827828,0.987012987012987,0.9958842272968668
car,0,1,-Subgroups,RF,0,0.5737898999359459,0.0,3872,0.9516975918386292,0.9732924869193904,0.9535123966942148,0.9451620868733168,0.9622548010820204,0.8571428571428571,0.9988747707304428
car,0,1,-Subgroups,LGBM,0,0.5737898999359459,0.0,3872,0.971939154044423,0.9838063809605756,0.9724025974025974,0.9593963204404792,0.974932839861544,0.9285714285714286,0.9998858648517692
car,0,1,-Mahalanobis,KNN,0,0.8220574000151828,0.0,3872,0.8262969037660617,0.8856355826814204,0.8284669875578967,0.6800458028905099,0.6797602363798882,0.7662337662337663,0.9282282439258732
car,0,1,-Mahalanobis,CART,0,0.8220574000151828,0.0,3872,0.9150739093847936,0.9494874347969786,0.9194214876033058,0.9221028230892172,0.923859638029719,0.7857142857142857,0.9499790271693784
car,0,1,-Mahalanobis,SVM,0,0.8220574000151828,0.0,3872,0.9946715258550534,0.9960379049524092,0.9946871310507674,0.9848646866649812,0.9812912033827828,0.987012987012987,0.9958842272968668
car,0,1,-Mahalanobis,RF,0,0.8220574000151828,0.0,3872,0.9516975918386292,0.9732924869193904,0.9535123966942148,0.9451620868733168,0.9622548010820204,0.8571428571428571,0.9988747707304428
car,0,1,-Mahalanobis,LGBM,0,0.8220574000151828,0.0,3872,0.971939154044423,0.9838063809605756,0.9724025974025974,0.9593963204404792,0.974932839861544,0.9285714285714286,0.9998858648517692
car,0,1,-NoiseGate,KNN,0,0.7843449999345466,0.0,3872,0.8262969037660617,0.8856355826814204,0.8284669875578967,0.6800458028905099,0.6797602363798882,0.7662337662337663,0.9288374875674968
car,0,1,-NoiseGate,CART,0,0.7843449999345466,0.0,3872,0.9150739093847936,0.9494874347969786,0.9194214876033058,0.9221028230892172,0.923859638029719,0.7857142857142857,0.9499790271693784
car,0,1,-NoiseGate,SVM,0,0.7843449999345466,0.0,3872,0.9946715258550534,0.9960379049524092,0.9946871310507674,0.9848646866649812,0.9812912033827828,0.987012987012987,0.9958842272968668
car,0,1,-NoiseGate,RF,0,0.7843449999345466,0.0,3872,0.931219003631699,0.9637712669831888,0.935655253837072,0.9264734000811816,0.9560250978673696,0.7857142857142857,0.9990210247166385
car,0,1,-NoiseGate,LGBM,0,0.7843449999345466,0.0,3872,0.971939154044423,0.9838063809605756,0.9724025974025974,0.9593963204404792,0.974932839861544,0.9285714285714286,0.9999098516809316
car,0,1,-ConfSteer,KNN,0,1.21469120006077,0.0,3872,0.8262969037660617,0.8856355826814204,0.8284669875578967,0.6800458028905099,0.6797602363798882,0.7662337662337663,0.9282282439258732
car,0,1,-ConfSteer,CART,0,1.21469120006077,0.0,3872,0.9150739093847936,0.9494874347969786,0.9194214876033058,0.9221028230892172,0.923859638029719,0.7857142857142857,0.9499790271693784
car,0,1,-ConfSteer,SVM,0,1.21469120006077,0.0,3872,0.9946715258550534,0.9960379049524092,0.9946871310507674,0.9848646866649812,0.9812912033827828,0.987012987012987,0.9958842272968668
car,0,1,-ConfSteer,RF,0,1.21469120006077,0.0,3872,0.9516975918386292,0.9732924869193904,0.9535123966942148,0.9451620868733168,0.9622548010820204,0.8571428571428571,0.9988747707304428
car,0,1,-ConfSteer,LGBM,0,1.21469120006077,0.0,3872,0.971939154044423,0.9838063809605756,0.9724025974025974,0.9593963204404792,0.974932839861544,0.9285714285714286,0.9998858648517692
car,0,2,Full,KNN,0,0.8963950999313965,0.0,3872,0.7474875887495342,0.8244829653164604,0.7480928162746344,0.5973345691202883,0.5345277791593456,0.7142857142857143,0.8988263966015247
car,0,2,Full,CART,0,0.8963950999313965,0.0,3872,0.9565432839516904,0.9713306890528534,0.957349468713105,0.9392203165133812,0.9370616830895148,0.9090909090909092,0.971432780571456
car,0,2,Full,SVM,0,0.8963950999313965,0.0,3872,0.9894499726835164,0.9912183504505796,0.989521841794569,0.968658280922432,0.9515879565130484,0.9710743801652892,0.9932675392905972
car,0,2,Full,RF,0,0.8963950999313965,0.0,3872,0.9509094911183288,0.9721084571308546,0.9526269185360094,0.9475251675491956,0.9445979221322708,0.8571428571428571,0.998571375211575
car,0,2,Full,LGBM,0,0.8963950999313965,0.0,3872,0.9774284256970356,0.9875773965035824,0.9778630460448644,0.9767865491217524,0.9811573517229898,0.9285714285714286,0.9999220739957853
car,0,2,-FeatWeights,KNN,0,0.4786794000538066,0.0,3872,0.6272150912473099,0.7469002605038063,0.6309258922895287,0.4925541245441536,0.4270282846245252,0.5384615384615384,0.8720792971747342
car,0,2,-FeatWeights,CART,0,0.4786794000538066,0.0,3872,0.9699247615509206,0.9810242846888004,0.970336481700118,0.9626475475405956,0.962219092306514,0.9285714285714286,0.9810831452670014
car,0,2,-FeatWeights,SVM,0,0.4786794000538066,0.0,3872,0.9894499726835164,0.9912183504505796,0.989521841794569,0.968658280922432,0.9515879565130484,0.9710743801652892,0.9931917497524848
car,0,2,-FeatWeights,RF,0,0.4786794000538066,0.0,3872,0.9519109769623144,0.9722816466996868,0.9536599763872492,0.9569652417753683,0.9501874003653026,0.8571428571428571,0.9990944657861204
car,0,2,-FeatWeights,LGBM,0,0.4786794000538066,0.0,3872,0.9806279068610932,0.9895888919795762,0.9811097992916176,0.9870180141919273,0.987464527758092,0.9285714285714286,0.9999341437104572
car,0,2,-Subgroups,KNN,0,0.5703888999996707,0.0,3872,0.7474875887495342,0.8244829653164604,0.7480928162746344,0.5973345691202883,0.5345277791593456,0.7142857142857143,0.8988263966015247
car,0,2,-Subgroups,CART,0,0.5703888999996707,0.0,3872,0.9565432839516904,0.9713306890528534,0.957349468713105,0.9392203165133812,0.9370616830895148,0.9090909090909092,0.971432780571456
car,0,2,-Subgroups,SVM,0,0.5703888999996707,0.0,3872,0.9894499726835164,0.9912183504505796,0.989521841794569,0.968658280922432,0.9515879565130484,0.9710743801652892,0.9932675392905972
car,0,2,-Subgroups,RF,0,0.5703888999996707,0.0,3872,0.9509094911183288,0.9721084571308546,0.9526269185360094,0.9475251675491956,0.9445979221322708,0.8571428571428571,0.998571375211575
car,0,2,-Subgroups,LGBM,0,0.5703888999996707,0.0,3872,0.9774284256970356,0.9875773965035824,0.9778630460448644,0.9767865491217524,0.9811573517229898,0.9285714285714286,0.9999220739957853
car,0,2,-Mahalanobis,KNN,0,0.8068500000517815,0.0,3872,0.7474875887495342,0.8244829653164604,0.7480928162746344,0.5973345691202883,0.5345277791593456,0.7142857142857143,0.8988263966015247
car,0,2,-Mahalanobis,CART,0,0.8068500000517815,0.0,3872,0.9565432839516904,0.9713306890528534,0.957349468713105,0.9392203165133812,0.9370616830895148,0.9090909090909092,0.971432780571456
car,0,2,-Mahalanobis,SVM,0,0.8068500000517815,0.0,3872,0.9894499726835164,0.9912183504505796,0.989521841794569,0.968658280922432,0.9515879565130484,0.9710743801652892,0.9932675392905972
car,0,2,-Mahalanobis,RF,0,0.8068500000517815,0.0,3872,0.9509094911183288,0.9721084571308546,0.9526269185360094,0.9475251675491956,0.9445979221322708,0.8571428571428571,0.998571375211575
car,0,2,-Mahalanobis,LGBM,0,0.8068500000517815,0.0,3872,0.9774284256970356,0.9875773965035824,0.9778630460448644,0.9767865491217524,0.9811573517229898,0.9285714285714286,0.9999220739957853
car,0,2,-NoiseGate,KNN,0,0.8164418000960723,0.0,3872,0.7464174534522041,0.8234920487104229,0.7470597584233948,0.5957868963188112,0.5311268943589477,0.7142857142857143,0.8984189672405849
car,0,2,-NoiseGate,CART,0,0.8164418000960723,0.0,3872,0.9565432839516904,0.9713306890528534,0.957349468713105,0.9392203165133812,0.9370616830895148,0.9090909090909092,0.971432780571456
car,0,2,-NoiseGate,SVM,0,0.8164418000960723,0.0,3872,0.9894499726835164,0.9912183504505796,0.989521841794569,0.968658280922432,0.9515879565130484,0.9710743801652892,0.9932675392905972
car,0,2,-NoiseGate,RF,0,0.8164418000960723,0.0,3872,0.9304478612290988,0.9625030019250108,0.9347697756788668,0.9354691003634116,0.9383962737441192,0.7857142857142857,0.9986391320756852
car,0,2,-NoiseGate,LGBM,0,0.8164418000960723,0.0,3872,0.9774284256970356,0.9875773965035824,0.9778630460448644,0.9767865491217524,0.9811573517229898,0.9285714285714286,0.9999220739957853
car,0,2,-ConfSteer,KNN,0,1.2536890000337737,0.0,3872,0.7474875887495342,0.8244829653164604,0.7480928162746344,0.5973345691202883,0.5345277791593456,0.7142857142857143,0.8988263966015247
car,0,2,-ConfSteer,CART,0,1.2536890000337737,0.0,3872,0.9565432839516904,0.9713306890528534,0.957349468713105,0.9392203165133812,0.9370616830895148,0.9090909090909092,0.971432780571456
car,0,2,-ConfSteer,SVM,0,1.2536890000337737,0.0,3872,0.9894499726835164,0.9912183504505796,0.989521841794569,0.968658280922432,0.9515879565130484,0.9710743801652892,0.9932675392905972
car,0,2,-ConfSteer,RF,0,1.2536890000337737,0.0,3872,0.9509094911183288,0.9721084571308546,0.9526269185360094,0.9475251675491956,0.9445979221322708,0.8571428571428571,0.998571375211575
car,0,2,-ConfSteer,LGBM,0,1.2536890000337737,0.0,3872,0.9774284256970356,0.9875773965035824,0.9778630460448644,0.9767865491217524,0.9811573517229898,0.9285714285714286,0.9999220739957853
car,0,3,Full,KNN,0,1.3202672000043094,0.0,3872,0.7569756956364023,0.8327683118583257,0.7603986922168741,0.6108935754886022,0.5502905293405836,0.6493506493506493,0.891138693805231
car,0,3,Full,CART,0,1.3202672000043094,0.0,3872,0.8724922316579099,0.9244045061269984,0.8759535918626827,0.8978555379328576,0.8911629643627481,0.7692307692307693,0.9257444692910606
car,0,3,Full,SVM,0,1.3202672000043094,0.0,3872,0.9873380076597325,0.9892418922547228,0.9874557260920898,0.963430859758091,0.9396690034330752,0.962809917355372,0.9922181427578404
car,0,3,Full,RF,0,1.3202672000043094,0.0,3872,0.9469524864998554,0.9681396044051184,0.9489941876305512,0.9400565411349724,0.9267464475529053,0.8461538461538461,0.9968364740159712
car,0,3,Full,LGBM,0,1.3202672000043094,0.0,3872,0.9739481207584854,0.9840844938375,0.9744233039687584,0.979963527763829,0.9684608107894236,0.9230769230769232,0.9997422113592696
car,0,3,-FeatWeights,KNN,0,0.5415148999309167,0.0,3872,0.6808289411529986,0.7831147900409204,0.6866656071201526,0.5368594760817159,0.4634355108039408,0.5454545454545454,0.8741179656419373
car,0,3,-FeatWeights,CART,0,0.5415148999309167,0.0,3872,0.9404690896739644,0.9624661105020468,0.9423531014440104,0.9472973544414198,0.9241101355631706,0.8461538461538461,0.9626807503927356
car,0,3,-FeatWeights,SVM,0,0.5415148999309167,0.0,3872,0.9905699265143664,0.991243242777023,0.990702479338843,0.973658219623132,0.9458687075555756,0.962809917355372,0.9932929535790996
car,0,3,-FeatWeights,RF,0,0.5415148999309167,0.0,3872,0.9851282140043544,0.9873871504612564,0.985242030696576,0.9632749326145552,0.9387081701267332,0.9669421487603306,0.9967760158587176
car,0,3,-FeatWeights,LGBM,0,0.5415148999309167,0.0,3872,0.9739481207584854,0.9840844938375,0.9744233039687584,0.979963527763829,0.9684608107894236,0.9230769230769232,0.9997564111732348
car,0,3,-Subgroups,KNN,0,0.5661636999575421,0.0,3872,0.7569756956364023,0.8327683118583257,0.7603986922168741,0.6108935754886022,0.5502905293405836,0.6493506493506493,0.891138693805231
car,0,3,-Subgroups,CART,0,0.5661636999575421,0.0,3872,0.8724922316579099,0.9244045061269984,0.8759535918626827,0.8978555379328576,0.8911629643627481,0.7692307692307693,0.9257444692910606
car,0,3,-Subgroups,SVM,0,0.5661636999575421,0.0,3872,0.9873380076597325,0.9892418922547228,0.9874557260920898,0.963430859758091,0.9396690034330752,0.962809917355372,0.9922181427578404
car,0,3,-Subgroups,RF,0,0.5661636999575421,0.0,3872,0.9469524864998554,0.9681396044051184,0.9489941876305512,0.9400565411349724,0.9267464475529053,0.8461538461538461,0.9968364740159712
car,0,3,-Subgroups,LGBM,0,0.5661636999575421,0.0,3872,0.9739481207584854,0.9840844938375,0.9744233039687584,0.979963527763829,0.9684608107894236,0.9230769230769232,0.9997422113592696
car,0,3,-Mahalanobis,KNN,0,0.8525272000115365,0.0,3872,0.7569756956364023,0.8327683118583257,0.7603986922168741,0.6108935754886022,0.5502905293405836,0.6493506493506493,0.891138693805231
car,0,3,-Mahalanobis,CART,0,0.8525272000115365,0.0,3872,0.8724922316579099,0.9244045061269984,0.8759535918626827,0.8978555379328576,0.8911629643627481,0.7692307692307693,0.9257444692910606
car,0,3,-Mahalanobis,SVM,0,0.8525272000115365,0.0,3872,0.9873380076597325,0.9892418922547228,0.9874557260920898,0.963430859758091,0.9396690034330752,0.962809917355372,0.9922181427578404
car,0,3,-Mahalanobis,RF,0,0.8525272000115365,0.0,3872,0.9469524864998554,0.9681396044051184,0.9489941876305512,0.9400565411349724,0.9267464475529053,0.8461538461538461,0.9968364740159712
car,0,3,-Mahalanobis,LGBM,0,0.8525272000115365,0.0,3872,0.9739481207584854,0.9840844938375,0.9744233039687584,0.979963527763829,0.9684608107894236,0.9230769230769232,0.9997422113592696
car,0,3,-NoiseGate,KNN,0,0.8990400000475347,0.0,3872,0.7531620947696804,0.8298820348610769,0.7571519389701208,0.6082694740622805,0.5429123981814462,0.6363636363636364,0.8905229639955273
car,0,3,-NoiseGate,CART,0,0.8990400000475347,0.0,3872,0.8724922316579099,0.9244045061269984,0.8759535918626827,0.8978555379328576,0.8911629643627481,0.7692307692307693,0.9257444692910606
car,0,3,-NoiseGate,SVM,0,0.8990400000475347,0.0,3872,0.9873380076597325,0.9892418922547228,0.9874557260920898,0.963430859758091,0.9396690034330752,0.962809917355372,0.9922181427578404
car,0,3,-NoiseGate,RF,0,0.8990400000475347,0.0,3872,0.9645777654563112,0.9763476701412722,0.9649782036145672,0.9420858621226268,0.9267375988107548,0.9230769230769232,0.9967147618189124
car,0,3,-NoiseGate,LGBM,0,0.8990400000475347,0.0,3872,0.9749653003386186,0.9858965511243982,0.9754563618199984,0.973321629960634,0.9747789816267952,0.9230769230769232,0.9997306612962008
car,0,3,-ConfSteer,KNN,0,0.8458383999532089,0.0,3872,0.7569756956364023,0.8327683118583257,0.7603986922168741,0.6108935754886022,0.5502905293405836,0.6493506493506493,0.891138693805231
car,0,3,-ConfSteer,CART,0,0.8458383999532089,0.0,3872,0.8724922316579099,0.9244045061269984,0.8759535918626827,0.8978555379328576,0.8911629643627481,0.7692307692307693,0.9257444692910606
car,0,3,-ConfSteer,SVM,0,0.8458383999532089,0.0,3872,0.9873380076597325,0.9892418922547228,0.9874557260920898,0.963430859758091,0.9396690034330752,0.962809917355372,0.9922181427578404
car,0,3,-ConfSteer,RF,0,0.8458383999532089,0.0,3872,0.9469524864998554,0.9681396044051184,0.9489941876305512,0.9400565411349724,0.9267464475529053,0.8461538461538461,0.9968364740159712
car,0,3,-ConfSteer,LGBM,0,0.8458383999532089,0.0,3872,0.9739481207584854,0.9840844938375,0.9744233039687584,0.979963527763829,0.9684608107894236,0.9230769230769232,0.9997422113592696
car,0,4,Full,KNN,0,0.8929546000435948,0.0,3872,0.7552346087767379,0.8352646659277471,0.7626049190044405,0.6395081109366824,0.5711970373179068,0.5921052631578947,0.9028006482861772
car,0,4,Full,CART,0,0.8929546000435948,0.0,3872,0.941039247456724,0.9611202829417528,0.941299430234837,0.9560949320040228,0.9236628953872656,0.9230769230769232,0.9613289658482808
car,0,4,Full,SVM,0,0.8929546000435948,0.0,3872,0.993743175674691,0.9941996831592946,0.993801652892562,0.9802794515915296,0.9633255582848764,0.975206611570248,0.9938340952550266
car,0,4,Full,RF,0,0.8929546000435948,0.0,3872,0.9679913692473432,0.9788881893725496,0.9683325048157584,0.954368287274105,0.9383890892719954,0.9285714285714286,0.9973594734208128
car,0,4,Full,LGBM,0,0.8929546000435948,0.0,3872,0.9979274500002184,0.9980375687326608,0.9979338842975208,0.9957159023549064,0.9874647197690646,0.9917355371900828,0.9999877714732928
car,0,4,-FeatWeights,KNN,0,0.486752999946475,0.0,3872,0.6280959718386034,0.7539018371721815,0.6325558412878987,0.5283380679736033,0.481052708551782,0.5714285714285714,0.8703152152526632
car,0,4,-FeatWeights,CART,0,0.486752999946475,0.0,3872,0.9204951162994024,0.9439080813828168,0.921562588129574,0.9421720700292128,0.8839230345319207,0.8552631578947368,0.9441789913975908
car,0,4,-FeatWeights,SVM,0,0.486752999946475,0.0,3872,0.993743175674691,0.9941996831592946,0.993801652892562,0.9802794515915296,0.9633255582848764,0.975206611570248,0.9940743485967448
car,0,4,-FeatWeights,RF,0,0.486752999946475,0.0,3872,0.9467884978390188,0.9666990899566787,0.9470356198825098,0.938909987071752,0.9207008120369032,0.9230769230769232,0.9972122925854976
car,0,4,-FeatWeights,LGBM,0,0.486752999946475,0.0,3872,0.9775618102203572,0.9867300642953604,0.9780106257378984,0.9736492673992674,0.9689765166058568,0.9285714285714286,0.999946050927924
car,0,4,-Subgroups,KNN,0,0.5778573000570759,0.0,3872,0.7552346087767379,0.8352646659277471,0.7626049190044405,0.6395081109366824,0.5711970373179068,0.5921052631578947,0.9028006482861772
car,0,4,-Subgroups,CART,0,0.5778573000570759,0.0,3872,0.941039247456724,0.9611202829417528,0.941299430234837,0.9560949320040228,0.9236628953872656,0.9230769230769232,0.9613289658482808
car,0,4,-Subgroups,SVM,0,0.5778573000570759,0.0,3872,0.993743175674691,0.9941996831592946,0.993801652892562,0.9802794515915296,0.9633255582848764,0.975206611570248,0.9938340952550266
car,0,4,-Subgroups,RF,0,0.5778573000570759,0.0,3872,0.9679913692473432,0.9788881893725496,0.9683325048157584,0.954368287274105,0.9383890892719954,0.9285714285714286,0.9973594734208128
car,0,4,-Subgroups,LGBM,0,0.5778573000570759,0.0,3872,0.9979274500002184,0.9980375687326608,0.9979338842975208,0.9957159023549064,0.9874647197690646,0.9917355371900828,0.9999877714732928
car,0,4,-Mahalanobis,KNN,0,0.8811689000576735,0.0,3872,0.7552346087767379,0.8352646659277471,0.7626049190044405,0.6395081109366824,0.5711970373179068,0.5921052631578947,0.9028006482861772
car,0,4,-Mahalanobis,CART,0,0.8811689000576735,0.0,3872,0.941039247456724,0.9611202829417528,0.941299430234837,0.9560949320040228,0.9236628953872656,0.9230769230769232,0.9613289658482808
car,0,4,-Mahalanobis,SVM,0,0.8811689000576735,0.0,3872,0.993743175674691,0.9941996831592946,0.993801652892562,0.9802794515915296,0.9633255582848764,0.975206611570248,0.9938340952550266
car,0,4,-Mahalanobis,RF,0,0.8811689000576735,0.0,3872,0.9679913692473432,0.9788881893725496,0.9683325048157584,0.954368287274105,0.9383890892719954,0.9285714285714286,0.9973594734208128
car,0,4,-Mahalanobis,LGBM,0,0.8811689000576735,0.0,3872,0.9979274500002184,0.9980375687326608,0.9979338842975208,0.9957159023549064,0.9874647197690646,0.9917355371900828,0.9999877714732928
car,0,4,-NoiseGate,KNN,0,0.8359259000280872,0.0,3872,0.7552346087767379,0.8352646659277471,0.7626049190044405,0.6395081109366824,0.5711970373179068,0.5921052631578947,0.9028006482861772
car,0,4,-NoiseGate,CART,0,0.8359259000280872,0.0,3872,0.941039247456724,0.9611202829417528,0.941299430234837,0.9560949320040228,0.9236628953872656,0.9230769230769232,0.9613289658482808
car,0,4,-NoiseGate,SVM,0,0.8359259000280872,0.0,3872,0.993743175674691,0.9941996831592946,0.993801652892562,0.9802794515915296,0.9633255582848764,0.975206611570248,0.9938463237817338
car,0,4,-NoiseGate,RF,0,0.8359259000280872,0.0,3872,0.9647044241046472,0.976024908363448,0.965043031131548,0.9521606708454308,0.931736822399927,0.9285714285714286,0.9972455213772358
car,0,4,-NoiseGate,LGBM,0,0.8359259000280872,0.0,3872,0.9968863140497982,0.9970563490472942,0.996900826446281,0.9936020387633292,0.9813195040158722,0.987603305785124,0.999908768302836
car,0,4,-ConfSteer,KNN,0,0.8756551999831572,0.0,3872,0.7552346087767379,0.8352646659277471,0.7626049190044405,0.6395081109366824,0.5711970373179068,0.5921052631578947,0.9028006482861772
car,0,4,-ConfSteer,CART,0,0.8756551999831572,0.0,3872,0.941039247456724,0.9611202829417528,0.941299430234837,0.9560949320040228,0.9236628953872656,0.9230769230769232,0.9613289658482808
car,0,4,-ConfSteer,SVM,0,0.8756551999831572,0.0,3872,0.993743175674691,0.9941996831592946,0.993801652892562,0.9802794515915296,0.9633255582848764,0.975206611570248,0.9938340952550266
car,0,4,-ConfSteer,RF,0,0.8756551999831572,0.0,3872,0.9679913692473432,0.9788881893725496,0.9683325048157584,0.954368287274105,0.9383890892719954,0.9285714285714286,0.9973594734208128
car,0,4,-ConfSteer,LGBM,0,0.8756551999831572,0.0,3872,0.9979274500002184,0.9980375687326608,0.9979338842975208,0.9957159023549064,0.9874647197690646,0.9917355371900828,0.9999877714732928
cleveland,0,0,Full,KNN,0,0.5190950999967754,0.0,655,0.0,0.4959482929251291,0.2857142857142857,0.2825157232704402,0.2264134831954271,0.0,0.5916669818049127
cleveland,0,0,Full,CART,0,0.5190950999967754,0.0,655,0.0,0.4489602598108799,0.2389610389610389,0.2283032086310775,0.1542066903616636,0.0,0.5412340316133419
cleveland,0,0,Full,SVM,0,0.5190950999967754,0.0,655,0.0,0.4741358100868745,0.2588744588744588,0.2503306878306878,0.2480309085174329,0.0,0.6992146754905375
cleveland,0,0,Full,RF,0,0.5190950999967754,0.0,655,0.0,0.5020724797707131,0.2874458874458874,0.2760954816709292,0.2971800850464666,0.0,0.7426530659634107
cleveland,0,0,Full,LGBM,0,0.5190950999967754,0.0,655,0.0,0.5036149583706713,0.2917748917748917,0.2876936192537215,0.2699033151937033,0.0,0.728973478628651
cleveland,0,0,-FeatWeights,KNN,0,0.1946538999909535,0.0,655,0.0,0.4497231795092221,0.2389610389610389,0.2388455988455988,0.1602769180637017,0.0,0.5643521586969862
cleveland,0,0,-FeatWeights,CART,0,0.1946538999909535,0.0,655,0.0,0.5165404767970553,0.3142857142857143,0.2927373581011352,0.2072721791897381,0.0,0.5816197774128808
cleveland,0,0,-FeatWeights,SVM,0,0.1946538999909535,0.0,655,0.0,0.4666218654650186,0.2528138528138527,0.2440806878306878,0.2227300967790325,0.0,0.6827346370104992
cleveland,0,0,-FeatWeights,RF,0,0.1946538999909535,0.0,655,0.0,0.5274555893172519,0.316017316017316,0.3158263305322129,0.3223367617759195,0.0,0.7374380919208505
cleveland,0,0,-FeatWeights,LGBM,0,0.1946538999909535,0.0,655,0.0,0.5542453649760622,0.3489177489177489,0.3368611488014473,0.3305659321377094,0.0,0.7402401685160306
cleveland,0,0,-Subgroups,KNN,0,0.3831514000194147,0.0,655,0.0,0.4686231899000812,0.2571428571428571,0.255632183908046,0.1945385156350234,0.0,0.5892273473652784
cleveland,0,0,-Subgroups,CART,0,0.3831514000194147,0.0,655,0.0,0.4760011635430622,0.2675324675324675,0.2453072572140734,0.1786243944598312,0.0,0.5572234496027599
cleveland,0,0,-Subgroups,SVM,0,0.3831514000194147,0.0,655,0.0,0.4741358100868745,0.2588744588744588,0.2503306878306878,0.2480309085174329,0.0,0.6992146754905375
cleveland,0,0,-Subgroups,RF,0,0.3831514000194147,0.0,655,0.0,0.501256962778977,0.2874458874458874,0.2824016563146997,0.2917923899612718,0.0,0.7551077441077441
cleveland,0,0,-Subgroups,LGBM,0,0.3831514000194147,0.0,655,0.0,0.5399743205806666,0.3324675324675324,0.322383498854087,0.3126432772037846,0.0,0.7097333598712909
cleveland,0,0,-Mahalanobis,KNN,0,0.5431498000398278,0.0,655,0.0,0.4752225235438753,0.2632034632034631,0.2629437229437229,0.2098930132872326,0.0,0.5886429317808628
cleveland,0,0,-Mahalanobis,CART,0,0.5431498000398278,0.0,655,0.0,0.4649526856876153,0.2554112554112554,0.2512761432116271,0.1664454584739337,0.0,0.5509074157005192
cleveland,0,0,-Mahalanobis,SVM,0,0.5431498000398278,0.0,655,0.0,0.4741358100868745,0.2588744588744588,0.2503306878306878,0.2480309085174329,0.0,0.6988779751538372
cleveland,0,0,-Mahalanobis,RF,0,0.5431498000398278,0.0,655,0.0,0.5093997660556783,0.2935064935064934,0.2857873584216295,0.3230532849068184,0.0,0.7530053739364083
cleveland,0,0,-Mahalanobis,LGBM,0,0.5431498000398278,0.0,655,0.0,0.5036149583706713,0.2917748917748917,0.285202776762879,0.269783544468838,0.0,0.7128711084573153
cleveland,0,0,-NoiseGate,KNN,0,0.5502948999637738,0.0,655,0.0,0.5025039515264653,0.2917748917748917,0.2907407407407407,0.2438452881247742,0.0,0.5943307624686935
cleveland,0,0,-NoiseGate,CART,0,0.5502948999637738,0.0,655,0.0,0.4508578040772833,0.2432900432900432,0.242681932517998,0.1264746266292215,0.0,0.539403094989302
cleveland,0,0,-NoiseGate,SVM,0,0.5502948999637738,0.0,655,0.0,0.4741358100868745,0.2588744588744588,0.2503306878306878,0.2480309085174329,0.0,0.6958920900300212
cleveland,0,0,-NoiseGate,RF,0,0.5502948999637738,0.0,655,0.0,0.5075000086812128,0.2935064935064934,0.283116883116883,0.31010808643645,0.0,0.750848352158697
cleveland,0,0,-NoiseGate,LGBM,0,0.5502948999637738,0.0,655,0.0,0.5221310814910002,0.3099567099567099,0.2926969696969697,0.3097125346743051,0.0,0.7498751389096218
cleveland,0,0,-ConfSteer,KNN,0,0.5236797999823466,0.0,655,0.0,0.4686231899000812,0.2571428571428571,0.255632183908046,0.1945385156350234,0.0,0.5892273473652784
cleveland,0,0,-ConfSteer,CART,0,0.5236797999823466,0.0,655,0.0,0.4760011635430622,0.2675324675324675,0.2453072572140734,0.1786243944598312,0.0,0.5572234496027599
cleveland,0,0,-ConfSteer,SVM,0,0.5236797999823466,0.0,655,0.0,0.4741358100868745,0.2588744588744588,0.2503306878306878,0.2480309085174329,0.0,0.6992146754905375
cleveland,0,0,-ConfSteer,RF,0,0.5236797999823466,0.0,655,0.0,0.5003550153379703,0.2874458874458874,0.2828571428571428,0.2857696080459571,0.0,0.7594788276857243
cleveland,0,0,-ConfSteer,LGBM,0,0.5236797999823466,0.0,655,0.0,0.496436141072674,0.2813852813852813,0.2748398268398268,0.283452171204538,0.0,0.7183378281998972
cleveland,0,1,Full,KNN,0,0.5310706000309438,0.0,655,0.0,0.3942274394512122,0.1861471861471861,0.1898460939022014,0.097297957788549,0.0,0.5444567514222687
cleveland,0,1,Full,CART,0,0.5310706000309438,0.0,655,0.3063569283419632,0.5839043982278244,0.3904761904761904,0.3472818110850897,0.2822157224192974,0.1428571428571428,0.63181317277869
cleveland,0,1,Full,SVM,0,0.5310706000309438,0.0,655,0.0,0.4491119184234462,0.2389610389610389,0.2381285381285381,0.1586469112134079,0.0,0.6402290889187441
cleveland,0,1,Full,RF,0,0.5310706000309438,0.0,655,0.0,0.4775245177093769,0.2632034632034631,0.2544028520499108,0.2472028719697298,0.0,0.7485432154052842
cleveland,0,1,Full,LGBM,0,0.5310706000309438,0.0,655,0.0,0.4808299797393967,0.2692640692640692,0.2647623421354764,0.2260492983074678,0.0,0.7323163987991574
cleveland,0,1,-FeatWeights,KNN,0,0.1873278999701142,0.0,655,0.0,0.4686169828470944,0.2571428571428571,0.2605755981793387,0.1961909640654349,0.0,0.5588028395614604
cleveland,0,1,-FeatWeights,CART,0,0.1873278999701142,0.0,655,0.2923722690980933,0.5210413886081885,0.3220779220779221,0.3132580037664783,0.1720639088874385,0.1428571428571428,0.5824961768754872
cleveland,0,1,-FeatWeights,SVM,0,0.1873278999701142,0.0,655,0.0,0.4691844882116404,0.2571428571428571,0.2539576365663322,0.2139333762771113,0.0,0.6405724237448375
cleveland,0,1,-FeatWeights,RF,0,0.1873278999701142,0.0,655,0.0,0.4355000021874209,0.2225108225108225,0.2218905472636815,0.1806048145550775,0.0,0.7581942412632069
cleveland,0,1,-FeatWeights,LGBM,0,0.1873278999701142,0.0,655,0.0,0.5052555557275165,0.2935064935064935,0.2823368869936034,0.2781292077106,0.0,0.7329550347481382
cleveland,0,1,-Subgroups,KNN,0,0.4057638000231236,0.0,655,0.0,0.3942274394512122,0.1861471861471861,0.1898460939022014,0.097297957788549,0.0,0.5444567514222687
cleveland,0,1,-Subgroups,CART,0,0.4057638000231236,0.0,655,0.3063569283419632,0.5839043982278244,0.3904761904761904,0.3472818110850897,0.2822157224192974,0.1428571428571428,0.63181317277869
cleveland,0,1,-Subgroups,SVM,0,0.4057638000231236,0.0,655,0.0,0.4491119184234462,0.2389610389610389,0.2381285381285381,0.1586469112134079,0.0,0.6402290889187441
cleveland,0,1,-Subgroups,RF,0,0.4057638000231236,0.0,655,0.0,0.4588327158980321,0.245021645021645,0.2346997929606625,0.2141249870421469,0.0,0.7567426647426647
cleveland,0,1,-Subgroups,LGBM,0,0.4057638000231236,0.0,655,0.0,0.4881573006877922,0.2753246753246753,0.2707324913892078,0.2507044953224976,0.0,0.7481040619661309
cleveland,0,1,-Mahalanobis,KNN,0,0.5702767999609932,0.0,655,0.0,0.4015521602013416,0.1922077922077922,0.1952380952380952,0.1132399399758917,0.0,0.5480243319898492
cleveland,0,1,-Mahalanobis,CART,0,0.5702767999609932,0.0,655,0.2848099831079453,0.552453543795502,0.348051948051948,0.3346309819213044,0.2954716627442771,0.1428571428571428,0.6124733376457514
cleveland,0,1,-Mahalanobis,SVM,0,0.5702767999609932,0.0,655,0.0,0.4491119184234462,0.2389610389610389,0.2381285381285381,0.1586469112134079,0.0,0.644245442935098
cleveland,0,1,-Mahalanobis,RF,0,0.5702767999609932,0.0,655,0.0,0.4161395564058143,0.2043290043290043,0.2011866135162695,0.1507775601604263,0.0,0.7549630293078569
cleveland,0,1,-Mahalanobis,LGBM,0,0.5702767999609932,0.0,655,0.0,0.4815549485085783,0.2692640692640692,0.2635586635586635,0.2314961292357757,0.0,0.7407832678177506
cleveland,0,1,-NoiseGate,KNN,0,0.6147781999316067,0.0,655,0.0,0.4015521602013416,0.1922077922077922,0.1952380952380952,0.1132399399758917,0.0,0.5420397240052413
cleveland,0,1,-NoiseGate,CART,0,0.6147781999316067,0.0,655,0.3189023661718488,0.5871690647415903,0.3965367965367964,0.3520546402749793,0.2741175688873238,0.1428571428571428,0.632991623957141
cleveland,0,1,-NoiseGate,SVM,0,0.6147781999316067,0.0,655,0.0,0.4491119184234462,0.2389610389610389,0.2381285381285381,0.1586469112134079,0.0,0.6434036920933471
cleveland,0,1,-NoiseGate,RF,0,0.6147781999316067,0.0,655,0.0,0.458821803669326,0.245021645021645,0.2420391202999899,0.2140291173319273,0.0,0.740089084606326
cleveland,0,1,-NoiseGate,LGBM,0,0.6147781999316067,0.0,655,0.0,0.4818033979461387,0.2692640692640692,0.2609090909090908,0.2341677163486064,0.0,0.7397749581197857
cleveland,0,1,-ConfSteer,KNN,0,0.5249421999324113,0.0,655,0.0,0.3942274394512122,0.1861471861471861,0.1898460939022014,0.097297957788549,0.0,0.5466688726343898
cleveland,0,1,-ConfSteer,CART,0,0.5249421999324113,0.0,655,0.3063569283419632,0.5839043982278244,0.3904761904761904,0.3472818110850897,0.2822157224192974,0.1428571428571428,0.63181317277869
cleveland,0,1,-ConfSteer,SVM,0,0.5249421999324113,0.0,655,0.0,0.4678515837170824,0.2571428571428571,0.2550329670329671,0.1918607298220524,0.0,0.647276707966363
cleveland,0,1,-ConfSteer,RF,0,0.5249421999324113,0.0,655,0.0,0.4588327158980321,0.245021645021645,0.2346997929606625,0.2141249870421469,0.0,0.7512241959828168
cleveland,0,1,-ConfSteer,LGBM,0,0.5249421999324113,0.0,655,0.0,0.4750798200226877,0.2632034632034631,0.2598290598290598,0.2141720627184399,0.0,0.7249877427808462
cleveland,0,2,Full,KNN,0,0.5327549999346957,0.0,655,0.0,0.5057153767805028,0.3004329004329004,0.2825442834138486,0.1993622351994366,0.0,0.6098153621601898
cleveland,0,2,Full,CART,0,0.5327549999346957,0.0,655,0.0,0.5183199567752897,0.3038961038961038,0.3048510313216196,0.3128406813713213,0.0,0.5939668441392579
cleveland,0,2,Full,SVM,0,0.5327549999346957,0.0,655,0.0,0.5351955309941976,0.3264069264069263,0.3200350140056022,0.3056049238311193,0.0,0.699271997478894
cleveland,0,2,Full,RF,0,0.5327549999346957,0.0,655,0.0,0.5525498040695479,0.3445887445887445,0.3411764705882353,0.357583102386112,0.0,0.7437596490355112
cleveland,0,2,Full,LGBM,0,0.5327549999346957,0.0,655,0.0,0.4659876675271175,0.2510822510822511,0.2528715728715728,0.2429606377540439,0.0,0.7029679720024549
cleveland,0,2,-FeatWeights,KNN,0,0.1727259999606758,0.0,655,0.0,0.5398341125774788,0.3367965367965367,0.3175087719298245,0.2620131684858943,0.0,0.601338922890647
cleveland,0,2,-FeatWeights,CART,0,0.1727259999606758,0.0,655,0.0,0.5179334322071683,0.3038961038961038,0.3002366522366522,0.312500434028682,0.0,0.5933078403078402
cleveland,0,2,-FeatWeights,SVM,0,0.1727259999606758,0.0,655,0.0,0.5450295745752433,0.3385281385281384,0.3349620427881297,0.3116065910327298,0.0,0.6941949212983696
cleveland,0,2,-FeatWeights,RF,0,0.1727259999606758,0.0,655,0.0,0.5402546250867318,0.3281385281385282,0.3301357466063348,0.3517111861686132,0.0,0.7212840390771426
cleveland,0,2,-FeatWeights,LGBM,0,0.1727259999606758,0.0,655,0.0,0.47679860854899,0.2632034632034631,0.2653491436100131,0.2432594888600574,0.0,0.7102624604003914
cleveland,0,2,-Subgroups,KNN,0,0.3764774999581277,0.0,655,0.0,0.4994110238320732,0.2943722943722944,0.2751991614255765,0.1838909671136477,0.0,0.6097071370519646
cleveland,0,2,-Subgroups,CART,0,0.3764774999581277,0.0,655,0.0,0.4885444595329939,0.2735930735930735,0.2727063560540695,0.2544817318083555,0.0,0.5729839113632218
cleveland,0,2,-Subgroups,SVM,0,0.3764774999581277,0.0,655,0.0,0.5351955309941976,0.3264069264069263,0.3200350140056022,0.3056049238311193,0.0,0.6998010980079946
cleveland,0,2,-Subgroups,RF,0,0.3764774999581277,0.0,655,0.0,0.558378296544853,0.3506493506493506,0.346055900621118,0.3743588291947576,0.0,0.7423922641853675
cleveland,0,2,-Subgroups,LGBM,0,0.3764774999581277,0.0,655,0.0,0.4770213394708943,0.2632034632034631,0.2556521739130434,0.2486477721252256,0.0,0.7154123832744522
cleveland,0,2,-Mahalanobis,KNN,0,0.5316505000228062,0.0,655,0.0,0.5057153767805028,0.3004329004329004,0.2825442834138486,0.1993622351994366,0.0,0.6098153621601898
cleveland,0,2,-Mahalanobis,CART,0,0.5316505000228062,0.0,655,0.0,0.4874973802657928,0.2735930735930735,0.2740984033887259,0.2449301982986788,0.0,0.5711161864954968
cleveland,0,2,-Mahalanobis,SVM,0,0.5316505000228062,0.0,655,0.0,0.5351955309941976,0.3264069264069263,0.3200350140056022,0.3056049238311193,0.0,0.6998010980079946
cleveland,0,2,-Mahalanobis,RF,0,0.5316505000228062,0.0,655,0.0,0.5523777403636454,0.3445887445887445,0.3383193277310924,0.3551051184686823,0.0,0.7286466802673699
cleveland,0,2,-Mahalanobis,LGBM,0,0.5316505000228062,0.0,655,0.0,0.4659986777137443,0.2510822510822511,0.2392436974789916,0.2434031893735286,0.0,0.7103464862085552
cleveland,0,2,-NoiseGate,KNN,0,0.5890961000695825,0.0,655,0.0,0.4993236919118147,0.2943722943722944,0.2763570561624185,0.1824258385968243,0.0,0.6096595180043456
cleveland,0,2,-NoiseGate,CART,0,0.5890961000695825,0.0,655,0.0,0.4897485290237016,0.2735930735930735,0.2665689865689866,0.2731464659397802,0.0,0.5751366207228277
cleveland,0,2,-NoiseGate,SVM,0,0.5890961000695825,0.0,655,0.0,0.5351955309941976,0.3264069264069263,0.3200350140056022,0.3056049238311193,0.0,0.6997098737788392
cleveland,0,2,-NoiseGate,RF,0,0.5890961000695825,0.0,655,0.0,0.5315645628446413,0.3203463203463203,0.3118022328548644,0.3214137491983319,0.0,0.7231041946559188
cleveland,0,2,-NoiseGate,LGBM,0,0.5890961000695825,0.0,655,0.0,0.4642110298708821,0.2510822510822511,0.2532119514472455,0.2290701476420998,0.0,0.7095557214177904
cleveland,0,2,-ConfSteer,KNN,0,0.5316090000560507,0.0,655,0.0,0.4994110238320732,0.2943722943722944,0.2751991614255765,0.1838909671136477,0.0,0.6097071370519646
cleveland,0,2,-ConfSteer,CART,0,0.5316090000560507,0.0,655,0.0,0.4885444595329939,0.2735930735930735,0.2727063560540695,0.2544817318083555,0.0,0.5729839113632218
cleveland,0,2,-ConfSteer,SVM,0,0.5316090000560507,0.0,655,0.0,0.5351955309941976,0.3264069264069263,0.3200350140056022,0.3056049238311193,0.0,0.6998010980079946
cleveland,0,2,-ConfSteer,RF,0,0.5316090000560507,0.0,655,0.0,0.5680419072687158,0.3627705627705627,0.3573669467787115,0.3811717998484533,0.0,0.7381097178683387
cleveland,0,2,-ConfSteer,LGBM,0,0.5316090000560507,0.0,655,0.0,0.437733760250147,0.2225108225108225,0.2146031746031746,0.2168421973309789,0.0,0.7026705810154087
cleveland,0,3,Full,KNN,0,0.5408522000070661,0.0,655,0.0,0.4864033209432621,0.2735930735930735,0.272359811849268,0.228018661753141,0.0,0.6157296642580282
cleveland,0,3,Full,CART,0,0.5408522000070661,0.0,655,0.0,0.4378426165362781,0.2225108225108225,0.2321226795803067,0.1978420858163071,0.0,0.5420348104147714
cleveland,0,3,Full,SVM,0,0.5408522000070661,0.0,655,0.0,0.5540115031708781,0.3489177489177489,0.3399195575666163,0.3374088961354666,0.0,0.7511035881485428
cleveland,0,3,Full,RF,0,0.5408522000070661,0.0,655,0.0,0.5531046998158806,0.3554112554112554,0.3167765567765567,0.2439635297727471,0.0,0.7949844709433581
cleveland,0,3,Full,LGBM,0,0.5408522000070661,0.0,655,0.0,0.4867007507691047,0.2692640692640692,0.274580250856763,0.2935520915842557,0.0,0.7699690165470752
cleveland,0,3,-FeatWeights,KNN,0,0.1995423999615013,0.0,655,0.0,0.468941521273763,0.2554112554112554,0.2465541211519364,0.2065567125697255,0.0,0.666634988171996
cleveland,0,3,-FeatWeights,CART,0,0.1995423999615013,0.0,655,0.0,0.4864722207215895,0.2735930735930735,0.2717988344763192,0.2294660582884223,0.0,0.5692914432388361
cleveland,0,3,-FeatWeights,SVM,0,0.1995423999615013,0.0,655,0.3401546895614804,0.6021665482685712,0.4142857142857142,0.3918707215800695,0.3163289294208971,0.1428571428571428,0.7243665862078355
cleveland,0,3,-FeatWeights,RF,0,0.1995423999615013,0.0,655,0.3963595335476743,0.6361892228199973,0.454978354978355,0.4522549019607843,0.3865088258578263,0.1818181818181818,0.7892057233856347
cleveland,0,3,-FeatWeights,LGBM,0,0.1995423999615013,0.0,655,0.0,0.480052635952759,0.2632034632034631,0.2553201562315066,0.2876072861179966,0.0,0.7648532775666649
cleveland,0,3,-Subgroups,KNN,0,0.383248999947682,0.0,655,0.0,0.4864033209432621,0.2735930735930735,0.272359811849268,0.228018661753141,0.0,0.6123672418479866
cleveland,0,3,-Subgroups,CART,0,0.383248999947682,0.0,655,0.0,0.4378426165362781,0.2225108225108225,0.2321226795803067,0.1978420858163071,0.0,0.5420348104147714
cleveland,0,3,-Subgroups,SVM,0,0.383248999947682,0.0,655,0.0,0.5540115031708781,0.3489177489177489,0.3399195575666163,0.3374088961354666,0.0,0.7511035881485428
cleveland,0,3,-Subgroups,RF,0,0.383248999947682,0.0,655,0.0,0.5520351358181452,0.3554112554112554,0.3177464788732394,0.2378056837520731,0.0,0.8003802484872595
cleveland,0,3,-Subgroups,LGBM,0,0.383248999947682,0.0,655,0.0,0.4867007507691047,0.2692640692640692,0.274580250856763,0.2935520915842557,0.0,0.7538297306878649
cleveland,0,3,-Mahalanobis,KNN,0,0.5427885999670252,0.0,655,0.0,0.4864033209432621,0.2735930735930735,0.272359811849268,0.228018661753141,0.0,0.6136468846370635
cleveland,0,3,-Mahalanobis,CART,0,0.5427885999670252,0.0,655,0.0,0.4902298231820481,0.2753246753246753,0.2846168582375479,0.2646172165018842,0.0,0.5741021141801884
cleveland,0,3,-Mahalanobis,SVM,0,0.5427885999670252,0.0,655,0.0,0.5540115031708781,0.3489177489177489,0.3399195575666163,0.3374088961354666,0.0,0.7511035881485428
cleveland,0,3,-Mahalanobis,RF,0,0.5427885999670252,0.0,655,0.0,0.4399355630027867,0.2268398268398268,0.2266666666666666,0.1874837495199265,0.0,0.7949279362119774
cleveland,0,3,-Mahalanobis,LGBM,0,0.5427885999670252,0.0,655,0.0,0.4800746507788961,0.2632034632034631,0.269037629037629,0.2738781317861166,0.0,0.7534047746536515
cleveland,0,3,-NoiseGate,KNN,0,0.5698111000237986,0.0,655,0.0,0.4689368205261995,0.2554112554112554,0.2585010269560003,0.2045388257222149,0.0,0.6705504072692783
cleveland,0,3,-NoiseGate,CART,0,0.5698111000237986,0.0,655,0.0,0.4950830393823919,0.2831168831168831,0.2680459770114942,0.2525063266037399,0.0,0.5744312769500983
cleveland,0,3,-NoiseGate,SVM,0,0.5698111000237986,0.0,655,0.0,0.5540115031708782,0.3489177489177489,0.3443884220354808,0.3371025784180904,0.0,0.7234671375127428
cleveland,0,3,-NoiseGate,RF,0,0.5698111000237986,0.0,655,0.0,0.5349609849157426,0.3307359307359307,0.3201823763091369,0.2915069779476875,0.0,0.8161401434846922
cleveland,0,3,-NoiseGate,LGBM,0,0.5698111000237986,0.0,655,0.0,0.519171350492118,0.3038961038961038,0.3064879393052767,0.3370893710265993,0.0,0.7658681093015138
cleveland,0,3,-ConfSteer,KNN,0,0.5410266999388114,0.0,655,0.0,0.4864033209432621,0.2735930735930735,0.272359811849268,0.228018661753141,0.0,0.6157296642580282
cleveland,0,3,-ConfSteer,CART,0,0.5410266999388114,0.0,655,0.0,0.4914218013373627,0.2753246753246753,0.2818641717943811,0.2739941566249105,0.0,0.5762270731784628
cleveland,0,3,-ConfSteer,SVM,0,0.5410266999388114,0.0,655,0.0,0.5540115031708781,0.3489177489177489,0.3399195575666163,0.3374088961354666,0.0,0.7507325306346282
cleveland,0,3,-ConfSteer,RF,0,0.5410266999388114,0.0,655,0.0,0.574845011159702,0.383982683982684,0.3542299953567559,0.2614933592820647,0.0,0.8017195633075362
cleveland,0,3,-ConfSteer,LGBM,0,0.5410266999388114,0.0,655,0.0,0.4867007507691047,0.2692640692640692,0.274580250856763,0.2935520915842557,0.0,0.7592451691655459
cleveland,0,4,Full,KNN,0,0.5343273000326008,0.0,660,0.0,0.4913784934447035,0.2810064935064935,0.2844858757062146,0.2200375128782836,0.0,0.6202252533140481
cleveland,0,4,Full,CART,0,0.5343273000326008,0.0,660,0.3799082997552545,0.6316155595627975,0.4563311688311688,0.4258327557260138,0.3467917285863751,0.125,0.6652803842917934
cleveland,0,4,Full,SVM,0,0.5343273000326008,0.0,660,0.0,0.5038460382322639,0.2940746753246753,0.2894162679425837,0.2925772609295008,0.0,0.6404453752168456
cleveland,0,4,Full,RF,0,0.5343273000326008,0.0,660,0.0,0.5028805368236771,0.29375,0.2722222222222222,0.2228644824318393,0.0,0.7127662085886741
cleveland,0,4,Full,LGBM,0,0.5343273000326008,0.0,660,0.0,0.5683157851808519,0.3696428571428571,0.3260073260073259,0.303410905874255,0.0,0.7221740699176741
cleveland,0,4,-FeatWeights,KNN,0,0.1862902999855578,0.0,660,0.0,0.5369401481013971,0.3298701298701298,0.3260583678616465,0.2993298701171837,0.0,0.6606822966918294
cleveland,0,4,-FeatWeights,CART,0,0.1862902999855578,0.0,660,0.0,0.5413810311993279,0.3319805194805195,0.3413963813963813,0.3413279048418225,0.0,0.607421915731819
cleveland,0,4,-FeatWeights,SVM,0,0.1862902999855578,0.0,660,0.0,0.5298620942070864,0.3226461038961039,0.3198752598752598,0.3281993430151119,0.0,0.6594610578101143
cleveland,0,4,-FeatWeights,RF,0,0.1862902999855578,0.0,660,0.0,0.5760743777342802,0.3801136363636364,0.4028300466656631,0.3305096120636522,0.0,0.7902745012823639
cleveland,0,4,-FeatWeights,LGBM,0,0.1862902999855578,0.0,660,0.0,0.4549351521844167,0.2410714285714285,0.226007326007326,0.2253737485513432,0.0,0.7287253829507698
cleveland,0,4,-Subgroups,KNN,0,0.381271900027059,0.0,660,0.0,0.4913784934447035,0.2810064935064935,0.2844858757062146,0.2200375128782836,0.0,0.6202252533140481
cleveland,0,4,-Subgroups,CART,0,0.381271900027059,0.0,660,0.0,0.5403674275985485,0.3435064935064935,0.3124749163879598,0.1993282743813837,0.0,0.5967771725439726
cleveland,0,4,-Subgroups,SVM,0,0.381271900027059,0.0,660,0.0,0.5038460382322639,0.2940746753246753,0.2894162679425837,0.2925772609295008,0.0,0.6462565283494274
cleveland,0,4,-Subgroups,RF,0,0.381271900027059,0.0,660,0.0,0.5195076251123447,0.3119318181818181,0.2922222222222222,0.2525171423101192,0.0,0.7261579102971338
cleveland,0,4,-Subgroups,LGBM,0,0.381271900027059,0.0,660,0.0,0.5623486879420365,0.3633928571428571,0.316687370600414,0.2845478110045404,0.0,0.7141317400301158
cleveland,0,4,-Mahalanobis,KNN,0,0.6011983000207692,0.0,660,0.0,0.4913784934447035,0.2810064935064935,0.2844858757062146,0.2200375128782836,0.0,0.6202252533140481
cleveland,0,4,-Mahalanobis,CART,0,0.6011983000207692,0.0,660,0.3707060545406457,0.5974916236184696,0.4158279220779221,0.3919551282051282,0.2625053681551406,0.1818181818181818,0.6371735433564485
cleveland,0,4,-Mahalanobis,SVM,0,0.6011983000207692,0.0,660,0.0,0.502951888001641,0.2940746753246753,0.2884104199893673,0.2882431318204413,0.0,0.6472599891743168
cleveland,0,4,-Mahalanobis,RF,0,0.6011983000207692,0.0,660,0.0,0.5242520726331004,0.31875,0.2784344422700587,0.2491660311480703,0.0,0.7246334982838288
cleveland,0,4,-Mahalanobis,LGBM,0,0.6011983000207692,0.0,660,0.0,0.5754616591773946,0.3758928571428571,0.3304761904761905,0.3319018629364793,0.0,0.7036860241893528
cleveland,0,4,-NoiseGate,KNN,0,0.5409824999514967,0.0,660,0.0,0.4847740312747828,0.2747564935064935,0.2784148877941981,0.2035690409217093,0.0,0.6485999551788948
cleveland,0,4,-NoiseGate,CART,0,0.5409824999514967,0.0,660,0.3418309857261063,0.5752577402050756,0.3872564935064935,0.3670833333333333,0.2346699306869129,0.1818181818181818,0.6208921832071638
cleveland,0,4,-NoiseGate,SVM,0,0.5409824999514967,0.0,660,0.0,0.5048071980409627,0.2940746753246753,0.2886201991465149,0.2978389673223662,0.0,0.6482325370512005
cleveland,0,4,-NoiseGate,RF,0,0.5409824999514967,0.0,660,0.3158873247404114,0.599048475615072,0.4086850649350649,0.4091792530148694,0.3649536109929064,0.1428571428571428,0.7672679856392329
cleveland,0,4,-NoiseGate,LGBM,0,0.5409824999514967,0.0,660,0.0,0.5734347898385376,0.3758928571428571,0.3268009768009767,0.322669215757389,0.0,0.7143663492144996
cleveland,0,4,-ConfSteer,KNN,0,0.5545958000002429,0.0,660,0.0,0.4913784934447035,0.2810064935064935,0.2844858757062146,0.2200375128782836,0.0,0.6202252533140481
cleveland,0,4,-ConfSteer,CART,0,0.5545958000002429,0.0,660,0.0,0.5403674275985485,0.3435064935064935,0.3124749163879598,0.1993282743813837,0.0,0.5967771725439726
cleveland,0,4,-ConfSteer,SVM,0,0.5545958000002429,0.0,660,0.0,0.5038460382322639,0.2940746753246753,0.2894162679425837,0.2925772609295008,0.0,0.6404453752168456
cleveland,0,4,-ConfSteer,RF,0,0.5545958000002429,0.0,660,0.0,0.4075702520082284,0.19375,0.1722222222222222,0.1929420875192097,0.0,0.7266971781819815
cleveland,0,4,-ConfSteer,LGBM,0,0.5545958000002429,0.0,660,0.0,0.5622491480465449,0.3633928571428571,0.3204968944099379,0.2824681107707237,0.0,0.7084738479291877
cmc,0,0,Full,KNN,0,0.6751885999692604,0.0,1509,0.4456798526924271,0.5702326847838097,0.4494218914763252,0.4376253362680362,0.1686577216250374,0.3725490196078431,0.6131031283973437
cmc,0,0,Full,CART,0,0.6751885999692604,0.0,1509,0.4125932205235509,0.5432599083143806,0.4153880457655699,0.4133604284581107,0.1272270385738827,0.3582089552238806,0.5706264936690411
cmc,0,0,Full,SVM,0,0.6751885999692604,0.0,1509,0.4736717774372973,0.5951701036247646,0.4771125697376795,0.4649343128031653,0.2210262465268667,0.4019607843137255,0.6737317175695624
cmc,0,0,Full,RF,0,0.6751885999692604,0.0,1509,0.4718392726265213,0.5960687903284673,0.477314640615782,0.4762027011680306,0.2257865593234654,0.3880597014925373,0.6547736283630275
cmc,0,0,Full,LGBM,0,0.6751885999692604,0.0,1509,0.4796149315300708,0.6076367148377707,0.4888350033213949,0.4884721910322629,0.2535160750802242,0.373134328358209,0.6842498259468145
cmc,0,0,-FeatWeights,KNN,0,0.3189723000396043,0.0,1509,0.4476743718822693,0.5745534465693104,0.4551658142527326,0.4392687542209116,0.1739544869917172,0.3529411764705882,0.6138104423661084
cmc,0,0,-FeatWeights,CART,0,0.3189723000396043,0.0,1509,0.448385986666949,0.5826902527203206,0.4598993826386275,0.4594707896157963,0.2065108874976484,0.3432835820895522,0.6070051516028665
cmc,0,0,-FeatWeights,SVM,0,0.3189723000396043,0.0,1509,0.4916555802320984,0.6112721191043411,0.4973289481630131,0.4820312872322562,0.248976627349424,0.4019607843137255,0.680367537325311
cmc,0,0,-FeatWeights,RF,0,0.3189723000396043,0.0,1509,0.4581365479146306,0.5854548632371499,0.463780537090458,0.4626658956860204,0.2083585525003731,0.373134328358209,0.6604956402611052
cmc,0,0,-FeatWeights,LGBM,0,0.3189723000396043,0.0,1509,0.4767572720513593,0.6004245503223777,0.4816672937831849,0.4800014683332249,0.2358440087174049,0.4029850746268656,0.6879929972158837
cmc,0,0,-Subgroups,KNN,0,0.4435703000053763,0.0,1509,0.4417355763449998,0.5675813611621614,0.4461539176201161,0.4340011445007708,0.1641486497636823,0.3627450980392157,0.6121452080582318
cmc,0,0,-Subgroups,CART,0,0.4435703000053763,0.0,1509,0.4125932205235509,0.5432599083143806,0.4153880457655699,0.4133604284581107,0.1272270385738827,0.3582089552238806,0.5717672697875927
cmc,0,0,-Subgroups,SVM,0,0.4435703000053763,0.0,1509,0.4736717774372973,0.5950638256754911,0.4771125697376795,0.4648511134242577,0.2202840015369455,0.4019607843137255,0.6732999071112477
cmc,0,0,-Subgroups,RF,0,0.4435703000053763,0.0,1509,0.4584019805046701,0.588068904066884,0.4667419206488565,0.4662562897499425,0.2141337080335617,0.3582089552238806,0.657152197053755
cmc,0,0,-Subgroups,LGBM,0,0.4435703000053763,0.0,1509,0.4802871327342329,0.6066397427047348,0.4880569143080118,0.4873845395031835,0.2503017542551058,0.373134328358209,0.6904745800639809
cmc,0,0,-Mahalanobis,KNN,0,0.6821810000110418,0.0,1509,0.4456798526924271,0.5702326847838097,0.4494218914763252,0.4376253362680362,0.1686577216250374,0.3725490196078431,0.6131031283973437
cmc,0,0,-Mahalanobis,CART,0,0.6821810000110418,0.0,1509,0.4125932205235509,0.5432599083143806,0.4153880457655699,0.4133604284581107,0.1272270385738827,0.3582089552238806,0.5706264936690411
cmc,0,0,-Mahalanobis,SVM,0,0.6821810000110418,0.0,1509,0.4736717774372973,0.5951701036247646,0.4771125697376795,0.4649343128031653,0.2210262465268667,0.4019607843137255,0.6737317175695624
cmc,0,0,-Mahalanobis,RF,0,0.6821810000110418,0.0,1509,0.4718392726265213,0.5960687903284673,0.477314640615782,0.4762027011680306,0.2257865593234654,0.3880597014925373,0.6547736283630275
cmc,0,0,-Mahalanobis,LGBM,0,0.6821810000110418,0.0,1509,0.4796149315300708,0.6076367148377707,0.4888350033213949,0.4884721910322629,0.2535160750802242,0.373134328358209,0.6842498259468145
cmc,0,0,-NoiseGate,KNN,0,0.6701290999772027,0.0,1509,0.4342575553443297,0.5639394479888736,0.4416410013424938,0.4286414544593496,0.158242874220075,0.3333333333333333,0.6119431648395591
cmc,0,0,-NoiseGate,CART,0,0.6701290999772027,0.0,1509,0.4112517560876603,0.5437440887293007,0.4157039266784657,0.4144108147144406,0.1293427564514093,0.3432835820895522,0.574140644700775
cmc,0,0,-NoiseGate,SVM,0,0.6701290999772027,0.0,1509,0.4736717774372973,0.5951701036247646,0.4771125697376795,0.4649343128031653,0.2210262465268667,0.4019607843137255,0.6739900775967489
cmc,0,0,-NoiseGate,RF,0,0.6701290999772027,0.0,1509,0.4635590552112571,0.5913053043695465,0.4710945738162595,0.4702477353079762,0.2190385860526869,0.373134328358209,0.6568804660749672
cmc,0,0,-NoiseGate,LGBM,0,0.6701290999772027,0.0,1509,0.4941412421983613,0.6168864948641378,0.5000301944990267,0.4990495556859275,0.269580567095377,0.4029850746268656,0.6923232136309841
cmc,0,0,-ConfSteer,KNN,0,0.8267573000630364,0.0,1509,0.4456798526924271,0.5702326847838097,0.4494218914763252,0.4376253362680362,0.1686577216250374,0.3725490196078431,0.6131031283973437
cmc,0,0,-ConfSteer,CART,0,0.8267573000630364,0.0,1509,0.4125932205235509,0.5432599083143806,0.4153880457655699,0.4133604284581107,0.1272270385738827,0.3582089552238806,0.5706264936690411
cmc,0,0,-ConfSteer,SVM,0,0.8267573000630364,0.0,1509,0.4736717774372973,0.5951701036247646,0.4771125697376795,0.4649343128031653,0.2210262465268667,0.4019607843137255,0.6737317175695624
cmc,0,0,-ConfSteer,RF,0,0.8267573000630364,0.0,1509,0.4718392726265213,0.5960687903284673,0.477314640615782,0.4762027011680306,0.2257865593234654,0.3880597014925373,0.6547736283630275
cmc,0,0,-ConfSteer,LGBM,0,0.8267573000630364,0.0,1509,0.4796149315300708,0.6076367148377707,0.4888350033213949,0.4884721910322629,0.2535160750802242,0.373134328358209,0.6842498259468145
cmc,0,1,Full,KNN,0,0.6812817000318319,0.0,1509,0.4609958514677513,0.5835855028504873,0.4669927672561562,0.453419139258191,0.1872367172228704,0.3725490196078431,0.6375942753185824
cmc,0,1,Full,CART,0,0.6812817000318319,0.0,1509,0.4527620161975116,0.5801319757980714,0.4608145082245169,0.4615875866886195,0.1899243551488604,0.392156862745098,0.5890406219688712
cmc,0,1,Full,SVM,0,0.6812817000318319,0.0,1509,0.5181793472625981,0.6290543181099886,0.5202047651564773,0.5066755240412735,0.2765228667756408,0.4705882352941176,0.7115550832076543
cmc,0,1,Full,RF,0,0.6812817000318319,0.0,1509,0.485788627117131,0.6062260652807833,0.4903726001179908,0.4895283285543168,0.2411820886947022,0.4328358208955223,0.6764668025803945
cmc,0,1,Full,LGBM,0,0.6812817000318319,0.0,1509,0.514906255047221,0.6286480767500024,0.5200863098141412,0.5211595070598215,0.2793666164946708,0.4626865671641791,0.7161433302141388
cmc,0,1,-FeatWeights,KNN,0,0.3177276999922469,0.0,1509,0.4835474167238486,0.6007879153243055,0.4876852897046048,0.4740978062563966,0.219017404320791,0.4117647058823529,0.6481000125586007
cmc,0,1,-FeatWeights,CART,0,0.3177276999922469,0.0,1509,0.4929652709699944,0.6098358395813185,0.4989083527274924,0.4957190957190957,0.237392586983126,0.4019607843137255,0.6184655778728548
cmc,0,1,-FeatWeights,SVM,0,0.3177276999922469,0.0,1509,0.5419817217860519,0.6479719318496288,0.544934059859433,0.5285217018963149,0.3079383580678643,0.5,0.7235896873341737
cmc,0,1,-FeatWeights,RF,0,0.3177276999922469,0.0,1509,0.4973794981845749,0.6158550200587382,0.5034305596201997,0.5005573224291988,0.2553238146387739,0.4215686274509804,0.6803792109164605
cmc,0,1,-FeatWeights,LGBM,0,0.3177276999922469,0.0,1509,0.5081647886499362,0.6249924546564186,0.5155733935365191,0.5167915360409029,0.272812765488036,0.4411764705882353,0.7077037604609512
cmc,0,1,-Subgroups,KNN,0,0.4365751000586897,0.0,1509,0.4609958514677513,0.5835855028504873,0.4669927672561562,0.453419139258191,0.1872367172228704,0.3725490196078431,0.6375942753185824
cmc,0,1,-Subgroups,CART,0,0.4365751000586897,0.0,1509,0.4527620161975116,0.5801319757980714,0.4608145082245169,0.4615875866886195,0.1899243551488604,0.392156862745098,0.5890406219688712
cmc,0,1,-Subgroups,SVM,0,0.4365751000586897,0.0,1509,0.5181793472625981,0.6290543181099886,0.5202047651564773,0.5066755240412735,0.2765228667756408,0.4705882352941176,0.7116395193758418
cmc,0,1,-Subgroups,RF,0,0.4365751000586897,0.0,1509,0.4886732568037532,0.6104076059461798,0.4950411341982896,0.4939605110336817,0.2501148239503404,0.4328358208955223,0.678913086276749
cmc,0,1,-Subgroups,LGBM,0,0.4365751000586897,0.0,1509,0.5134537614211198,0.6288031470233997,0.5194638386034347,0.519318120553388,0.2809943555509316,0.4607843137254901,0.7044197110584358
cmc,0,1,-Mahalanobis,KNN,0,0.6847469999920577,0.0,1509,0.4609958514677513,0.5835855028504873,0.4669927672561562,0.453419139258191,0.1872367172228704,0.3725490196078431,0.6375942753185824
cmc,0,1,-Mahalanobis,CART,0,0.6847469999920577,0.0,1509,0.4527620161975116,0.5801319757980714,0.4608145082245169,0.4615875866886195,0.1899243551488604,0.392156862745098,0.5890406219688712
cmc,0,1,-Mahalanobis,SVM,0,0.6847469999920577,0.0,1509,0.5181793472625981,0.6290543181099886,0.5202047651564773,0.5066755240412735,0.2765228667756408,0.4705882352941176,0.7115550832076543
cmc,0,1,-Mahalanobis,RF,0,0.6847469999920577,0.0,1509,0.485788627117131,0.6062260652807833,0.4903726001179908,0.4895283285543168,0.2411820886947022,0.4328358208955223,0.6764668025803945
cmc,0,1,-Mahalanobis,LGBM,0,0.6847469999920577,0.0,1509,0.514906255047221,0.6286480767500024,0.5200863098141412,0.5211595070598215,0.2793666164946708,0.4626865671641791,0.7161433302141388
cmc,0,1,-NoiseGate,KNN,0,0.6898495999630541,0.0,1509,0.4650047122646844,0.5864152692069357,0.4702607411123654,0.4569132414176496,0.1927958737492378,0.3823529411764705,0.6405143762213116
cmc,0,1,-NoiseGate,CART,0,0.6898495999630541,0.0,1509,0.4680973773030696,0.5942714197372945,0.4788475921048353,0.4767775327185137,0.212578479658788,0.3627450980392157,0.6028219597574714
cmc,0,1,-NoiseGate,SVM,0,0.6898495999630541,0.0,1509,0.5181793472625981,0.6290543181099886,0.5202047651564773,0.5066755240412735,0.2765228667756408,0.4705882352941176,0.7122119251652254
cmc,0,1,-NoiseGate,RF,0,0.6898495999630541,0.0,1509,0.4978609888029425,0.6171875474485998,0.5032842324326082,0.5016868516798539,0.2622208208693712,0.4477611940298507,0.6813813279305562
cmc,0,1,-NoiseGate,LGBM,0,0.6898495999630541,0.0,1509,0.5011439972892549,0.6172611191983046,0.505613854165215,0.5046589679168945,0.2577460737287225,0.4509803921568627,0.7088706844289878
cmc,0,1,-ConfSteer,KNN,0,0.6743203999940306,0.0,1509,0.4609958514677513,0.5835855028504873,0.4669927672561562,0.453419139258191,0.1872367172228704,0.3725490196078431,0.6375942753185824
cmc,0,1,-ConfSteer,CART,0,0.6743203999940306,0.0,1509,0.4527620161975116,0.5801319757980714,0.4608145082245169,0.4615875866886195,0.1899243551488604,0.392156862745098,0.5890406219688712
cmc,0,1,-ConfSteer,SVM,0,0.6743203999940306,0.0,1509,0.5181793472625981,0.6290543181099886,0.5202047651564773,0.5066755240412735,0.2765228667756408,0.4705882352941176,0.7115550832076543
cmc,0,1,-ConfSteer,RF,0,0.6743203999940306,0.0,1509,0.485788627117131,0.6062260652807833,0.4903726001179908,0.4895283285543168,0.2411820886947022,0.4328358208955223,0.6764668025803945
cmc,0,1,-ConfSteer,LGBM,0,0.6743203999940306,0.0,1509,0.514906255047221,0.6286480767500024,0.5200863098141412,0.5211595070598215,0.2793666164946708,0.4626865671641791,0.7161433302141388
cmc,0,2,Full,KNN,0,0.6975197000429034,0.0,1509,0.4011566571800851,0.5325225865197046,0.4080331750234663,0.3971859449527313,0.0902916388046622,0.3106796116504854,0.6075043312960692
cmc,0,2,Full,CART,0,0.6975197000429034,0.0,1509,0.4323620248571523,0.5660176766233245,0.4405053773985812,0.4395482364175484,0.1734580251376579,0.3484848484848485,0.59530673450211
cmc,0,2,Full,SVM,0,0.6975197000429034,0.0,1509,0.5029964322602282,0.6195693726583645,0.5080859449791489,0.4929392641008762,0.2594828176646716,0.4174757281553398,0.6797085859978483
cmc,0,2,Full,RF,0,0.6975197000429034,0.0,1509,0.458144283310369,0.5929693530858727,0.4728001232855601,0.4732532867780668,0.2247348426237385,0.3333333333333333,0.6622161606926479
cmc,0,2,Full,LGBM,0,0.6975197000429034,0.0,1509,0.5109647890052413,0.6288481103091207,0.5166388807165506,0.5163798087104844,0.2870234423810207,0.4242424242424242,0.7045442420251383
cmc,0,2,-FeatWeights,KNN,0,0.3273700000718236,0.0,1509,0.4149539524322237,0.543276624905208,0.420497158361236,0.4070855267433548,0.1097305514345163,0.3495145631067961,0.6058226784158615
cmc,0,2,-FeatWeights,CART,0,0.3273700000718236,0.0,1509,0.4355731812246555,0.5760454866004148,0.4539687209590122,0.4469519955439102,0.1868111439192807,0.3106796116504854,0.5995438296765054
cmc,0,2,-FeatWeights,SVM,0,0.3273700000718236,0.0,1509,0.5214388088760683,0.6351507758759284,0.5269547065663571,0.5122383636315525,0.2882921748450084,0.4271844660194174,0.6804797595150301
cmc,0,2,-FeatWeights,RF,0,0.3273700000718236,0.0,1509,0.4658456256238237,0.602758114463663,0.4833821338675708,0.4834648058252427,0.2460153078990359,0.3333333333333333,0.664046657205831
cmc,0,2,-FeatWeights,LGBM,0,0.3273700000718236,0.0,1509,0.4760363193405358,0.6039970869598952,0.4853061357915726,0.4852837389198567,0.2442048431742081,0.3787878787878788,0.691941781286573
cmc,0,2,-Subgroups,KNN,0,0.4433491000672802,0.0,1509,0.405292584383794,0.5367668089951069,0.4130836800739714,0.4009607935652879,0.0975079659432979,0.3106796116504854,0.6074476881382719
cmc,0,2,-Subgroups,CART,0,0.4433491000672802,0.0,1509,0.4323620248571523,0.5660176766233245,0.4405053773985812,0.4395482364175484,0.1734580251376579,0.3484848484848485,0.59530673450211
cmc,0,2,-Subgroups,SVM,0,0.4433491000672802,0.0,1509,0.5029964322602282,0.6195693726583645,0.5080859449791489,0.4929392641008762,0.2594828176646716,0.4174757281553398,0.6804450015319463
cmc,0,2,-Subgroups,RF,0,0.4433491000672802,0.0,1509,0.4683285843305335,0.597860577011173,0.4796648874318777,0.4800015362072225,0.2306871096512508,0.3636363636363636,0.6607764060581434
cmc,0,2,-Subgroups,LGBM,0,0.4433491000672802,0.0,1509,0.4629876050649562,0.5940003074666588,0.4737831388316825,0.4741597583702847,0.2250916149585406,0.3636363636363636,0.6946539803805285
cmc,0,2,-Mahalanobis,KNN,0,0.6743827000027522,0.0,1509,0.4011566571800851,0.5325225865197046,0.4080331750234663,0.3971859449527313,0.0902916388046622,0.3106796116504854,0.6075043312960692
cmc,0,2,-Mahalanobis,CART,0,0.6743827000027522,0.0,1509,0.4323620248571523,0.5660176766233245,0.4405053773985812,0.4395482364175484,0.1734580251376579,0.3484848484848485,0.59530673450211
cmc,0,2,-Mahalanobis,SVM,0,0.6743827000027522,0.0,1509,0.5029964322602282,0.6195693726583645,0.5080859449791489,0.4929392641008762,0.2594828176646716,0.4174757281553398,0.6797085859978483
cmc,0,2,-Mahalanobis,RF,0,0.6743827000027522,0.0,1509,0.458144283310369,0.5929693530858727,0.4728001232855601,0.4732532867780668,0.2247348426237385,0.3333333333333333,0.6622161606926479
cmc,0,2,-Mahalanobis,LGBM,0,0.6743827000027522,0.0,1509,0.5109647890052413,0.6288481103091207,0.5166388807165506,0.5163798087104844,0.2870234423810207,0.4242424242424242,0.7045442420251383
cmc,0,2,-NoiseGate,KNN,0,0.6918278000084683,0.0,1509,0.4027751741902967,0.5344866510514967,0.4104381774284687,0.3978861484070921,0.0933553870334272,0.3106796116504854,0.609038152153238
cmc,0,2,-NoiseGate,CART,0,0.6918278000084683,0.0,1509,0.4226745529172803,0.5597276927003635,0.4322186263933836,0.4317225438390833,0.1643277925787018,0.3333333333333333,0.5880236545854381
cmc,0,2,-NoiseGate,SVM,0,0.6918278000084683,0.0,1509,0.5029964322602282,0.6195693726583645,0.5080859449791489,0.4929392641008762,0.2594828176646716,0.4174757281553398,0.6806941157230829
cmc,0,2,-NoiseGate,RF,0,0.6918278000084683,0.0,1509,0.4683285843305335,0.5979730921368462,0.4796648874318777,0.4797966943187531,0.23119068305809,0.3636363636363636,0.6629992102709616
cmc,0,2,-NoiseGate,LGBM,0,0.6918278000084683,0.0,1509,0.4835155417895374,0.607632180707642,0.4909473841512676,0.4916301902170378,0.2478897821411382,0.3939393939393939,0.6941248139887293
cmc,0,2,-ConfSteer,KNN,0,0.6817471999675035,0.0,1509,0.4011566571800851,0.5325225865197046,0.4080331750234663,0.3971859449527313,0.0902916388046622,0.3106796116504854,0.6075043312960692
cmc,0,2,-ConfSteer,CART,0,0.6817471999675035,0.0,1509,0.4323620248571523,0.5660176766233245,0.4405053773985812,0.4395482364175484,0.1734580251376579,0.3484848484848485,0.59530673450211
cmc,0,2,-ConfSteer,SVM,0,0.6817471999675035,0.0,1509,0.5029964322602282,0.6195693726583645,0.5080859449791489,0.4929392641008762,0.2594828176646716,0.4174757281553398,0.6797085859978483
cmc,0,2,-ConfSteer,RF,0,0.6817471999675035,0.0,1509,0.458144283310369,0.5929693530858727,0.4728001232855601,0.4732532867780668,0.2247348426237385,0.3333333333333333,0.6622161606926479
cmc,0,2,-ConfSteer,LGBM,0,0.6817471999675035,0.0,1509,0.5109647890052413,0.6288481103091207,0.5166388807165506,0.5163798087104844,0.2870234423810207,0.4242424242424242,0.7045442420251383
cmc,0,3,Full,KNN,0,0.6826204999815673,0.0,1509,0.4380103231537905,0.5597510799373705,0.4402427637721755,0.4306282101467326,0.1396252551266044,0.392156862745098,0.6247848133582691
cmc,0,3,Full,CART,0,0.6826204999815673,0.0,1509,0.4732578013373234,0.5952052805701173,0.4791896556602439,0.4796847232800203,0.2179083687274917,0.4090909090909091,0.6070244892547663
cmc,0,3,Full,SVM,0,0.6826204999815673,0.0,1509,0.5231373186197319,0.6371150266027945,0.5348442407265936,0.5084521472789629,0.2802267909538139,0.4313725490196078,0.6991796882118965
cmc,0,3,Full,RF,0,0.6826204999815673,0.0,1509,0.5002309621550586,0.6174048105714475,0.5072715955068897,0.5114003899270356,0.2591996329363124,0.4242424242424242,0.6983624277174099
cmc,0,3,Full,LGBM,0,0.6826204999815673,0.0,1509,0.5098506486672039,0.625215959360226,0.5142743966273379,0.5149957294065497,0.2766235936508316,0.4242424242424242,0.71333779086905
cmc,0,3,-FeatWeights,KNN,0,0.3139474000781774,0.0,1509,0.4423907169755,0.5654617880042593,0.4474577709871827,0.4322169272506604,0.148476582197107,0.392156862745098,0.6266528873644087
cmc,0,3,-FeatWeights,CART,0,0.3139474000781774,0.0,1509,0.4720193522090941,0.5956116779007341,0.4780295956766545,0.4782644256328467,0.2219879760530655,0.3939393939393939,0.6053311453945391
cmc,0,3,-FeatWeights,SVM,0,0.3139474000781774,0.0,1509,0.5255386383254937,0.637247768244991,0.5349291231644173,0.5097149256682975,0.2802911550255769,0.4523809523809524,0.6992355568512183
cmc,0,3,-FeatWeights,RF,0,0.3139474000781774,0.0,1509,0.4603924351616874,0.588160805850764,0.4704892057833234,0.4718251699383775,0.2074234448995763,0.3787878787878788,0.691288731124649
cmc,0,3,-FeatWeights,LGBM,0,0.3139474000781774,0.0,1509,0.5093846057670243,0.6251243681124956,0.5150524856407209,0.5178647372123405,0.2754751719660893,0.4242424242424242,0.721625015026833
cmc,0,3,-Subgroups,KNN,0,0.4361491000745445,0.0,1509,0.4380103231537905,0.5597510799373705,0.4402427637721755,0.4306282101467326,0.1396252551266044,0.392156862745098,0.6247848133582691
cmc,0,3,-Subgroups,CART,0,0.4361491000745445,0.0,1509,0.4732578013373234,0.5952052805701173,0.4791896556602439,0.4796847232800203,0.2179083687274917,0.4090909090909091,0.6070244892547663
cmc,0,3,-Subgroups,SVM,0,0.4361491000745445,0.0,1509,0.5231373186197319,0.6371150266027945,0.5348442407265936,0.5084521472789629,0.2802267909538139,0.4313725490196078,0.6991796882118965
cmc,0,3,-Subgroups,RF,0,0.4361491000745445,0.0,1509,0.5002309621550586,0.6174048105714475,0.5072715955068897,0.5114003899270356,0.2591996329363124,0.4242424242424242,0.6983624277174099
cmc,0,3,-Subgroups,LGBM,0,0.4361491000745445,0.0,1509,0.5098506486672039,0.625215959360226,0.5142743966273379,0.5149957294065497,0.2766235936508316,0.4242424242424242,0.71333779086905
cmc,0,3,-Mahalanobis,KNN,0,0.6595239999005571,0.0,1509,0.4380103231537905,0.5597510799373705,0.4402427637721755,0.4306282101467326,0.1396252551266044,0.392156862745098,0.6247848133582691
cmc,0,3,-Mahalanobis,CART,0,0.6595239999005571,0.0,1509,0.4732578013373234,0.5952052805701173,0.4791896556602439,0.4796847232800203,0.2179083687274917,0.4090909090909091,0.6070244892547663
cmc,0,3,-Mahalanobis,SVM,0,0.6595239999005571,0.0,1509,0.5231373186197319,0.6371150266027945,0.5348442407265936,0.5084521472789629,0.2802267909538139,0.4313725490196078,0.6991796882118965
cmc,0,3,-Mahalanobis,RF,0,0.6595239999005571,0.0,1509,0.5002309621550586,0.6174048105714475,0.5072715955068897,0.5114003899270356,0.2591996329363124,0.4242424242424242,0.6983624277174099
cmc,0,3,-Mahalanobis,LGBM,0,0.6595239999005571,0.0,1509,0.5098506486672039,0.625215959360226,0.5142743966273379,0.5149957294065497,0.2766235936508316,0.4242424242424242,0.71333779086905
cmc,0,3,-NoiseGate,KNN,0,0.6594406999647617,0.0,1509,0.4460470044110547,0.5665876342120164,0.4485612426788898,0.4380032206119162,0.1514438366334305,0.4019607843137255,0.6271727471446668
cmc,0,3,-NoiseGate,CART,0,0.6594406999647617,0.0,1509,0.44251116095558,0.5706937461025113,0.4487027134085957,0.4479936262771917,0.1747702175187224,0.3787878787878788,0.586846809541644
cmc,0,3,-NoiseGate,SVM,0,0.6594406999647617,0.0,1509,0.5270708296141975,0.6398933047603087,0.5381122145828028,0.511984680039038,0.2857868501760511,0.4411764705882353,0.6995049905594879
cmc,0,3,-NoiseGate,RF,0,0.6594406999647617,0.0,1509,0.4796455270220861,0.605399772262475,0.490960020371785,0.4943424473308948,0.2421387789222619,0.3636363636363636,0.6981261332062507
cmc,0,3,-NoiseGate,LGBM,0,0.6594406999647617,0.0,1509,0.5265157316096711,0.6343654587169946,0.5279404691169397,0.5288653612037363,0.2866506436947224,0.4848484848484848,0.7130677267030326
cmc,0,3,-ConfSteer,KNN,0,0.6613715999992564,0.0,1509,0.4380103231537905,0.5597510799373705,0.4402427637721755,0.4306282101467326,0.1396252551266044,0.392156862745098,0.6247848133582691
cmc,0,3,-ConfSteer,CART,0,0.6613715999992564,0.0,1509,0.4732578013373234,0.5952052805701173,0.4791896556602439,0.4796847232800203,0.2179083687274917,0.4090909090909091,0.6070244892547663
cmc,0,3,-ConfSteer,SVM,0,0.6613715999992564,0.0,1509,0.5231373186197319,0.6371150266027945,0.5348442407265936,0.5084521472789629,0.2802267909538139,0.4313725490196078,0.6991796882118965
cmc,0,3,-ConfSteer,RF,0,0.6613715999992564,0.0,1509,0.5002309621550586,0.6174048105714475,0.5072715955068897,0.5114003899270356,0.2591996329363124,0.4242424242424242,0.6983624277174099
cmc,0,3,-ConfSteer,LGBM,0,0.6613715999992564,0.0,1509,0.5098506486672039,0.625215959360226,0.5142743966273379,0.5149957294065497,0.2766235936508316,0.4242424242424242,0.71333779086905
cmc,0,4,Full,KNN,0,0.7029045999515802,0.0,1512,0.4611528295010713,0.5775778157385335,0.4622784118622574,0.4547212118238799,0.1714411456766106,0.4313725490196078,0.6228783123615488
cmc,0,4,Full,CART,0,0.7029045999515802,0.0,1512,0.4498004127365856,0.5763892640189381,0.4576958345527265,0.4621642602080422,0.183035702080125,0.3432835820895522,0.5934391985326086
cmc,0,4,Full,SVM,0,0.7029045999515802,0.0,1512,0.4749177087905867,0.5933150200480435,0.478910935518486,0.4640826399102875,0.2048886809460525,0.4215686274509804,0.6753887169963898
cmc,0,4,Full,RF,0,0.7029045999515802,0.0,1512,0.4947104068995338,0.6157447647560977,0.5040199004975124,0.5075776296845677,0.2602737579136234,0.3880597014925373,0.6924362940002667
cmc,0,4,Full,LGBM,0,0.7029045999515802,0.0,1512,0.5479986860537046,0.6520694969189043,0.5495908691834943,0.549080581496101,0.3213251463389731,0.4925373134328358,0.7334520032799278
cmc,0,4,-FeatWeights,KNN,0,0.3219079000409692,0.0,1512,0.4400636169263361,0.5625795391431242,0.4435149741488635,0.4308119812605664,0.1456067701519095,0.392156862745098,0.6098383151968009
cmc,0,4,-FeatWeights,CART,0,0.3219079000409692,0.0,1512,0.4797912303835142,0.6039144790994369,0.4883781094527363,0.4902910798122066,0.2389564039083695,0.373134328358209,0.6243409042933769
cmc,0,4,-FeatWeights,SVM,0,0.3219079000409692,0.0,1512,0.4828064278402902,0.5986954000428489,0.4860481904204468,0.4717630897064679,0.2132878375805751,0.44,0.6770794069742258
cmc,0,4,-FeatWeights,RF,0,0.3219079000409692,0.0,1512,0.4922153961036591,0.6116565748546178,0.4997924104965369,0.5032414119646222,0.2501782305171396,0.4029850746268656,0.6888439260953841
cmc,0,4,-FeatWeights,LGBM,0,0.3219079000409692,0.0,1512,0.5362721568755959,0.6475011045520974,0.5424223978148474,0.5446016504126031,0.3190760355018082,0.4328358208955223,0.7285068204059435
cmc,0,4,-Subgroups,KNN,0,0.4327659000409767,0.0,1512,0.4611528295010713,0.5775778157385335,0.4622784118622574,0.4547212118238799,0.1714411456766106,0.4313725490196078,0.6217095990436188
cmc,0,4,-Subgroups,CART,0,0.4327659000409767,0.0,1512,0.4671729865399667,0.588084531530648,0.47141859330797,0.4743048729286971,0.203381638032251,0.3880597014925373,0.6051809965106899
cmc,0,4,-Subgroups,SVM,0,0.4327659000409767,0.0,1512,0.4749177087905867,0.5933150200480435,0.478910935518486,0.4640826399102875,0.2048886809460525,0.4215686274509804,0.675514010058946
cmc,0,4,-Subgroups,RF,0,0.4327659000409767,0.0,1512,0.4771921859685164,0.6027767172577856,0.488639547361233,0.4928758623395858,0.2361388977023819,0.373134328358209,0.6957003335769912
cmc,0,4,-Subgroups,LGBM,0,0.4327659000409767,0.0,1512,0.538171756699931,0.6447915479773535,0.5401451565700907,0.5407880197416636,0.3087133180913211,0.4776119402985074,0.7274872730684501
cmc,0,4,-Mahalanobis,KNN,0,0.6715415000217035,0.0,1512,0.4611528295010713,0.5775778157385335,0.4622784118622574,0.4547212118238799,0.1714411456766106,0.4313725490196078,0.6228783123615488
cmc,0,4,-Mahalanobis,CART,0,0.6715415000217035,0.0,1512,0.4498004127365856,0.5763892640189381,0.4576958345527265,0.4621642602080422,0.183035702080125,0.3432835820895522,0.5934391985326086
cmc,0,4,-Mahalanobis,SVM,0,0.6715415000217035,0.0,1512,0.4749177087905867,0.5933150200480435,0.478910935518486,0.4640826399102875,0.2048886809460525,0.4215686274509804,0.6753887169963898
cmc,0,4,-Mahalanobis,RF,0,0.6715415000217035,0.0,1512,0.4947104068995338,0.6157447647560977,0.5040199004975124,0.5075776296845677,0.2602737579136234,0.3880597014925373,0.6924362940002667
cmc,0,4,-Mahalanobis,LGBM,0,0.6715415000217035,0.0,1512,0.5479986860537046,0.6520694969189043,0.5495908691834943,0.549080581496101,0.3213251463389731,0.4925373134328358,0.7334520032799278
cmc,0,4,-NoiseGate,KNN,0,0.7006302000954747,0.0,1512,0.4611528295010713,0.5775778157385335,0.4622784118622574,0.4547212118238799,0.1714411456766106,0.4313725490196078,0.6243859459538554
cmc,0,4,-NoiseGate,CART,0,0.7006302000954747,0.0,1512,0.4631405817821519,0.5853061201586005,0.4675493122622183,0.4691871709338351,0.1990356882626772,0.3880597014925373,0.6026615430599273
cmc,0,4,-NoiseGate,SVM,0,0.7006302000954747,0.0,1512,0.4814029128641179,0.5984839260084583,0.4848455760413618,0.4704271099737321,0.215249408878309,0.4313725490196078,0.6766936415849504
cmc,0,4,-NoiseGate,RF,0,0.7006302000954747,0.0,1512,0.4751701609257574,0.6008479723635072,0.4859728806945664,0.4891169991505634,0.2325393014406274,0.373134328358209,0.6988625574199344
cmc,0,4,-NoiseGate,LGBM,0,0.7006302000954747,0.0,1512,0.541689319015106,0.6491133010733567,0.5449739537606088,0.5456839861764622,0.3190365091632615,0.4626865671641791,0.7278080631619931
cmc,0,4,-ConfSteer,KNN,0,0.7082204999169335,0.0,1512,0.4611528295010713,0.5775778157385335,0.4622784118622574,0.4547212118238799,0.1714411456766106,0.4313725490196078,0.6228783123615488
cmc,0,4,-ConfSteer,CART,0,0.7082204999169335,0.0,1512,0.4498004127365856,0.5763892640189381,0.4576958345527265,0.4621642602080422,0.183035702080125,0.3432835820895522,0.5934391985326086
cmc,0,4,-ConfSteer,SVM,0,0.7082204999169335,0.0,1512,0.4749177087905867,0.5933150200480435,0.478910935518486,0.4640826399102875,0.2048886809460525,0.4215686274509804,0.6753887169963898
cmc,0,4,-ConfSteer,RF,0,0.7082204999169335,0.0,1512,0.4947104068995338,0.6157447647560977,0.5040199004975124,0.5075776296845677,0.2602737579136234,0.3880597014925373,0.6924362940002667
cmc,0,4,-ConfSteer,LGBM,0,0.7082204999169335,0.0,1512,0.5479986860537046,0.6520694969189043,0.5495908691834943,0.549080581496101,0.3213251463389731,0.4925373134328358,0.7334520032799278
dermatology,0,0,Full,KNN,0,0.763911799993366,0.0,540,0.9588755354305732,0.974734647847398,0.9606060606060606,0.9568107260019968,0.9356993553653328,0.8636363636363636,0.9874569355678474
dermatology,0,0,Full,CART,0,0.763911799993366,0.0,540,0.9507244147197076,0.9723853376893182,0.953846153846154,0.9592101385204832,0.9499060229827976,0.8,0.9725655037130446
dermatology,0,0,Full,SVM,0,0.763911799993366,0.0,540,0.963492483998996,0.9802689479487026,0.9666666666666668,0.9716049382716048,0.9668425950406844,0.8,0.9922879886506936
dermatology,0,0,Full,RF,0,0.763911799993366,0.0,540,0.9825931938526898,0.9902760373940158,0.9833333333333334,0.9850552306692656,0.9833565420949284,0.9,0.9995294109920132
dermatology,0,0,Full,LGBM,0,0.763911799993366,0.0,540,0.9825931938526898,0.9902760373940158,0.9833333333333334,0.9850552306692656,0.9833565420949284,0.9,0.9990588219840268
dermatology,0,0,-FeatWeights,KNN,0,0.3368304000468924,0.0,540,0.9588755354305732,0.974734647847398,0.9606060606060606,0.9568107260019968,0.9356993553653328,0.8636363636363636,0.9876696305743436
dermatology,0,0,-FeatWeights,CART,0,0.3368304000468924,0.0,540,0.9507244147197076,0.9723853376893182,0.953846153846154,0.9592101385204832,0.9499060229827976,0.8,0.9725655037130446
dermatology,0,0,-FeatWeights,SVM,0,0.3368304000468924,0.0,540,0.963492483998996,0.9802689479487026,0.9666666666666668,0.9716049382716048,0.9668425950406844,0.8,0.9930692386506936
dermatology,0,0,-FeatWeights,RF,0,0.3368304000468924,0.0,540,0.9825931938526898,0.9902760373940158,0.9833333333333334,0.9850552306692656,0.9833565420949284,0.9,0.998193010456074
dermatology,0,0,-FeatWeights,LGBM,0,0.3368304000468924,0.0,540,0.9825931938526898,0.9902760373940158,0.9833333333333334,0.9850552306692656,0.9833565420949284,0.9,0.998848649642707
dermatology,0,0,-Subgroups,KNN,0,0.404786599916406,0.0,540,0.9588755354305732,0.974734647847398,0.9606060606060606,0.9568107260019968,0.9356993553653328,0.8636363636363636,0.9874569355678474
dermatology,0,0,-Subgroups,CART,0,0.404786599916406,0.0,540,0.9507244147197076,0.9723853376893182,0.953846153846154,0.9592101385204832,0.9499060229827976,0.8,0.9725655037130446
dermatology,0,0,-Subgroups,SVM,0,0.404786599916406,0.0,540,0.963492483998996,0.9802689479487026,0.9666666666666668,0.9716049382716048,0.9668425950406844,0.8,0.9922879886506936
dermatology,0,0,-Subgroups,RF,0,0.404786599916406,0.0,540,0.9825931938526898,0.9902760373940158,0.9833333333333334,0.9850552306692656,0.9833565420949284,0.9,0.9995294109920132
dermatology,0,0,-Subgroups,LGBM,0,0.404786599916406,0.0,540,0.9825931938526898,0.9902760373940158,0.9833333333333334,0.9850552306692656,0.9833565420949284,0.9,0.9990588219840268
dermatology,0,0,-Mahalanobis,KNN,0,0.6686055000172928,0.0,540,0.9588755354305732,0.974734647847398,0.9606060606060606,0.9568107260019968,0.9356993553653328,0.8636363636363636,0.9874569355678474
dermatology,0,0,-Mahalanobis,CART,0,0.6686055000172928,0.0,540,0.9507244147197076,0.9723853376893182,0.953846153846154,0.9592101385204832,0.9499060229827976,0.8,0.9725655037130446
dermatology,0,0,-Mahalanobis,SVM,0,0.6686055000172928,0.0,540,0.963492483998996,0.9802689479487026,0.9666666666666668,0.9716049382716048,0.9668425950406844,0.8,0.9922879886506936
dermatology,0,0,-Mahalanobis,RF,0,0.6686055000172928,0.0,540,0.9825931938526898,0.9902760373940158,0.9833333333333334,0.9850552306692656,0.9833565420949284,0.9,0.9995294109920132
dermatology,0,0,-Mahalanobis,LGBM,0,0.6686055000172928,0.0,540,0.9825931938526898,0.9902760373940158,0.9833333333333334,0.9850552306692656,0.9833565420949284,0.9,0.9990588219840268
dermatology,0,0,-NoiseGate,KNN,0,0.7016927000368014,0.0,540,0.9588755354305732,0.974734647847398,0.9606060606060606,0.9568107260019968,0.9356993553653328,0.8636363636363636,0.9874569355678474
dermatology,0,0,-NoiseGate,CART,0,0.7016927000368014,0.0,540,0.9507244147197076,0.9723853376893182,0.953846153846154,0.9592101385204832,0.9499060229827976,0.8,0.9725655037130446
dermatology,0,0,-NoiseGate,SVM,0,0.7016927000368014,0.0,540,0.963492483998996,0.9802689479487026,0.9666666666666668,0.9716049382716048,0.9668425950406844,0.8,0.9922879886506936
dermatology,0,0,-NoiseGate,RF,0,0.7016927000368014,0.0,540,0.9825931938526898,0.9902760373940158,0.9833333333333334,0.9850552306692656,0.9833565420949284,0.9,0.9995294109920132
dermatology,0,0,-NoiseGate,LGBM,0,0.7016927000368014,0.0,540,0.9825931938526898,0.9902760373940158,0.9833333333333334,0.9850552306692656,0.9833565420949284,0.9,0.9985882329760404
dermatology,0,0,-ConfSteer,KNN,0,0.7174301999621093,0.0,540,0.9588755354305732,0.974734647847398,0.9606060606060606,0.9568107260019968,0.9356993553653328,0.8636363636363636,0.9874569355678474
dermatology,0,0,-ConfSteer,CART,0,0.7174301999621093,0.0,540,0.9507244147197076,0.9723853376893182,0.953846153846154,0.9592101385204832,0.9499060229827976,0.8,0.9725655037130446
dermatology,0,0,-ConfSteer,SVM,0,0.7174301999621093,0.0,540,0.963492483998996,0.9802689479487026,0.9666666666666668,0.9716049382716048,0.9668425950406844,0.8,0.9922879886506936
dermatology,0,0,-ConfSteer,RF,0,0.7174301999621093,0.0,540,0.9825931938526898,0.9902760373940158,0.9833333333333334,0.9850552306692656,0.9833565420949284,0.9,0.9995294109920132
dermatology,0,0,-ConfSteer,LGBM,0,0.7174301999621093,0.0,540,0.9825931938526898,0.9902760373940158,0.9833333333333334,0.9850552306692656,0.9833565420949284,0.9,0.9990588219840268
dermatology,0,1,Full,KNN,0,0.7080613999860361,0.0,534,0.9288711495222084,0.9570230056145088,0.9306731915427569,0.9202340869007536,0.8999204769352456,0.8333333333333334,0.9857609190623268
dermatology,0,1,Full,CART,0,0.7080613999860361,0.0,534,0.9109481507562563,0.9519201580762764,0.916005291005291,0.9247845552193378,0.9322170631971924,0.75,0.9526242357106484
dermatology,0,1,Full,SVM,0,0.7080613999860361,0.0,534,0.9856027498652332,0.9917374216121552,0.986111111111111,0.9839816933638442,0.9830349819177038,0.9166666666666666,0.9997106481481484
dermatology,0,1,Full,RF,0,0.7080613999860361,0.0,534,0.9856027498652332,0.9917374216121552,0.986111111111111,0.9839816933638442,0.9830349819177038,0.9166666666666666,1.0
dermatology,0,1,Full,LGBM,0,0.7080613999860361,0.0,534,0.9735041172445784,0.984403636336859,0.9742063492063492,0.9705624770460772,0.9660861564363348,0.9166666666666666,0.9982723076920248
dermatology,0,1,-FeatWeights,KNN,0,0.3524417999433353,0.0,534,0.9198064625800012,0.9536016002044436,0.924030679465462,0.9156520344926142,0.8994409565008281,0.75,0.9840224362147252
dermatology,0,1,-FeatWeights,CART,0,0.3524417999433353,0.0,534,0.9109481507562563,0.9519201580762764,0.916005291005291,0.9247845552193378,0.9322170631971924,0.75,0.9526242357106484
dermatology,0,1,-FeatWeights,SVM,0,0.3524417999433353,0.0,534,0.9856027498652332,0.9917374216121552,0.986111111111111,0.9839816933638442,0.9830349819177038,0.9166666666666666,0.9991319444444444
dermatology,0,1,-FeatWeights,RF,0,0.3524417999433353,0.0,534,0.9856027498652332,0.9917374216121552,0.986111111111111,0.9839816933638442,0.9830349819177038,0.9166666666666666,1.0
dermatology,0,1,-FeatWeights,LGBM,0,0.3524417999433353,0.0,534,0.968524175514544,0.9819985813764928,0.9695767195767196,0.9701101954469388,0.9660378433203428,0.8888888888888888,0.9987893462469734
dermatology,0,1,-Subgroups,KNN,0,0.4358192000072449,0.0,534,0.9288711495222084,0.9570230056145088,0.9306731915427569,0.9202340869007536,0.8999204769352456,0.8333333333333334,0.9857609190623268
dermatology,0,1,-Subgroups,CART,0,0.4358192000072449,0.0,534,0.9109481507562563,0.9519201580762764,0.916005291005291,0.9247845552193378,0.9322170631971924,0.75,0.9526242357106484
dermatology,0,1,-Subgroups,SVM,0,0.4358192000072449,0.0,534,0.9856027498652332,0.9917374216121552,0.986111111111111,0.9839816933638442,0.9830349819177038,0.9166666666666666,0.9997106481481484
dermatology,0,1,-Subgroups,RF,0,0.4358192000072449,0.0,534,0.9856027498652332,0.9917374216121552,0.986111111111111,0.9839816933638442,0.9830349819177038,0.9166666666666666,1.0
dermatology,0,1,-Subgroups,LGBM,0,0.4358192000072449,0.0,534,0.9735041172445784,0.984403636336859,0.9742063492063492,0.9705624770460772,0.9660861564363348,0.9166666666666666,0.9982723076920248
dermatology,0,1,-Mahalanobis,KNN,0,0.6074520000256598,0.0,534,0.9288711495222084,0.9570230056145088,0.9306731915427569,0.9202340869007536,0.8999204769352456,0.8333333333333334,0.9857609190623268
dermatology,0,1,-Mahalanobis,CART,0,0.6074520000256598,0.0,534,0.9109481507562563,0.9519201580762764,0.916005291005291,0.9247845552193378,0.9322170631971924,0.75,0.9526242357106484
dermatology,0,1,-Mahalanobis,SVM,0,0.6074520000256598,0.0,534,0.9856027498652332,0.9917374216121552,0.986111111111111,0.9839816933638442,0.9830349819177038,0.9166666666666666,0.9997106481481484
dermatology,0,1,-Mahalanobis,RF,0,0.6074520000256598,0.0,534,0.9856027498652332,0.9917374216121552,0.986111111111111,0.9839816933638442,0.9830349819177038,0.9166666666666666,1.0
dermatology,0,1,-Mahalanobis,LGBM,0,0.6074520000256598,0.0,534,0.9735041172445784,0.984403636336859,0.9742063492063492,0.9705624770460772,0.9660861564363348,0.9166666666666666,0.9982723076920248
dermatology,0,1,-NoiseGate,KNN,0,0.6852896000491455,0.0,534,0.9288711495222084,0.9570230056145088,0.9306731915427569,0.9202340869007536,0.8999204769352456,0.8333333333333334,0.9857609190623268
dermatology,0,1,-NoiseGate,CART,0,0.6852896000491455,0.0,534,0.9109481507562563,0.9519201580762764,0.916005291005291,0.9247845552193378,0.9322170631971924,0.75,0.9526242357106484
dermatology,0,1,-NoiseGate,SVM,0,0.6852896000491455,0.0,534,0.9856027498652332,0.9917374216121552,0.986111111111111,0.9839816933638442,0.9830349819177038,0.9166666666666666,0.9997106481481484
dermatology,0,1,-NoiseGate,RF,0,0.6852896000491455,0.0,534,0.9856027498652332,0.9917374216121552,0.986111111111111,0.9839816933638442,0.9830349819177038,0.9166666666666666,1.0
dermatology,0,1,-NoiseGate,LGBM,0,0.6852896000491455,0.0,534,0.987724635891784,0.9926928367326716,0.988095238095238,0.9865807836822328,0.9830349819177038,0.9285714285714286,0.9987893462469734
dermatology,0,1,-ConfSteer,KNN,0,0.6701540000503883,0.0,534,0.9288711495222084,0.9570230056145088,0.9306731915427569,0.9202340869007536,0.8999204769352456,0.8333333333333334,0.9857609190623268
dermatology,0,1,-ConfSteer,CART,0,0.6701540000503883,0.0,534,0.9109481507562563,0.9519201580762764,0.916005291005291,0.9247845552193378,0.9322170631971924,0.75,0.9526242357106484
dermatology,0,1,-ConfSteer,SVM,0,0.6701540000503883,0.0,534,0.9856027498652332,0.9917374216121552,0.986111111111111,0.9839816933638442,0.9830349819177038,0.9166666666666666,0.9997106481481484
dermatology,0,1,-ConfSteer,RF,0,0.6701540000503883,0.0,534,0.9856027498652332,0.9917374216121552,0.986111111111111,0.9839816933638442,0.9830349819177038,0.9166666666666666,1.0
dermatology,0,1,-ConfSteer,LGBM,0,0.6701540000503883,0.0,534,0.9735041172445784,0.984403636336859,0.9742063492063492,0.9705624770460772,0.9660861564363348,0.9166666666666666,0.9982723076920248
dermatology,0,2,Full,KNN,0,0.6936695999465883,0.0,534,0.962909784566184,0.978496598718186,0.964975845410628,0.9481021394064872,0.9491063069153854,0.8333333333333334,0.9774920521784386
dermatology,0,2,Full,CART,0,0.6936695999465883,0.0,534,0.9510897163572704,0.9711448171823048,0.953071083505866,0.9347142926853071,0.9324849260617952,0.8333333333333334,0.9713161894202522
dermatology,0,2,Full,SVM,0,0.6936695999465883,0.0,534,0.924655597148662,0.9601510634623296,0.9305555555555556,0.9461580086580086,0.9492098643338174,0.75,0.9862705389433828
dermatology,0,2,Full,RF,0,0.6936695999465883,0.0,534,0.9856027498652332,0.991716870663148,0.986111111111111,0.984817115251898,0.983038896534242,0.9166666666666666,0.9998861566484516
dermatology,0,2,Full,LGBM,0,0.6936695999465883,0.0,534,0.9700701154458004,0.9835150445751748,0.9722222222222224,0.9583934583934584,0.9663621664283638,0.8333333333333334,0.9992800763292568
dermatology,0,2,-FeatWeights,KNN,0,0.3511105000507086,0.0,534,0.9554728891568012,0.9735152867454188,0.957729468599034,0.9362935775979254,0.9326387919241088,0.8333333333333334,0.9820079893048532
dermatology,0,2,-FeatWeights,CART,0,0.3511105000507086,0.0,534,0.9414836087381668,0.9677970728457562,0.9464285714285716,0.9297599877310022,0.9336479892413664,0.75,0.9680383022774328
dermatology,0,2,-FeatWeights,SVM,0,0.3511105000507086,0.0,534,0.9085602964160698,0.9502008401626224,0.9138888888888888,0.9308402346445824,0.9313988210951292,0.75,0.9858151655371898
dermatology,0,2,-FeatWeights,RF,0,0.3511105000507086,0.0,534,0.9856027498652332,0.991716870663148,0.986111111111111,0.984817115251898,0.983038896534242,0.9166666666666666,1.0
dermatology,0,2,-FeatWeights,LGBM,0,0.3511105000507086,0.0,534,0.9700701154458004,0.9835150445751748,0.9722222222222224,0.9583934583934584,0.9663621664283638,0.8333333333333334,0.9995077630323532
dermatology,0,2,-Subgroups,KNN,0,0.4175629999954253,0.0,534,0.962909784566184,0.978496598718186,0.964975845410628,0.9481021394064872,0.9491063069153854,0.8333333333333334,0.9774920521784386
dermatology,0,2,-Subgroups,CART,0,0.4175629999954253,0.0,534,0.9510897163572704,0.9711448171823048,0.953071083505866,0.9347142926853071,0.9324849260617952,0.8333333333333334,0.9713161894202522
dermatology,0,2,-Subgroups,SVM,0,0.4175629999954253,0.0,534,0.924655597148662,0.9601510634623296,0.9305555555555556,0.9461580086580086,0.9492098643338174,0.75,0.9862705389433828
dermatology,0,2,-Subgroups,RF,0,0.4175629999954253,0.0,534,0.9856027498652332,0.991716870663148,0.986111111111111,0.984817115251898,0.983038896534242,0.9166666666666666,0.9998861566484516
dermatology,0,2,-Subgroups,LGBM,0,0.4175629999954253,0.0,534,0.9700701154458004,0.9835150445751748,0.9722222222222224,0.9583934583934584,0.9663621664283638,0.8333333333333334,0.9992800763292568
dermatology,0,2,-Mahalanobis,KNN,0,0.6153138000518084,0.0,534,0.962909784566184,0.978496598718186,0.964975845410628,0.9481021394064872,0.9491063069153854,0.8333333333333334,0.9774920521784386
dermatology,0,2,-Mahalanobis,CART,0,0.6153138000518084,0.0,534,0.9510897163572704,0.9711448171823048,0.953071083505866,0.9347142926853071,0.9324849260617952,0.8333333333333334,0.9713161894202522
dermatology,0,2,-Mahalanobis,SVM,0,0.6153138000518084,0.0,534,0.924655597148662,0.9601510634623296,0.9305555555555556,0.9461580086580086,0.9492098643338174,0.75,0.9862705389433828
dermatology,0,2,-Mahalanobis,RF,0,0.6153138000518084,0.0,534,0.9856027498652332,0.991716870663148,0.986111111111111,0.984817115251898,0.983038896534242,0.9166666666666666,0.9998861566484516
dermatology,0,2,-Mahalanobis,LGBM,0,0.6153138000518084,0.0,534,0.9700701154458004,0.9835150445751748,0.9722222222222224,0.9583934583934584,0.9663621664283638,0.8333333333333334,0.9992800763292568
dermatology,0,2,-NoiseGate,KNN,0,0.6923134999815375,0.0,534,0.962909784566184,0.978496598718186,0.964975845410628,0.9481021394064872,0.9491063069153854,0.8333333333333334,0.9774920521784386
dermatology,0,2,-NoiseGate,CART,0,0.6923134999815375,0.0,534,0.9510897163572704,0.9711448171823048,0.953071083505866,0.9347142926853071,0.9324849260617952,0.8333333333333334,0.9713161894202522
dermatology,0,2,-NoiseGate,SVM,0,0.6923134999815375,0.0,534,0.924655597148662,0.9601510634623296,0.9305555555555556,0.9461580086580086,0.9492098643338174,0.75,0.9864982256464794
dermatology,0,2,-NoiseGate,RF,0,0.6923134999815375,0.0,534,0.9856027498652332,0.991716870663148,0.986111111111111,0.984817115251898,0.983038896534242,0.9166666666666666,0.9998861566484516
dermatology,0,2,-NoiseGate,LGBM,0,0.6923134999815375,0.0,534,0.9700701154458004,0.9835150445751748,0.9722222222222224,0.9583934583934584,0.9663621664283638,0.8333333333333334,0.9992800763292568
dermatology,0,2,-ConfSteer,KNN,0,0.692712299991399,0.0,534,0.962909784566184,0.978496598718186,0.964975845410628,0.9481021394064872,0.9491063069153854,0.8333333333333334,0.9774920521784386
dermatology,0,2,-ConfSteer,CART,0,0.692712299991399,0.0,534,0.9510897163572704,0.9711448171823048,0.953071083505866,0.9347142926853071,0.9324849260617952,0.8333333333333334,0.9713161894202522
dermatology,0,2,-ConfSteer,SVM,0,0.692712299991399,0.0,534,0.924655597148662,0.9601510634623296,0.9305555555555556,0.9461580086580086,0.9492098643338174,0.75,0.9862705389433828
dermatology,0,2,-ConfSteer,RF,0,0.692712299991399,0.0,534,0.9856027498652332,0.991716870663148,0.986111111111111,0.984817115251898,0.983038896534242,0.9166666666666666,0.9998861566484516
dermatology,0,2,-ConfSteer,LGBM,0,0.692712299991399,0.0,534,0.9700701154458004,0.9835150445751748,0.9722222222222224,0.9583934583934584,0.9663621664283638,0.8333333333333334,0.9992800763292568
dermatology,0,3,Full,KNN,0,0.6952159000793472,0.0,540,0.9700701154458004,0.9834013368408708,0.9722222222222224,0.9696969696969696,0.9666666666666668,0.8333333333333334,1.0
dermatology,0,3,Full,CART,0,0.6952159000793472,0.0,540,0.9713592518030116,0.9833584600194668,0.9722222222222224,0.9708777691354824,0.9662051427781616,0.9,0.9834222395697806
dermatology,0,3,Full,SVM,0,0.6952159000793472,0.0,540,1.0,1.0,1.0,1.0,1.0,1.0,1.0
dermatology,0,3,Full,RF,0,0.6952159000793472,0.0,540,0.9825931938526898,0.9902760373940158,0.9833333333333334,0.984561403508772,0.9830869248776288,0.9,0.999375487900078
dermatology,0,3,Full,LGBM,0,0.6952159000793472,0.0,540,0.9825931938526898,0.9902760373940158,0.9833333333333334,0.984561403508772,0.9830869248776288,0.9,0.9992800763292568
dermatology,0,3,-FeatWeights,KNN,0,0.3381195999681949,0.0,540,0.9856027498652332,0.991716870663148,0.986111111111111,0.984817115251898,0.9831025851585424,0.9166666666666666,0.9997538815161766
dermatology,0,3,-FeatWeights,CART,0,0.3381195999681949,0.0,540,0.9573743496840836,0.9750099432880208,0.9583333333333334,0.9557608100711548,0.9488747139430436,0.9,0.9751550438025848
dermatology,0,3,-FeatWeights,SVM,0,0.3381195999681949,0.0,540,0.9825931938526898,0.9902760373940158,0.9833333333333334,0.984561403508772,0.9830869248776288,0.9,0.9997723132969036
dermatology,0,3,-FeatWeights,RF,0,0.3381195999681949,0.0,540,0.9825931938526898,0.9902760373940158,0.9833333333333334,0.984561403508772,0.9830869248776288,0.9,0.99878783936161
dermatology,0,3,-FeatWeights,LGBM,0,0.3381195999681949,0.0,540,0.9825931938526898,0.9902760373940158,0.9833333333333334,0.984561403508772,0.9830869248776288,0.9,0.99878783936161
dermatology,0,3,-Subgroups,KNN,0,0.4256925000809133,0.0,540,0.9700701154458004,0.9834013368408708,0.9722222222222224,0.9696969696969696,0.9666666666666668,0.8333333333333334,1.0
dermatology,0,3,-Subgroups,CART,0,0.4256925000809133,0.0,540,0.9713592518030116,0.9833584600194668,0.9722222222222224,0.9708777691354824,0.9662051427781616,0.9,0.9834222395697806
dermatology,0,3,-Subgroups,SVM,0,0.4256925000809133,0.0,540,1.0,1.0,1.0,1.0,1.0,1.0,1.0
dermatology,0,3,-Subgroups,RF,0,0.4256925000809133,0.0,540,0.9825931938526898,0.9902760373940158,0.9833333333333334,0.984561403508772,0.9830869248776288,0.9,0.999375487900078
dermatology,0,3,-Subgroups,LGBM,0,0.4256925000809133,0.0,540,0.9825931938526898,0.9902760373940158,0.9833333333333334,0.984561403508772,0.9830869248776288,0.9,0.9990155260647064
dermatology,0,3,-Mahalanobis,KNN,0,0.6546607000054792,0.0,540,0.9700701154458004,0.9834013368408708,0.9722222222222224,0.9696969696969696,0.9666666666666668,0.8333333333333334,1.0
dermatology,0,3,-Mahalanobis,CART,0,0.6546607000054792,0.0,540,0.9713592518030116,0.9833584600194668,0.9722222222222224,0.9708777691354824,0.9662051427781616,0.9,0.9834222395697806
dermatology,0,3,-Mahalanobis,SVM,0,0.6546607000054792,0.0,540,1.0,1.0,1.0,1.0,1.0,1.0,1.0
dermatology,0,3,-Mahalanobis,RF,0,0.6546607000054792,0.0,540,0.9825931938526898,0.9902760373940158,0.9833333333333334,0.984561403508772,0.9830869248776288,0.9,0.999375487900078
dermatology,0,3,-Mahalanobis,LGBM,0,0.6546607000054792,0.0,540,0.9825931938526898,0.9902760373940158,0.9833333333333334,0.984561403508772,0.9830869248776288,0.9,0.9990155260647064
dermatology,0,3,-NoiseGate,KNN,0,0.729992099921219,0.0,540,0.9700701154458004,0.9834013368408708,0.9722222222222224,0.9696969696969696,0.9666666666666668,0.8333333333333334,1.0
dermatology,0,3,-NoiseGate,CART,0,0.729992099921219,0.0,540,0.9713592518030116,0.9833584600194668,0.9722222222222224,0.9708777691354824,0.9662051427781616,0.9,0.9834222395697806
dermatology,0,3,-NoiseGate,SVM,0,0.729992099921219,0.0,540,1.0,1.0,1.0,1.0,1.0,1.0,1.0
dermatology,0,3,-NoiseGate,RF,0,0.729992099921219,0.0,540,0.9825931938526898,0.9902760373940158,0.9833333333333334,0.984561403508772,0.9830869248776288,0.9,0.9990155260647064
dermatology,0,3,-NoiseGate,LGBM,0,0.729992099921219,0.0,540,0.9825931938526898,0.9902760373940158,0.9833333333333334,0.984561403508772,0.9830869248776288,0.9,0.9992800763292568
dermatology,0,3,-ConfSteer,KNN,0,0.6761853999923915,0.0,540,0.9700701154458004,0.9834013368408708,0.9722222222222224,0.9696969696969696,0.9666666666666668,0.8333333333333334,1.0
dermatology,0,3,-ConfSteer,CART,0,0.6761853999923915,0.0,540,0.9713592518030116,0.9833584600194668,0.9722222222222224,0.9708777691354824,0.9662051427781616,0.9,0.9834222395697806
dermatology,0,3,-ConfSteer,SVM,0,0.6761853999923915,0.0,540,1.0,1.0,1.0,1.0,1.0,1.0,1.0
dermatology,0,3,-ConfSteer,RF,0,0.6761853999923915,0.0,540,0.9825931938526898,0.9902760373940158,0.9833333333333334,0.984561403508772,0.9830869248776288,0.9,0.999375487900078
dermatology,0,3,-ConfSteer,LGBM,0,0.6761853999923915,0.0,540,0.9825931938526898,0.9902760373940158,0.9833333333333334,0.984561403508772,0.9830869248776288,0.9,0.9990155260647064
dermatology,0,4,Full,KNN,0,0.6966521999565884,0.0,540,0.96181244731943,0.976228547440714,0.9633838383838385,0.9526533628972652,0.9335384591604828,0.8636363636363636,0.9856528793004204
dermatology,0,4,Full,CART,0,0.6966521999565884,0.0,540,0.9350089664728124,0.9614123569409472,0.9368686868686869,0.9322960964901622,0.915306735478666,0.8333333333333334,0.961733849028931
dermatology,0,4,Full,SVM,0,0.6966521999565884,0.0,540,0.9531842929969364,0.9730273221538984,0.9555555555555556,0.9608936702758214,0.9494852569024236,0.8333333333333334,0.9917544828827376
dermatology,0,4,Full,RF,0,0.6966521999565884,0.0,540,0.9531842929969364,0.9732903434756032,0.9555555555555556,0.957890499194847,0.9486969894520352,0.8333333333333334,0.9988247029230636
dermatology,0,4,Full,LGBM,0,0.6966521999565884,0.0,540,0.9700701154458004,0.9834013368408708,0.9722222222222224,0.9696969696969696,0.9666666666666668,0.8333333333333334,0.9992800763292568
dermatology,0,4,-FeatWeights,KNN,0,0.3767834000755101,0.0,540,0.96181244731943,0.976228547440714,0.9633838383838385,0.9526533628972652,0.9335384591604828,0.8636363636363636,0.984911271181763
dermatology,0,4,-FeatWeights,CART,0,0.3767834000755101,0.0,540,0.9638570981471009,0.9781733985933831,0.9646464646464644,0.9608897250837908,0.9494171234922182,0.9,0.9782682405633224
dermatology,0,4,-FeatWeights,SVM,0,0.3767834000755101,0.0,540,0.9531842929969364,0.9730273221538984,0.9555555555555556,0.9608936702758214,0.9494852569024236,0.8333333333333334,0.9920190331472876
dermatology,0,4,-FeatWeights,RF,0,0.3767834000755101,0.0,540,0.9531842929969364,0.9732903434756032,0.9555555555555556,0.957890499194847,0.9486969894520352,0.8333333333333334,0.9985601526585132
dermatology,0,4,-FeatWeights,LGBM,0,0.3767834000755101,0.0,540,0.9700701154458004,0.9834013368408708,0.9722222222222224,0.9696969696969696,0.9666666666666668,0.8333333333333334,0.9995077630323532
dermatology,0,4,-Subgroups,KNN,0,0.4411830999888479,0.0,540,0.96181244731943,0.976228547440714,0.9633838383838385,0.9526533628972652,0.9335384591604828,0.8636363636363636,0.9856528793004204
dermatology,0,4,-Subgroups,CART,0,0.4411830999888479,0.0,540,0.9350089664728124,0.9614123569409472,0.9368686868686869,0.9322960964901622,0.915306735478666,0.8333333333333334,0.961733849028931
dermatology,0,4,-Subgroups,SVM,0,0.4411830999888479,0.0,540,0.9531842929969364,0.9730273221538984,0.9555555555555556,0.9608936702758214,0.9494852569024236,0.8333333333333334,0.9917544828827376
dermatology,0,4,-Subgroups,RF,0,0.4411830999888479,0.0,540,0.9531842929969364,0.9732903434756032,0.9555555555555556,0.957890499194847,0.9486969894520352,0.8333333333333334,0.9988247029230636
dermatology,0,4,-Subgroups,LGBM,0,0.4411830999888479,0.0,540,0.9700701154458004,0.9834013368408708,0.9722222222222224,0.9696969696969696,0.9666666666666668,0.8333333333333334,0.9992800763292568
dermatology,0,4,-Mahalanobis,KNN,0,0.6398869999684393,0.0,540,0.96181244731943,0.976228547440714,0.9633838383838385,0.9526533628972652,0.9335384591604828,0.8636363636363636,0.9856528793004204
dermatology,0,4,-Mahalanobis,CART,0,0.6398869999684393,0.0,540,0.9350089664728124,0.9614123569409472,0.9368686868686869,0.9322960964901622,0.915306735478666,0.8333333333333334,0.961733849028931
dermatology,0,4,-Mahalanobis,SVM,0,0.6398869999684393,0.0,540,0.9531842929969364,0.9730273221538984,0.9555555555555556,0.9608936702758214,0.9494852569024236,0.8333333333333334,0.9917544828827376
dermatology,0,4,-Mahalanobis,RF,0,0.6398869999684393,0.0,540,0.9531842929969364,0.9732903434756032,0.9555555555555556,0.957890499194847,0.9486969894520352,0.8333333333333334,0.9988247029230636
dermatology,0,4,-Mahalanobis,LGBM,0,0.6398869999684393,0.0,540,0.9700701154458004,0.9834013368408708,0.9722222222222224,0.9696969696969696,0.9666666666666668,0.8333333333333334,0.9995077630323532
dermatology,0,4,-NoiseGate,KNN,0,0.6690703000640497,0.0,540,0.96181244731943,0.976228547440714,0.9633838383838385,0.9526533628972652,0.9335384591604828,0.8636363636363636,0.9856528793004204
dermatology,0,4,-NoiseGate,CART,0,0.6690703000640497,0.0,540,0.9350089664728124,0.9614123569409472,0.9368686868686869,0.9322960964901622,0.915306735478666,0.8333333333333334,0.961733849028931
dermatology,0,4,-NoiseGate,SVM,0,0.6690703000640497,0.0,540,0.9531842929969364,0.9730273221538984,0.9555555555555556,0.9608936702758214,0.9494852569024236,0.8333333333333334,0.9917544828827376
dermatology,0,4,-NoiseGate,RF,0,0.6690703000640497,0.0,540,0.9531842929969364,0.9732903434756032,0.9555555555555556,0.957890499194847,0.9486969894520352,0.8333333333333334,0.9988247029230636
dermatology,0,4,-NoiseGate,LGBM,0,0.6690703000640497,0.0,540,0.9700701154458004,0.9834013368408708,0.9722222222222224,0.9696969696969696,0.9666666666666668,0.8333333333333334,0.9995077630323532
dermatology,0,4,-ConfSteer,KNN,0,0.6713959999615327,0.0,540,0.96181244731943,0.976228547440714,0.9633838383838385,0.9526533628972652,0.9335384591604828,0.8636363636363636,0.9856528793004204
dermatology,0,4,-ConfSteer,CART,0,0.6713959999615327,0.0,540,0.9350089664728124,0.9614123569409472,0.9368686868686869,0.9322960964901622,0.915306735478666,0.8333333333333334,0.961733849028931
dermatology,0,4,-ConfSteer,SVM,0,0.6713959999615327,0.0,540,0.9531842929969364,0.9730273221538984,0.9555555555555556,0.9608936702758214,0.9494852569024236,0.8333333333333334,0.9917544828827376
dermatology,0,4,-ConfSteer,RF,0,0.6713959999615327,0.0,540,0.9531842929969364,0.9732903434756032,0.9555555555555556,0.957890499194847,0.9486969894520352,0.8333333333333334,0.9990523896261602
dermatology,0,4,-ConfSteer,LGBM,0,0.6713959999615327,0.0,540,0.9700701154458004,0.9834013368408708,0.9722222222222224,0.9696969696969696,0.9666666666666668,0.8333333333333334,0.9995077630323532
ecoli,0,0,Full,KNN,0,0.5510050000157207,0.0,570,0.6794699561990063,0.8138721144528362,0.7027571279295417,0.7110449810223693,0.6991705919171163,0.4285714285714285,0.8600196015771395
ecoli,0,0,Full,CART,0,0.5510050000157207,0.0,570,0.6431366907882715,0.7847579806117222,0.6622973578145992,0.6757389162561577,0.6206568846760232,0.4285714285714285,0.7960796354235005
ecoli,0,0,Full,SVM,0,0.5510050000157207,0.0,570,0.6753011140626154,0.8114878520739703,0.6946618898343035,0.7076190476190476,0.7213164029190859,0.5,0.930659711600281
ecoli,0,0,Full,RF,0,0.5510050000157207,0.0,570,0.7101111960769579,0.8283312644963076,0.7264800716524854,0.7367639064290314,0.7207351200711292,0.5454545454545454,0.9488697878151504
ecoli,0,0,Full,LGBM,0,0.5510050000157207,0.0,570,0.7498013577094176,0.8593805662851245,0.7715748619196895,0.7809523809523811,0.786028975541641,0.5,0.9604776038409378
ecoli,0,0,-FeatWeights,KNN,0,0.2045806000242009,0.0,570,0.6435027335357603,0.8075353291634249,0.6923675175399314,0.7156212093917012,0.6975205198461758,0.2857142857142857,0.8725072443855441
ecoli,0,0,-FeatWeights,CART,0,0.2045806000242009,0.0,570,0.6368914619722018,0.7814856992560049,0.6574488729661143,0.6583426028921023,0.6169740202009883,0.4285714285714285,0.7931863309771133
ecoli,0,0,-FeatWeights,SVM,0,0.2045806000242009,0.0,570,0.6816134371411583,0.8142444185603401,0.6995103746827885,0.7241050903119868,0.7218826247902299,0.5,0.929806257270891
ecoli,0,0,-FeatWeights,RF,0,0.2045806000242009,0.0,570,0.7323449952592636,0.8410290815805166,0.7446618898343036,0.7534095130420738,0.7424994736697264,0.5714285714285714,0.9444561474030484
ecoli,0,0,-FeatWeights,LGBM,0,0.2045806000242009,0.0,570,0.6220039651679201,0.7777124302038625,0.6458605762054037,0.658319664661928,0.6570461241681977,0.4285714285714285,0.953073343355792
ecoli,0,0,-Subgroups,KNN,0,0.4120202000485733,0.0,570,0.6794699561990063,0.8138721144528362,0.7027571279295417,0.7110449810223693,0.6991705919171163,0.4285714285714285,0.8600196015771395
ecoli,0,0,-Subgroups,CART,0,0.4120202000485733,0.0,570,0.6431366907882715,0.7847579806117222,0.6622973578145992,0.6757389162561577,0.6206568846760232,0.4285714285714285,0.7960796354235005
ecoli,0,0,-Subgroups,SVM,0,0.4120202000485733,0.0,570,0.6753011140626154,0.8114878520739703,0.6946618898343035,0.7076190476190476,0.7213164029190859,0.5,0.930659711600281
ecoli,0,0,-Subgroups,RF,0,0.4120202000485733,0.0,570,0.7101111960769579,0.8283312644963076,0.7264800716524854,0.7367639064290314,0.7207351200711292,0.5454545454545454,0.9486276570645452
ecoli,0,0,-Subgroups,LGBM,0,0.4120202000485733,0.0,570,0.7229528485944129,0.8413549637800599,0.7430034333482609,0.7631318681318682,0.7638009979510658,0.5,0.955879418590353
ecoli,0,0,-Mahalanobis,KNN,0,0.6309313999954611,0.0,570,0.6794699561990063,0.8138721144528362,0.7027571279295417,0.7110449810223693,0.6991705919171163,0.4285714285714285,0.8600196015771395
ecoli,0,0,-Mahalanobis,CART,0,0.6309313999954611,0.0,570,0.6431366907882715,0.7847579806117222,0.6622973578145992,0.6757389162561577,0.6206568846760232,0.4285714285714285,0.7960796354235005
ecoli,0,0,-Mahalanobis,SVM,0,0.6309313999954611,0.0,570,0.6753011140626154,0.8114878520739703,0.6946618898343035,0.7076190476190476,0.7213164029190859,0.5,0.930659711600281
ecoli,0,0,-Mahalanobis,RF,0,0.6309313999954611,0.0,570,0.7101111960769579,0.8283312644963076,0.7264800716524854,0.7367639064290314,0.7207351200711292,0.5454545454545454,0.9486276570645452
ecoli,0,0,-Mahalanobis,LGBM,0,0.6309313999954611,0.0,570,0.7229528485944129,0.8413549637800599,0.7430034333482609,0.7631318681318682,0.7638009979510658,0.5,0.955879418590353
ecoli,0,0,-NoiseGate,KNN,0,0.5762143000029027,0.0,570,0.6794699561990063,0.8138721144528362,0.7027571279295417,0.7110449810223693,0.6991705919171163,0.4285714285714285,0.8600196015771395
ecoli,0,0,-NoiseGate,CART,0,0.5762143000029027,0.0,570,0.6281636221695512,0.7782923853532994,0.6538125093297508,0.6613271515502753,0.6034763031994054,0.4285714285714285,0.7901422959268388
ecoli,0,0,-NoiseGate,SVM,0,0.5762143000029027,0.0,570,0.6753011140626154,0.8114878520739703,0.6946618898343035,0.7076190476190476,0.7213164029190859,0.5,0.930659711600281
ecoli,0,0,-NoiseGate,RF,0,0.5762143000029027,0.0,570,0.7197107768823797,0.8319771270894243,0.7313285565009703,0.737416081186573,0.7220136196576628,0.5714285714285714,0.9451879237050412
ecoli,0,0,-NoiseGate,LGBM,0,0.5762143000029027,0.0,570,0.7498013577094176,0.8600464225061358,0.7715748619196895,0.777981723033664,0.786701652762348,0.5,0.9588402524644668
ecoli,0,0,-ConfSteer,KNN,0,0.5817210000241175,0.0,570,0.6794699561990063,0.8138721144528362,0.7027571279295417,0.7110449810223693,0.6991705919171163,0.4285714285714285,0.8600196015771395
ecoli,0,0,-ConfSteer,CART,0,0.5817210000241175,0.0,570,0.6431366907882715,0.7847579806117222,0.6622973578145992,0.6757389162561577,0.6206568846760232,0.4285714285714285,0.7960796354235005
ecoli,0,0,-ConfSteer,SVM,0,0.5817210000241175,0.0,570,0.6753011140626154,0.8114878520739703,0.6946618898343035,0.7076190476190476,0.7213164029190859,0.5,0.930659711600281
ecoli,0,0,-ConfSteer,RF,0,0.5817210000241175,0.0,570,0.7101111960769579,0.8283312644963076,0.7264800716524854,0.7367639064290314,0.7207351200711292,0.5454545454545454,0.9488697878151504
ecoli,0,0,-ConfSteer,LGBM,0,0.5817210000241175,0.0,570,0.7229528485944129,0.8413549637800599,0.7430034333482609,0.7631318681318682,0.7638009979510658,0.5,0.9585727364185176
ecoli,0,1,Full,KNN,0,0.955286099924706,0.0,570,0.84412087984411,0.90865746645598,0.8499134199134198,0.8595430495430495,0.8525853194687816,0.7333333333333333,0.956380617399317
ecoli,0,1,Full,CART,0,0.955286099924706,0.0,570,0.6704071118469414,0.7927750736620703,0.6770756829377519,0.6534070932448214,0.6078304267089596,0.5714285714285714,0.8026604892450792
ecoli,0,1,Full,SVM,0,0.955286099924706,0.0,570,0.8523981584038258,0.914521769508716,0.8603030303030303,0.8486985563456152,0.8549410570087597,0.7333333333333333,0.9727671002883614
ecoli,0,1,Full,RF,0,0.955286099924706,0.0,570,0.8523981584038258,0.914521769508716,0.8603030303030303,0.8486985563456152,0.8549410570087597,0.7333333333333333,0.9655527917869432
ecoli,0,1,Full,LGBM,0,0.955286099924706,0.0,570,0.8052423627542835,0.8857482058299463,0.8163502015226152,0.812505456714742,0.7937327920137721,0.6,0.9698017165893172
ecoli,0,1,-FeatWeights,KNN,0,0.2006776999915018,0.0,570,0.84412087984411,0.90865746645598,0.8499134199134198,0.8595430495430495,0.8525853194687816,0.7333333333333333,0.9602803398290296
ecoli,0,1,-FeatWeights,CART,0,0.2006776999915018,0.0,570,0.7356926274373683,0.8345438994447604,0.739210329899985,0.7275108225108224,0.6864423264400029,0.6363636363636364,0.8406913307742023
ecoli,0,1,-FeatWeights,SVM,0,0.2006776999915018,0.0,570,0.8523981584038258,0.914521769508716,0.8603030303030303,0.8486985563456152,0.8549410570087597,0.7333333333333333,0.9749277441602352
ecoli,0,1,-FeatWeights,RF,0,0.2006776999915018,0.0,570,0.8673616476598545,0.9231866801854312,0.8736363636363637,0.8675396825396826,0.87433866241749,0.75,0.9653899803396152
ecoli,0,1,-FeatWeights,LGBM,0,0.2006776999915018,0.0,570,0.8304547479208226,0.9029516886433177,0.8449216300940439,0.8325405444340402,0.8181890544438492,0.6,0.9651707059975086
ecoli,0,1,-Subgroups,KNN,0,0.3846246000612154,0.0,570,0.84412087984411,0.90865746645598,0.8499134199134198,0.8595430495430495,0.8525853194687816,0.7333333333333333,0.956380617399317
ecoli,0,1,-Subgroups,CART,0,0.3846246000612154,0.0,570,0.6704071118469414,0.7927750736620703,0.6770756829377519,0.6534070932448214,0.6078304267089596,0.5714285714285714,0.8026604892450792
ecoli,0,1,-Subgroups,SVM,0,0.3846246000612154,0.0,570,0.8523981584038258,0.914521769508716,0.8603030303030303,0.8486985563456152,0.8549410570087597,0.7333333333333333,0.9727671002883614
ecoli,0,1,-Subgroups,RF,0,0.3846246000612154,0.0,570,0.8523981584038258,0.914521769508716,0.8603030303030303,0.8486985563456152,0.8549410570087597,0.7333333333333333,0.9655527917869432
ecoli,0,1,-Subgroups,LGBM,0,0.3846246000612154,0.0,570,0.8052423627542835,0.8857482058299463,0.8163502015226152,0.812505456714742,0.7937327920137721,0.6,0.9698017165893172
ecoli,0,1,-Mahalanobis,KNN,0,0.5553689999505877,0.0,570,0.84412087984411,0.90865746645598,0.8499134199134198,0.8595430495430495,0.8525853194687816,0.7333333333333333,0.956380617399317
ecoli,0,1,-Mahalanobis,CART,0,0.5553689999505877,0.0,570,0.6704071118469414,0.7927750736620703,0.6770756829377519,0.6534070932448214,0.6078304267089596,0.5714285714285714,0.8026604892450792
ecoli,0,1,-Mahalanobis,SVM,0,0.5553689999505877,0.0,570,0.8523981584038258,0.914521769508716,0.8603030303030303,0.8486985563456152,0.8549410570087597,0.7333333333333333,0.9727671002883614
ecoli,0,1,-Mahalanobis,RF,0,0.5553689999505877,0.0,570,0.8523981584038258,0.914521769508716,0.8603030303030303,0.8486985563456152,0.8549410570087597,0.7333333333333333,0.9661260557327228
ecoli,0,1,-Mahalanobis,LGBM,0,0.5553689999505877,0.0,570,0.8052423627542835,0.8857482058299463,0.8163502015226152,0.812505456714742,0.7937327920137721,0.6,0.9651675276592394
ecoli,0,1,-NoiseGate,KNN,0,0.5646019000560045,0.0,570,0.8705505632961241,0.9256670461930188,0.8784848484848485,0.880516738163797,0.8760989766974652,0.7333333333333333,0.9565113363535652
ecoli,0,1,-NoiseGate,CART,0,0.5646019000560045,0.0,570,0.6329229817779819,0.7742272723965291,0.6485042543663233,0.6301515151515151,0.5853933707707948,0.4285714285714285,0.7864139906456394
ecoli,0,1,-NoiseGate,SVM,0,0.5646019000560045,0.0,570,0.8523981584038258,0.914521769508716,0.8603030303030303,0.8486985563456152,0.8549410570087597,0.7333333333333333,0.9722828387871508
ecoli,0,1,-NoiseGate,RF,0,0.5646019000560045,0.0,570,0.8523981584038258,0.914521769508716,0.8603030303030303,0.8486985563456152,0.8549410570087597,0.7333333333333333,0.966600756342504
ecoli,0,1,-NoiseGate,LGBM,0,0.5646019000560045,0.0,570,0.8052423627542835,0.8857482058299463,0.8163502015226152,0.812505456714742,0.7937327920137721,0.6,0.9662687051286164
ecoli,0,1,-ConfSteer,KNN,0,0.6309835000429302,0.0,570,0.84412087984411,0.90865746645598,0.8499134199134198,0.8595430495430495,0.8525853194687816,0.7333333333333333,0.956380617399317
ecoli,0,1,-ConfSteer,CART,0,0.6309835000429302,0.0,570,0.6704071118469414,0.7927750736620703,0.6770756829377519,0.6534070932448214,0.6078304267089596,0.5714285714285714,0.8026604892450792
ecoli,0,1,-ConfSteer,SVM,0,0.6309835000429302,0.0,570,0.8523981584038258,0.914521769508716,0.8603030303030303,0.8486985563456152,0.8549410570087597,0.7333333333333333,0.9727671002883614
ecoli,0,1,-ConfSteer,RF,0,0.6309835000429302,0.0,570,0.8523981584038258,0.914521769508716,0.8603030303030303,0.8486985563456152,0.8549410570087597,0.7333333333333333,0.965852306687545
ecoli,0,1,-ConfSteer,LGBM,0,0.6309835000429302,0.0,570,0.7864952607386257,0.8769343475097815,0.803016868189282,0.7948212461884261,0.7754840504159377,0.5333333333333333,0.969642129585748
ecoli,0,2,Full,KNN,0,0.5664317000191659,0.0,570,0.7958217302941776,0.8956567063718678,0.8319211822660098,0.8261305757061275,0.8064735438510311,0.4285714285714285,0.9464654625068418
ecoli,0,2,Full,CART,0,0.5664317000191659,0.0,570,0.7301270941960533,0.8501459637622888,0.765024630541872,0.7546639325586695,0.7004582971771871,0.4285714285714285,0.8548815246056625
ecoli,0,2,Full,SVM,0,0.5664317000191659,0.0,570,0.9422823594382884,0.9656481658567924,0.9447619047619048,0.9473490857476832,0.9348893271943508,0.8571428571428571,0.9886598795840176
ecoli,0,2,Full,RF,0,0.5664317000191659,0.0,570,0.7391905314486232,0.8838230381158951,0.8102463054187192,0.7913574165298304,0.8065719887163149,0.2857142857142857,0.9732717221475842
ecoli,0,2,Full,LGBM,0,0.5664317000191659,0.0,570,0.8267305854784277,0.9185211960393737,0.8654844006568144,0.8732766084490222,0.8724564281680163,0.4285714285714285,0.9666822112753148
ecoli,0,2,-FeatWeights,KNN,0,0.2573382999980822,0.0,570,0.7958217302941776,0.8956567063718678,0.8319211822660098,0.8261305757061275,0.8064735438510311,0.4285714285714285,0.9459900383141764
ecoli,0,2,-FeatWeights,CART,0,0.2573382999980822,0.0,570,0.6732559699453454,0.8333586422790283,0.7364532019704433,0.7084092153057671,0.6807823994516554,0.2857142857142857,0.8397342438354309
ecoli,0,2,-FeatWeights,SVM,0,0.2573382999980822,0.0,570,0.868886018487715,0.9321886326166956,0.8876190476190476,0.8976854383087296,0.8913083108037375,0.5714285714285714,0.9838662287903668
ecoli,0,2,-FeatWeights,RF,0,0.2573382999980822,0.0,570,0.731554483536007,0.8803912595254153,0.8038095238095238,0.7890507038675436,0.8045079182775683,0.2857142857142857,0.9677571975916804
ecoli,0,2,-FeatWeights,LGBM,0,0.2573382999980822,0.0,570,0.6435027335357603,0.8662974595611626,0.7816748768472906,0.7512564064288203,0.7859874151723644,0.1428571428571428,0.9563098173856794
ecoli,0,2,-Subgroups,KNN,0,0.4143884000368416,0.0,570,0.7958217302941776,0.8956567063718678,0.8319211822660098,0.8261305757061275,0.8064735438510311,0.4285714285714285,0.9464654625068418
ecoli,0,2,-Subgroups,CART,0,0.4143884000368416,0.0,570,0.7301270941960533,0.8501459637622888,0.765024630541872,0.7546639325586695,0.7004582971771871,0.4285714285714285,0.8548815246056625
ecoli,0,2,-Subgroups,SVM,0,0.4143884000368416,0.0,570,0.9422823594382884,0.9656481658567924,0.9447619047619048,0.9473490857476832,0.9348893271943508,0.8571428571428571,0.9886598795840176
ecoli,0,2,-Subgroups,RF,0,0.4143884000368416,0.0,570,0.7391905314486232,0.8838230381158951,0.8102463054187192,0.7913574165298304,0.8065719887163149,0.2857142857142857,0.9732717221475842
ecoli,0,2,-Subgroups,LGBM,0,0.4143884000368416,0.0,570,0.7568100658486925,0.896060557385852,0.8300164203612479,0.8246557570396579,0.8303394287811193,0.2857142857142857,0.9662842016221326
ecoli,0,2,-Mahalanobis,KNN,0,0.6190652999794111,0.0,570,0.7958217302941776,0.8956567063718678,0.8319211822660098,0.8261305757061275,0.8064735438510311,0.4285714285714285,0.9464654625068418
ecoli,0,2,-Mahalanobis,CART,0,0.6190652999794111,0.0,570,0.7301270941960533,0.8501459637622888,0.765024630541872,0.7546639325586695,0.7004582971771871,0.4285714285714285,0.8548815246056625
ecoli,0,2,-Mahalanobis,SVM,0,0.6190652999794111,0.0,570,0.9422823594382884,0.9656481658567924,0.9447619047619048,0.9473490857476832,0.9348893271943508,0.8571428571428571,0.9886598795840176
ecoli,0,2,-Mahalanobis,RF,0,0.6190652999794111,0.0,570,0.7391905314486232,0.8838230381158951,0.8102463054187192,0.7913574165298304,0.8065719887163149,0.2857142857142857,0.9732717221475842
ecoli,0,2,-Mahalanobis,LGBM,0,0.6190652999794111,0.0,570,0.7568100658486925,0.896060557385852,0.8300164203612479,0.8246557570396579,0.8303394287811193,0.2857142857142857,0.9674393193013884
ecoli,0,2,-NoiseGate,KNN,0,0.5684515999164432,0.0,570,0.7958217302941776,0.8956567063718678,0.8319211822660098,0.8261305757061275,0.8064735438510311,0.4285714285714285,0.9464654625068418
ecoli,0,2,-NoiseGate,CART,0,0.5684515999164432,0.0,570,0.7301270941960533,0.8501459637622888,0.765024630541872,0.7546639325586695,0.7004582971771871,0.4285714285714285,0.8548815246056625
ecoli,0,2,-NoiseGate,SVM,0,0.5684515999164432,0.0,570,0.9422823594382884,0.9656481658567924,0.9447619047619048,0.9473490857476832,0.9348893271943508,0.8571428571428571,0.9886598795840176
ecoli,0,2,-NoiseGate,RF,0,0.5684515999164432,0.0,570,0.7264382157273415,0.8749518684207608,0.7969129720853859,0.7760201731280707,0.7839012682703689,0.2857142857142857,0.9713263273125342
ecoli,0,2,-NoiseGate,LGBM,0,0.5684515999164432,0.0,570,0.658841429132756,0.8786807673811909,0.8014449917898194,0.7843943191311613,0.8104186475858738,0.1428571428571428,0.9628295765537144
ecoli,0,2,-ConfSteer,KNN,0,0.5605793000431731,0.0,570,0.7958217302941776,0.8956567063718678,0.8319211822660098,0.8261305757061275,0.8064735438510311,0.4285714285714285,0.9464654625068418
ecoli,0,2,-ConfSteer,CART,0,0.5605793000431731,0.0,570,0.7301270941960533,0.8501459637622888,0.765024630541872,0.7546639325586695,0.7004582971771871,0.4285714285714285,0.8548815246056625
ecoli,0,2,-ConfSteer,SVM,0,0.5605793000431731,0.0,570,0.9422823594382884,0.9656481658567924,0.9447619047619048,0.9473490857476832,0.9348893271943508,0.8571428571428571,0.9886598795840176
ecoli,0,2,-ConfSteer,RF,0,0.5605793000431731,0.0,570,0.6435027335357603,0.8662974595611626,0.7816748768472906,0.7512564064288203,0.7859874151723644,0.1428571428571428,0.9731148529631288
ecoli,0,2,-ConfSteer,LGBM,0,0.5605793000431731,0.0,570,0.7568100658486925,0.896060557385852,0.8300164203612479,0.8246557570396579,0.8303394287811193,0.2857142857142857,0.9643271134995272
ecoli,0,3,Full,KNN,0,0.5798556000227109,0.0,575,0.9084542110514632,0.947983564077694,0.9175,0.8775828460038987,0.880489446220099,0.6875,0.9568818156123132
ecoli,0,3,Full,CART,0,0.5798556000227109,0.0,575,0.7744391761242474,0.8710835963125813,0.795,0.7764065037130052,0.76411993271195,0.5714285714285714,0.8747242967074591
ecoli,0,3,Full,SVM,0,0.5798556000227109,0.0,575,0.8898412682692249,0.933871811750724,0.8942857142857144,0.8608351261089598,0.8546993455859941,0.75,0.9842895804767724
ecoli,0,3,Full,RF,0,0.5798556000227109,0.0,575,0.8577427663681512,0.91751086629017,0.8653571428571428,0.8531220524429353,0.8503175951900867,0.7142857142857143,0.988949290823675
ecoli,0,3,Full,LGBM,0,0.5798556000227109,0.0,575,0.8515265838213313,0.912216487207884,0.8582142857142857,0.8373015873015873,0.8298368173363697,0.7142857142857143,0.9822779706646704
ecoli,0,3,-FeatWeights,KNN,0,0.2103405999951064,0.0,575,0.9244017406098536,0.9560979204376686,0.93,0.8942355889724312,0.8988808706842264,0.75,0.9773910018552876
ecoli,0,3,-FeatWeights,CART,0,0.2103405999951064,0.0,575,0.7540305203913071,0.8671775301589222,0.7864285714285714,0.762779676463887,0.7645118307197516,0.4285714285714285,0.8713231033062657
ecoli,0,3,-FeatWeights,SVM,0,0.2103405999951064,0.0,575,0.8898412682692249,0.933871811750724,0.8942857142857144,0.8608351261089598,0.8546993455859941,0.75,0.9842895804767724
ecoli,0,3,-FeatWeights,RF,0,0.2103405999951064,0.0,575,0.8577427663681512,0.91751086629017,0.8653571428571428,0.8531220524429353,0.8503175951900867,0.7142857142857143,0.9877456410251976
ecoli,0,3,-FeatWeights,LGBM,0,0.2103405999951064,0.0,575,0.8265195771340672,0.9033395910743458,0.8421428571428571,0.8287118437118437,0.8282596122281086,0.5714285714285714,0.9843865326525426
ecoli,0,3,-Subgroups,KNN,0,0.3911560999695211,0.0,575,0.9084542110514632,0.947983564077694,0.9175,0.8775828460038987,0.880489446220099,0.6875,0.9568818156123132
ecoli,0,3,-Subgroups,CART,0,0.3911560999695211,0.0,575,0.7744391761242474,0.8710835963125813,0.795,0.7764065037130052,0.76411993271195,0.5714285714285714,0.8747242967074591
ecoli,0,3,-Subgroups,SVM,0,0.3911560999695211,0.0,575,0.8898412682692249,0.933871811750724,0.8942857142857144,0.8608351261089598,0.8546993455859941,0.75,0.9842895804767724
ecoli,0,3,-Subgroups,RF,0,0.3911560999695211,0.0,575,0.8577427663681512,0.91751086629017,0.8653571428571428,0.8531220524429353,0.8503175951900867,0.7142857142857143,0.988949290823675
ecoli,0,3,-Subgroups,LGBM,0,0.3911560999695211,0.0,575,0.8831499729425515,0.9292264459632708,0.8867857142857144,0.8599452654625068,0.8528012248521135,0.8,0.9814477657876672
ecoli,0,3,-Mahalanobis,KNN,0,0.5437138000270352,0.0,575,0.9084542110514632,0.947983564077694,0.9175,0.8775828460038987,0.880489446220099,0.6875,0.9568818156123132
ecoli,0,3,-Mahalanobis,CART,0,0.5437138000270352,0.0,575,0.7744391761242474,0.8710835963125813,0.795,0.7764065037130052,0.76411993271195,0.5714285714285714,0.8747242967074591
ecoli,0,3,-Mahalanobis,SVM,0,0.5437138000270352,0.0,575,0.8898412682692249,0.933871811750724,0.8942857142857144,0.8608351261089598,0.8546993455859941,0.75,0.9842895804767724
ecoli,0,3,-Mahalanobis,RF,0,0.5437138000270352,0.0,575,0.8577427663681512,0.91751086629017,0.8653571428571428,0.8531220524429353,0.8503175951900867,0.7142857142857143,0.988949290823675
ecoli,0,3,-Mahalanobis,LGBM,0,0.5437138000270352,0.0,575,0.8143595770752006,0.8950135682445574,0.8296428571428571,0.812662570404506,0.807329632029957,0.5714285714285714,0.9836444219473776
ecoli,0,3,-NoiseGate,KNN,0,0.576296400045976,0.0,575,0.9084542110514632,0.947983564077694,0.9175,0.8775828460038987,0.880489446220099,0.6875,0.9568818156123132
ecoli,0,3,-NoiseGate,CART,0,0.576296400045976,0.0,575,0.6741884610135499,0.8355976235760786,0.7378571428571429,0.7163598836663854,0.7210674464787072,0.2857142857142857,0.8420712354829692
ecoli,0,3,-NoiseGate,SVM,0,0.576296400045976,0.0,575,0.8898412682692249,0.933871811750724,0.8942857142857144,0.8608351261089598,0.8546993455859941,0.75,0.9842895804767724
ecoli,0,3,-NoiseGate,RF,0,0.576296400045976,0.0,575,0.8577427663681512,0.91751086629017,0.8653571428571428,0.8531220524429353,0.8503175951900867,0.7142857142857143,0.9886941887828588
ecoli,0,3,-NoiseGate,LGBM,0,0.576296400045976,0.0,575,0.8642415608423945,0.9204681371834952,0.8707142857142858,0.854137224782386,0.8502200497512052,0.7142857142857143,0.9864462710103103
ecoli,0,3,-ConfSteer,KNN,0,0.5732866999460384,0.0,575,0.9084542110514632,0.947983564077694,0.9175,0.8775828460038987,0.880489446220099,0.6875,0.9568818156123132
ecoli,0,3,-ConfSteer,CART,0,0.5732866999460384,0.0,575,0.7744391761242474,0.8710835963125813,0.795,0.7764065037130052,0.76411993271195,0.5714285714285714,0.8747242967074591
ecoli,0,3,-ConfSteer,SVM,0,0.5732866999460384,0.0,575,0.8898412682692249,0.933871811750724,0.8942857142857144,0.8608351261089598,0.8546993455859941,0.75,0.9842895804767724
ecoli,0,3,-ConfSteer,RF,0,0.5732866999460384,0.0,575,0.8577427663681512,0.91751086629017,0.8653571428571428,0.8531220524429353,0.8503175951900867,0.7142857142857143,0.987676563550948
ecoli,0,3,-ConfSteer,LGBM,0,0.5732866999460384,0.0,575,0.8143595770752006,0.8950135682445574,0.8296428571428571,0.812662570404506,0.807329632029957,0.5714285714285714,0.9831982935849932
ecoli,0,4,Full,KNN,0,0.5643476999830455,0.0,575,0.8410843950783261,0.9029431936258546,0.8474999999999999,0.782811039414813,0.779602531224395,0.6875,0.9464163521207856
ecoli,0,4,Full,CART,0,0.5643476999830455,0.0,575,0.8515265838213312,0.9084466266174224,0.8567857142857143,0.8218628593628594,0.7934074944561591,0.7142857142857143,0.9100041046533214
ecoli,0,4,Full,SVM,0,0.5643476999830455,0.0,575,0.8368362768166225,0.9031334525812544,0.8460714285714286,0.8111701385535056,0.7927912218021821,0.6875,0.9724470534125708
ecoli,0,4,Full,RF,0,0.5643476999830455,0.0,575,0.8317019242227721,0.9064689076972476,0.85,0.8359161507548605,0.8105267684562343,0.5714285714285714,0.9713774407924656
ecoli,0,4,Full,LGBM,0,0.5643476999830455,0.0,575,0.8275011946012747,0.9025400757965092,0.8425,0.818584656084656,0.8098075629199383,0.5714285714285714,0.9698579996092312
ecoli,0,4,-FeatWeights,KNN,0,0.222029099939391,0.0,575,0.848890227989832,0.9054942802747754,0.8528571428571429,0.7891445944184282,0.7778899329780522,0.75,0.9543186296462158
ecoli,0,4,-FeatWeights,CART,0,0.222029099939391,0.0,575,0.8585072442010108,0.913646440098798,0.8639285714285714,0.8383184949222684,0.8113770149032804,0.7142857142857143,0.9150770366474356
ecoli,0,4,-FeatWeights,SVM,0,0.222029099939391,0.0,575,0.8368362768166225,0.9031334525812544,0.8460714285714286,0.8111701385535056,0.7927912218021821,0.6875,0.972939664250009
ecoli,0,4,-FeatWeights,RF,0,0.222029099939391,0.0,575,0.845123401530242,0.9147369208927632,0.8625,0.8511964886964887,0.8309762147584822,0.5714285714285714,0.97274555327511
ecoli,0,4,-FeatWeights,LGBM,0,0.222029099939391,0.0,575,0.8275011946012747,0.9025400757965092,0.8425,0.818584656084656,0.8098075629199383,0.5714285714285714,0.960979233055588
ecoli,0,4,-Subgroups,KNN,0,0.4032428000355139,0.0,575,0.8410843950783261,0.9029431936258546,0.8474999999999999,0.782811039414813,0.779602531224395,0.6875,0.9464163521207856
ecoli,0,4,-Subgroups,CART,0,0.4032428000355139,0.0,575,0.8515265838213312,0.9084466266174224,0.8567857142857143,0.8218628593628594,0.7934074944561591,0.7142857142857143,0.9100041046533214
ecoli,0,4,-Subgroups,SVM,0,0.4032428000355139,0.0,575,0.8368362768166225,0.9031334525812544,0.8460714285714286,0.8111701385535056,0.7927912218021821,0.6875,0.9724470534125708
ecoli,0,4,-Subgroups,RF,0,0.4032428000355139,0.0,575,0.8317019242227721,0.9064689076972476,0.85,0.8359161507548605,0.8105267684562343,0.5714285714285714,0.970884829955027
ecoli,0,4,-Subgroups,LGBM,0,0.4032428000355139,0.0,575,0.8275011946012747,0.9025400757965092,0.8425,0.818584656084656,0.8098075629199383,0.5714285714285714,0.9673088751216832
ecoli,0,4,-Mahalanobis,KNN,0,0.5539656999753788,0.0,575,0.8410843950783261,0.9029431936258546,0.8474999999999999,0.782811039414813,0.779602531224395,0.6875,0.9464163521207856
ecoli,0,4,-Mahalanobis,CART,0,0.5539656999753788,0.0,575,0.8515265838213312,0.9084466266174224,0.8567857142857143,0.8218628593628594,0.7934074944561591,0.7142857142857143,0.9100041046533214
ecoli,0,4,-Mahalanobis,SVM,0,0.5539656999753788,0.0,575,0.8368362768166225,0.9031334525812544,0.8460714285714286,0.8111701385535056,0.7927912218021821,0.6875,0.9724470534125708
ecoli,0,4,-Mahalanobis,RF,0,0.5539656999753788,0.0,575,0.8317019242227721,0.9064689076972476,0.85,0.8359161507548605,0.8105267684562343,0.5714285714285714,0.970884829955027
ecoli,0,4,-Mahalanobis,LGBM,0,0.5539656999753788,0.0,575,0.8275011946012747,0.9025400757965092,0.8425,0.818584656084656,0.8098075629199383,0.5714285714285714,0.9673088751216832
ecoli,0,4,-NoiseGate,KNN,0,0.5497024999931455,0.0,575,0.8410843950783261,0.9029431936258546,0.8474999999999999,0.782811039414813,0.779602531224395,0.6875,0.9464163521207856
ecoli,0,4,-NoiseGate,CART,0,0.5497024999931455,0.0,575,0.8143595770752006,0.8912767046352031,0.8282142857142858,0.7978909978909979,0.7716540144449099,0.5714285714285714,0.8936775740410765
ecoli,0,4,-NoiseGate,SVM,0,0.5497024999931455,0.0,575,0.8368362768166225,0.9031334525812544,0.8460714285714286,0.8111701385535056,0.7927912218021821,0.6875,0.972702155453387
ecoli,0,4,-NoiseGate,RF,0,0.5497024999931455,0.0,575,0.845123401530242,0.9147369208927632,0.8625,0.8511964886964887,0.8309762147584822,0.5714285714285714,0.971393488684129
ecoli,0,4,-NoiseGate,LGBM,0,0.5497024999931455,0.0,575,0.8275011946012747,0.9025400757965092,0.8425,0.818584656084656,0.8098075629199383,0.5714285714285714,0.9644069408158078
ecoli,0,4,-ConfSteer,KNN,0,0.595185499987565,0.0,575,0.8410843950783261,0.9029431936258546,0.8474999999999999,0.782811039414813,0.779602531224395,0.6875,0.94496180666624
ecoli,0,4,-ConfSteer,CART,0,0.595185499987565,0.0,575,0.8515265838213312,0.9084466266174224,0.8567857142857143,0.8218628593628594,0.7934074944561591,0.7142857142857143,0.9100041046533214
ecoli,0,4,-ConfSteer,SVM,0,0.595185499987565,0.0,575,0.8368362768166225,0.9031334525812544,0.8460714285714286,0.8111701385535056,0.7927912218021821,0.6875,0.9724470534125708
ecoli,0,4,-ConfSteer,RF,0,0.595185499987565,0.0,575,0.8317019242227721,0.9064689076972476,0.85,0.8359161507548605,0.8105267684562343,0.5714285714285714,0.9723714590894394
ecoli,0,4,-ConfSteer,LGBM,0,0.595185499987565,0.0,575,0.8275011946012747,0.9025400757965092,0.8425,0.818584656084656,0.8098075629199383,0.5714285714285714,0.9693653887717928
flare,0,0,Full,KNN,0,0.7274797999998555,0.0,1584,0.5383375231362446,0.7450480216273191,0.5937806737425209,0.5877232425172929,0.5895727307968807,0.3157894736842105,0.8562510764128667
flare,0,0,Full,CART,0,0.7274797999998555,0.0,1584,0.5492289859904254,0.7710370351055492,0.6297564654943754,0.6271432447097124,0.6505027890857552,0.2222222222222222,0.8287207344700689
flare,0,0,Full,SVM,0,0.7274797999998555,0.0,1584,0.5772239403945687,0.7748265542807158,0.6380947637934825,0.6178286748154439,0.6272952581776414,0.2978723404255319,0.8776132914195608
flare,0,0,Full,RF,0,0.7274797999998555,0.0,1584,0.5503235967322998,0.7746069247272936,0.6353121657296245,0.6257086167800453,0.653027150559328,0.2222222222222222,0.8970400986669302
flare,0,0,Full,LGBM,0,0.7274797999998555,0.0,1584,0.4939910122932291,0.7620548780454028,0.614784046266637,0.6072654438893786,0.6515319722040622,0.1111111111111111,0.921388939911192
flare,0,0,-FeatWeights,KNN,0,0.3603189000859856,0.0,1584,0.5127005059423518,0.7380200148223622,0.5820244841040948,0.5826298903286585,0.5946070883875727,0.2222222222222222,0.8582768365261028
flare,0,0,-FeatWeights,CART,0,0.3603189000859856,0.0,1584,0.5061089654022809,0.7738708877236187,0.6329876453186957,0.6213991769547325,0.6643834763803953,0.1111111111111111,0.8317398441905007
flare,0,0,-FeatWeights,SVM,0,0.3603189000859856,0.0,1584,0.5901769408271629,0.7832576260344202,0.6517626544503572,0.632220582155688,0.63265741444005,0.2978723404255319,0.8764347783303355
flare,0,0,-FeatWeights,RF,0,0.3603189000859856,0.0,1584,0.5680881059731817,0.7855233403983152,0.6515061638372142,0.6428571428571428,0.6708968730910153,0.2222222222222222,0.9042554695257046
flare,0,0,-FeatWeights,LGBM,0,0.3603189000859856,0.0,1584,0.4957459293929647,0.761766384684375,0.6144541765651691,0.60875267683899,0.6502868271997774,0.1111111111111111,0.9230774036943992
flare,0,0,-Subgroups,KNN,0,0.4542454000329599,0.0,1584,0.5383375231362446,0.7450480216273191,0.5937806737425209,0.5877232425172929,0.5895727307968807,0.3157894736842105,0.8562510764128667
flare,0,0,-Subgroups,CART,0,0.4542454000329599,0.0,1584,0.5492289859904254,0.7710370351055492,0.6297564654943754,0.6271432447097124,0.6505027890857552,0.2222222222222222,0.8287207344700689
flare,0,0,-Subgroups,SVM,0,0.4542454000329599,0.0,1584,0.5772239403945687,0.7748265542807158,0.6380947637934825,0.6178286748154439,0.6272952581776414,0.2978723404255319,0.8775891925763809
flare,0,0,-Subgroups,RF,0,0.4542454000329599,0.0,1584,0.5503235967322998,0.7746069247272936,0.6353121657296245,0.6257086167800453,0.653027150559328,0.2222222222222222,0.8969978047695304
flare,0,0,-Subgroups,LGBM,0,0.4542454000329599,0.0,1584,0.5027421473950167,0.7678024457025086,0.6235559760911983,0.6148486804360299,0.6575086033855222,0.1111111111111111,0.9199379172007052
flare,0,0,-Mahalanobis,KNN,0,0.7083060999866575,0.0,1584,0.5383375231362446,0.7450480216273191,0.5937806737425209,0.5877232425172929,0.5895727307968807,0.3157894736842105,0.8562510764128667
flare,0,0,-Mahalanobis,CART,0,0.7083060999866575,0.0,1584,0.5492289859904254,0.7710370351055492,0.6297564654943754,0.6271432447097124,0.6505027890857552,0.2222222222222222,0.8287207344700689
flare,0,0,-Mahalanobis,SVM,0,0.7083060999866575,0.0,1584,0.5772239403945687,0.7748265542807158,0.6380947637934825,0.6178286748154439,0.6272952581776414,0.2978723404255319,0.8775679584488912
flare,0,0,-Mahalanobis,RF,0,0.7083060999866575,0.0,1584,0.5503235967322998,0.7746069247272936,0.6353121657296245,0.6257086167800453,0.653027150559328,0.2222222222222222,0.8970400986669302
flare,0,0,-Mahalanobis,LGBM,0,0.7083060999866575,0.0,1584,0.6037616237312164,0.7909900563938388,0.6605930131282354,0.6554182415938263,0.6694335494758745,0.3333333333333333,0.9217016558325524
flare,0,0,-NoiseGate,KNN,0,0.7419089999748394,0.0,1584,0.5222251432175831,0.7391293964213982,0.5850087439179594,0.5793802187280449,0.5833197651253703,0.2631578947368421,0.8601664103916545
flare,0,0,-NoiseGate,CART,0,0.7419089999748394,0.0,1584,0.4866406426058218,0.7564602872017339,0.6073619779836088,0.6025367720135162,0.6381312618994601,0.1111111111111111,0.8155540650969749
flare,0,0,-NoiseGate,SVM,0,0.7419089999748394,0.0,1584,0.5772239403945687,0.7749027255787341,0.6380947637934825,0.6166097201017176,0.628034191617291,0.2978723404255319,0.8774597009905475
flare,0,0,-NoiseGate,RF,0,0.7419089999748394,0.0,1584,0.5407442205656903,0.7687588090038446,0.6265402359050631,0.6207676566561583,0.6459257143727783,0.2222222222222222,0.9001219324089793
flare,0,0,-NoiseGate,LGBM,0,0.7419089999748394,0.0,1584,0.5643089805364631,0.7794723245098157,0.6420744946097169,0.6362288585235251,0.6634549961523836,0.2222222222222222,0.9230789415914354
flare,0,0,-ConfSteer,KNN,0,0.7458454000297934,0.0,1584,0.5383375231362446,0.7450480216273191,0.5937806737425209,0.5877232425172929,0.5895727307968807,0.3157894736842105,0.8562510764128667
flare,0,0,-ConfSteer,CART,0,0.7458454000297934,0.0,1584,0.5492289859904254,0.7710370351055492,0.6297564654943754,0.6271432447097124,0.6505027890857552,0.2222222222222222,0.8287207344700689
flare,0,0,-ConfSteer,SVM,0,0.7458454000297934,0.0,1584,0.5772239403945687,0.7748265542807158,0.6380947637934825,0.6178286748154439,0.6272952581776414,0.2978723404255319,0.8775891925763809
flare,0,0,-ConfSteer,RF,0,0.7458454000297934,0.0,1584,0.5503235967322998,0.7746069247272936,0.6353121657296245,0.6257086167800453,0.653027150559328,0.2222222222222222,0.8970400986669302
flare,0,0,-ConfSteer,LGBM,0,0.7458454000297934,0.0,1584,0.6037616237312164,0.7909900563938388,0.6605930131282354,0.6554182415938263,0.6694335494758745,0.3333333333333333,0.9207288882337874
flare,0,1,Full,KNN,0,0.738196499994956,0.0,1590,0.5429974919110057,0.7578385490688979,0.6112297789929368,0.6018020224541963,0.619515454601805,0.2631578947368421,0.8633827092801448
flare,0,1,Full,CART,0,0.738196499994956,0.0,1590,0.4970323351554271,0.7683520713151144,0.6220760233918129,0.6216932292513688,0.686459094149761,0.125,0.8750931091547806
flare,0,1,Full,SVM,0,0.738196499994956,0.0,1590,0.6353690689543561,0.8115390895494506,0.6903717627401837,0.6644076788313964,0.7084510508477386,0.3684210526315789,0.9047527637245406
flare,0,1,Full,RF,0,0.738196499994956,0.0,1590,0.4857415953155466,0.765412376917843,0.6167763157894737,0.6145663122407309,0.6854177287521238,0.125,0.918448241676886
flare,0,1,Full,LGBM,0,0.738196499994956,0.0,1590,0.538689635861297,0.7791868958703838,0.6394110275689223,0.6347565393121329,0.6833288801046545,0.1578947368421052,0.9290779833169543
flare,0,1,-FeatWeights,KNN,0,0.3394618000602349,0.0,1590,0.5397682332094098,0.7573729466832197,0.6102828092959672,0.5993544937869629,0.6201678163465902,0.2631578947368421,0.8615620729991907
flare,0,1,-FeatWeights,CART,0,0.3394618000602349,0.0,1590,0.506028771674248,0.7718353458628883,0.627375730994152,0.6234567901234568,0.6889541756220285,0.125,0.8810768344877301
flare,0,1,-FeatWeights,SVM,0,0.3394618000602349,0.0,1590,0.6380304365552069,0.8091101233776281,0.6877349624060151,0.662510252372399,0.6956794658723524,0.3958333333333333,0.9006745360829728
flare,0,1,-FeatWeights,RF,0,0.3394618000602349,0.0,1590,0.4857415953155466,0.7654917824244941,0.6167763157894737,0.6130898513251454,0.6858849794970723,0.125,0.9178899337903388
flare,0,1,-FeatWeights,LGBM,0,0.3394618000602349,0.0,1590,0.5448760048694795,0.7844592818892276,0.6468515037593985,0.6448217317487266,0.6952932151780586,0.1578947368421052,0.9306357708861662
flare,0,1,-Subgroups,KNN,0,0.450978200067766,0.0,1590,0.5429974919110057,0.7578385490688979,0.6112297789929368,0.6018020224541963,0.619515454601805,0.2631578947368421,0.8633827092801448
flare,0,1,-Subgroups,CART,0,0.450978200067766,0.0,1590,0.4970323351554271,0.7683520713151144,0.6220760233918129,0.6216932292513688,0.686459094149761,0.125,0.8750931091547806
flare,0,1,-Subgroups,SVM,0,0.450978200067766,0.0,1590,0.6353690689543561,0.8115390895494506,0.6903717627401837,0.6644076788313964,0.7084510508477386,0.3684210526315789,0.9047527637245406
flare,0,1,-Subgroups,RF,0,0.450978200067766,0.0,1590,0.4857415953155466,0.7653329631726412,0.6167763157894737,0.6165719338133132,0.6849892962410414,0.125,0.9184434316641188
flare,0,1,-Subgroups,LGBM,0,0.450978200067766,0.0,1590,0.5034891044578492,0.7733316304208325,0.6306390977443609,0.6269254697026253,0.6767681144090825,0.1052631578947368,0.9276318276748244
flare,0,1,-Mahalanobis,KNN,0,0.7036682000616565,0.0,1590,0.5429974919110057,0.7578385490688979,0.6112297789929368,0.6018020224541963,0.619515454601805,0.2631578947368421,0.8633827092801448
flare,0,1,-Mahalanobis,CART,0,0.7036682000616565,0.0,1590,0.4970323351554271,0.7683520713151144,0.6220760233918129,0.6216932292513688,0.686459094149761,0.125,0.8750931091547806
flare,0,1,-Mahalanobis,SVM,0,0.7036682000616565,0.0,1590,0.6353690689543561,0.8115390895494506,0.6903717627401837,0.6644076788313964,0.7084510508477386,0.3684210526315789,0.9046171153251916
flare,0,1,-Mahalanobis,RF,0,0.7036682000616565,0.0,1590,0.4857415953155466,0.765412376917843,0.6167763157894737,0.6145663122407309,0.6854177287521238,0.125,0.9186998174537409
flare,0,1,-Mahalanobis,LGBM,0,0.7036682000616565,0.0,1590,0.5034891044578492,0.7733316304208325,0.6306390977443609,0.6269254697026253,0.6767681144090825,0.1052631578947368,0.9276318276748244
flare,0,1,-NoiseGate,KNN,0,0.8122379000997171,0.0,1590,0.5474309828390275,0.7603820982436711,0.614702001215159,0.6057826201318971,0.6252876342060382,0.2631578947368421,0.8632880146179618
flare,0,1,-NoiseGate,CART,0,0.8122379000997171,0.0,1590,0.506028771674248,0.7716794567836116,0.627375730994152,0.6258158508158508,0.6872378573048107,0.125,0.8796031638904749
flare,0,1,-NoiseGate,SVM,0,0.8122379000997171,0.0,1590,0.6315295707983817,0.8099287354100384,0.6870822890559732,0.6685794330031506,0.7137311054912472,0.375,0.9041288705235924
flare,0,1,-NoiseGate,RF,0,0.8122379000997171,0.0,1590,0.4713398872753479,0.7620747616839458,0.6114766081871346,0.6081048581048581,0.6845959107789865,0.125,0.9183035204378184
flare,0,1,-NoiseGate,LGBM,0,0.8122379000997171,0.0,1590,0.538689635861297,0.779153438531693,0.6394110275689223,0.6381439220620758,0.6828292060216329,0.1578947368421052,0.9279275122433454
flare,0,1,-ConfSteer,KNN,0,0.7417771000182256,0.0,1590,0.5429974919110057,0.7578385490688979,0.6112297789929368,0.6018020224541963,0.619515454601805,0.2631578947368421,0.8633827092801448
flare,0,1,-ConfSteer,CART,0,0.7417771000182256,0.0,1590,0.4970323351554271,0.7683520713151144,0.6220760233918129,0.6216932292513688,0.686459094149761,0.125,0.8750931091547806
flare,0,1,-ConfSteer,SVM,0,0.7417771000182256,0.0,1590,0.6353690689543561,0.8115390895494506,0.6903717627401837,0.6644076788313964,0.7084510508477386,0.3684210526315789,0.9047527637245406
flare,0,1,-ConfSteer,RF,0,0.7417771000182256,0.0,1590,0.4891993400083845,0.7678312787548274,0.6202485380116959,0.6204830257461836,0.6905907689537317,0.125,0.9188508093088404
flare,0,1,-ConfSteer,LGBM,0,0.7417771000182256,0.0,1590,0.538689635861297,0.7791868958703838,0.6394110275689223,0.6347565393121329,0.6833288801046545,0.1578947368421052,0.9313203512125412
flare,0,2,Full,KNN,0,0.8001684000482783,0.0,1590,0.5722657998305107,0.7741029137211944,0.6367747019062808,0.6289213560476234,0.6330667809298047,0.25,0.854558557340822
flare,0,2,Full,CART,0,0.8001684000482783,0.0,1590,0.4807792684534254,0.7541625617496488,0.6013001253132831,0.6088429704299486,0.6632631613448936,0.125,0.8184064298668413
flare,0,2,Full,SVM,0,0.8001684000482783,0.0,1590,0.0,0.7493150564423455,0.5963469279258753,0.581776860351732,0.6343589147139334,0.0,0.8961076213266285
flare,0,2,Full,RF,0,0.8001684000482783,0.0,1590,0.0,0.7403021368496904,0.5808061821219717,0.5761570788455651,0.6507419305421639,0.0,0.894977911374696
flare,0,2,Full,LGBM,0,0.8001684000482783,0.0,1590,0.0,0.7392260327119052,0.5801535087719297,0.5730567644929822,0.6391729317495399,0.0,0.9083832717028132
flare,0,2,-FeatWeights,KNN,0,0.3493685000576079,0.0,1590,0.5880186292014099,0.781165917812101,0.6466953368269158,0.645720972189706,0.6487824190754211,0.25,0.8707537425774485
flare,0,2,-FeatWeights,CART,0,0.3493685000576079,0.0,1590,0.4925052571161091,0.7573720352264933,0.6065998329156224,0.6159326083875019,0.6632959829432518,0.125,0.8406609615674369
flare,0,2,-FeatWeights,SVM,0,0.3493685000576079,0.0,1590,0.5420013495246881,0.7612030432274238,0.61517002734108,0.606326671486909,0.6350242713613095,0.25,0.9013514492037776
flare,0,2,-FeatWeights,RF,0,0.3493685000576079,0.0,1590,0.4836227946207465,0.7487785270344671,0.5946950710108605,0.6047439181120161,0.6449111646921992,0.125,0.8976817696112982
flare,0,2,-FeatWeights,LGBM,0,0.3493685000576079,0.0,1590,0.4797297196518866,0.7467833608593497,0.5922149122807018,0.6018961065521385,0.6389448021884913,0.125,0.907134348141578
flare,0,2,-Subgroups,KNN,0,0.4799411999993026,0.0,1590,0.5722657998305107,0.7741029137211944,0.6367747019062808,0.6289213560476234,0.6330667809298047,0.25,0.854558557340822
flare,0,2,-Subgroups,CART,0,0.4799411999993026,0.0,1590,0.4807792684534254,0.7541625617496488,0.6013001253132831,0.6088429704299486,0.6632631613448936,0.125,0.8184064298668413
flare,0,2,-Subgroups,SVM,0,0.4799411999993026,0.0,1590,0.0,0.7518361070763692,0.5998191501480975,0.5869472868108299,0.6397080514501905,0.0,0.8968779414438016
flare,0,2,-Subgroups,RF,0,0.4799411999993026,0.0,1590,0.0,0.740288233602148,0.5808061821219717,0.5764768399829868,0.6508154000599706,0.0,0.8959496373541143
flare,0,2,-Subgroups,LGBM,0,0.4799411999993026,0.0,1590,0.4922145217218695,0.7527432277608879,0.6009868421052631,0.6098014038692005,0.6452093253735423,0.125,0.9074963937168052
flare,0,2,-Mahalanobis,KNN,0,0.721343299956061,0.0,1590,0.5722657998305107,0.7741029137211944,0.6367747019062808,0.6289213560476234,0.6330667809298047,0.25,0.854558557340822
flare,0,2,-Mahalanobis,CART,0,0.721343299956061,0.0,1590,0.4807792684534254,0.7541625617496488,0.6013001253132831,0.6088429704299486,0.6632631613448936,0.125,0.8184064298668413
flare,0,2,-Mahalanobis,SVM,0,0.721343299956061,0.0,1590,0.0,0.7493150564423455,0.5963469279258753,0.581776860351732,0.6343589147139334,0.0,0.8961076213266285
flare,0,2,-Mahalanobis,RF,0,0.721343299956061,0.0,1590,0.0,0.737736009921881,0.5773339598997494,0.5725535096445621,0.6448121075511792,0.0,0.8943180888160661
flare,0,2,-Mahalanobis,LGBM,0,0.721343299956061,0.0,1590,0.0,0.7366743918259787,0.5766812865497076,0.5688711700818239,0.6333924645672095,0.0,0.9066152908222376
flare,0,2,-NoiseGate,KNN,0,0.7482058999594301,0.0,1590,0.5722657998305107,0.7741029137211944,0.6367747019062808,0.6289213560476234,0.6330667809298047,0.25,0.8558734282051499
flare,0,2,-NoiseGate,CART,0,0.7482058999594301,0.0,1590,0.4807792684534254,0.7541625617496488,0.6013001253132831,0.6088429704299486,0.6632631613448936,0.125,0.8184064298668413
flare,0,2,-NoiseGate,SVM,0,0.7482058999594301,0.0,1590,0.0,0.7442593604912062,0.5894024834814309,0.5714463548727642,0.6237749181330289,0.0,0.8967173632562627
flare,0,2,-NoiseGate,RF,0,0.7482058999594301,0.0,1590,0.4836227946207465,0.7487785270344671,0.5946950710108605,0.6047439181120161,0.6449111646921992,0.125,0.8977131182053513
flare,0,2,-NoiseGate,LGBM,0,0.7482058999594301,0.0,1590,0.0,0.7299605837153123,0.5669172932330827,0.5614787496641934,0.6267374068478395,0.0,0.9066754776473838
flare,0,2,-ConfSteer,KNN,0,0.7339644000167027,0.0,1590,0.5722657998305107,0.7741029137211944,0.6367747019062808,0.6289213560476234,0.6330667809298047,0.25,0.854558557340822
flare,0,2,-ConfSteer,CART,0,0.7339644000167027,0.0,1590,0.4807792684534254,0.7541625617496488,0.6013001253132831,0.6088429704299486,0.6632631613448936,0.125,0.8184064298668413
flare,0,2,-ConfSteer,SVM,0,0.7339644000167027,0.0,1590,0.0,0.7518361070763692,0.5998191501480975,0.5869472868108299,0.6397080514501905,0.0,0.8968568976727579
flare,0,2,-ConfSteer,RF,0,0.7339644000167027,0.0,1590,0.0,0.740288233602148,0.5808061821219717,0.5764768399829868,0.6508154000599706,0.0,0.8955235807820547
flare,0,2,-ConfSteer,LGBM,0,0.7339644000167027,0.0,1590,0.0,0.7392260327119052,0.5801535087719297,0.5730567644929822,0.6391729317495399,0.0,0.907470965726707
flare,0,3,Full,KNN,0,0.7266983999870718,0.0,1590,0.5109525297967364,0.7426182010567532,0.5903058215898507,0.5810774702776712,0.587439476073433,0.2222222222222222,0.85840757801843
flare,0,3,Full,CART,0,0.7266983999870718,0.0,1590,0.0,0.7226218613066964,0.5577971509232852,0.5510383584903621,0.6044684690482613,0.0,0.8106694738467698
flare,0,3,Full,SVM,0,0.7266983999870718,0.0,1590,0.4515203596010345,0.7372422478557346,0.5787507343768687,0.574066826652455,0.6167652975913471,0.1111111111111111,0.8661168069904391
flare,0,3,Full,RF,0,0.7266983999870718,0.0,1590,0.5227974821045397,0.7475643644588977,0.5966442687177714,0.5995428165606933,0.6053950136080201,0.2631578947368421,0.881831499992483
flare,0,3,Full,LGBM,0,0.7266983999870718,0.0,1590,0.5005530158979451,0.7386633130121945,0.5829294260555604,0.5853218402754007,0.5992875570510852,0.2222222222222222,0.8991053883672718
flare,0,3,-FeatWeights,KNN,0,0.3641206000465899,0.0,1590,0.4995177330278935,0.7410567188241436,0.5886610847477455,0.5731027292441001,0.5787312947984707,0.2222222222222222,0.8658451029360464
flare,0,3,-FeatWeights,CART,0,0.3641206000465899,0.0,1590,0.0,0.7253762807405816,0.5612693731455075,0.5519041739646443,0.610610553820775,0.0,0.812519669881473
flare,0,3,-FeatWeights,SVM,0,0.3641206000465899,0.0,1590,0.4561056944467015,0.7398795643885915,0.582222956599091,0.5780836805143755,0.6222564342624276,0.1111111111111111,0.8643357735653604
flare,0,3,-FeatWeights,RF,0,0.3641206000465899,0.0,1590,0.5355482759724981,0.7505971337449361,0.6014479445740789,0.6067176350495536,0.6054159284006744,0.3157894736842105,0.8831255773425503
flare,0,3,-FeatWeights,LGBM,0,0.3641206000465899,0.0,1590,0.4694550476286885,0.7401143127899383,0.5835995040282699,0.5865292391336884,0.6164009953948917,0.1111111111111111,0.9007806117486332
flare,0,3,-Subgroups,KNN,0,0.4588419999927282,0.0,1590,0.5109525297967364,0.7426182010567532,0.5903058215898507,0.5810774702776712,0.587439476073433,0.2222222222222222,0.85840757801843
flare,0,3,-Subgroups,CART,0,0.4588419999927282,0.0,1590,0.0,0.7226218613066964,0.5577971509232852,0.5510383584903621,0.6044684690482613,0.0,0.8106694738467698
flare,0,3,-Subgroups,SVM,0,0.4588419999927282,0.0,1590,0.4515203596010345,0.7372422478557346,0.5787507343768687,0.574066826652455,0.6167652975913471,0.1111111111111111,0.8661168069904391
flare,0,3,-Subgroups,RF,0,0.4588419999927282,0.0,1590,0.5227974821045397,0.7477184711039496,0.5966442687177714,0.5947688029981049,0.606392154398543,0.2631578947368421,0.8816461035799074
flare,0,3,-Subgroups,LGBM,0,0.4588419999927282,0.0,1590,0.4538419795849062,0.7315371395188142,0.5713553519814863,0.5747849939579263,0.6041321184133163,0.1111111111111111,0.8991086486659933
flare,0,3,-Mahalanobis,KNN,0,0.719139700056985,0.0,1590,0.5109525297967364,0.7426182010567532,0.5903058215898507,0.5810774702776712,0.587439476073433,0.2222222222222222,0.85840757801843
flare,0,3,-Mahalanobis,CART,0,0.719139700056985,0.0,1590,0.0,0.7226218613066964,0.5577971509232852,0.5510383584903621,0.6044684690482613,0.0,0.8106694738467698
flare,0,3,-Mahalanobis,SVM,0,0.719139700056985,0.0,1590,0.4515203596010345,0.7372422478557346,0.5787507343768687,0.574066826652455,0.6167652975913471,0.1111111111111111,0.8661168069904391
flare,0,3,-Mahalanobis,RF,0,0.719139700056985,0.0,1590,0.5227974821045397,0.7475643644588977,0.5966442687177714,0.5995428165606933,0.6053950136080201,0.2631578947368421,0.8820455830561532
flare,0,3,-Mahalanobis,LGBM,0,0.719139700056985,0.0,1590,0.4575475294801069,0.7340765575557613,0.5748275742037086,0.5792963556121451,0.6098347342362992,0.1111111111111111,0.9008184902230706
flare,0,3,-NoiseGate,KNN,0,0.7330642000306398,0.0,1590,0.5109525297967364,0.7426182010567532,0.5903058215898507,0.5810774702776712,0.587439476073433,0.2222222222222222,0.8585260191671207
flare,0,3,-NoiseGate,CART,0,0.7330642000306398,0.0,1590,0.0,0.7226218613066964,0.5577971509232852,0.5510383584903621,0.6044684690482613,0.0,0.8106694738467698
flare,0,3,-NoiseGate,SVM,0,0.7330642000306398,0.0,1590,0.4515203596010345,0.737209187468932,0.5787507343768687,0.5726580015594195,0.6164119090714124,0.1111111111111111,0.8664527294492191
flare,0,3,-NoiseGate,RF,0,0.7330642000306398,0.0,1590,0.4855715219188632,0.7326260926161653,0.574157496230999,0.5766773366275604,0.5931377637426501,0.2222222222222222,0.8824791950637721
flare,0,3,-NoiseGate,LGBM,0,0.7330642000306398,0.0,1590,0.4538419795849062,0.7315371395188142,0.5713553519814863,0.5747849939579263,0.6041321184133163,0.1111111111111111,0.8998787904430982
flare,0,3,-ConfSteer,KNN,0,0.7293032000306994,0.0,1590,0.5109525297967364,0.7426182010567532,0.5903058215898507,0.5810774702776712,0.587439476073433,0.2222222222222222,0.85840757801843
flare,0,3,-ConfSteer,CART,0,0.7293032000306994,0.0,1590,0.0,0.7226218613066964,0.5577971509232852,0.5510383584903621,0.6044684690482613,0.0,0.8106694738467698
flare,0,3,-ConfSteer,SVM,0,0.7293032000306994,0.0,1590,0.4515203596010345,0.7372422478557346,0.5787507343768687,0.574066826652455,0.6167652975913471,0.1111111111111111,0.8661168069904391
flare,0,3,-ConfSteer,RF,0,0.7293032000306994,0.0,1590,0.5227974821045397,0.7477184711039496,0.5966442687177714,0.5947688029981049,0.606392154398543,0.2631578947368421,0.8816461035799074
flare,0,3,-ConfSteer,LGBM,0,0.7293032000306994,0.0,1590,0.4538419795849062,0.7315371395188142,0.5713553519814863,0.5747849939579263,0.6041321184133163,0.1111111111111111,0.8994168043292549
flare,0,4,Full,KNN,0,0.7795128000434488,0.0,1590,0.5369036253534804,0.7515552859267188,0.6026892106179765,0.5893519047261896,0.6042253211889225,0.3125,0.8208616987339744
flare,0,4,Full,CART,0,0.7795128000434488,0.0,1590,0.5500526931013516,0.7729081155927181,0.6311786410470621,0.6333496252851092,0.6676582917811771,0.2222222222222222,0.8677689817443244
flare,0,4,Full,SVM,0,0.7795128000434488,0.0,1590,0.5300698421642683,0.7675202047619886,0.6249615897982504,0.6025057244097493,0.6447262155659953,0.2222222222222222,0.8780760561873584
flare,0,4,Full,RF,0,0.7795128000434488,0.0,1590,0.5203092864872809,0.7567864170847362,0.6080217905875801,0.6060205468913558,0.6382102303857706,0.2222222222222222,0.8994149309130544
flare,0,4,Full,LGBM,0,0.7795128000434488,0.0,1590,0.5872278572718462,0.7829316664226542,0.6480524227234754,0.6430427615020639,0.6625547294009982,0.3333333333333333,0.9135786149563438
flare,0,4,-FeatWeights,KNN,0,0.4071767999557778,0.0,1590,0.4863356644952842,0.7346305320834199,0.5777222794010453,0.5676250704494806,0.5861935650734265,0.2222222222222222,0.8254076311493358
flare,0,4,-FeatWeights,CART,0,0.4071767999557778,0.0,1590,0.4862564760719177,0.7584966742706919,0.6091879003063213,0.6101121231036961,0.6549229793626521,0.1111111111111111,0.8564687941649857
flare,0,4,-FeatWeights,SVM,0,0.4071767999557778,0.0,1590,0.5762095078783959,0.7849545458916642,0.6522520381413304,0.6235872185335722,0.657706546659003,0.25,0.8781973193304023
flare,0,4,-FeatWeights,RF,0,0.4071767999557778,0.0,1590,0.5872278572718462,0.7828185836229443,0.6480524227234754,0.6457522543901281,0.6625698244501007,0.3333333333333333,0.9102890875073713
flare,0,4,-FeatWeights,LGBM,0,0.4071767999557778,0.0,1590,0.5922695187448549,0.7853026335200981,0.6515246449456976,0.6500631313131313,0.6676298329730251,0.3333333333333333,0.912635484434415
flare,0,4,-Subgroups,KNN,0,0.4723465000279248,0.0,1590,0.5369036253534804,0.7515552859267188,0.6026892106179765,0.5893519047261896,0.6042253211889225,0.3125,0.8208616987339744
flare,0,4,-Subgroups,CART,0,0.4723465000279248,0.0,1590,0.5500526931013516,0.7729081155927181,0.6311786410470621,0.6333496252851092,0.6676582917811771,0.2222222222222222,0.8677689817443244
flare,0,4,-Subgroups,SVM,0,0.4723465000279248,0.0,1590,0.5300698421642683,0.7675202047619886,0.6249615897982504,0.6025057244097493,0.6447262155659953,0.2222222222222222,0.8780760561873584
flare,0,4,-Subgroups,RF,0,0.4723465000279248,0.0,1590,0.5203092864872809,0.7567864170847362,0.6080217905875801,0.6060205468913558,0.6382102303857706,0.2222222222222222,0.8993963947356421
flare,0,4,-Subgroups,LGBM,0,0.4723465000279248,0.0,1590,0.5819599980451025,0.7804767223007327,0.6445802005012532,0.637610877684407,0.6569555449777368,0.3333333333333333,0.9115333792824072
flare,0,4,-Mahalanobis,KNN,0,0.7438398000085726,0.0,1590,0.5369036253534804,0.7515552859267188,0.6026892106179765,0.5893519047261896,0.6042253211889225,0.3125,0.8208616987339744
flare,0,4,-Mahalanobis,CART,0,0.7438398000085726,0.0,1590,0.5500526931013516,0.7729081155927181,0.6311786410470621,0.6333496252851092,0.6676582917811771,0.2222222222222222,0.8677689817443244
flare,0,4,-Mahalanobis,SVM,0,0.7438398000085726,0.0,1590,0.5300698421642683,0.7675202047619886,0.6249615897982504,0.6025057244097493,0.6447262155659953,0.2222222222222222,0.878166488453591
flare,0,4,-Mahalanobis,RF,0,0.7438398000085726,0.0,1590,0.5203092864872809,0.7567864170847362,0.6080217905875801,0.6060205468913558,0.6382102303857706,0.2222222222222222,0.8993963947356421
flare,0,4,-Mahalanobis,LGBM,0,0.7438398000085726,0.0,1590,0.5819599980451025,0.7804767223007327,0.6445802005012532,0.637610877684407,0.6569555449777368,0.3333333333333333,0.9115333792824072
flare,0,4,-NoiseGate,KNN,0,0.748702900018543,0.0,1590,0.523285304078144,0.7456778801300069,0.5939172807934151,0.5804636013645313,0.5982602054131181,0.3125,0.819685389702293
flare,0,4,-NoiseGate,CART,0,0.748702900018543,0.0,1590,0.5110029111886091,0.7727675356774311,0.6302039821776665,0.6295293745875141,0.6740235616847093,0.1111111111111111,0.8733865683224279
flare,0,4,-NoiseGate,SVM,0,0.748702900018543,0.0,1590,0.5300698421642683,0.7675202047619886,0.6249615897982504,0.6025057244097493,0.6447262155659953,0.2222222222222222,0.8764424971065027
flare,0,4,-NoiseGate,RF,0,0.748702900018543,0.0,1590,0.5840274274649018,0.7802083722377122,0.6440841687552215,0.638272430184195,0.6571995178362628,0.3333333333333333,0.905954331116411
flare,0,4,-NoiseGate,LGBM,0,0.748702900018543,0.0,1590,0.5691514010286005,0.7818942701930505,0.6452502784739628,0.6454476487564723,0.6730683083514353,0.2222222222222222,0.9134153348914356
flare,0,4,-ConfSteer,KNN,0,0.7218523999908939,0.0,1590,0.5369036253534804,0.7515552859267188,0.6026892106179765,0.5893519047261896,0.6042253211889225,0.3125,0.8208616987339744
flare,0,4,-ConfSteer,CART,0,0.7218523999908939,0.0,1590,0.5500526931013516,0.7729081155927181,0.6311786410470621,0.6333496252851092,0.6676582917811771,0.2222222222222222,0.8677689817443244
flare,0,4,-ConfSteer,SVM,0,0.7218523999908939,0.0,1590,0.5300698421642683,0.7675202047619886,0.6249615897982504,0.6025057244097493,0.6447262155659953,0.2222222222222222,0.878166488453591
flare,0,4,-ConfSteer,RF,0,0.7218523999908939,0.0,1590,0.5203092864872809,0.7567864170847362,0.6080217905875801,0.6060205468913558,0.6382102303857706,0.2222222222222222,0.8991608597237142
flare,0,4,-ConfSteer,LGBM,0,0.7218523999908939,0.0,1590,0.5872278572718462,0.7829316664226542,0.6480524227234754,0.6430427615020639,0.6625547294009982,0.3333333333333333,0.9105874322353542
fo-theorem-proving,0,0,Full,KNN,0,2.0332508999854326,0.0,8010,0.4514597908723475,0.64022957421055,0.4554988437329756,0.4366322409901165,0.3693612019913759,0.4074074074074074,0.7387765670199465
fo-theorem-proving,0,0,Full,CART,0,2.0332508999854326,0.0,8010,0.4001639184750785,0.6097049496448961,0.415024407254723,0.409280350815459,0.3457674155413027,0.2962962962962963,0.6598149884034039
fo-theorem-proving,0,0,Full,SVM,0,2.0332508999854326,0.0,8010,0.4107200126844338,0.6157148100230241,0.4242707279524323,0.4039302464710267,0.3348908903193258,0.3015873015873015,0.7528571433390011
fo-theorem-proving,0,0,Full,RF,0,2.0332508999854326,0.0,8010,0.4713573212872232,0.6711435177041386,0.4922176581754727,0.4892423701001229,0.4593849857131057,0.3086419753086419,0.8205925132365398
fo-theorem-proving,0,0,Full,LGBM,0,2.0332508999854326,0.0,8010,0.4666004022690024,0.6691963884124786,0.4895995812586426,0.484907952970355,0.4567867230977672,0.2839506172839506,0.8193787145650715
fo-theorem-proving,0,0,-FeatWeights,KNN,0,1.116633199970238,0.0,8010,0.4279540518756318,0.6238480757375174,0.4340082667177558,0.415347910265881,0.3484333261671418,0.3333333333333333,0.7385018448479489
fo-theorem-proving,0,0,-FeatWeights,CART,0,1.116633199970238,0.0,8010,0.4243942009394931,0.6308277044915562,0.4412744285819535,0.4341282350819251,0.3797831403542329,0.2839506172839506,0.676017658546289
fo-theorem-proving,0,0,-FeatWeights,SVM,0,1.116633199970238,0.0,8010,0.4125181760069153,0.6177225893996023,0.4268835446807732,0.4052214647088092,0.3374860589749928,0.2857142857142857,0.7528197867861098
fo-theorem-proving,0,0,-FeatWeights,RF,0,1.116633199970238,0.0,8010,0.4864796146288109,0.6802180860833668,0.5052170913352151,0.500846417186264,0.4659732592038713,0.3209876543209876,0.8207332805138133
fo-theorem-proving,0,0,-FeatWeights,LGBM,0,1.116633199970238,0.0,8010,0.4707971977504484,0.6720251891958207,0.4934551617329099,0.4899226251113625,0.4595318049232427,0.2839506172839506,0.8227832684378754
fo-theorem-proving,0,0,-Subgroups,KNN,0,1.343586100032553,0.0,8010,0.4514597908723475,0.64022957421055,0.4554988437329756,0.4366322409901165,0.3693612019913759,0.4074074074074074,0.7387263318897391
fo-theorem-proving,0,0,-Subgroups,CART,0,1.343586100032553,0.0,8010,0.4104330325767454,0.6166307917260289,0.4242137050525851,0.4200179532903235,0.3529263983995435,0.3209876543209876,0.664775747428339
fo-theorem-proving,0,0,-Subgroups,SVM,0,1.343586100032553,0.0,8010,0.4107200126844338,0.6157148100230241,0.4242707279524323,0.4039302464710267,0.3348908903193258,0.3015873015873015,0.7527948701262854
fo-theorem-proving,0,0,-Subgroups,RF,0,1.343586100032553,0.0,8010,0.4762638480900997,0.6734076517198625,0.4963743433998537,0.4923503894852101,0.4540250682341706,0.2962962962962963,0.8200100733346014
fo-theorem-proving,0,0,-Subgroups,LGBM,0,1.343586100032553,0.0,8010,0.4634989773167989,0.663096518765566,0.4820616593292226,0.4798197576171923,0.4434051206266387,0.3333333333333333,0.8185371375134709
fo-theorem-proving,0,0,-Mahalanobis,KNN,0,1.9532051999121904,0.0,8010,0.4544259076237504,0.6424137612361465,0.4583732329252723,0.4394205252459054,0.3725081718110481,0.4074074074074074,0.7387470628914276
fo-theorem-proving,0,0,-Mahalanobis,CART,0,1.9532051999121904,0.0,8010,0.4078514508919716,0.6185624579470276,0.4255676605012057,0.4184521414108575,0.3633414702254136,0.2716049382716049,0.666994942229251
fo-theorem-proving,0,0,-Mahalanobis,SVM,0,1.9532051999121904,0.0,8010,0.4134135954134045,0.6179569839189574,0.4271451171447289,0.4066770294961828,0.3380209300456639,0.3015873015873015,0.7534955264367236
fo-theorem-proving,0,0,-Mahalanobis,RF,0,1.9532051999121904,0.0,8010,0.480418208584849,0.6774364079766552,0.5014784871168193,0.4976087737798478,0.4634360874127828,0.2962962962962963,0.8201028863059814
fo-theorem-proving,0,0,-Mahalanobis,LGBM,0,1.9532051999121904,0.0,8010,0.4646819227605671,0.6669079639679024,0.4869538157613575,0.4842882701360774,0.4520673916065518,0.2962962962962963,0.8218842442728945
fo-theorem-proving,0,0,-NoiseGate,KNN,0,2.0520908000180498,0.0,8010,0.4525010101541177,0.6408953005459939,0.4563770815086459,0.4378841224327114,0.3701328462611411,0.4074074074074074,0.7384068735101611
fo-theorem-proving,0,0,-NoiseGate,CART,0,2.0520908000180498,0.0,8010,0.4197243900105382,0.6238886434981109,0.4338315534424649,0.4272862184516641,0.3582862408364076,0.2839506172839506,0.6715311626839017
fo-theorem-proving,0,0,-NoiseGate,SVM,0,2.0520908000180498,0.0,8010,0.4126773221750015,0.6171033300386598,0.426147113152713,0.4051239931518508,0.3358051203679839,0.3015873015873015,0.7529175431559781
fo-theorem-proving,0,0,-NoiseGate,RF,0,2.0520908000180498,0.0,8010,0.4662964622438589,0.6684588218653472,0.4886882512814336,0.4874172939908481,0.4563743627391298,0.2962962962962963,0.8225711612012684
fo-theorem-proving,0,0,-NoiseGate,LGBM,0,2.0520908000180498,0.0,8010,0.4545997006517259,0.6574496606632354,0.4746928080198151,0.4730387828782768,0.4355194095193249,0.3086419753086419,0.8201441069696603
fo-theorem-proving,0,0,-ConfSteer,KNN,0,2.006643299944699,0.0,8010,0.4533215728858167,0.6415042528439197,0.4571995240050845,0.4382433161878578,0.3709175620277249,0.4074074074074074,0.7389007867157718
fo-theorem-proving,0,0,-ConfSteer,CART,0,2.006643299944699,0.0,8010,0.4292464358172015,0.6298997118472567,0.4416458441971646,0.4330593203096312,0.3653077446039671,0.3086419753086419,0.6745805529019447
fo-theorem-proving,0,0,-ConfSteer,SVM,0,2.006643299944699,0.0,8010,0.4107200126844338,0.6157148100230241,0.4242707279524323,0.4039302464710267,0.3348908903193258,0.3015873015873015,0.7528096235783007
fo-theorem-proving,0,0,-ConfSteer,RF,0,2.006643299944699,0.0,8010,0.4903534536153601,0.6821440101686255,0.5081337787607374,0.5050006226257598,0.4675525484851305,0.3209876543209876,0.8222684784953783
fo-theorem-proving,0,0,-ConfSteer,LGBM,0,2.006643299944699,0.0,8010,0.4756208380857169,0.6713886345186325,0.49322201570019,0.4910040271740463,0.455320919776399,0.345679012345679,0.821603285609144
fo-theorem-proving,0,1,Full,KNN,0,2.2291968999197707,0.0,8010,0.4823562714972838,0.6622823303461907,0.48515620861372,0.462140479355414,0.3953154751119146,0.419753086419753,0.7602418007943488
fo-theorem-proving,0,1,Full,CART,0,2.2291968999197707,0.0,8010,0.4290765358183284,0.6320474194526643,0.4430945595705278,0.4366857654664023,0.3797760186360736,0.3333333333333333,0.6741104140341205
fo-theorem-proving,0,1,Full,SVM,0,2.2291968999197707,0.0,8010,0.4192996407906434,0.6244195411411506,0.4350863849184445,0.410992140401721,0.3488528319203356,0.2698412698412698,0.7586771815241645
fo-theorem-proving,0,1,Full,RF,0,2.2291968999197707,0.0,8010,0.4896974438493754,0.6804311747301328,0.5055059682515034,0.5014264407141213,0.4652231854950356,0.3580246913580246,0.8258739474155276
fo-theorem-proving,0,1,Full,LGBM,0,2.2291968999197707,0.0,8010,0.4704487192108168,0.6682109658570861,0.4888252958346841,0.4858240627998385,0.4512916633651335,0.3333333333333333,0.8275277312132722
fo-theorem-proving,0,1,-FeatWeights,KNN,0,1.1010142000159249,0.0,8010,0.4870352976897127,0.6663383875475074,0.4906893599980264,0.4653405861124279,0.4000243077075356,0.419753086419753,0.7673146545303248
fo-theorem-proving,0,1,-FeatWeights,CART,0,1.1010142000159249,0.0,8010,0.4532960170821822,0.6480953968459977,0.4645421753060934,0.4573508118170582,0.3986707732035324,0.365079365079365,0.6849667850974547
fo-theorem-proving,0,1,-FeatWeights,SVM,0,1.1010142000159249,0.0,8010,0.4248708873103422,0.6267591211452077,0.4383589359097766,0.4146625531581753,0.3492540001978877,0.3015873015873015,0.7594431342332841
fo-theorem-proving,0,1,-FeatWeights,RF,0,1.1010142000159249,0.0,8010,0.492653646415887,0.6811271008304123,0.5067468053966553,0.5037431144678725,0.4643088611255478,0.3950617283950617,0.8293692300357921
fo-theorem-proving,0,1,-FeatWeights,LGBM,0,1.1010142000159249,0.0,8010,0.4685219877199545,0.6665957118934693,0.4866375662827695,0.4871041769353166,0.45127410975496,0.3580246913580246,0.8290696563199349
fo-theorem-proving,0,1,-Subgroups,KNN,0,1.74074300006032,0.0,8010,0.4798887871974001,0.6604162062335401,0.4828087907733445,0.4597249909188778,0.3914476265741854,0.419753086419753,0.759938656344087
fo-theorem-proving,0,1,-Subgroups,CART,0,1.74074300006032,0.0,8010,0.4123182430300672,0.6247121429315741,0.4328499538030175,0.4329292804133706,0.3835315231065609,0.3333333333333333,0.668385758427619
fo-theorem-proving,0,1,-Subgroups,SVM,0,1.74074300006032,0.0,8010,0.417944834880493,0.6230638602960425,0.4333857046463356,0.4097033008044858,0.3467032399671508,0.2698412698412698,0.7586691660099495
fo-theorem-proving,0,1,-Subgroups,RF,0,1.74074300006032,0.0,8010,0.4926598241622036,0.6810321366345526,0.5070113978055975,0.5046723084152059,0.4612168897208057,0.3703703703703703,0.8259632997935862
fo-theorem-proving,0,1,-Subgroups,LGBM,0,1.74074300006032,0.0,8010,0.4810241039824839,0.6745646973013705,0.4977522146895674,0.4952207395964227,0.45799580864121,0.345679012345679,0.8240369171641465
fo-theorem-proving,0,1,-Mahalanobis,KNN,0,1.9877485000761224,0.0,8010,0.4798887871974001,0.6605023240236617,0.4828087907733445,0.4598399211579196,0.3922153563707171,0.419753086419753,0.7591998698759057
fo-theorem-proving,0,1,-Mahalanobis,CART,0,1.9877485000761224,0.0,8010,0.4235056416201295,0.6297775804290725,0.4403712916680275,0.4364277365802734,0.377524572789148,0.3163265306122449,0.6721821935116927
fo-theorem-proving,0,1,-Mahalanobis,SVM,0,1.9877485000761224,0.0,8010,0.417944834880493,0.6230713557541855,0.4333857046463356,0.4097477157350503,0.3468721313565456,0.2698412698412698,0.758624535940823
fo-theorem-proving,0,1,-Mahalanobis,RF,0,1.9877485000761224,0.0,8010,0.4990589279859879,0.6871674298502423,0.5146302078577701,0.510755341736307,0.4751343243385776,0.3580246913580246,0.8299770667006187
fo-theorem-proving,0,1,-Mahalanobis,LGBM,0,1.9877485000761224,0.0,8010,0.4814859669989573,0.674179097396824,0.4972314534377531,0.4946047021749074,0.4567321599080798,0.3703703703703703,0.8268325708081946
fo-theorem-proving,0,1,-NoiseGate,KNN,0,1.972784199984744,0.0,8010,0.4770392640246456,0.6584029320057346,0.4799820601593982,0.4570811964968901,0.3897501059977547,0.4074074074074074,0.7562409524037252
fo-theorem-proving,0,1,-NoiseGate,CART,0,1.972784199984744,0.0,8010,0.427248862121278,0.6353662323966063,0.4470893414856595,0.4455139897327261,0.3922695848940204,0.3086419753086419,0.6752228008244695
fo-theorem-proving,0,1,-NoiseGate,SVM,0,1.972784199984744,0.0,8010,0.413859673653272,0.6193509377116029,0.4284257329294016,0.4058909117850101,0.3430748261248997,0.2698412698412698,0.757623571531496
fo-theorem-proving,0,1,-NoiseGate,RF,0,1.972784199984744,0.0,8010,0.4915196355846608,0.6809490661062464,0.5068916315892518,0.5022440496481095,0.4603762563174464,0.3580246913580246,0.825686667473692
fo-theorem-proving,0,1,-NoiseGate,LGBM,0,1.972784199984744,0.0,8010,0.490894584803403,0.6797859114182047,0.5054527866328812,0.5026655512887145,0.4600384797909408,0.3703703703703703,0.827063646616789
fo-theorem-proving,0,1,-ConfSteer,KNN,0,2.002551499987021,0.0,8010,0.4793712089095138,0.660099760583346,0.4822818194214235,0.4594310712069744,0.39179022391764,0.419753086419753,0.759946607869696
fo-theorem-proving,0,1,-ConfSteer,CART,0,2.002551499987021,0.0,8010,0.4218336011383707,0.6278724527479458,0.4373752096586106,0.4299429421010307,0.3765003047847284,0.3163265306122449,0.6696385473385434
fo-theorem-proving,0,1,-ConfSteer,SVM,0,2.002551499987021,0.0,8010,0.417944834880493,0.6230638602960425,0.4333857046463356,0.4097033008044858,0.3467032399671508,0.2698412698412698,0.7586221219050101
fo-theorem-proving,0,1,-ConfSteer,RF,0,2.002551499987021,0.0,8010,0.4866561238789172,0.6772438793370622,0.501465606645254,0.4969873263990911,0.4573492937607168,0.3703703703703703,0.8280661243493109
fo-theorem-proving,0,1,-ConfSteer,LGBM,0,2.002551499987021,0.0,8010,0.4789713464476009,0.6731299337650755,0.4952326883605171,0.4909970920080268,0.4586255123093347,0.3703703703703703,0.8244717127713969
fo-theorem-proving,0,2,Full,KNN,0,1.952410800033249,0.0,8010,0.4572220590181636,0.644001195198068,0.4608108064209694,0.4361064893612241,0.3692777555951637,0.375,0.7509151934506783
fo-theorem-proving,0,2,Full,CART,0,1.952410800033249,0.0,8010,0.406791583483848,0.6152451704651891,0.422338957495355,0.4141839781715451,0.3486923886275964,0.25,0.6661280640886746
fo-theorem-proving,0,2,Full,SVM,0,1.952410800033249,0.0,8010,0.4164864108078969,0.624576349791498,0.4350707660164325,0.4153043870679625,0.3519359436880359,0.21875,0.7534278529734851
fo-theorem-proving,0,2,Full,RF,0,1.952410800033249,0.0,8010,0.4708608338837216,0.6650091757588216,0.4857134363852609,0.4789434664468154,0.4319134964309312,0.375,0.8191333301029511
fo-theorem-proving,0,2,Full,LGBM,0,1.952410800033249,0.0,8010,0.4693976040164678,0.6666560780985604,0.4871763699936809,0.4819328551631237,0.4422869453586633,0.328125,0.8144529992581808
fo-theorem-proving,0,2,-FeatWeights,KNN,0,1.1080880999797955,0.0,8010,0.4516525589471752,0.6392657193052576,0.4547218749825357,0.4292838665454456,0.3615507737670625,0.375,0.742911124520648
fo-theorem-proving,0,2,-FeatWeights,CART,0,1.1080880999797955,0.0,8010,0.3917616677847558,0.607613035129671,0.4118472415165624,0.4036681041107587,0.3459580860590925,0.21875,0.660941001830707
fo-theorem-proving,0,2,-FeatWeights,SVM,0,1.1080880999797955,0.0,8010,0.4158656471409662,0.624423316761395,0.4347552411801721,0.4139364773675069,0.3520991793595077,0.21875,0.7529025508624324
fo-theorem-proving,0,2,-FeatWeights,RF,0,1.1080880999797955,0.0,8010,0.4795926434098226,0.6707601717990794,0.4934822737106102,0.4865521494438964,0.4394145139892716,0.4,0.8164430273240159
fo-theorem-proving,0,2,-FeatWeights,LGBM,0,1.1080880999797955,0.0,8010,0.4707841396036891,0.6667494475950636,0.4871169790053957,0.4830865355110876,0.4421187926804462,0.359375,0.8157984064317283
fo-theorem-proving,0,2,-Subgroups,KNN,0,1.350664599915035,0.0,8010,0.4583869780108994,0.6449100020601874,0.4619845153411572,0.4372969672513831,0.3708553420136693,0.375,0.7504308608006642
fo-theorem-proving,0,2,-Subgroups,CART,0,1.350664599915035,0.0,8010,0.3993201652412838,0.6125749066481069,0.4187081182136594,0.4142732117710039,0.3498881725983904,0.25,0.6649988986976757
fo-theorem-proving,0,2,-Subgroups,SVM,0,1.350664599915035,0.0,8010,0.4164864108078969,0.624576349791498,0.4350707660164325,0.4153043870679625,0.3519359436880359,0.21875,0.7531917416882896
fo-theorem-proving,0,2,-Subgroups,RF,0,1.350664599915035,0.0,8010,0.470039131025883,0.6655754089529099,0.4859651014225334,0.4808918886206468,0.4379010567988524,0.375,0.8195358722932627
fo-theorem-proving,0,2,-Subgroups,LGBM,0,1.350664599915035,0.0,8010,0.4711353291815402,0.6675393011207686,0.4879802495787702,0.4842489427607548,0.4460295931607073,0.34375,0.8135059542980573
fo-theorem-proving,0,2,-Mahalanobis,KNN,0,1.9485424000304192,0.0,8010,0.4575658786543241,0.6439256826169072,0.4608326377582947,0.4356872616360366,0.3680707025351244,0.390625,0.7507051160397241
fo-theorem-proving,0,2,-Mahalanobis,CART,0,1.9485424000304192,0.0,8010,0.4118385457753531,0.6198972893640625,0.4275230964393697,0.4196443055900861,0.3608566439155972,0.265625,0.6694412652306881
fo-theorem-proving,0,2,-Mahalanobis,SVM,0,1.9485424000304192,0.0,8010,0.4126111357637003,0.6235411339631732,0.4336403082699536,0.4141370319205528,0.3516900622805713,0.203125,0.7535585531587886
fo-theorem-proving,0,2,-Mahalanobis,RF,0,1.9485424000304192,0.0,8010,0.4771481958222537,0.669102603766181,0.4908641913707883,0.4822687947491165,0.4391082138525431,0.390625,0.818015001198107
fo-theorem-proving,0,2,-Mahalanobis,LGBM,0,1.9485424000304192,0.0,8010,0.4685006456842557,0.6665448550334199,0.4872928569380673,0.4822789147457298,0.439837028128465,0.296875,0.8157350428353944
fo-theorem-proving,0,2,-NoiseGate,KNN,0,1.9950869000749665,0.0,8010,0.4632383459427342,0.6477134715988664,0.4662250632296916,0.4387006973653113,0.3697953610043188,0.4,0.7524039131663588
fo-theorem-proving,0,2,-NoiseGate,CART,0,1.9950869000749665,0.0,8010,0.4310415109716077,0.6330559785162585,0.4444576987229023,0.4383907418070884,0.3802003574466394,0.3125,0.6797376096615033
fo-theorem-proving,0,2,-NoiseGate,SVM,0,1.9950869000749665,0.0,8010,0.4163460615075511,0.6267393892300812,0.4377555346074022,0.4170430510810856,0.3557416052710668,0.203125,0.7542105611172766
fo-theorem-proving,0,2,-NoiseGate,RF,0,1.9950869000749665,0.0,8010,0.4831225668524636,0.6730544855218893,0.4965570310435555,0.4917225820433175,0.444812790149629,0.390625,0.815521336346022
fo-theorem-proving,0,2,-NoiseGate,LGBM,0,1.9950869000749665,0.0,8010,0.4760803952010193,0.6694858034090995,0.4913609791703892,0.4859917611522307,0.4427901751139597,0.359375,0.8145364787835595
fo-theorem-proving,0,2,-ConfSteer,KNN,0,1.9739700999343768,0.0,8010,0.4583869780108994,0.6449100020601874,0.4619845153411572,0.4372969672513831,0.3708553420136693,0.375,0.748169857253158
fo-theorem-proving,0,2,-ConfSteer,CART,0,1.9739700999343768,0.0,8010,0.409641617238711,0.6199769566221847,0.4272947562202449,0.421955735732749,0.3663201588895637,0.265625,0.6698144871854236
fo-theorem-proving,0,2,-ConfSteer,SVM,0,1.9739700999343768,0.0,8010,0.4164864108078969,0.624576349791498,0.4350707660164325,0.4153043870679625,0.3519359436880359,0.21875,0.7533189128113428
fo-theorem-proving,0,2,-ConfSteer,RF,0,1.9739700999343768,0.0,8010,0.4694426986484598,0.663353109161112,0.4835316966271857,0.4760426635887508,0.4284680779703426,0.375,0.8215237790130154
fo-theorem-proving,0,2,-ConfSteer,LGBM,0,1.9739700999343768,0.0,8010,0.4723361580461798,0.6692121041932734,0.4904844051796123,0.4857155169817972,0.4461628176510726,0.3125,0.8156714226403862
fo-theorem-proving,0,3,Full,KNN,0,1.998530900105834,0.0,8010,0.4124280377504777,0.616350502890429,0.4246673623492796,0.4021224611854329,0.334236744627346,0.2957746478873239,0.713337864419109
fo-theorem-proving,0,3,Full,CART,0,1.998530900105834,0.0,8010,0.3602849271583576,0.5838337341989724,0.3823160364067588,0.3770087634572237,0.3174255745991599,0.25,0.6410763252551307
fo-theorem-proving,0,3,Full,SVM,0,1.998530900105834,0.0,8010,0.3347544769123299,0.5635714125692934,0.3592658904712656,0.3420334361142054,0.2734295854398337,0.2112676056338028,0.6990132810915163
fo-theorem-proving,0,3,Full,RF,0,1.998530900105834,0.0,8010,0.4259247635208871,0.6371734967264818,0.4485309755419519,0.4493850687837084,0.4046609951932075,0.3125,0.7941981267281593
fo-theorem-proving,0,3,Full,LGBM,0,1.998530900105834,0.0,8010,0.4129733784337211,0.6280400642043942,0.4373966626924682,0.4378669350844755,0.3873596091258303,0.2875,0.7954019176047069
fo-theorem-proving,0,3,-FeatWeights,KNN,0,1.4003835000330582,0.0,8010,0.4075671711184594,0.6114716244918645,0.418515912206616,0.3986068508426232,0.328186290341874,0.3,0.7171366456779652
fo-theorem-proving,0,3,-FeatWeights,CART,0,1.4003835000330582,0.0,8010,0.3579027271669167,0.5804333276522332,0.3787309270330484,0.3721660015461305,0.3060874933846012,0.25,0.6364298161540108
fo-theorem-proving,0,3,-FeatWeights,SVM,0,1.4003835000330582,0.0,8010,0.3394540975171489,0.5681219156930197,0.3648860384609083,0.3458800658915525,0.2776998560529198,0.2183098591549295,0.6979190818638473
fo-theorem-proving,0,3,-FeatWeights,RF,0,1.4003835000330582,0.0,8010,0.4108585437420837,0.6312375318235272,0.4403319686483406,0.4405959131817368,0.4018976561858128,0.25,0.7904581899610815
fo-theorem-proving,0,3,-FeatWeights,LGBM,0,1.4003835000330582,0.0,8010,0.4095174898857586,0.6270670677087036,0.436178266439966,0.4358619778434799,0.3844929235587892,0.265625,0.7914251259174084
fo-theorem-proving,0,3,-Subgroups,KNN,0,1.3706777999177575,0.0,8010,0.4108861877271335,0.6150278809695008,0.4229666820771708,0.4006791405709535,0.3325498386217718,0.2957746478873239,0.7132949276224921
fo-theorem-proving,0,3,-Subgroups,CART,0,1.3706777999177575,0.0,8010,0.3850475294694974,0.6044195010354287,0.407134282175715,0.4001444354015928,0.3494561230276897,0.25,0.6550226321529962
fo-theorem-proving,0,3,-Subgroups,SVM,0,1.3706777999177575,0.0,8010,0.3306452438213756,0.5614428771254983,0.356661723804599,0.3396802022309332,0.2716744224879063,0.203125,0.6986858173879709
fo-theorem-proving,0,3,-Subgroups,RF,0,1.3706777999177575,0.0,8010,0.4244223287821263,0.6366904671394759,0.4476213511288063,0.4476343530498815,0.4058389105901547,0.3125,0.7883962506693519
fo-theorem-proving,0,3,-Subgroups,LGBM,0,1.3706777999177575,0.0,8010,0.4072018635276506,0.6255766560056919,0.4341670098114411,0.4365269662946049,0.3869402552757265,0.275,0.7926147666220419
fo-theorem-proving,0,3,-Mahalanobis,KNN,0,1.9667095999466253,0.0,8010,0.4122824320354877,0.6166985429114284,0.4251943337012007,0.4023613598849159,0.3340527085198366,0.2887323943661972,0.7137613093257581
fo-theorem-proving,0,3,-Mahalanobis,CART,0,1.9667095999466253,0.0,8010,0.3738818111391916,0.5923801644133757,0.3929682651126123,0.3873036334528651,0.3258528286508245,0.28125,0.6472263212489587
fo-theorem-proving,0,3,-Mahalanobis,SVM,0,1.9667095999466253,0.0,8010,0.3347544769123299,0.5636186775800898,0.3592658904712656,0.3421018739582426,0.2739631292954317,0.2112676056338028,0.6988514784852157
fo-theorem-proving,0,3,-Mahalanobis,RF,0,1.9667095999466253,0.0,8010,0.4160605625670228,0.634442812528108,0.4445120740194492,0.4445899971875983,0.4054578392656733,0.25,0.7872328636311526
fo-theorem-proving,0,3,-Mahalanobis,LGBM,0,1.9667095999466253,0.0,8010,0.4061582269784424,0.6251129145175502,0.4333189905829879,0.433713272012086,0.385556144533148,0.2625,0.7958507374246385
fo-theorem-proving,0,3,-NoiseGate,KNN,0,1.977946599945426,0.0,8010,0.4164125135540554,0.618374173261084,0.4274254026067928,0.4051370348714795,0.3355478800378631,0.3028169014084507,0.7143637663448471
fo-theorem-proving,0,3,-NoiseGate,CART,0,1.977946599945426,0.0,8010,0.3586755816206907,0.5862544327435243,0.3856709265500879,0.3817044467302795,0.3180841806559403,0.21875,0.6406879514453848
fo-theorem-proving,0,3,-NoiseGate,SVM,0,1.977946599945426,0.0,8010,0.3347544769123299,0.5636186775800898,0.3592658904712656,0.3421018739582426,0.2739631292954317,0.2112676056338028,0.6985937751783653
fo-theorem-proving,0,3,-NoiseGate,RF,0,1.977946599945426,0.0,8010,0.4236227342068981,0.6364690103668387,0.4477662843978189,0.4480148294519012,0.4022025745455227,0.296875,0.7903330814671404
fo-theorem-proving,0,3,-NoiseGate,LGBM,0,1.977946599945426,0.0,8010,0.4148166770335325,0.6277723085556309,0.4370889209337669,0.4394899462418306,0.3875421902957116,0.296875,0.7915379748680392
fo-theorem-proving,0,3,-ConfSteer,KNN,0,1.956510999938473,0.0,8010,0.4078647365844518,0.6125614280296973,0.4198635134144962,0.398334690937234,0.3292685136746331,0.2957746478873239,0.7137754072093553
fo-theorem-proving,0,3,-ConfSteer,CART,0,1.956510999938473,0.0,8010,0.374987887339523,0.5967463820812734,0.3979695364522039,0.3930859201818899,0.3353635368058949,0.25,0.6524494637948285
fo-theorem-proving,0,3,-ConfSteer,SVM,0,1.956510999938473,0.0,8010,0.3262635787330749,0.559275992666188,0.3540575571379323,0.3372312995142172,0.2696092050135253,0.1875,0.6987752872337615
fo-theorem-proving,0,3,-ConfSteer,RF,0,1.956510999938473,0.0,8010,0.406001544919532,0.6241622394080879,0.431469965183296,0.4317896660206783,0.389091693513325,0.265625,0.7872219023525479
fo-theorem-proving,0,3,-ConfSteer,LGBM,0,1.956510999938473,0.0,8010,0.4052975407676301,0.6233529301906315,0.4313262564479237,0.4330944166726305,0.3821256753473515,0.275,0.7960358427608606
fo-theorem-proving,0,4,Full,KNN,0,1.9848312999820337,0.0,8016,0.4278165454157038,0.6272462277092656,0.4373986976241606,0.4216634686493152,0.3635616716520961,0.3292682926829268,0.7262294713123061
fo-theorem-proving,0,4,Full,CART,0,1.9848312999820337,0.0,8016,0.371950187619944,0.597779197804242,0.3986331843035667,0.3945222262961388,0.3462215034929077,0.2439024390243902,0.6485207851707662
fo-theorem-proving,0,4,Full,SVM,0,1.9848312999820337,0.0,8016,0.3682129808425184,0.5991527879185927,0.4019919935182696,0.38816503505234,0.3301314868588405,0.1428571428571428,0.7311103544429272
fo-theorem-proving,0,4,Full,RF,0,1.9848312999820337,0.0,8016,0.4318611048960121,0.6479251891177196,0.4613868556329372,0.4598823804742244,0.4304719770559522,0.2539682539682539,0.7997591964635039
fo-theorem-proving,0,4,Full,LGBM,0,1.9848312999820337,0.0,8016,0.4527569563432426,0.6582674733473062,0.4758772726881016,0.4792245121346437,0.4411876783135252,0.3174603174603174,0.8120736819236013
fo-theorem-proving,0,4,-FeatWeights,KNN,0,1.2080847999313846,0.0,8016,0.4293712487557315,0.6278692579158759,0.4380003866565485,0.4220595166143956,0.3650622397466456,0.3292682926829268,0.726748558835383
fo-theorem-proving,0,4,-FeatWeights,CART,0,1.2080847999313846,0.0,8016,0.4199753553636073,0.6260560485869634,0.435539424252301,0.4287272446482948,0.3713487448306232,0.3209876543209876,0.6687335130985096
fo-theorem-proving,0,4,-FeatWeights,SVM,0,1.2080847999313846,0.0,8016,0.3714886283600951,0.6016955906141398,0.4050757005315159,0.3917229893308784,0.3344920293031752,0.1428571428571428,0.7328325311421904
fo-theorem-proving,0,4,-FeatWeights,RF,0,1.2080847999313846,0.0,8016,0.4336246719860057,0.6479592206591627,0.4615400625095258,0.4603074556948596,0.4291337165200858,0.2539682539682539,0.8016494134543013
fo-theorem-proving,0,4,-FeatWeights,LGBM,0,1.2080847999313846,0.0,8016,0.4066742753629804,0.6318050544652212,0.4404734935076063,0.4424622093351616,0.4115265805390859,0.238095238095238,0.8096621039399103
fo-theorem-proving,0,4,-Subgroups,KNN,0,1.366355000063777,0.0,8016,0.4281688034568975,0.6276648342003848,0.4378991981246612,0.4225589115406103,0.3645052084736936,0.3292682926829268,0.7265257540256483
fo-theorem-proving,0,4,-Subgroups,CART,0,1.366355000063777,0.0,8016,0.3661593328400082,0.5930399853762736,0.3933074526067568,0.3882408082206057,0.3344905039338638,0.2063492063492063,0.6453159691421827
fo-theorem-proving,0,4,-Subgroups,SVM,0,1.366355000063777,0.0,8016,0.3685161621588175,0.5996000014254886,0.4024924940187701,0.3886619118732121,0.3312988008091642,0.1428571428571428,0.7312268068532948
fo-theorem-proving,0,4,-Subgroups,RF,0,1.366355000063777,0.0,8016,0.4270367094143669,0.6425836930021028,0.4547578335050746,0.4535567192026628,0.4193603498279831,0.2539682539682539,0.8042300412401909
fo-theorem-proving,0,4,-Subgroups,LGBM,0,1.366355000063777,0.0,8016,0.4323470211402243,0.6468525381076534,0.4601921391586969,0.4637754129550173,0.4304543818069409,0.3048780487804878,0.8116253378378763
fo-theorem-proving,0,4,-Mahalanobis,KNN,0,1.960980199975893,0.0,8016,0.4287871015157197,0.6280918312041256,0.4384870876014395,0.4229888127897319,0.3645921343946852,0.3292682926829268,0.7266496891415685
fo-theorem-proving,0,4,-Mahalanobis,CART,0,1.960980199975893,0.0,8016,0.3886707595880539,0.6071692122890036,0.411105095191369,0.4077807464020433,0.3527947769424097,0.2539682539682539,0.6547788998149018
fo-theorem-proving,0,4,-Mahalanobis,SVM,0,1.960980199975893,0.0,8016,0.3682129808425184,0.5991511216915916,0.4019919935182696,0.388076408776037,0.330086694984557,0.1428571428571428,0.7308154109919535
fo-theorem-proving,0,4,-Mahalanobis,RF,0,1.960980199975893,0.0,8016,0.4544015384437176,0.6599354951423385,0.4778292311119959,0.4766197987517087,0.4422296463928168,0.3015873015873015,0.803478638882141
fo-theorem-proving,0,4,-Mahalanobis,LGBM,0,1.960980199975893,0.0,8016,0.4565564510945998,0.6595113566123635,0.477834248941728,0.4809298167725038,0.4398282535600289,0.3292682926829268,0.8091116300913188
fo-theorem-proving,0,4,-NoiseGate,KNN,0,1.9730049000354484,0.0,8016,0.4212443500819368,0.6219748483409695,0.4308186801621272,0.4138723423181751,0.3539403397376535,0.3292682926829268,0.7258452822681583
fo-theorem-proving,0,4,-NoiseGate,CART,0,1.9730049000354484,0.0,8016,0.3807858661331847,0.6046399027511414,0.4070166783336956,0.4012547120289364,0.3554931201302329,0.238095238095238,0.6537086017797247
fo-theorem-proving,0,4,-NoiseGate,SVM,0,1.9730049000354484,0.0,8016,0.3773246396215634,0.603308536682995,0.407195609832997,0.3936461637716696,0.3351509996499274,0.1587301587301587,0.7319560548437024
fo-theorem-proving,0,4,-NoiseGate,RF,0,1.9730049000354484,0.0,8016,0.4365816209507611,0.6485948216576213,0.4625660343607987,0.4608352349099179,0.4281039185451567,0.2857142857142857,0.8038145836510201
fo-theorem-proving,0,4,-NoiseGate,LGBM,0,1.9730049000354484,0.0,8016,0.4368624198209672,0.6459999798704562,0.4597517817979919,0.4628376928536852,0.4226570387285034,0.3174603174603174,0.8102249654635713
fo-theorem-proving,0,4,-ConfSteer,KNN,0,1.998402199940756,0.0,8016,0.4281688034568975,0.6276744673899615,0.4378991981246612,0.4224459991351728,0.3646179375032028,0.3292682926829268,0.7263547349214027
fo-theorem-proving,0,4,-ConfSteer,CART,0,1.998402199940756,0.0,8016,0.3762689626150331,0.5965652705261081,0.3976683201531635,0.3921716392821678,0.3371751737528528,0.2682926829268293,0.6470749760960459
fo-theorem-proving,0,4,-ConfSteer,SVM,0,1.998402199940756,0.0,8016,0.3682129808425184,0.5991527879185927,0.4019919935182696,0.38816503505234,0.3301314868588405,0.1428571428571428,0.7310865983407117
fo-theorem-proving,0,4,-ConfSteer,RF,0,1.998402199940756,0.0,8016,0.4403054361671289,0.6495572124047778,0.4641958429430841,0.4643239302598319,0.4275384196979009,0.3015873015873015,0.8005172400411666
fo-theorem-proving,0,4,-ConfSteer,LGBM,0,1.998402199940756,0.0,8016,0.4396222580713622,0.6498837903761286,0.4643231907571303,0.4667412480279676,0.4327086255654488,0.3174603174603174,0.8120272184437369
glass,0,0,Full,KNN,0,0.4669885000912472,0.0,305,0.6906514517381362,0.8067061084691327,0.7104761904761905,0.6450574712643679,0.5768744009931076,0.5,0.8623898073898074
glass,0,0,Full,CART,0,0.4669885000912472,0.0,305,0.5761610405615962,0.7186043050589733,0.5809523809523809,0.5825454545454545,0.4572379354853877,0.5,0.7349120549120548
glass,0,0,Full,SVM,0,0.4669885000912472,0.0,305,0.677610913400481,0.7934064171829442,0.6952380952380952,0.6488888888888888,0.5324872417900278,0.5,0.8860771760771762
glass,0,0,Full,RF,0,0.4669885000912472,0.0,305,0.731554483536007,0.835412355614761,0.7514285714285713,0.7417384395359923,0.657468483105868,0.5,0.9526081026081028
glass,0,0,Full,LGBM,0,0.4669885000912472,0.0,305,0.7796635230023756,0.8551659893312347,0.7871428571428571,0.7683908045977011,0.65999457708975,0.6666666666666666,0.944891924891925
glass,0,0,-FeatWeights,KNN,0,0.131085000000894,0.0,305,0.6634816161740066,0.7846481927204402,0.6819047619047619,0.6107936507936508,0.5127121552614332,0.5,0.8463531113531113
glass,0,0,-FeatWeights,CART,0,0.131085000000894,0.0,305,0.6683250619582688,0.7801376656813702,0.69,0.6273470185728249,0.4357506729584387,0.5,0.786025201025201
glass,0,0,-FeatWeights,SVM,0,0.131085000000894,0.0,305,0.6618352395064856,0.7828653244405768,0.680952380952381,0.6297435897435897,0.5041522739557328,0.5,0.8933467533467534
glass,0,0,-FeatWeights,RF,0,0.131085000000894,0.0,305,0.731554483536007,0.835412355614761,0.7514285714285713,0.7417384395359923,0.657468483105868,0.5,0.9492012892012892
glass,0,0,-FeatWeights,LGBM,0,0.131085000000894,0.0,305,0.6520354102436682,0.7743847265227438,0.6585714285714286,0.6552688172043012,0.5607328893514656,0.5,0.9264212564212564
glass,0,0,-Subgroups,KNN,0,0.3956732000224292,0.0,305,0.6906514517381362,0.8067061084691327,0.7104761904761905,0.6450574712643679,0.5768744009931076,0.5,0.8623898073898074
glass,0,0,-Subgroups,CART,0,0.3956732000224292,0.0,305,0.5761610405615962,0.7186043050589733,0.5809523809523809,0.5825454545454545,0.4572379354853877,0.5,0.7349120549120548
glass,0,0,-Subgroups,SVM,0,0.3956732000224292,0.0,305,0.677610913400481,0.7934064171829442,0.6952380952380952,0.6488888888888888,0.5324872417900278,0.5,0.8833744733744734
glass,0,0,-Subgroups,RF,0,0.3956732000224292,0.0,305,0.731554483536007,0.835412355614761,0.7514285714285713,0.7417384395359923,0.657468483105868,0.5,0.9543663993663994
glass,0,0,-Subgroups,LGBM,0,0.3956732000224292,0.0,305,0.7504990415001044,0.8340868564089817,0.7595238095238095,0.7295238095238095,0.5948651348885446,0.6666666666666666,0.946015136015136
glass,0,0,-Mahalanobis,KNN,0,0.740920800017193,0.0,305,0.6906514517381362,0.8067061084691327,0.7104761904761905,0.6450574712643679,0.5768744009931076,0.5,0.8623898073898074
glass,0,0,-Mahalanobis,CART,0,0.740920800017193,0.0,305,0.5761610405615962,0.7186043050589733,0.5809523809523809,0.5825454545454545,0.4572379354853877,0.5,0.7349120549120548
glass,0,0,-Mahalanobis,SVM,0,0.740920800017193,0.0,305,0.677610913400481,0.7934064171829442,0.6952380952380952,0.6488888888888888,0.5324872417900278,0.5,0.8860771760771762
glass,0,0,-Mahalanobis,RF,0,0.740920800017193,0.0,305,0.731554483536007,0.835412355614761,0.7514285714285713,0.7417384395359923,0.657468483105868,0.5,0.9522742522742522
glass,0,0,-Mahalanobis,LGBM,0,0.740920800017193,0.0,305,0.7949464774411925,0.8647117907486948,0.8095238095238095,0.7607881773399015,0.6332545199394239,0.6666666666666666,0.9464548064548064
glass,0,0,-NoiseGate,KNN,0,0.4701169999316335,0.0,305,0.677610913400481,0.7961948697353791,0.6961904761904761,0.6250793650793651,0.5471633406111175,0.5,0.8615961565961566
glass,0,0,-NoiseGate,CART,0,0.4701169999316335,0.0,305,0.6118016473967345,0.7409346196806121,0.6176190476190475,0.6071666666666666,0.4614109472671017,0.5,0.7532453882453882
glass,0,0,-NoiseGate,SVM,0,0.4701169999316335,0.0,305,0.677610913400481,0.7934064171829442,0.6952380952380952,0.6488888888888888,0.5324872417900278,0.5,0.8933630333630334
glass,0,0,-NoiseGate,RF,0,0.4701169999316335,0.0,305,0.6471323318532096,0.8154427649730561,0.7157142857142856,0.7010752688172043,0.6578189053103883,0.25,0.96002805002805
glass,0,0,-NoiseGate,LGBM,0,0.4701169999316335,0.0,305,0.7649423028607304,0.8555747810730551,0.7838095238095238,0.8032467532467532,0.690224046681985,0.5,0.9436946836946836
glass,0,0,-ConfSteer,KNN,0,0.4671769000124186,0.0,305,0.6906514517381362,0.8067061084691327,0.7104761904761905,0.6450574712643679,0.5768744009931076,0.5,0.8623898073898074
glass,0,0,-ConfSteer,CART,0,0.4671769000124186,0.0,305,0.5761610405615962,0.7186043050589733,0.5809523809523809,0.5825454545454545,0.4572379354853877,0.5,0.7349120549120548
glass,0,0,-ConfSteer,SVM,0,0.4671769000124186,0.0,305,0.677610913400481,0.7934064171829442,0.6952380952380952,0.6488888888888888,0.5324872417900278,0.5,0.8860771760771762
glass,0,0,-ConfSteer,RF,0,0.4671769000124186,0.0,305,0.7933501864879112,0.8661924978256527,0.8014285714285713,0.7833640552995391,0.6939954587358449,0.6666666666666666,0.9607563607563608
glass,0,0,-ConfSteer,LGBM,0,0.4671769000124186,0.0,305,0.6920411037266997,0.8061652394117018,0.7095238095238094,0.6961904761904762,0.5946843853820598,0.5,0.95006919006919
glass,0,1,Full,KNN,0,0.5017685999628156,0.0,305,0.5364923039998837,0.716367612460639,0.5909523809523809,0.55026284348865,0.3627292874736483,0.25,0.8278592328592328
glass,0,1,Full,CART,0,0.5017685999628156,0.0,305,0.5761610405615962,0.7201223219538181,0.5809523809523809,0.5849440214957456,0.464531571776877,0.5,0.7367917367917368
glass,0,1,Full,SVM,0,0.5017685999628156,0.0,305,0.677610913400481,0.7922855762811166,0.6952380952380952,0.7019047619047618,0.526578073089701,0.5,0.876105006105006
glass,0,1,Full,RF,0,0.5017685999628156,0.0,305,0.6584924663155448,0.7975616194195928,0.679047619047619,0.7020276497695852,0.6911370057092262,0.5,0.9314835714835714
glass,0,1,Full,LGBM,0,0.5017685999628156,0.0,305,0.6248303841529433,0.7644360869485413,0.6361904761904762,0.6376958525345622,0.5911503485858342,0.5,0.911011121011121
glass,0,1,-FeatWeights,KNN,0,0.382441500085406,0.0,305,0.5641471393220833,0.7376159873159008,0.6176190476190475,0.5808210180623974,0.4218952676333212,0.25,0.8521179971179971
glass,0,1,-FeatWeights,CART,0,0.382441500085406,0.0,305,0.5775942946969043,0.7189757081613181,0.5819047619047619,0.5841379310344827,0.454477278401043,0.5,0.7351196251196249
glass,0,1,-FeatWeights,SVM,0,0.382441500085406,0.0,305,0.6906514517381362,0.8031211048176414,0.7085714285714285,0.7152688172043011,0.5607328893514656,0.5,0.8780828080828081
glass,0,1,-FeatWeights,RF,0,0.382441500085406,0.0,305,0.7564092128346067,0.8577722275988312,0.779047619047619,0.7675448911488955,0.729616233536275,0.5,0.9198099748099748
glass,0,1,-FeatWeights,LGBM,0,0.382441500085406,0.0,305,0.6471323318532096,0.7862836266737816,0.6638095238095237,0.6794660734149055,0.6563436459197265,0.5,0.8966037466037466
glass,0,1,-Subgroups,KNN,0,0.4003671000245958,0.0,305,0.5364923039998837,0.716367612460639,0.5909523809523809,0.55026284348865,0.3627292874736483,0.25,0.8278592328592328
glass,0,1,-Subgroups,CART,0,0.4003671000245958,0.0,305,0.5761610405615962,0.7201223219538181,0.5809523809523809,0.5849440214957456,0.464531571776877,0.5,0.7367917367917368
glass,0,1,-Subgroups,SVM,0,0.4003671000245958,0.0,305,0.677610913400481,0.7922855762811166,0.6952380952380952,0.7019047619047618,0.526578073089701,0.5,0.8747536547536547
glass,0,1,-Subgroups,RF,0,0.4003671000245958,0.0,305,0.7564092128346067,0.8577722275988312,0.779047619047619,0.7675448911488955,0.729616233536275,0.5,0.9312231462231464
glass,0,1,-Subgroups,LGBM,0,0.4003671000245958,0.0,305,0.7293240929736556,0.8355072240296039,0.7495238095238095,0.7305990783410138,0.659713755352508,0.5,0.9162616462616462
glass,0,1,-Mahalanobis,KNN,0,0.4969198000617325,0.0,305,0.5510130514227115,0.7266550908289441,0.6042857142857143,0.5679877112135177,0.3906285081015775,0.25,0.8291412841412841
glass,0,1,-Mahalanobis,CART,0,0.4969198000617325,0.0,305,0.5761610405615962,0.7201223219538181,0.5809523809523809,0.5849440214957456,0.464531571776877,0.5,0.7367917367917368
glass,0,1,-Mahalanobis,SVM,0,0.4969198000617325,0.0,305,0.677610913400481,0.7922855762811166,0.6952380952380952,0.7019047619047618,0.526578073089701,0.5,0.876105006105006
glass,0,1,-Mahalanobis,RF,0,0.4969198000617325,0.0,305,0.7443966131753871,0.8464031173530162,0.7647619047619048,0.7542857142857142,0.6929160778304463,0.5,0.932220242220242
glass,0,1,-Mahalanobis,LGBM,0,0.4969198000617325,0.0,305,0.7293240929736556,0.8355072240296039,0.7495238095238095,0.7305990783410138,0.659713755352508,0.5,0.9110028710028713
glass,0,1,-NoiseGate,KNN,0,0.5655557999853045,0.0,305,0.5364923039998837,0.716367612460639,0.5909523809523809,0.55026284348865,0.3627292874736483,0.25,0.8278592328592328
glass,0,1,-NoiseGate,CART,0,0.5655557999853045,0.0,305,0.5717735168246328,0.7194169803116908,0.58,0.5823550642905482,0.4644065194936213,0.5,0.7361730961730961
glass,0,1,-NoiseGate,SVM,0,0.5655557999853045,0.0,305,0.5898945623563898,0.7600059698948035,0.6452380952380952,0.6620481310803891,0.4874542822582542,0.25,0.8727023727023727
glass,0,1,-NoiseGate,RF,0,0.5655557999853045,0.0,305,0.7564092128346067,0.8577722275988312,0.779047619047619,0.7675448911488955,0.729616233536275,0.5,0.9184100034100032
glass,0,1,-NoiseGate,LGBM,0,0.5655557999853045,0.0,305,0.5975580998294365,0.7426640224331033,0.6076190476190476,0.5979156327543425,0.5321898113607205,0.5,0.8974823174823175
glass,0,1,-ConfSteer,KNN,0,0.5032275000121444,0.0,305,0.5510130514227115,0.7266550908289441,0.6042857142857143,0.5679877112135177,0.3906285081015775,0.25,0.8291412841412841
glass,0,1,-ConfSteer,CART,0,0.5032275000121444,0.0,305,0.5761610405615962,0.7201223219538181,0.5809523809523809,0.5849440214957456,0.464531571776877,0.5,0.7367917367917368
glass,0,1,-ConfSteer,SVM,0,0.5032275000121444,0.0,305,0.677610913400481,0.7922855762811166,0.6952380952380952,0.7019047619047618,0.526578073089701,0.5,0.876105006105006
glass,0,1,-ConfSteer,RF,0,0.5032275000121444,0.0,305,0.7443966131753871,0.8464031173530162,0.7647619047619048,0.7542857142857142,0.6929160778304463,0.5,0.9324888624888624
glass,0,1,-ConfSteer,LGBM,0,0.5032275000121444,0.0,305,0.6118016473967345,0.7535774482729942,0.621904761904762,0.6170609318996416,0.5609960437995697,0.5,0.906038016038016
glass,0,2,Full,KNN,0,0.4640817999606952,0.0,300,0.0,0.6844751753454323,0.5238095238095237,0.5089388508743348,0.4674691950596173,0.0,0.8247881509328877
glass,0,2,Full,CART,0,0.4640817999606952,0.0,300,0.7517457245231705,0.8418364690264605,0.7613095238095238,0.7544947007015972,0.6630457809992879,0.6666666666666666,0.8460953077137289
glass,0,2,Full,SVM,0,0.4640817999606952,0.0,300,0.6140509788548901,0.772320008473639,0.6571428571428571,0.6512750332105172,0.5454213927331932,0.3333333333333333,0.8722857142857142
glass,0,2,Full,RF,0,0.4640817999606952,0.0,300,0.0,0.8007242396681911,0.6779761904761904,0.6807792207792207,0.7212054344413877,0.0,0.9592469367864104
glass,0,2,Full,LGBM,0,0.4640817999606952,0.0,300,0.7783705415511708,0.8644217116502014,0.7880952380952381,0.7719868637110017,0.7338420546622451,0.6666666666666666,0.9145348092453356
glass,0,2,-FeatWeights,KNN,0,0.1330165000399574,0.0,300,0.5345624255346609,0.7297316174778437,0.5904761904761904,0.5636700336700337,0.5058846452498508,0.3333333333333333,0.8296741158451685
glass,0,2,-FeatWeights,CART,0,0.1330165000399574,0.0,300,0.6659209526444433,0.8114234915916392,0.7089285714285715,0.7235423197492163,0.6601931031378764,0.3333333333333333,0.8188327067669172
glass,0,2,-FeatWeights,SVM,0,0.1330165000399574,0.0,300,0.597869004316048,0.7627183528107119,0.6446428571428571,0.6357536656891496,0.520822326693388,0.3333333333333333,0.8662857142857142
glass,0,2,-FeatWeights,RF,0,0.1330165000399574,0.0,300,0.8156956951355936,0.8941773938839184,0.8273809523809523,0.835107021269424,0.8285484793717336,0.6666666666666666,0.9651170983013088
glass,0,2,-FeatWeights,LGBM,0,0.1330165000399574,0.0,300,0.6659209526444433,0.812948314719955,0.7071428571428571,0.6976556776556777,0.6639255978271439,0.3333333333333333,0.8889734057365637
glass,0,2,-Subgroups,KNN,0,0.3947776999557391,0.0,300,0.0,0.6844751753454323,0.5238095238095237,0.5089388508743348,0.4674691950596173,0.0,0.8247881509328877
glass,0,2,-Subgroups,CART,0,0.3947776999557391,0.0,300,0.7517457245231705,0.8418364690264605,0.7613095238095238,0.7544947007015972,0.6630457809992879,0.6666666666666666,0.8460953077137289
glass,0,2,-Subgroups,SVM,0,0.3947776999557391,0.0,300,0.6140509788548901,0.772320008473639,0.6571428571428571,0.6512750332105172,0.5454213927331932,0.3333333333333333,0.8722857142857142
glass,0,2,-Subgroups,RF,0,0.3947776999557391,0.0,300,0.0,0.8007242396681911,0.6779761904761904,0.6807792207792207,0.7212054344413877,0.0,0.9594969367864103
glass,0,2,-Subgroups,LGBM,0,0.3947776999557391,0.0,300,0.7783705415511708,0.8644217116502014,0.7880952380952381,0.7719868637110017,0.7338420546622451,0.6666666666666666,0.9005579225842384
glass,0,2,-Mahalanobis,KNN,0,0.4806233999552205,0.0,300,0.0,0.6844751753454323,0.5238095238095237,0.5089388508743348,0.4674691950596173,0.0,0.8247881509328877
glass,0,2,-Mahalanobis,CART,0,0.4806233999552205,0.0,300,0.7517457245231705,0.8418364690264605,0.7613095238095238,0.7544947007015972,0.6630457809992879,0.6666666666666666,0.8460953077137289
glass,0,2,-Mahalanobis,SVM,0,0.4806233999552205,0.0,300,0.6140509788548901,0.772320008473639,0.6571428571428571,0.6512750332105172,0.5454213927331932,0.3333333333333333,0.8722857142857142
glass,0,2,-Mahalanobis,RF,0,0.4806233999552205,0.0,300,0.0,0.8007242396681911,0.6779761904761904,0.6807792207792207,0.7212054344413877,0.0,0.95871783625731
glass,0,2,-Mahalanobis,LGBM,0,0.4806233999552205,0.0,300,0.7783705415511708,0.8644217116502014,0.7880952380952381,0.7719868637110017,0.7338420546622451,0.6666666666666666,0.9025870231133388
glass,0,2,-NoiseGate,KNN,0,0.4710812999401241,0.0,300,0.5244690828123498,0.7187436179739987,0.5761904761904761,0.5493788459305701,0.4772345439040955,0.3333333333333333,0.8277678223336118
glass,0,2,-NoiseGate,CART,0,0.4710812999401241,0.0,300,0.7517457245231705,0.8418364690264605,0.7613095238095238,0.7544947007015972,0.6630457809992879,0.6666666666666666,0.8460953077137289
glass,0,2,-NoiseGate,SVM,0,0.4710812999401241,0.0,300,0.6140509788548901,0.772320008473639,0.6571428571428571,0.6512750332105172,0.5454213927331932,0.3333333333333333,0.8717857142857142
glass,0,2,-NoiseGate,RF,0,0.4710812999401241,0.0,300,0.7085367723190429,0.8540543103152021,0.7589285714285714,0.76741341991342,0.7929019578321421,0.3333333333333333,0.965494917850181
glass,0,2,-NoiseGate,LGBM,0,0.4710812999401241,0.0,300,0.0,0.7924396071354727,0.6690476190476191,0.654683908045977,0.6967267562632002,0.0,0.901665552770816
glass,0,2,-ConfSteer,KNN,0,0.467132700025104,0.0,300,0.0,0.6844751753454323,0.5238095238095237,0.5089388508743348,0.4674691950596173,0.0,0.8247881509328877
glass,0,2,-ConfSteer,CART,0,0.467132700025104,0.0,300,0.7517457245231705,0.8418364690264605,0.7613095238095238,0.7544947007015972,0.6630457809992879,0.6666666666666666,0.8460953077137289
glass,0,2,-ConfSteer,SVM,0,0.467132700025104,0.0,300,0.6140509788548901,0.772320008473639,0.6571428571428571,0.6512750332105172,0.5454213927331932,0.3333333333333333,0.8722857142857142
glass,0,2,-ConfSteer,RF,0,0.467132700025104,0.0,300,0.0,0.8007242396681911,0.6779761904761904,0.6807792207792207,0.7212054344413877,0.0,0.959526037315511
glass,0,2,-ConfSteer,LGBM,0,0.467132700025104,0.0,300,0.7909313908842953,0.8746467773079775,0.8005952380952381,0.7857142857142858,0.7656624881088708,0.6666666666666666,0.9022046783625732
glass,0,3,Full,KNN,0,0.4630338000133633,0.0,305,0.7067785948781162,0.8054124685393926,0.7095238095238094,0.727368263919988,0.5916568659502994,0.6666666666666666,0.9105779405779404
glass,0,3,Full,CART,0,0.4630338000133633,0.0,305,0.7274443666981575,0.8240187058619096,0.7466666666666667,0.7189186176142698,0.5732144884209922,0.5,0.8280254053938263
glass,0,3,Full,SVM,0,0.4630338000133633,0.0,305,0.7010316645315203,0.8040799681039185,0.7076190476190476,0.7246353646353647,0.5923252545354996,0.5714285714285714,0.9097795771479982
glass,0,3,Full,RF,0,0.4630338000133633,0.0,305,0.8786879649637648,0.9182396705477288,0.8838095238095238,0.8317269575890265,0.7696674994447229,0.7857142857142857,0.9606976843818952
glass,0,3,Full,LGBM,0,0.4630338000133633,0.0,305,0.7783705415511708,0.8564623050700337,0.7885714285714286,0.7668831168831169,0.6694479330889422,0.6428571428571429,0.9411760169654906
glass,0,3,-FeatWeights,KNN,0,0.1278200000524521,0.0,305,0.6618352395064856,0.7743680250645227,0.6676190476190476,0.664474631371183,0.5049532686272288,0.5714285714285714,0.9072201872201872
glass,0,3,-FeatWeights,CART,0,0.1278200000524521,0.0,305,0.7274443666981575,0.824989616447664,0.7466666666666667,0.7077855477855477,0.5809130631060633,0.5,0.8290975301501617
glass,0,3,-FeatWeights,SVM,0,0.1278200000524521,0.0,305,0.7137091227794412,0.8149242691517057,0.7333333333333333,0.6962424242424242,0.5458106564965893,0.5,0.9150997150997148
glass,0,3,-FeatWeights,RF,0,0.1278200000524521,0.0,305,0.8786879649637648,0.9170698920157332,0.8838095238095238,0.8547811447811448,0.7666705947572138,0.7857142857142857,0.9503498061392796
glass,0,3,-FeatWeights,LGBM,0,0.1278200000524521,0.0,305,0.7812322751745805,0.8561224109410449,0.7895238095238095,0.7900836320191159,0.6602999143226479,0.6666666666666666,0.9196945354840091
glass,0,3,-Subgroups,KNN,0,0.3780752000166103,0.0,305,0.7067785948781162,0.8054124685393926,0.7095238095238094,0.727368263919988,0.5916568659502994,0.6666666666666666,0.9105779405779404
glass,0,3,-Subgroups,CART,0,0.3780752000166103,0.0,305,0.7274443666981575,0.8240187058619096,0.7466666666666667,0.7189186176142698,0.5732144884209922,0.5,0.8280254053938263
glass,0,3,-Subgroups,SVM,0,0.3780752000166103,0.0,305,0.7010316645315203,0.8040799681039185,0.7076190476190476,0.7246353646353647,0.5923252545354996,0.5714285714285714,0.9097795771479982
glass,0,3,-Subgroups,RF,0,0.3780752000166103,0.0,305,0.8941129606579812,0.9281808226605024,0.8980952380952381,0.8687639946260635,0.8005314640438312,0.8,0.9694606173553542
glass,0,3,-Subgroups,LGBM,0,0.3780752000166103,0.0,305,0.7949464774411925,0.8657649779441944,0.8028571428571428,0.8248148148148149,0.6924995720299586,0.6666666666666666,0.9451890409785146
glass,0,3,-Mahalanobis,KNN,0,0.4881281999405473,0.0,305,0.7067785948781162,0.8054124685393926,0.7095238095238094,0.727368263919988,0.5916568659502994,0.6666666666666666,0.9105779405779404
glass,0,3,-Mahalanobis,CART,0,0.4881281999405473,0.0,305,0.7649423028607304,0.8467089060915911,0.7752380952380953,0.7497816377171216,0.6357122861245156,0.6428571428571429,0.8500034273718484
glass,0,3,-Mahalanobis,SVM,0,0.4881281999405473,0.0,305,0.7010316645315203,0.8040799681039185,0.7076190476190476,0.7246353646353647,0.5923252545354996,0.5714285714285714,0.9097795771479982
glass,0,3,-Mahalanobis,RF,0,0.4881281999405473,0.0,305,0.8786879649637648,0.9182396705477288,0.8838095238095238,0.8317269575890265,0.7696674994447229,0.7857142857142857,0.9591630786367628
glass,0,3,-Mahalanobis,LGBM,0,0.4881281999405473,0.0,305,0.7949464774411925,0.866758630226447,0.8028571428571428,0.8038461538461539,0.6958420314130894,0.6666666666666666,0.9412167170061908
glass,0,3,-NoiseGate,KNN,0,0.4823255999945104,0.0,305,0.7067785948781162,0.8054124685393926,0.7095238095238094,0.727368263919988,0.5916568659502994,0.6666666666666666,0.9185701433069856
glass,0,3,-NoiseGate,CART,0,0.4823255999945104,0.0,305,0.7649423028607304,0.8467089060915911,0.7752380952380953,0.7497816377171216,0.6357122861245156,0.6428571428571429,0.8500034273718484
glass,0,3,-NoiseGate,SVM,0,0.4823255999945104,0.0,305,0.7177416344286515,0.814491750182965,0.7219047619047619,0.753939393939394,0.6224169349143089,0.6428571428571429,0.9108377782061992
glass,0,3,-NoiseGate,RF,0,0.4823255999945104,0.0,305,0.8244686347810752,0.8894787339925839,0.8314285714285715,0.8232467532467533,0.7645107794361525,0.6666666666666666,0.9632679990574728
glass,0,3,-NoiseGate,LGBM,0,0.4823255999945104,0.0,305,0.7949464774411925,0.866758630226447,0.8028571428571428,0.8038461538461539,0.6958420314130894,0.6666666666666666,0.9417458175352912
glass,0,3,-ConfSteer,KNN,0,0.4701670000795275,0.0,305,0.7067785948781162,0.8054124685393926,0.7095238095238094,0.727368263919988,0.5916568659502994,0.6666666666666666,0.9105779405779404
glass,0,3,-ConfSteer,CART,0,0.4701670000795275,0.0,305,0.7274443666981575,0.8240187058619096,0.7466666666666667,0.7189186176142698,0.5732144884209922,0.5,0.8280254053938263
glass,0,3,-ConfSteer,SVM,0,0.4701670000795275,0.0,305,0.7010316645315203,0.8040799681039185,0.7076190476190476,0.7246353646353647,0.5923252545354996,0.5714285714285714,0.9097795771479982
glass,0,3,-ConfSteer,RF,0,0.4701670000795275,0.0,305,0.8786879649637648,0.9182396705477288,0.8838095238095238,0.8317269575890265,0.7696674994447229,0.7857142857142857,0.9620958378853116
glass,0,3,-ConfSteer,LGBM,0,0.4701670000795275,0.0,305,0.8077748186977076,0.8763805557301726,0.8161904761904761,0.8380885780885781,0.7292284409533445,0.6666666666666666,0.9426819184713924
glass,0,4,Full,KNN,0,0.5070926999906078,0.0,305,0.7748799499874895,0.8616531293323436,0.797142857142857,0.7372256728778468,0.6627704395627403,0.5333333333333333,0.9194368399631556
glass,0,4,Full,CART,0,0.5070926999906078,0.0,305,0.7053593492949314,0.816337054412077,0.7238095238095238,0.6887246852764093,0.6039687965129176,0.5,0.8222511406721932
glass,0,4,Full,SVM,0,0.5070926999906078,0.0,305,0.8403354318285169,0.90052038958581,0.8638095238095238,0.7713740532331237,0.7005203973680739,0.5333333333333333,0.9091030996294156
glass,0,4,Full,RF,0,0.5070926999906078,0.0,305,0.8786879649637648,0.9215007595576924,0.8904761904761905,0.792962962962963,0.7573333230270187,0.6666666666666666,0.975746203114624
glass,0,4,Full,LGBM,0,0.5070926999906078,0.0,305,0.8403354318285169,0.9029137776775568,0.8504761904761905,0.800976800976801,0.7766917187096217,0.6666666666666666,0.9634620739883898
glass,0,4,-FeatWeights,KNN,0,0.1452662000665441,0.0,305,0.7748799499874895,0.8616531293323436,0.797142857142857,0.7372256728778468,0.6627704395627403,0.5333333333333333,0.926970631707474
glass,0,4,-FeatWeights,CART,0,0.1452662000665441,0.0,305,0.7189339028542066,0.8271290149065634,0.7371428571428571,0.7032804232804232,0.637357078585381,0.5,0.8326215110425637
glass,0,4,-FeatWeights,SVM,0,0.1452662000665441,0.0,305,0.8403354318285169,0.90052038958581,0.8638095238095238,0.7713740532331237,0.7005203973680739,0.5333333333333333,0.9123959471327894
glass,0,4,-FeatWeights,RF,0,0.1452662000665441,0.0,305,0.8786879649637648,0.9215007595576924,0.8904761904761905,0.792962962962963,0.7573333230270187,0.6666666666666666,0.9671739177002336
glass,0,4,-FeatWeights,LGBM,0,0.1452662000665441,0.0,305,0.731554483536007,0.8633182222461266,0.7838095238095238,0.756176582038651,0.7386652143463371,0.3333333333333333,0.9516342137394768
glass,0,4,-Subgroups,KNN,0,0.4002343999454751,0.0,305,0.7748799499874895,0.8616531293323436,0.797142857142857,0.7372256728778468,0.6627704395627403,0.5333333333333333,0.9194368399631556
glass,0,4,-Subgroups,CART,0,0.4002343999454751,0.0,305,0.6906514517381362,0.8064681857342303,0.7104761904761905,0.6704761904761904,0.5768597656984911,0.5,0.8129528950581582
glass,0,4,-Subgroups,SVM,0,0.4002343999454751,0.0,305,0.8403354318285169,0.90052038958581,0.8638095238095238,0.7713740532331237,0.7005203973680739,0.5333333333333333,0.909615920142236
glass,0,4,-Subgroups,RF,0,0.4002343999454751,0.0,305,0.8786879649637648,0.9215007595576924,0.8904761904761905,0.792962962962963,0.7573333230270187,0.6666666666666666,0.977541074909496
glass,0,4,-Subgroups,LGBM,0,0.4002343999454751,0.0,305,0.85389623119722,0.913607741413312,0.8638095238095238,0.8152625152625153,0.8096910559812223,0.6666666666666666,0.9580365443523338
glass,0,4,-Mahalanobis,KNN,0,0.6459865000797436,0.0,305,0.7748799499874895,0.8616531293323436,0.797142857142857,0.7372256728778468,0.6627704395627403,0.5333333333333333,0.9194368399631556
glass,0,4,-Mahalanobis,CART,0,0.6459865000797436,0.0,305,0.7053593492949314,0.816337054412077,0.7238095238095238,0.6887246852764093,0.6039687965129176,0.5,0.8222511406721932
glass,0,4,-Mahalanobis,SVM,0,0.6459865000797436,0.0,305,0.8403354318285169,0.90052038958581,0.8638095238095238,0.7713740532331237,0.7005203973680739,0.5333333333333333,0.9091030996294156
glass,0,4,-Mahalanobis,RF,0,0.6459865000797436,0.0,305,0.8786879649637648,0.9215007595576924,0.8904761904761905,0.792962962962963,0.7573333230270187,0.6666666666666666,0.9762671636355847
glass,0,4,-Mahalanobis,LGBM,0,0.6459865000797436,0.0,305,0.85389623119722,0.913607741413312,0.8638095238095238,0.8152625152625153,0.8096910559812223,0.6666666666666666,0.9639748945012104
glass,0,4,-NoiseGate,KNN,0,0.4917497000424191,0.0,305,0.7748799499874895,0.8616531293323436,0.797142857142857,0.7372256728778468,0.6627704395627403,0.5333333333333333,0.9194368399631556
glass,0,4,-NoiseGate,CART,0,0.4917497000424191,0.0,305,0.6745721769484815,0.794811269050184,0.6971428571428571,0.6586632005986844,0.54304710189174,0.5,0.8016528500739029
glass,0,4,-NoiseGate,SVM,0,0.4917497000424191,0.0,305,0.8403354318285169,0.90052038958581,0.8638095238095238,0.7713740532331237,0.7005203973680739,0.5333333333333333,0.909632200158516
glass,0,4,-NoiseGate,RF,0,0.4917497000424191,0.0,305,0.9113200541552546,0.9413893286007344,0.917142857142857,0.8303418803418804,0.8142759789276154,0.7857142857142857,0.9725448235974552
glass,0,4,-NoiseGate,LGBM,0,0.4917497000424191,0.0,305,0.85389623119722,0.913607741413312,0.8638095238095238,0.8152625152625153,0.8096910559812223,0.6666666666666666,0.9591110254268148
glass,0,4,-ConfSteer,KNN,0,0.472770299995318,0.0,305,0.7748799499874895,0.8616531293323436,0.797142857142857,0.7372256728778468,0.6627704395627403,0.5333333333333333,0.9194368399631556
glass,0,4,-ConfSteer,CART,0,0.472770299995318,0.0,305,0.7053593492949314,0.816337054412077,0.7238095238095238,0.6887246852764093,0.6039687965129176,0.5,0.8222511406721932
glass,0,4,-ConfSteer,SVM,0,0.472770299995318,0.0,305,0.8403354318285169,0.90052038958581,0.8638095238095238,0.7713740532331237,0.7005203973680739,0.5333333333333333,0.909615920142236
glass,0,4,-ConfSteer,RF,0,0.472770299995318,0.0,305,0.8955982063240218,0.9309324851639552,0.9038095238095238,0.8155270655270656,0.7828851633471761,0.7333333333333333,0.9749851123535336
glass,0,4,-ConfSteer,LGBM,0,0.472770299995318,0.0,305,0.8403354318285169,0.9030479449225962,0.8504761904761905,0.8010582010582011,0.7774965805942949,0.6666666666666666,0.9639748945012104
hayes-roth,0,0,Full,KNN,0,0.4662231000838801,0.0,156,0.4557686259088263,0.576960562584851,0.4743589743589744,0.5053763440860215,0.1396448164588742,0.3076923076923077,0.7022604588394062
hayes-roth,0,0,Full,CART,0,0.4662231000838801,0.0,156,0.8395329869700814,0.8701063269755686,0.8461538461538461,0.8461538461538461,0.7046153846153846,0.7692307692307693,0.9379217273954116
hayes-roth,0,0,Full,SVM,0,0.4662231000838801,0.0,156,0.8921369227152304,0.913486693784369,0.8974358974358975,0.8968253968253969,0.8080650264599865,0.7692307692307693,0.9149797570850202
hayes-roth,0,0,Full,RF,0,0.4662231000838801,0.0,156,0.8395329869700814,0.8701063269755686,0.8461538461538461,0.8461538461538461,0.7046153846153846,0.7692307692307693,0.9568151147098516
hayes-roth,0,0,Full,LGBM,0,0.4662231000838801,0.0,156,0.8666332087189045,0.8918080720799182,0.8717948717948718,0.8716049382716049,0.755008600417673,0.7692307692307693,0.9770580296896086
hayes-roth,0,0,-FeatWeights,KNN,0,0.1134598999051377,0.0,156,0.5217248373867949,0.6398099132915953,0.5555555555555555,0.5761570827489481,0.2531987145328662,0.3076923076923077,0.7131691408007198
hayes-roth,0,0,-FeatWeights,CART,0,0.1134598999051377,0.0,156,0.8395329869700814,0.8701063269755686,0.8461538461538461,0.8461538461538461,0.7046153846153846,0.7692307692307693,0.9379217273954116
hayes-roth,0,0,-FeatWeights,SVM,0,0.1134598999051377,0.0,156,0.8921369227152304,0.913486693784369,0.8974358974358975,0.8968253968253969,0.8080650264599865,0.7692307692307693,0.9176788124156546
hayes-roth,0,0,-FeatWeights,RF,0,0.1134598999051377,0.0,156,0.8666332087189045,0.8918080720799182,0.8717948717948718,0.8716049382716049,0.755008600417673,0.7692307692307693,0.951417004048583
hayes-roth,0,0,-FeatWeights,LGBM,0,0.1134598999051377,0.0,156,0.8666332087189045,0.8918080720799182,0.8717948717948718,0.8716049382716049,0.755008600417673,0.7692307692307693,0.9770580296896086
hayes-roth,0,0,-Subgroups,KNN,0,0.3557729000458494,0.0,156,0.4557686259088263,0.576960562584851,0.4743589743589744,0.5053763440860215,0.1396448164588742,0.3076923076923077,0.7022604588394062
hayes-roth,0,0,-Subgroups,CART,0,0.3557729000458494,0.0,156,0.8395329869700814,0.8701063269755686,0.8461538461538461,0.8461538461538461,0.7046153846153846,0.7692307692307693,0.9379217273954116
hayes-roth,0,0,-Subgroups,SVM,0,0.3557729000458494,0.0,156,0.8921369227152304,0.913486693784369,0.8974358974358975,0.8968253968253969,0.8080650264599865,0.7692307692307693,0.9149797570850202
hayes-roth,0,0,-Subgroups,RF,0,0.3557729000458494,0.0,156,0.8395329869700814,0.8701063269755686,0.8461538461538461,0.8461538461538461,0.7046153846153846,0.7692307692307693,0.9568151147098516
hayes-roth,0,0,-Subgroups,LGBM,0,0.3557729000458494,0.0,156,0.8666332087189045,0.8918080720799182,0.8717948717948718,0.8716049382716049,0.755008600417673,0.7692307692307693,0.9770580296896086
hayes-roth,0,0,-Mahalanobis,KNN,0,0.4480532000306994,0.0,156,0.4557686259088263,0.576960562584851,0.4743589743589744,0.5053763440860215,0.1396448164588742,0.3076923076923077,0.7022604588394062
hayes-roth,0,0,-Mahalanobis,CART,0,0.4480532000306994,0.0,156,0.8395329869700814,0.8701063269755686,0.8461538461538461,0.8461538461538461,0.7046153846153846,0.7692307692307693,0.9379217273954116
hayes-roth,0,0,-Mahalanobis,SVM,0,0.4480532000306994,0.0,156,0.8921369227152304,0.913486693784369,0.8974358974358975,0.8968253968253969,0.8080650264599865,0.7692307692307693,0.9149797570850202
hayes-roth,0,0,-Mahalanobis,RF,0,0.4480532000306994,0.0,156,0.8395329869700814,0.8701063269755686,0.8461538461538461,0.8461538461538461,0.7046153846153846,0.7692307692307693,0.9568151147098516
hayes-roth,0,0,-Mahalanobis,LGBM,0,0.4480532000306994,0.0,156,0.8666332087189045,0.8918080720799182,0.8717948717948718,0.8716049382716049,0.755008600417673,0.7692307692307693,0.9770580296896086
hayes-roth,0,0,-NoiseGate,KNN,0,0.4617300999816507,0.0,156,0.4557686259088263,0.576960562584851,0.4743589743589744,0.5053763440860215,0.1396448164588742,0.3076923076923077,0.7022604588394062
hayes-roth,0,0,-NoiseGate,CART,0,0.4617300999816507,0.0,156,0.8395329869700814,0.8701063269755686,0.8461538461538461,0.8461538461538461,0.7046153846153846,0.7692307692307693,0.9379217273954116
hayes-roth,0,0,-NoiseGate,SVM,0,0.4617300999816507,0.0,156,0.8921369227152304,0.913486693784369,0.8974358974358975,0.8968253968253969,0.8080650264599865,0.7692307692307693,0.9149797570850202
hayes-roth,0,0,-NoiseGate,RF,0,0.4617300999816507,0.0,156,0.8395329869700814,0.8701063269755686,0.8461538461538461,0.8461538461538461,0.7046153846153846,0.7692307692307693,0.9568151147098516
hayes-roth,0,0,-NoiseGate,LGBM,0,0.4617300999816507,0.0,156,0.8666332087189045,0.8918080720799182,0.8717948717948718,0.8716049382716049,0.755008600417673,0.7692307692307693,0.9770580296896086
hayes-roth,0,0,-ConfSteer,KNN,0,0.4648291999474168,0.0,156,0.4557686259088263,0.576960562584851,0.4743589743589744,0.5053763440860215,0.1396448164588742,0.3076923076923077,0.7022604588394062
hayes-roth,0,0,-ConfSteer,CART,0,0.4648291999474168,0.0,156,0.8395329869700814,0.8701063269755686,0.8461538461538461,0.8461538461538461,0.7046153846153846,0.7692307692307693,0.9379217273954116
hayes-roth,0,0,-ConfSteer,SVM,0,0.4648291999474168,0.0,156,0.8921369227152304,0.913486693784369,0.8974358974358975,0.8968253968253969,0.8080650264599865,0.7692307692307693,0.9149797570850202
hayes-roth,0,0,-ConfSteer,RF,0,0.4648291999474168,0.0,156,0.8395329869700814,0.8701063269755686,0.8461538461538461,0.8461538461538461,0.7046153846153846,0.7692307692307693,0.9568151147098516
hayes-roth,0,0,-ConfSteer,LGBM,0,0.4648291999474168,0.0,156,0.8666332087189045,0.8918080720799182,0.8717948717948718,0.8716049382716049,0.755008600417673,0.7692307692307693,0.9770580296896086
hayes-roth,0,1,Full,KNN,0,0.4711398999206722,0.0,156,0.3896766937769912,0.5119650985255363,0.3931623931623931,0.4280544912728821,0.0230407806536821,0.3333333333333333,0.6472109761583447
hayes-roth,0,1,Full,CART,0,0.4711398999206722,0.0,156,0.8367251633648174,0.8701063269755686,0.8461538461538461,0.8452380952380952,0.7089919197675744,0.6923076923076923,0.8947368421052632
hayes-roth,0,1,Full,SVM,0,0.4711398999206722,0.0,156,0.7921319437811823,0.8483796839677038,0.8205128205128206,0.8136200716845878,0.6821459352096712,0.5384615384615384,0.8434547908232118
hayes-roth,0,1,Full,RF,0,0.4711398999206722,0.0,156,0.8367251633648174,0.8701063269755686,0.8461538461538461,0.8452380952380952,0.7089919197675744,0.6923076923076923,0.9082321187584346
hayes-roth,0,1,Full,LGBM,0,0.4711398999206722,0.0,156,0.8367251633648174,0.8701063269755686,0.8461538461538461,0.8452380952380952,0.7089919197675744,0.6923076923076923,0.9460188933873144
hayes-roth,0,1,-FeatWeights,KNN,0,0.1142234000144526,0.0,156,0.4102230207868841,0.5353033790313108,0.4188034188034188,0.4504273504273504,0.0761084707219307,0.3333333333333333,0.6629554655870445
hayes-roth,0,1,-FeatWeights,CART,0,0.1142234000144526,0.0,156,0.8367251633648174,0.8701063269755686,0.8461538461538461,0.8452380952380952,0.7089919197675744,0.6923076923076923,0.8947368421052632
hayes-roth,0,1,-FeatWeights,SVM,0,0.1142234000144526,0.0,156,0.7921319437811823,0.8483796839677038,0.8205128205128206,0.8136200716845878,0.6821459352096712,0.5384615384615384,0.8434547908232118
hayes-roth,0,1,-FeatWeights,RF,0,0.1142234000144526,0.0,156,0.8367251633648174,0.8701063269755686,0.8461538461538461,0.8452380952380952,0.7089919197675744,0.6923076923076923,0.9055330634278004
hayes-roth,0,1,-FeatWeights,LGBM,0,0.1142234000144526,0.0,156,0.8367251633648174,0.8701063269755686,0.8461538461538461,0.8452380952380952,0.7089919197675744,0.6923076923076923,0.9487179487179488
hayes-roth,0,1,-Subgroups,KNN,0,0.3652722000842914,0.0,156,0.3896766937769912,0.5119650985255363,0.3931623931623931,0.4280544912728821,0.0230407806536821,0.3333333333333333,0.6472109761583447
hayes-roth,0,1,-Subgroups,CART,0,0.3652722000842914,0.0,156,0.8367251633648174,0.8701063269755686,0.8461538461538461,0.8452380952380952,0.7089919197675744,0.6923076923076923,0.8947368421052632
hayes-roth,0,1,-Subgroups,SVM,0,0.3652722000842914,0.0,156,0.7921319437811823,0.8483796839677038,0.8205128205128206,0.8136200716845878,0.6821459352096712,0.5384615384615384,0.8434547908232118
hayes-roth,0,1,-Subgroups,RF,0,0.3652722000842914,0.0,156,0.8367251633648174,0.8701063269755686,0.8461538461538461,0.8452380952380952,0.7089919197675744,0.6923076923076923,0.9082321187584346
hayes-roth,0,1,-Subgroups,LGBM,0,0.3652722000842914,0.0,156,0.8367251633648174,0.8701063269755686,0.8461538461538461,0.8452380952380952,0.7089919197675744,0.6923076923076923,0.9460188933873144
hayes-roth,0,1,-Mahalanobis,KNN,0,0.4578095000470057,0.0,156,0.3896766937769912,0.5119650985255363,0.3931623931623931,0.4280544912728821,0.0230407806536821,0.3333333333333333,0.6472109761583447
hayes-roth,0,1,-Mahalanobis,CART,0,0.4578095000470057,0.0,156,0.8367251633648174,0.8701063269755686,0.8461538461538461,0.8452380952380952,0.7089919197675744,0.6923076923076923,0.8947368421052632
hayes-roth,0,1,-Mahalanobis,SVM,0,0.4578095000470057,0.0,156,0.7921319437811823,0.8483796839677038,0.8205128205128206,0.8136200716845878,0.6821459352096712,0.5384615384615384,0.8434547908232118
hayes-roth,0,1,-Mahalanobis,RF,0,0.4578095000470057,0.0,156,0.8367251633648174,0.8701063269755686,0.8461538461538461,0.8452380952380952,0.7089919197675744,0.6923076923076923,0.9082321187584346
hayes-roth,0,1,-Mahalanobis,LGBM,0,0.4578095000470057,0.0,156,0.8367251633648174,0.8701063269755686,0.8461538461538461,0.8452380952380952,0.7089919197675744,0.6923076923076923,0.9460188933873144
hayes-roth,0,1,-NoiseGate,KNN,0,0.4473851999500766,0.0,156,0.3896766937769912,0.5119650985255363,0.3931623931623931,0.4280544912728821,0.0230407806536821,0.3333333333333333,0.6472109761583447
hayes-roth,0,1,-NoiseGate,CART,0,0.4473851999500766,0.0,156,0.8367251633648174,0.8701063269755686,0.8461538461538461,0.8452380952380952,0.7089919197675744,0.6923076923076923,0.8947368421052632
hayes-roth,0,1,-NoiseGate,SVM,0,0.4473851999500766,0.0,156,0.7921319437811823,0.8483796839677038,0.8205128205128206,0.8136200716845878,0.6821459352096712,0.5384615384615384,0.8434547908232118
hayes-roth,0,1,-NoiseGate,RF,0,0.4473851999500766,0.0,156,0.8367251633648174,0.8701063269755686,0.8461538461538461,0.8452380952380952,0.7089919197675744,0.6923076923076923,0.9082321187584346
hayes-roth,0,1,-NoiseGate,LGBM,0,0.4473851999500766,0.0,156,0.8367251633648174,0.8701063269755686,0.8461538461538461,0.8452380952380952,0.7089919197675744,0.6923076923076923,0.9460188933873144
hayes-roth,0,1,-ConfSteer,KNN,0,0.4645428999792784,0.0,156,0.3896766937769912,0.5119650985255363,0.3931623931623931,0.4280544912728821,0.0230407806536821,0.3333333333333333,0.6472109761583447
hayes-roth,0,1,-ConfSteer,CART,0,0.4645428999792784,0.0,156,0.8367251633648174,0.8701063269755686,0.8461538461538461,0.8452380952380952,0.7089919197675744,0.6923076923076923,0.8947368421052632
hayes-roth,0,1,-ConfSteer,SVM,0,0.4645428999792784,0.0,156,0.7921319437811823,0.8483796839677038,0.8205128205128206,0.8136200716845878,0.6821459352096712,0.5384615384615384,0.8434547908232118
hayes-roth,0,1,-ConfSteer,RF,0,0.4645428999792784,0.0,156,0.8367251633648174,0.8701063269755686,0.8461538461538461,0.8452380952380952,0.7089919197675744,0.6923076923076923,0.9082321187584346
hayes-roth,0,1,-ConfSteer,LGBM,0,0.4645428999792784,0.0,156,0.8367251633648174,0.8701063269755686,0.8461538461538461,0.8452380952380952,0.7089919197675744,0.6923076923076923,0.9433198380566802
hayes-roth,0,2,Full,KNN,0,0.4779289999278262,0.0,156,0.6919909915808331,0.761181457325491,0.717948717948718,0.7175308641975309,0.4591684957642175,0.5384615384615384,0.8164642375168691
hayes-roth,0,2,Full,CART,0,0.4779289999278262,0.0,156,0.8395329869700814,0.8701063269755686,0.8461538461538461,0.8461538461538461,0.7046153846153846,0.7692307692307693,0.950067476383266
hayes-roth,0,2,Full,SVM,0,0.4779289999278262,0.0,156,0.8613487284962881,0.8918080720799182,0.8717948717948718,0.8700649675162418,0.7645059372825134,0.6923076923076923,0.9014844804318488
hayes-roth,0,2,Full,RF,0,0.4779289999278262,0.0,156,0.8666332087189045,0.8918080720799182,0.8717948717948718,0.8716049382716049,0.755008600417673,0.7692307692307693,0.9581646423751689
hayes-roth,0,2,Full,LGBM,0,0.4779289999278262,0.0,156,0.8921369227152304,0.913486693784369,0.8974358974358975,0.8968253968253969,0.8080650264599865,0.7692307692307693,0.97165991902834
hayes-roth,0,2,-FeatWeights,KNN,0,0.1118194999871775,0.0,156,0.6573321048766027,0.7415043585821497,0.6923076923076924,0.6718898385565053,0.4174390005125733,0.4615384615384615,0.798582995951417
hayes-roth,0,2,-FeatWeights,CART,0,0.1118194999871775,0.0,156,0.8395329869700814,0.8701063269755686,0.8461538461538461,0.8461538461538461,0.7046153846153846,0.7692307692307693,0.950067476383266
hayes-roth,0,2,-FeatWeights,SVM,0,0.1118194999871775,0.0,156,0.8613487284962881,0.8918080720799182,0.8717948717948718,0.8700649675162418,0.7645059372825134,0.6923076923076923,0.9001349527665318
hayes-roth,0,2,-FeatWeights,RF,0,0.1118194999871775,0.0,156,0.8666332087189045,0.8918080720799182,0.8717948717948718,0.8716049382716049,0.755008600417673,0.7692307692307693,0.9568151147098516
hayes-roth,0,2,-FeatWeights,LGBM,0,0.1118194999871775,0.0,156,0.8921369227152304,0.913486693784369,0.8974358974358975,0.8968253968253969,0.8080650264599865,0.7692307692307693,0.97165991902834
hayes-roth,0,2,-Subgroups,KNN,0,0.3555950000882149,0.0,156,0.6919909915808331,0.761181457325491,0.717948717948718,0.7175308641975309,0.4591684957642175,0.5384615384615384,0.8164642375168691
hayes-roth,0,2,-Subgroups,CART,0,0.3555950000882149,0.0,156,0.8395329869700814,0.8701063269755686,0.8461538461538461,0.8461538461538461,0.7046153846153846,0.7692307692307693,0.950067476383266
hayes-roth,0,2,-Subgroups,SVM,0,0.3555950000882149,0.0,156,0.8613487284962881,0.8918080720799182,0.8717948717948718,0.8700649675162418,0.7645059372825134,0.6923076923076923,0.9014844804318488
hayes-roth,0,2,-Subgroups,RF,0,0.3555950000882149,0.0,156,0.8666332087189045,0.8918080720799182,0.8717948717948718,0.8716049382716049,0.755008600417673,0.7692307692307693,0.9581646423751689
hayes-roth,0,2,-Subgroups,LGBM,0,0.3555950000882149,0.0,156,0.8921369227152304,0.913486693784369,0.8974358974358975,0.8968253968253969,0.8080650264599865,0.7692307692307693,0.97165991902834
hayes-roth,0,2,-Mahalanobis,KNN,0,0.4579356000758707,0.0,156,0.6919909915808331,0.761181457325491,0.717948717948718,0.7175308641975309,0.4591684957642175,0.5384615384615384,0.8164642375168691
hayes-roth,0,2,-Mahalanobis,CART,0,0.4579356000758707,0.0,156,0.8395329869700814,0.8701063269755686,0.8461538461538461,0.8461538461538461,0.7046153846153846,0.7692307692307693,0.950067476383266
hayes-roth,0,2,-Mahalanobis,SVM,0,0.4579356000758707,0.0,156,0.8613487284962881,0.8918080720799182,0.8717948717948718,0.8700649675162418,0.7645059372825134,0.6923076923076923,0.9001349527665318
hayes-roth,0,2,-Mahalanobis,RF,0,0.4579356000758707,0.0,156,0.8666332087189045,0.8918080720799182,0.8717948717948718,0.8716049382716049,0.755008600417673,0.7692307692307693,0.9581646423751689
hayes-roth,0,2,-Mahalanobis,LGBM,0,0.4579356000758707,0.0,156,0.8921369227152304,0.913486693784369,0.8974358974358975,0.8968253968253969,0.8080650264599865,0.7692307692307693,0.97165991902834
hayes-roth,0,2,-NoiseGate,KNN,0,0.4660166000248864,0.0,156,0.6919909915808331,0.761181457325491,0.717948717948718,0.7175308641975309,0.4591684957642175,0.5384615384615384,0.8164642375168691
hayes-roth,0,2,-NoiseGate,CART,0,0.4660166000248864,0.0,156,0.8395329869700814,0.8701063269755686,0.8461538461538461,0.8461538461538461,0.7046153846153846,0.7692307692307693,0.950067476383266
hayes-roth,0,2,-NoiseGate,SVM,0,0.4660166000248864,0.0,156,0.8613487284962881,0.8918080720799182,0.8717948717948718,0.8700649675162418,0.7645059372825134,0.6923076923076923,0.9014844804318488
hayes-roth,0,2,-NoiseGate,RF,0,0.4660166000248864,0.0,156,0.8666332087189045,0.8918080720799182,0.8717948717948718,0.8716049382716049,0.755008600417673,0.7692307692307693,0.9581646423751689
hayes-roth,0,2,-NoiseGate,LGBM,0,0.4660166000248864,0.0,156,0.8921369227152304,0.913486693784369,0.8974358974358975,0.8968253968253969,0.8080650264599865,0.7692307692307693,0.97165991902834
hayes-roth,0,2,-ConfSteer,KNN,0,0.4686217999551445,0.0,156,0.6919909915808331,0.761181457325491,0.717948717948718,0.7175308641975309,0.4591684957642175,0.5384615384615384,0.8164642375168691
hayes-roth,0,2,-ConfSteer,CART,0,0.4686217999551445,0.0,156,0.8395329869700814,0.8701063269755686,0.8461538461538461,0.8461538461538461,0.7046153846153846,0.7692307692307693,0.950067476383266
hayes-roth,0,2,-ConfSteer,SVM,0,0.4686217999551445,0.0,156,0.8613487284962881,0.8918080720799182,0.8717948717948718,0.8700649675162418,0.7645059372825134,0.6923076923076923,0.9014844804318488
hayes-roth,0,2,-ConfSteer,RF,0,0.4686217999551445,0.0,156,0.8666332087189045,0.8918080720799182,0.8717948717948718,0.8716049382716049,0.755008600417673,0.7692307692307693,0.9581646423751689
hayes-roth,0,2,-ConfSteer,LGBM,0,0.4686217999551445,0.0,156,0.8367251633648174,0.8701063269755686,0.8461538461538461,0.8452380952380952,0.7089919197675744,0.6923076923076923,0.9689608636977058
hayes-roth,0,3,Full,KNN,0,0.4847813999513164,0.0,156,0.5403734579639135,0.6589115180491459,0.5854700854700855,0.5767676767676768,0.2682242289443305,0.3076923076923077,0.6691408007197482
hayes-roth,0,3,Full,CART,0,0.4847813999513164,0.0,156,0.804511004885536,0.8483796839677038,0.8205128205128206,0.8180909545227385,0.6646521005762259,0.6153846153846154,0.9163292847503374
hayes-roth,0,3,Full,SVM,0,0.4847813999513164,0.0,156,0.7793533875539825,0.8288940199911188,0.7948717948717948,0.7768281101614436,0.6131613157712157,0.6153846153846154,0.8283850652271706
hayes-roth,0,3,Full,RF,0,0.4847813999513164,0.0,156,0.8281865557057361,0.8701063269755686,0.8461538461538461,0.8424242424242424,0.7226276285676672,0.6153846153846154,0.9271255060728744
hayes-roth,0,3,Full,LGBM,0,0.4847813999513164,0.0,156,0.8613487284962881,0.8918080720799182,0.8717948717948718,0.8700649675162418,0.7645059372825134,0.6923076923076923,0.9784075573549256
hayes-roth,0,3,-FeatWeights,KNN,0,0.1241520000621676,0.0,156,0.501638281693205,0.6194106568402046,0.5299145299145299,0.5356793743890518,0.2108246533189001,0.3076923076923077,0.6264057579847054
hayes-roth,0,3,-FeatWeights,CART,0,0.1241520000621676,0.0,156,0.804511004885536,0.8483796839677038,0.8205128205128206,0.8180909545227385,0.6646521005762259,0.6153846153846154,0.9163292847503374
hayes-roth,0,3,-FeatWeights,SVM,0,0.1241520000621676,0.0,156,0.7333996169187769,0.7912484712658983,0.7393162393162394,0.7380246913580247,0.557781863982036,0.6153846153846154,0.8270355375618533
hayes-roth,0,3,-FeatWeights,RF,0,0.1241520000621676,0.0,156,0.804511004885536,0.8483796839677038,0.8205128205128206,0.8180909545227385,0.6646521005762259,0.6153846153846154,0.923076923076923
hayes-roth,0,3,-FeatWeights,LGBM,0,0.1241520000621676,0.0,156,0.8613487284962881,0.8918080720799182,0.8717948717948718,0.8700649675162418,0.7645059372825134,0.6923076923076923,0.9784075573549256
hayes-roth,0,3,-Subgroups,KNN,0,0.3678420999785885,0.0,156,0.5403734579639135,0.6589115180491459,0.5854700854700855,0.5767676767676768,0.2682242289443305,0.3076923076923077,0.6691408007197482
hayes-roth,0,3,-Subgroups,CART,0,0.3678420999785885,0.0,156,0.804511004885536,0.8483796839677038,0.8205128205128206,0.8180909545227385,0.6646521005762259,0.6153846153846154,0.9163292847503374
hayes-roth,0,3,-Subgroups,SVM,0,0.3678420999785885,0.0,156,0.7793533875539825,0.8288940199911188,0.7948717948717948,0.7768281101614436,0.6131613157712157,0.6153846153846154,0.8283850652271706
hayes-roth,0,3,-Subgroups,RF,0,0.3678420999785885,0.0,156,0.8281865557057361,0.8701063269755686,0.8461538461538461,0.8424242424242424,0.7226276285676672,0.6153846153846154,0.9271255060728744
hayes-roth,0,3,-Subgroups,LGBM,0,0.3678420999785885,0.0,156,0.8613487284962881,0.8918080720799182,0.8717948717948718,0.8700649675162418,0.7645059372825134,0.6923076923076923,0.9784075573549256
hayes-roth,0,3,-Mahalanobis,KNN,0,0.4601463000290096,0.0,156,0.5403734579639135,0.6589115180491459,0.5854700854700855,0.5767676767676768,0.2682242289443305,0.3076923076923077,0.6691408007197482
hayes-roth,0,3,-Mahalanobis,CART,0,0.4601463000290096,0.0,156,0.804511004885536,0.8483796839677038,0.8205128205128206,0.8180909545227385,0.6646521005762259,0.6153846153846154,0.9163292847503374
hayes-roth,0,3,-Mahalanobis,SVM,0,0.4601463000290096,0.0,156,0.7793533875539825,0.8288940199911188,0.7948717948717948,0.7768281101614436,0.6131613157712157,0.6153846153846154,0.8283850652271706
hayes-roth,0,3,-Mahalanobis,RF,0,0.4601463000290096,0.0,156,0.8281865557057361,0.8701063269755686,0.8461538461538461,0.8424242424242424,0.7226276285676672,0.6153846153846154,0.9271255060728744
hayes-roth,0,3,-Mahalanobis,LGBM,0,0.4601463000290096,0.0,156,0.8613487284962881,0.8918080720799182,0.8717948717948718,0.8700649675162418,0.7645059372825134,0.6923076923076923,0.9784075573549256
hayes-roth,0,3,-NoiseGate,KNN,0,0.4841693999478593,0.0,156,0.5403734579639135,0.6589115180491459,0.5854700854700855,0.5767676767676768,0.2682242289443305,0.3076923076923077,0.6691408007197482
hayes-roth,0,3,-NoiseGate,CART,0,0.4841693999478593,0.0,156,0.804511004885536,0.8483796839677038,0.8205128205128206,0.8180909545227385,0.6646521005762259,0.6153846153846154,0.9163292847503374
hayes-roth,0,3,-NoiseGate,SVM,0,0.4841693999478593,0.0,156,0.7793533875539825,0.8288940199911188,0.7948717948717948,0.7768281101614436,0.6131613157712157,0.6153846153846154,0.8283850652271706
hayes-roth,0,3,-NoiseGate,RF,0,0.4841693999478593,0.0,156,0.8281865557057361,0.8701063269755686,0.8461538461538461,0.8424242424242424,0.7226276285676672,0.6153846153846154,0.9271255060728744
hayes-roth,0,3,-NoiseGate,LGBM,0,0.4841693999478593,0.0,156,0.8613487284962881,0.8918080720799182,0.8717948717948718,0.8700649675162418,0.7645059372825134,0.6923076923076923,0.9784075573549256
hayes-roth,0,3,-ConfSteer,KNN,0,0.4770244000246748,0.0,156,0.5403734579639135,0.6589115180491459,0.5854700854700855,0.5767676767676768,0.2682242289443305,0.3076923076923077,0.6691408007197482
hayes-roth,0,3,-ConfSteer,CART,0,0.4770244000246748,0.0,156,0.804511004885536,0.8483796839677038,0.8205128205128206,0.8180909545227385,0.6646521005762259,0.6153846153846154,0.9163292847503374
hayes-roth,0,3,-ConfSteer,SVM,0,0.4770244000246748,0.0,156,0.7793533875539825,0.8288940199911188,0.7948717948717948,0.7768281101614436,0.6131613157712157,0.6153846153846154,0.8283850652271706
hayes-roth,0,3,-ConfSteer,RF,0,0.4770244000246748,0.0,156,0.8281865557057361,0.8701063269755686,0.8461538461538461,0.8424242424242424,0.7226276285676672,0.6153846153846154,0.9271255060728744
hayes-roth,0,3,-ConfSteer,LGBM,0,0.4770244000246748,0.0,156,0.8613487284962881,0.8918080720799182,0.8717948717948718,0.8700649675162418,0.7645059372825134,0.6923076923076923,0.9784075573549256
hayes-roth,0,4,Full,KNN,0,0.4621996000641957,0.0,156,0.5678964045492971,0.6720220602840254,0.5885225885225885,0.5929181929181929,0.3395542365468266,0.3846153846153846,0.7124162168241117
hayes-roth,0,4,Full,CART,0,0.4621996000641957,0.0,156,0.8505807405659803,0.8878522407695417,0.8632478632478633,0.8631636562671045,0.7678231668150073,0.6666666666666666,0.9046333783175888
hayes-roth,0,4,Full,SVM,0,0.4621996000641957,0.0,156,0.7155046342512741,0.7812305735219403,0.7210012210012211,0.7380246913580247,0.5651888623310819,0.6153846153846154,0.8831337156995053
hayes-roth,0,4,Full,RF,0,0.4621996000641957,0.0,156,0.8505807405659803,0.8878522407695417,0.8632478632478633,0.8631636562671045,0.7678231668150073,0.6666666666666666,0.9246541835357625
hayes-roth,0,4,Full,LGBM,0,0.4621996000641957,0.0,156,0.859350232386425,0.8893772556311569,0.8653846153846154,0.8658078368223295,0.7590943943807944,0.75,0.9739850427350428
hayes-roth,0,4,-FeatWeights,KNN,0,0.1183554999297484,0.0,156,0.5678964045492971,0.6720220602840254,0.5885225885225885,0.5929181929181929,0.3395542365468266,0.3846153846153846,0.7080703360966519
hayes-roth,0,4,-FeatWeights,CART,0,0.1183554999297484,0.0,156,0.8505807405659803,0.8878522407695417,0.8632478632478633,0.8631636562671045,0.7678231668150073,0.6666666666666666,0.9046333783175888
hayes-roth,0,4,-FeatWeights,SVM,0,0.1183554999297484,0.0,156,0.7603371308769863,0.8149324396661016,0.7686202686202687,0.7768281101614436,0.6181708719784278,0.6153846153846154,0.8871822986954566
hayes-roth,0,4,-FeatWeights,RF,0,0.1183554999297484,0.0,156,0.8505807405659803,0.8878522407695417,0.8632478632478633,0.8631636562671045,0.7678231668150073,0.6666666666666666,0.9260430724246514
hayes-roth,0,4,-FeatWeights,LGBM,0,0.1183554999297484,0.0,156,0.859350232386425,0.8893772556311569,0.8653846153846154,0.8658078368223295,0.7590943943807944,0.75,0.9739850427350428
hayes-roth,0,4,-Subgroups,KNN,0,0.3681072000181302,0.0,156,0.5678964045492971,0.6720220602840254,0.5885225885225885,0.5929181929181929,0.3395542365468266,0.3846153846153846,0.7124162168241117
hayes-roth,0,4,-Subgroups,CART,0,0.3681072000181302,0.0,156,0.8505807405659803,0.8878522407695417,0.8632478632478633,0.8631636562671045,0.7678231668150073,0.6666666666666666,0.9046333783175888
hayes-roth,0,4,-Subgroups,SVM,0,0.3681072000181302,0.0,156,0.7155046342512741,0.7812305735219403,0.7210012210012211,0.7380246913580247,0.5651888623310819,0.6153846153846154,0.8831337156995053
hayes-roth,0,4,-Subgroups,RF,0,0.3681072000181302,0.0,156,0.8505807405659803,0.8878522407695417,0.8632478632478633,0.8631636562671045,0.7678231668150073,0.6666666666666666,0.9246541835357625
hayes-roth,0,4,-Subgroups,LGBM,0,0.3681072000181302,0.0,156,0.859350232386425,0.8893772556311569,0.8653846153846154,0.8658078368223295,0.7590943943807944,0.75,0.9739850427350428
hayes-roth,0,4,-Mahalanobis,KNN,0,0.459851499996148,0.0,156,0.5678964045492971,0.6720220602840254,0.5885225885225885,0.5929181929181929,0.3395542365468266,0.3846153846153846,0.7124162168241117
hayes-roth,0,4,-Mahalanobis,CART,0,0.459851499996148,0.0,156,0.8505807405659803,0.8878522407695417,0.8632478632478633,0.8631636562671045,0.7678231668150073,0.6666666666666666,0.9046333783175888
hayes-roth,0,4,-Mahalanobis,SVM,0,0.459851499996148,0.0,156,0.7155046342512741,0.7812305735219403,0.7210012210012211,0.7380246913580247,0.5651888623310819,0.6153846153846154,0.8831337156995053
hayes-roth,0,4,-Mahalanobis,RF,0,0.459851499996148,0.0,156,0.8505807405659803,0.8878522407695417,0.8632478632478633,0.8631636562671045,0.7678231668150073,0.6666666666666666,0.9246541835357625
hayes-roth,0,4,-Mahalanobis,LGBM,0,0.459851499996148,0.0,156,0.859350232386425,0.8893772556311569,0.8653846153846154,0.8658078368223295,0.7590943943807944,0.75,0.9739850427350428
hayes-roth,0,4,-NoiseGate,KNN,0,0.4486493999138474,0.0,156,0.5678964045492971,0.6720220602840254,0.5885225885225885,0.5929181929181929,0.3395542365468266,0.3846153846153846,0.7124162168241117
hayes-roth,0,4,-NoiseGate,CART,0,0.4486493999138474,0.0,156,0.8505807405659803,0.8878522407695417,0.8632478632478633,0.8631636562671045,0.7678231668150073,0.6666666666666666,0.9046333783175888
hayes-roth,0,4,-NoiseGate,SVM,0,0.4486493999138474,0.0,156,0.7155046342512741,0.7812305735219403,0.7210012210012211,0.7380246913580247,0.5651888623310819,0.6153846153846154,0.8831337156995053
hayes-roth,0,4,-NoiseGate,RF,0,0.4486493999138474,0.0,156,0.8505807405659803,0.8878522407695417,0.8632478632478633,0.8631636562671045,0.7678231668150073,0.6666666666666666,0.9246541835357625
hayes-roth,0,4,-NoiseGate,LGBM,0,0.4486493999138474,0.0,156,0.859350232386425,0.8893772556311569,0.8653846153846154,0.8658078368223295,0.7590943943807944,0.75,0.9739850427350428
hayes-roth,0,4,-ConfSteer,KNN,0,0.4531660999637097,0.0,156,0.5271883220009725,0.6372262056050965,0.5409035409035409,0.5529953917050691,0.2871364491706508,0.3846153846153846,0.7087647805410963
hayes-roth,0,4,-ConfSteer,CART,0,0.4531660999637097,0.0,156,0.8505807405659803,0.8878522407695417,0.8632478632478633,0.8631636562671045,0.7678231668150073,0.6666666666666666,0.9046333783175888
hayes-roth,0,4,-ConfSteer,SVM,0,0.4531660999637097,0.0,156,0.7155046342512741,0.7812305735219403,0.7210012210012211,0.7380246913580247,0.5651888623310819,0.6153846153846154,0.8831337156995053
hayes-roth,0,4,-ConfSteer,RF,0,0.4531660999637097,0.0,156,0.8505807405659803,0.8878522407695417,0.8632478632478633,0.8631636562671045,0.7678231668150073,0.6666666666666666,0.9246541835357625
hayes-roth,0,4,-ConfSteer,LGBM,0,0.4531660999637097,0.0,156,0.859350232386425,0.8893772556311569,0.8653846153846154,0.8658078368223295,0.7590943943807944,0.75,0.9739850427350428
heart-h,0,0,Full,KNN,0,0.7188980000792071,0.0,750,0.2998201171351574,0.5556743885472893,0.3497744360902255,0.3733802816901408,0.2938307063182283,0.1666666666666666,0.6399462472501202
heart-h,0,0,Full,CART,0,0.7188980000792071,0.0,750,0.0,0.5417135519642663,0.3397994987468671,0.3245614035087719,0.2616448741144506,0.0,0.6017037594793305
heart-h,0,0,Full,SVM,0,0.7188980000792071,0.0,750,0.2661982318412324,0.5442018172480477,0.3369924812030075,0.3484210526315789,0.2925189692599558,0.1428571428571428,0.6479714485374863
heart-h,0,0,Full,RF,0,0.7188980000792071,0.0,750,0.2710121612834821,0.55490268775357,0.352781954887218,0.3703898269751928,0.3222883970845961,0.1428571428571428,0.7471461854927595
heart-h,0,0,Full,LGBM,0,0.7188980000792071,0.0,750,0.0,0.5180216080885858,0.3136842105263158,0.3374074074074074,0.2293866027183907,0.0,0.7511249782252761
heart-h,0,0,-FeatWeights,KNN,0,0.1726694999961182,0.0,750,0.2977232671421473,0.5503384550188314,0.3445112781954887,0.3500891265597148,0.2781544101068009,0.1666666666666666,0.6464428629225054
heart-h,0,0,-FeatWeights,CART,0,0.1726694999961182,0.0,750,0.2933430745294958,0.5339687223194584,0.333984962406015,0.3409377476983111,0.2052387192949224,0.1666666666666666,0.5938419332883086
heart-h,0,0,-FeatWeights,SVM,0,0.1726694999961182,0.0,750,0.2661982318412324,0.5442242856427786,0.3369924812030075,0.3466894508999772,0.2925816211666784,0.1428571428571428,0.6586498519318778
heart-h,0,0,-FeatWeights,RF,0,0.1726694999961182,0.0,750,0.0,0.5784172543864206,0.375187969924812,0.3772222222222222,0.4010988871312159,0.0,0.7421166466399833
heart-h,0,0,-FeatWeights,LGBM,0,0.1726694999961182,0.0,750,0.3555354846039793,0.6039164876470755,0.4160902255639097,0.4383774250440916,0.3666518675002387,0.1666666666666666,0.7255336514969087
heart-h,0,0,-Subgroups,KNN,0,0.417629100033082,0.0,750,0.2977232671421473,0.5502751765575228,0.3445112781954887,0.3670588235294117,0.2772012856264586,0.1666666666666666,0.6395462086921868
heart-h,0,0,-Subgroups,CART,0,0.417629100033082,0.0,750,0.0,0.4817320222358051,0.2787468671679198,0.284032604032604,0.1332702231326902,0.0,0.555639531217982
heart-h,0,0,-Subgroups,SVM,0,0.417629100033082,0.0,750,0.2661982318412324,0.5442018172480477,0.3369924812030075,0.3484210526315789,0.2925189692599558,0.1428571428571428,0.6469520277067448
heart-h,0,0,-Subgroups,RF,0,0.417629100033082,0.0,750,0.269445511998277,0.5496010264384872,0.3475187969924812,0.3612345679012345,0.2992712127535098,0.1428571428571428,0.7459642009393748
heart-h,0,0,-Subgroups,LGBM,0,0.417629100033082,0.0,750,0.0,0.4955138161154378,0.2870175438596491,0.2962962962962963,0.2285209717175081,0.0,0.7385138079030831
heart-h,0,0,-Mahalanobis,KNN,0,0.5396811000537127,0.0,750,0.2998201171351574,0.5556743885472893,0.3497744360902255,0.3733802816901408,0.2938307063182283,0.1666666666666666,0.6399462472501202
heart-h,0,0,-Mahalanobis,CART,0,0.5396811000537127,0.0,750,0.0,0.5417135519642663,0.3397994987468671,0.3245614035087719,0.2616448741144506,0.0,0.6017037594793305
heart-h,0,0,-Mahalanobis,SVM,0,0.5396811000537127,0.0,750,0.2661982318412324,0.5442018172480477,0.3369924812030075,0.3484210526315789,0.2925189692599558,0.1428571428571428,0.6479714485374863
heart-h,0,0,-Mahalanobis,RF,0,0.5396811000537127,0.0,750,0.2710121612834821,0.55490268775357,0.352781954887218,0.3703898269751928,0.3222883970845961,0.1428571428571428,0.7482228743524673
heart-h,0,0,-Mahalanobis,LGBM,0,0.5396811000537127,0.0,750,0.0,0.4586558707318592,0.2470175438596491,0.2574074074074074,0.1936798319626972,0.0,0.744844123290002
heart-h,0,0,-NoiseGate,KNN,0,0.5727258999831975,0.0,750,0.2998201171351574,0.5556743885472893,0.3497744360902255,0.3733802816901408,0.2938307063182283,0.1666666666666666,0.6399462472501202
heart-h,0,0,-NoiseGate,CART,0,0.5727258999831975,0.0,750,0.0,0.5162824546801815,0.3187468671679198,0.3240326040326041,0.1637467470273752,0.0,0.5774913830698338
heart-h,0,0,-NoiseGate,SVM,0,0.5727258999831975,0.0,750,0.305781471019143,0.5679953269681052,0.365563909774436,0.3747846889952153,0.3226856186008084,0.1666666666666666,0.6628023372412648
heart-h,0,0,-NoiseGate,RF,0,0.5727258999831975,0.0,750,0.0,0.5422282326306658,0.3360902255639098,0.3477777777777778,0.3093679566390423,0.0,0.7558025849982156
heart-h,0,0,-NoiseGate,LGBM,0,0.5727258999831975,0.0,750,0.307669154386409,0.5762965398761909,0.3822556390977444,0.4049999999999999,0.3093679566390423,0.1428571428571428,0.7494855830109058
heart-h,0,0,-ConfSteer,KNN,0,0.5541057999944314,0.0,750,0.2977232671421473,0.5502751765575228,0.3445112781954887,0.3670588235294117,0.2772012856264586,0.1666666666666666,0.6395462086921868
heart-h,0,0,-ConfSteer,CART,0,0.5541057999944314,0.0,750,0.0,0.4817320222358051,0.2787468671679198,0.284032604032604,0.1332702231326902,0.0,0.555639531217982
heart-h,0,0,-ConfSteer,SVM,0,0.5541057999944314,0.0,750,0.2661982318412324,0.5442018172480477,0.3369924812030075,0.3484210526315789,0.2925189692599558,0.1428571428571428,0.6469520277067448
heart-h,0,0,-ConfSteer,RF,0,0.5541057999944314,0.0,750,0.269445511998277,0.5496010264384872,0.3475187969924812,0.3612345679012345,0.2992712127535098,0.1428571428571428,0.7459642009393748
heart-h,0,0,-ConfSteer,LGBM,0,0.5541057999944314,0.0,750,0.0,0.4955138161154378,0.2870175438596491,0.2962962962962963,0.2285209717175081,0.0,0.7385138079030831
heart-h,0,1,Full,KNN,0,0.5402201999677345,0.0,750,0.0,0.5461532308943221,0.3392481203007519,0.3309346945960218,0.2894077852410912,0.0,0.6007217123602427
heart-h,0,1,Full,CART,0,0.5402201999677345,0.0,750,0.0,0.5041522725412273,0.2969924812030075,0.3066666666666666,0.2419416071151484,0.0,0.5764018779411034
heart-h,0,1,Full,SVM,0,0.5402201999677345,0.0,750,0.3395157469135723,0.5962185407557586,0.4106766917293233,0.3838001867413632,0.2820075610287341,0.1428571428571428,0.6741241973665012
heart-h,0,1,Full,RF,0,0.5402201999677345,0.0,750,0.0,0.5487956216715664,0.3374937343358396,0.3403508771929824,0.3542671595509661,0.0,0.7868256302342698
heart-h,0,1,Full,LGBM,0,0.5402201999677345,0.0,750,0.0,0.6013917566232897,0.4080200501253133,0.4395061728395061,0.4015318395051918,0.0,0.7735681285135108
heart-h,0,1,-FeatWeights,KNN,0,0.1850964999757707,0.0,750,0.0,0.5479137574770926,0.3392481203007519,0.3311312217194569,0.3018450256922171,0.0,0.606182705998992
heart-h,0,1,-FeatWeights,CART,0,0.1850964999757707,0.0,750,0.0,0.464595205501329,0.2531328320802005,0.2531328320802005,0.172616222832852,0.0,0.552921036262645
heart-h,0,1,-FeatWeights,SVM,0,0.1850964999757707,0.0,750,0.0,0.5685019757938291,0.3759398496240601,0.3354783354783354,0.2579834573107215,0.0,0.6700495049104781
heart-h,0,1,-FeatWeights,RF,0,0.1850964999757707,0.0,750,0.0,0.5360996942291486,0.3322305764411027,0.3372778417082214,0.2868541192366016,0.0,0.7738704687860597
heart-h,0,1,-FeatWeights,LGBM,0,0.1850964999757707,0.0,750,0.0,0.5840087503939584,0.3847117794486215,0.415609756097561,0.3952929511203334,0.0,0.7431952118645268
heart-h,0,1,-Subgroups,KNN,0,0.4004982999758795,0.0,750,0.0,0.5717584949105076,0.3678195488721804,0.351131221719457,0.3298024142571163,0.0,0.6030387349602842
heart-h,0,1,-Subgroups,CART,0,0.4004982999758795,0.0,750,0.0,0.5564457174011238,0.3555388471177944,0.3565945165945166,0.3107314920421251,0.0,0.613209655933092
heart-h,0,1,-Subgroups,SVM,0,0.4004982999758795,0.0,750,0.3395157469135723,0.5962185407557586,0.4106766917293233,0.3838001867413632,0.2820075610287341,0.1428571428571428,0.6731964425658568
heart-h,0,1,-Subgroups,RF,0,0.4004982999758795,0.0,750,0.0,0.5997490818323464,0.3979949874686716,0.3899567099567099,0.4367913636209845,0.0,0.7732214728888016
heart-h,0,1,-Subgroups,LGBM,0,0.4004982999758795,0.0,750,0.0,0.5542955099706948,0.3466165413533834,0.3622764227642276,0.3919967055425049,0.0,0.7556506934163341
heart-h,0,1,-Mahalanobis,KNN,0,0.53183870005887,0.0,750,0.0,0.5461532308943221,0.3392481203007519,0.3309346945960218,0.2894077852410912,0.0,0.6007217123602427
heart-h,0,1,-Mahalanobis,CART,0,0.53183870005887,0.0,750,0.0,0.534378645884554,0.3322305764411027,0.3422222222222222,0.2753139253675911,0.0,0.5958778649170904
heart-h,0,1,-Mahalanobis,SVM,0,0.53183870005887,0.0,750,0.3395157469135723,0.5962185407557586,0.4106766917293233,0.3838001867413632,0.2820075610287341,0.1428571428571428,0.6738735708000853
heart-h,0,1,-Mahalanobis,RF,0,0.53183870005887,0.0,750,0.0,0.5692541194761842,0.365563909774436,0.3641786283891547,0.3532543277004473,0.0,0.7846348474799318
heart-h,0,1,-Mahalanobis,LGBM,0,0.53183870005887,0.0,750,0.0,0.6065697804255061,0.4132832080200501,0.4483370288248337,0.428545604904014,0.0,0.7694576547803955
heart-h,0,1,-NoiseGate,KNN,0,0.5497354000108317,0.0,750,0.0,0.5461532308943221,0.3392481203007519,0.3309346945960218,0.2894077852410912,0.0,0.5982973823043337
heart-h,0,1,-NoiseGate,CART,0,0.5497354000108317,0.0,750,0.0,0.5171163520173758,0.308922305764411,0.321021756021756,0.2775218062812769,0.0,0.5872711451261601
heart-h,0,1,-NoiseGate,SVM,0,0.5497354000108317,0.0,750,0.3395157469135723,0.5962185407557586,0.4106766917293233,0.3838001867413632,0.2820075610287341,0.1428571428571428,0.6763903408739556
heart-h,0,1,-NoiseGate,RF,0,0.5497354000108317,0.0,750,0.0,0.6252337318883903,0.4327318295739348,0.422017543859649,0.4449196260251018,0.0,0.7876920914607111
heart-h,0,1,-NoiseGate,LGBM,0,0.5497354000108317,0.0,750,0.0,0.5784085028873824,0.3799498746867167,0.4262212486308872,0.384125163680829,0.0,0.7783541804842699
heart-h,0,1,-ConfSteer,KNN,0,0.5391299000475556,0.0,750,0.0,0.5717584949105076,0.3678195488721804,0.351131221719457,0.3298024142571163,0.0,0.6030387349602842
heart-h,0,1,-ConfSteer,CART,0,0.5391299000475556,0.0,750,0.0,0.5564457174011238,0.3555388471177944,0.3565945165945166,0.3107314920421251,0.0,0.613209655933092
heart-h,0,1,-ConfSteer,SVM,0,0.5391299000475556,0.0,750,0.3395157469135723,0.5962185407557586,0.4106766917293233,0.3838001867413632,0.2820075610287341,0.1428571428571428,0.6731964425658568
heart-h,0,1,-ConfSteer,RF,0,0.5391299000475556,0.0,750,0.0,0.5997490818323464,0.3979949874686716,0.3899567099567099,0.4367913636209845,0.0,0.7732214728888016
heart-h,0,1,-ConfSteer,LGBM,0,0.5391299000475556,0.0,750,0.0,0.5542955099706948,0.3466165413533834,0.3622764227642276,0.3919967055425049,0.0,0.7556506934163341
heart-h,0,2,Full,KNN,0,0.5606999000301585,0.0,750,0.304819875017835,0.5583091483785773,0.3590977443609023,0.3196962600241289,0.2330646411636362,0.1428571428571428,0.6295238822746271
heart-h,0,2,Full,CART,0,0.5606999000301585,0.0,750,0.0,0.4146398113582776,0.2076691729323308,0.1953886693017127,0.079433994359401,0.0,0.5177770381444662
heart-h,0,2,Full,SVM,0,0.5606999000301585,0.0,750,0.0,0.4391897093129322,0.221203007518797,0.2150469483568075,0.2095115220747906,0.0,0.5777702702975791
heart-h,0,2,Full,RF,0,0.5606999000301585,0.0,750,0.0,0.5696940691869881,0.3669674185463659,0.3490667701194017,0.3177039626479446,0.0,0.7318679621162243
heart-h,0,2,Full,LGBM,0,0.5606999000301585,0.0,750,0.0,0.5502214389615083,0.3511779448621553,0.319164799744977,0.2422857956759917,0.0,0.6838878299603226
heart-h,0,2,-FeatWeights,KNN,0,0.1916964999400079,0.0,750,0.307669154386409,0.5635842357393872,0.3643609022556391,0.3278483944897606,0.2459502687787583,0.1428571428571428,0.6396060118850586
heart-h,0,2,-FeatWeights,CART,0,0.1916964999400079,0.0,750,0.0,0.4875328612595075,0.2815037593984962,0.2521739130434782,0.1590055026581009,0.0,0.5629279304130346
heart-h,0,2,-FeatWeights,SVM,0,0.1916964999400079,0.0,750,0.0,0.4329397906935656,0.2159398496240601,0.2107936507936508,0.1929284000590471,0.0,0.5941092005938083
heart-h,0,2,-FeatWeights,RF,0,0.1916964999400079,0.0,750,0.0,0.5182615703151304,0.305563909774436,0.2984210526315789,0.2923654562767986,0.0,0.7648465998490825
heart-h,0,2,-FeatWeights,LGBM,0,0.1916964999400079,0.0,750,0.0,0.5555644198515043,0.3564411027568922,0.3254380754380754,0.2596096992101257,0.0,0.665700998585805
heart-h,0,2,-Subgroups,KNN,0,0.4081507000373676,0.0,750,0.304819875017835,0.5583091483785773,0.3590977443609023,0.3196962600241289,0.2330646411636362,0.1428571428571428,0.6295238822746271
heart-h,0,2,-Subgroups,CART,0,0.4081507000373676,0.0,750,0.0,0.4526343405427902,0.2457644110275689,0.2307459207459207,0.0949959780424587,0.0,0.5396997695011597
heart-h,0,2,-Subgroups,SVM,0,0.4081507000373676,0.0,750,0.0,0.4391897093129322,0.221203007518797,0.2150469483568075,0.2095115220747906,0.0,0.5821017185763958
heart-h,0,2,-Subgroups,RF,0,0.4081507000373676,0.0,750,0.0,0.5750111321250202,0.3722305764411027,0.3545050505050505,0.3362759301191906,0.0,0.7525009993133132
heart-h,0,2,-Subgroups,LGBM,0,0.4081507000373676,0.0,750,0.0,0.5226528466024397,0.3226065162907268,0.2998095238095238,0.1859584508828236,0.0,0.6978502658840295
heart-h,0,2,-Mahalanobis,KNN,0,0.5425619999878109,0.0,750,0.304819875017835,0.5583091483785773,0.3590977443609023,0.3196962600241289,0.2330646411636362,0.1428571428571428,0.6295238822746271
heart-h,0,2,-Mahalanobis,CART,0,0.5425619999878109,0.0,750,0.0,0.4146398113582776,0.2076691729323308,0.1953886693017127,0.079433994359401,0.0,0.5177770381444662
heart-h,0,2,-Mahalanobis,SVM,0,0.5425619999878109,0.0,750,0.0,0.4391897093129322,0.221203007518797,0.2150469483568075,0.2095115220747906,0.0,0.5777702702975791
heart-h,0,2,-Mahalanobis,RF,0,0.5425619999878109,0.0,750,0.0,0.51261480552571,0.3003007518796992,0.2851194295900178,0.2731158755846335,0.0,0.7265453041570222
heart-h,0,2,-Mahalanobis,LGBM,0,0.5425619999878109,0.0,750,0.0,0.5536516516495211,0.3564411027568922,0.3328717948717948,0.2458783961672889,0.0,0.6928750557251053
heart-h,0,2,-NoiseGate,KNN,0,0.5460486999945715,0.0,750,0.3018598979329654,0.5529734189995076,0.3538345864661654,0.3145341614906832,0.2197356783980964,0.1428571428571428,0.6329507185962002
heart-h,0,2,-NoiseGate,CART,0,0.5460486999945715,0.0,750,0.0,0.5323407283139029,0.330125313283208,0.3043946932006633,0.2056961073114058,0.0,0.5942733830221416
heart-h,0,2,-NoiseGate,SVM,0,0.5460486999945715,0.0,750,0.0,0.4391897093129322,0.221203007518797,0.2150469483568075,0.2095115220747906,0.0,0.5783197208470297
heart-h,0,2,-NoiseGate,RF,0,0.5460486999945715,0.0,750,0.0,0.5731704851280897,0.3722305764411027,0.3548738155549301,0.3247604830390195,0.0,0.7346236691147316
heart-h,0,2,-NoiseGate,LGBM,0,0.5460486999945715,0.0,750,0.0,0.5536516516495211,0.3564411027568922,0.3328717948717948,0.2458783961672889,0.0,0.6946951397199659
heart-h,0,2,-ConfSteer,KNN,0,0.5338326999917626,0.0,750,0.304819875017835,0.5583091483785773,0.3590977443609023,0.3196962600241289,0.2330646411636362,0.1428571428571428,0.6295238822746271
heart-h,0,2,-ConfSteer,CART,0,0.5338326999917626,0.0,750,0.0,0.4526343405427902,0.2457644110275689,0.2307459207459207,0.0949959780424587,0.0,0.5396997695011597
heart-h,0,2,-ConfSteer,SVM,0,0.5338326999917626,0.0,750,0.0,0.4391897093129322,0.221203007518797,0.2150469483568075,0.2095115220747906,0.0,0.5822405352196812
heart-h,0,2,-ConfSteer,RF,0,0.5338326999917626,0.0,750,0.0,0.5660485258427402,0.3669674185463659,0.3525518341307815,0.2931962891155399,0.0,0.7561689166877846
heart-h,0,2,-ConfSteer,LGBM,0,0.5338326999917626,0.0,750,0.0,0.5573827898812055,0.3564411027568922,0.3246442517997715,0.2718817831395186,0.0,0.7015815118347393
heart-h,0,3,Full,KNN,0,0.5394266999792308,0.0,755,0.5462785603484184,0.7132816564549856,0.5592792792792792,0.5168964368964369,0.4533264676172888,0.4,0.7666128280362463
heart-h,0,3,Full,CART,0,0.5394266999792308,0.0,755,0.0,0.5961679346469764,0.3988288288288288,0.3690140845070422,0.3493867568525245,0.0,0.6449892833938339
heart-h,0,3,Full,SVM,0,0.5394266999792308,0.0,755,0.0,0.5619615609435391,0.3588288288288289,0.3624787997390736,0.3218625130424381,0.0,0.738616559970611
heart-h,0,3,Full,RF,0,0.5394266999792308,0.0,755,0.4644913733566382,0.6755051281057263,0.5013063063063063,0.5031468251367314,0.4724324609556872,0.3333333333333333,0.8282508156786736
heart-h,0,3,Full,LGBM,0,0.5394266999792308,0.0,755,0.4283111701871691,0.6530353708317772,0.4763063063063063,0.5061052631578946,0.4231536491880466,0.25,0.7973105705125683
heart-h,0,3,-FeatWeights,KNN,0,0.1779793000314384,0.0,755,0.5462785603484184,0.7132542592420341,0.5592792792792792,0.5163636363636364,0.4530560097649383,0.4,0.7658366062417117
heart-h,0,3,-FeatWeights,CART,0,0.1779793000314384,0.0,755,0.0,0.5545397823303178,0.3492342342342341,0.364058795637743,0.3125536000648827,0.0,0.6148866268649842
heart-h,0,3,-FeatWeights,SVM,0,0.1779793000314384,0.0,755,0.0,0.5619615609435391,0.3588288288288289,0.3624787997390736,0.3218625130424381,0.0,0.7411533359757555
heart-h,0,3,-FeatWeights,RF,0,0.1779793000314384,0.0,755,0.4644913733566382,0.6737579076229994,0.5013063063063063,0.5174174174174174,0.4677246497980676,0.3333333333333333,0.8448228404832179
heart-h,0,3,-FeatWeights,LGBM,0,0.1779793000314384,0.0,755,0.0,0.5990857581318403,0.4042342342342341,0.4024001034527351,0.371125163781847,0.0,0.810523900235332
heart-h,0,3,-Subgroups,KNN,0,0.3913558999774977,0.0,755,0.5462785603484184,0.7132816564549856,0.5592792792792792,0.5168964368964369,0.4533264676172888,0.4,0.7615895121305776
heart-h,0,3,-Subgroups,CART,0,0.3913558999774977,0.0,755,0.0,0.5625905585066351,0.3588288288288288,0.3438095238095238,0.3082139560760817,0.0,0.6204438288483793
heart-h,0,3,-Subgroups,SVM,0,0.3913558999774977,0.0,755,0.0,0.5619615609435391,0.3588288288288289,0.3624787997390736,0.3218625130424381,0.0,0.7398474967897831
heart-h,0,3,-Subgroups,RF,0,0.3913558999774977,0.0,755,0.4644913733566382,0.6734220972042444,0.5013063063063063,0.5218618618618619,0.4637307645487099,0.3333333333333333,0.8257174011724512
heart-h,0,3,-Subgroups,LGBM,0,0.3913558999774977,0.0,755,0.4283111701871691,0.6549970652275398,0.4763063063063063,0.4950782361308677,0.4322264009813305,0.25,0.8016351613299448
heart-h,0,3,-Mahalanobis,KNN,0,0.5181051000254229,0.0,755,0.5462785603484184,0.7132816564549856,0.5592792792792792,0.5168964368964369,0.4533264676172888,0.4,0.7666128280362463
heart-h,0,3,-Mahalanobis,CART,0,0.5181051000254229,0.0,755,0.0,0.5397725193560755,0.3338288288288288,0.3425790503656401,0.2659251769464105,0.0,0.6032972961358088
heart-h,0,3,-Mahalanobis,SVM,0,0.5181051000254229,0.0,755,0.0,0.5619615609435391,0.3588288288288289,0.3624787997390736,0.3218625130424381,0.0,0.738616559970611
heart-h,0,3,-Mahalanobis,RF,0,0.5181051000254229,0.0,755,0.4644913733566382,0.6756350386971566,0.5013063063063063,0.4971317875427464,0.4732946346831549,0.3333333333333333,0.8224382407401276
heart-h,0,3,-Mahalanobis,LGBM,0,0.5181051000254229,0.0,755,0.4283111701871691,0.6530353708317772,0.4763063063063063,0.5061052631578946,0.4231536491880466,0.25,0.80723916336014
heart-h,0,3,-NoiseGate,KNN,0,0.5322615000186488,0.0,755,0.5462785603484184,0.7132816564549856,0.5592792792792792,0.5168964368964369,0.4533264676172888,0.4,0.7639113297465128
heart-h,0,3,-NoiseGate,CART,0,0.5322615000186488,0.0,755,0.0,0.5554721975246584,0.3534234234234233,0.3344444444444444,0.2776014522257344,0.0,0.6132268685653812
heart-h,0,3,-NoiseGate,SVM,0,0.5322615000186488,0.0,755,0.0,0.5619615609435391,0.3588288288288289,0.3624787997390736,0.3218625130424381,0.0,0.7379876291530009
heart-h,0,3,-NoiseGate,RF,0,0.5322615000186488,0.0,755,0.4644913733566382,0.6757649243142787,0.5013063063063063,0.4939104990273403,0.4746225086173076,0.3333333333333333,0.8281189939236553
heart-h,0,3,-NoiseGate,LGBM,0,0.5322615000186488,0.0,755,0.4256001220954928,0.6478957167734228,0.4709009009009008,0.5009009009009009,0.40207386194926,0.25,0.795751487105538
heart-h,0,3,-ConfSteer,KNN,0,0.5487020000582561,0.0,755,0.5462785603484184,0.7132816564549856,0.5592792792792792,0.5168964368964369,0.4533264676172888,0.4,0.7642910104203111
heart-h,0,3,-ConfSteer,CART,0,0.5487020000582561,0.0,755,0.0,0.5625905585066351,0.3588288288288288,0.3438095238095238,0.3082139560760817,0.0,0.6204438288483793
heart-h,0,3,-ConfSteer,SVM,0,0.5487020000582561,0.0,755,0.0,0.5619615609435391,0.3588288288288289,0.3624787997390736,0.3218625130424381,0.0,0.7398474967897831
heart-h,0,3,-ConfSteer,RF,0,0.5487020000582561,0.0,755,0.4644913733566382,0.6734220972042444,0.5013063063063063,0.5218618618618619,0.4637307645487099,0.3333333333333333,0.8402208789139977
heart-h,0,3,-ConfSteer,LGBM,0,0.5487020000582561,0.0,755,0.4283111701871691,0.6549970652275398,0.4763063063063063,0.4950782361308677,0.4322264009813305,0.25,0.786958432407933
heart-h,0,4,Full,KNN,0,0.5157960000215098,0.0,755,0.0,0.5483553132237522,0.3409459459459459,0.3235204991087343,0.3029682632253168,0.0,0.647154107918259
heart-h,0,4,Full,CART,0,0.5157960000215098,0.0,755,0.0,0.5250373741731001,0.3159459459459459,0.297767160375856,0.2640464762700953,0.0,0.5942251987346328
heart-h,0,4,Full,SVM,0,0.5157960000215098,0.0,755,0.0,0.5222100327876448,0.3125675675675675,0.3027692307692308,0.2796244933242509,0.0,0.7332072679148152
heart-h,0,4,Full,RF,0,0.5157960000215098,0.0,755,0.0,0.5000640204846474,0.2833783783783783,0.2797448165869219,0.3030817456603252,0.0,0.7872489552772571
heart-h,0,4,Full,LGBM,0,0.5157960000215098,0.0,755,0.0,0.5335938218887456,0.3233783783783783,0.3137751137751138,0.3244622692268156,0.0,0.77221763898179
heart-h,0,4,-FeatWeights,KNN,0,0.1800674000987783,0.0,755,0.0,0.5546652127918451,0.3497297297297297,0.3221226142278773,0.2935460496798258,0.0,0.6108019734387659
heart-h,0,4,-FeatWeights,CART,0,0.1800674000987783,0.0,755,0.0,0.5066342616375915,0.2955405405405405,0.2879411764705882,0.2451905204467078,0.0,0.58202249603193
heart-h,0,4,-FeatWeights,SVM,0,0.1800674000987783,0.0,755,0.0,0.5278708064236748,0.3179729729729729,0.3032928475033738,0.3008304669148877,0.0,0.7328444891841118
heart-h,0,4,-FeatWeights,RF,0,0.1800674000987783,0.0,755,0.2702460785525003,0.5514030247379872,0.3446396396396396,0.3338701298701299,0.3134851653686483,0.125,0.762132317198355
heart-h,0,4,-FeatWeights,LGBM,0,0.1800674000987783,0.0,755,0.0,0.4909667172303434,0.2779729729729729,0.2597402597402597,0.2595572186042052,0.0,0.8151406727727482
heart-h,0,4,-Subgroups,KNN,0,0.4167491000844165,0.0,755,0.0,0.5482849206682628,0.3409459459459459,0.3229182582123758,0.3013506413913707,0.0,0.6457740661514247
heart-h,0,4,-Subgroups,CART,0,0.4167491000844165,0.0,755,0.0,0.5250373741731001,0.3159459459459459,0.297767160375856,0.2640464762700953,0.0,0.5942251987346328
heart-h,0,4,-Subgroups,SVM,0,0.4167491000844165,0.0,755,0.0,0.5222100327876448,0.3125675675675675,0.3027692307692308,0.2796244933242509,0.0,0.7332072679148152
heart-h,0,4,-Subgroups,RF,0,0.4167491000844165,0.0,755,0.0,0.5297090058013952,0.3179729729729729,0.3048080808080808,0.3166539531959095,0.0,0.7594660710698448
heart-h,0,4,-Subgroups,LGBM,0,0.4167491000844165,0.0,755,0.0,0.5279121337205029,0.317972972972973,0.3077372919478182,0.3015928848190189,0.0,0.7772679137113099
heart-h,0,4,-Mahalanobis,KNN,0,0.5344328999053687,0.0,755,0.0,0.5483553132237522,0.3409459459459459,0.3235204991087343,0.3029682632253168,0.0,0.6458967076608586
heart-h,0,4,-Mahalanobis,CART,0,0.5344328999053687,0.0,755,0.0,0.4896149106810896,0.2759459459459459,0.270807453416149,0.2349314100409404,0.0,0.5723384062818025
heart-h,0,4,-Mahalanobis,SVM,0,0.5344328999053687,0.0,755,0.0,0.5222100327876448,0.3125675675675675,0.3027692307692308,0.2796244933242509,0.0,0.7332072679148152
heart-h,0,4,-Mahalanobis,RF,0,0.5344328999053687,0.0,755,0.0,0.5408953491180988,0.3287837837837837,0.3145254745254745,0.3566007182027771,0.0,0.7657033550335437
heart-h,0,4,-Mahalanobis,LGBM,0,0.5344328999053687,0.0,755,0.0,0.5279121337205029,0.317972972972973,0.3108452950558214,0.3009011571082213,0.0,0.7535417138530346
heart-h,0,4,-NoiseGate,KNN,0,0.5950216000201181,0.0,755,0.0,0.5482849206682628,0.3409459459459459,0.3229182582123758,0.3013506413913707,0.0,0.6575375250280912
heart-h,0,4,-NoiseGate,CART,0,0.5950216000201181,0.0,755,0.0,0.5323234118663626,0.3213513513513514,0.3057620640229336,0.2911426960193952,0.0,0.6015765986520704
heart-h,0,4,-NoiseGate,SVM,0,0.5950216000201181,0.0,755,0.0,0.5222100327876448,0.3125675675675675,0.3027692307692308,0.2796244933242509,0.0,0.7334498676574148
heart-h,0,4,-NoiseGate,RF,0,0.5950216000201181,0.0,755,0.0,0.5284942438833785,0.3137837837837837,0.3240981240981241,0.3552491000367532,0.0,0.7768874856233347
heart-h,0,4,-NoiseGate,LGBM,0,0.5950216000201181,0.0,755,0.0,0.5352235728483704,0.3233783783783783,0.3100478468899522,0.3326392111974474,0.0,0.7899042773476734
heart-h,0,4,-ConfSteer,KNN,0,0.543534200056456,0.0,755,0.0,0.5482849206682628,0.3409459459459459,0.3229182582123758,0.3013506413913707,0.0,0.6457740661514247
heart-h,0,4,-ConfSteer,CART,0,0.543534200056456,0.0,755,0.0,0.5250373741731001,0.3159459459459459,0.297767160375856,0.2640464762700953,0.0,0.5942251987346328
heart-h,0,4,-ConfSteer,SVM,0,0.543534200056456,0.0,755,0.0,0.5222100327876448,0.3125675675675675,0.3027692307692308,0.2796244933242509,0.0,0.7332072679148152
heart-h,0,4,-ConfSteer,RF,0,0.543534200056456,0.0,755,0.0,0.5297090058013952,0.3179729729729729,0.3048080808080808,0.3166539531959095,0.0,0.7594660710698448
heart-h,0,4,-ConfSteer,LGBM,0,0.543534200056456,0.0,755,0.0,0.5042451205153292,0.2887837837837838,0.2722610722610722,0.3133811076220768,0.0,0.7726687991593651
hypothyroid,0,0,Full,KNN,0,1.967040600022301,0.0,8352,0.6216588324035944,0.7317846302717358,0.6561579702484331,0.6319529383976887,0.3264910252260377,0.3947368421052631,0.7915287381414128
hypothyroid,0,0,Full,CART,0,1.967040600022301,0.0,8352,0.9995215310274362,0.999528105267484,0.9995217599234816,0.9954317039744176,0.9907997779517834,0.9985652797704448,0.9995281052876254
hypothyroid,0,0,Full,SVM,0,1.967040600022301,0.0,8352,0.8640531356051043,0.8986562754052565,0.8700193813083642,0.8638573025463513,0.7568031401181374,0.7368421052631579,0.9354116772628496
hypothyroid,0,0,Full,RF,0,1.967040600022301,0.0,8352,0.9980833685647678,0.998112420827783,0.9980870396939264,0.9823741007194244,0.9645560044920573,0.994261119081779,0.999596823296268
hypothyroid,0,0,Full,LGBM,0,1.967040600022301,0.0,8352,0.9980833685647678,0.998112420827783,0.9980870396939264,0.9823741007194244,0.9645560044920573,0.994261119081779,0.9998096976663076
hypothyroid,0,0,-FeatWeights,KNN,0,1.226062500034459,0.0,8352,0.6790347479675977,0.7626280988933825,0.6933222582999824,0.6355927904345929,0.3554171580588032,0.5263157894736842,0.8291927448374569
hypothyroid,0,0,-FeatWeights,CART,0,1.226062500034459,0.0,8352,0.981669102183804,0.9904865379859834,0.9819779002743588,0.9822046907474044,0.9815725281879908,0.9473684210526316,0.9905234007889484
hypothyroid,0,0,-FeatWeights,SVM,0,1.226062500034459,0.0,8352,0.8636306156670214,0.8981781019849662,0.8695411412318458,0.8665682649002537,0.750037842382552,0.7368421052631579,0.940289874313478
hypothyroid,0,0,-FeatWeights,RF,0,1.226062500034459,0.0,8352,0.9807279040015706,0.986870969835458,0.981021420121322,0.9773749087367596,0.963510529848534,0.9473684210526316,0.9997871256299604
hypothyroid,0,0,-FeatWeights,LGBM,0,1.226062500034459,0.0,8352,0.9897259103231256,0.9912732679713852,0.9897933499458834,0.9819481284998526,0.9634878566240191,0.9736842105263158,0.9998058365444508
hypothyroid,0,0,-Subgroups,KNN,0,0.8617950000334531,0.0,8352,0.6216588324035944,0.7317846302717358,0.6561579702484331,0.6319529383976887,0.3264910252260377,0.3947368421052631,0.7915287381414128
hypothyroid,0,0,-Subgroups,CART,0,0.8617950000334531,0.0,8352,0.9995215310274362,0.999528105267484,0.9995217599234816,0.9954317039744176,0.9907997779517834,0.9985652797704448,0.9995281052876254
hypothyroid,0,0,-Subgroups,SVM,0,0.8617950000334531,0.0,8352,0.8640531356051043,0.8986562754052565,0.8700193813083642,0.8638573025463513,0.7568031401181374,0.7368421052631579,0.9354116772628496
hypothyroid,0,0,-Subgroups,RF,0,0.8617950000334531,0.0,8352,0.9980833685647678,0.998112420827783,0.9980870396939264,0.9823741007194244,0.9645560044920573,0.994261119081779,0.999596823296268
hypothyroid,0,0,-Subgroups,LGBM,0,0.8617950000334531,0.0,8352,0.9980833685647678,0.998112420827783,0.9980870396939264,0.9823741007194244,0.9645560044920573,0.994261119081779,0.9998096976663076
hypothyroid,0,0,-Mahalanobis,KNN,0,2.037789599969983,0.0,8352,0.6216588324035944,0.7317846302717358,0.6561579702484331,0.6319529383976887,0.3264910252260377,0.3947368421052631,0.7915287381414128
hypothyroid,0,0,-Mahalanobis,CART,0,2.037789599969983,0.0,8352,0.9995215310274362,0.999528105267484,0.9995217599234816,0.9954317039744176,0.9907997779517834,0.9985652797704448,0.9995281052876254
hypothyroid,0,0,-Mahalanobis,SVM,0,2.037789599969983,0.0,8352,0.8640531356051043,0.8986562754052565,0.8700193813083642,0.8638573025463513,0.7568031401181374,0.7368421052631579,0.9354116772628496
hypothyroid,0,0,-Mahalanobis,RF,0,2.037789599969983,0.0,8352,0.9980833685647678,0.998112420827783,0.9980870396939264,0.9823741007194244,0.9645560044920573,0.994261119081779,0.999596823296268
hypothyroid,0,0,-Mahalanobis,LGBM,0,2.037789599969983,0.0,8352,0.9980833685647678,0.998112420827783,0.9980870396939264,0.9823741007194244,0.9645560044920573,0.994261119081779,0.9998096976663076
hypothyroid,0,0,-NoiseGate,KNN,0,1.9853240000084045,0.0,8352,0.6216588324035944,0.7317846302717358,0.6561579702484331,0.6319529383976887,0.3264910252260377,0.3947368421052631,0.7915287381414128
hypothyroid,0,0,-NoiseGate,CART,0,1.9853240000084045,0.0,8352,0.9995215310274362,0.999528105267484,0.9995217599234816,0.9954317039744176,0.9907997779517834,0.9985652797704448,0.9995281052876254
hypothyroid,0,0,-NoiseGate,SVM,0,1.9853240000084045,0.0,8352,0.8640531356051043,0.8986562754052565,0.8700193813083642,0.8638573025463513,0.7568031401181374,0.7368421052631579,0.9354116772628496
hypothyroid,0,0,-NoiseGate,RF,0,1.9853240000084045,0.0,8352,0.9980833685647678,0.998112420827783,0.9980870396939264,0.9823741007194244,0.9645560044920573,0.994261119081779,0.999596823296268
hypothyroid,0,0,-NoiseGate,LGBM,0,1.9853240000084045,0.0,8352,0.9980833685647678,0.998112420827783,0.9980870396939264,0.9823741007194244,0.9645560044920573,0.994261119081779,0.9998096976663076
hypothyroid,0,0,-ConfSteer,KNN,0,1.8596081000287088,0.0,8352,0.6216588324035944,0.7317846302717358,0.6561579702484331,0.6319529383976887,0.3264910252260377,0.3947368421052631,0.7915287381414128
hypothyroid,0,0,-ConfSteer,CART,0,1.8596081000287088,0.0,8352,0.9995215310274362,0.999528105267484,0.9995217599234816,0.9954317039744176,0.9907997779517834,0.9985652797704448,0.9995281052876254
hypothyroid,0,0,-ConfSteer,SVM,0,1.8596081000287088,0.0,8352,0.8640531356051043,0.8986562754052565,0.8700193813083642,0.8638573025463513,0.7568031401181374,0.7368421052631579,0.9354116772628496
hypothyroid,0,0,-ConfSteer,RF,0,1.8596081000287088,0.0,8352,0.9980833685647678,0.998112420827783,0.9980870396939264,0.9823741007194244,0.9645560044920573,0.994261119081779,0.999596823296268
hypothyroid,0,0,-ConfSteer,LGBM,0,1.8596081000287088,0.0,8352,0.9980833685647678,0.998112420827783,0.9980870396939264,0.9823741007194244,0.9645560044920573,0.994261119081779,0.9998096976663076
hypothyroid,0,1,Full,KNN,0,1.9491334999911487,0.0,8355,0.7063145180864815,0.7853112645151741,0.7367509733662184,0.6990667802789016,0.4070538470557867,0.4615384615384615,0.8414682233377436
hypothyroid,0,1,Full,CART,0,1.9491334999911487,0.0,8355,0.9826051567826208,0.9857018884974926,0.982905982905983,0.9907498300989204,0.9815394158753488,0.9487179487179488,0.98570586501621
hypothyroid,0,1,Full,SVM,0,1.9491334999911487,0.0,8355,0.8933832549432402,0.9244960087705408,0.8983491553818231,0.8710211074202915,0.7864703508349709,0.7692307692307693,0.9460646303162564
hypothyroid,0,1,Full,RF,0,1.9491334999911487,0.0,8355,1.0,1.0,1.0,1.0,1.0,1.0,1.0
hypothyroid,0,1,Full,LGBM,0,1.9491334999911487,0.0,8355,0.981197376502188,0.9900129095467894,0.9814982859447468,0.978165695671691,0.9731112110577268,0.9473684210526316,0.999943062821504
hypothyroid,0,1,-FeatWeights,KNN,0,1.2841765999328345,0.0,8355,0.7249314933209616,0.7967146490598728,0.7457032280081282,0.6832654054006989,0.3976968543384622,0.5128205128205128,0.8389862507776414
hypothyroid,0,1,-FeatWeights,CART,0,1.2841765999328345,0.0,8355,0.9913788813506662,0.992851945536184,0.9914529914529916,0.9954317039744176,0.9907997779517834,0.9743589743589745,0.9928529325081048
hypothyroid,0,1,-FeatWeights,SVM,0,1.2841765999328345,0.0,8355,0.8641207120595984,0.9051593283846356,0.869384723967301,0.8317365281832286,0.7303105443324871,0.7435897435897436,0.9485892491872264
hypothyroid,0,1,-FeatWeights,RF,0,1.2841765999328345,0.0,8355,1.0,1.0,1.0,1.0,1.0,1.0,1.0
hypothyroid,0,1,-FeatWeights,LGBM,0,1.2841765999328345,0.0,8355,0.9816684266832856,0.9904855459211288,0.981977213147812,0.9824180219040032,0.9818638269228672,0.9473684210526316,0.9999311089633964
hypothyroid,0,1,-Subgroups,KNN,0,0.9099298000801356,0.0,8355,0.7063145180864815,0.7853112645151741,0.7367509733662184,0.6990667802789016,0.4070538470557867,0.4615384615384615,0.8414682233377436
hypothyroid,0,1,-Subgroups,CART,0,0.9099298000801356,0.0,8355,0.9826051567826208,0.9857018884974926,0.982905982905983,0.9907498300989204,0.9815394158753488,0.9487179487179488,0.98570586501621
hypothyroid,0,1,-Subgroups,SVM,0,0.9099298000801356,0.0,8355,0.8933832549432402,0.9244960087705408,0.8983491553818231,0.8710211074202915,0.7864703508349709,0.7692307692307693,0.9460646303162564
hypothyroid,0,1,-Subgroups,RF,0,0.9099298000801356,0.0,8355,1.0,1.0,1.0,1.0,1.0,1.0,1.0
hypothyroid,0,1,-Subgroups,LGBM,0,0.9099298000801356,0.0,8355,0.981197376502188,0.9900129095467894,0.9814982859447468,0.978165695671691,0.9731112110577268,0.9473684210526316,0.999943062821504
hypothyroid,0,1,-Mahalanobis,KNN,0,1.8928717999951916,0.0,8355,0.7063145180864815,0.7853112645151741,0.7367509733662184,0.6990667802789016,0.4070538470557867,0.4615384615384615,0.8414682233377436
hypothyroid,0,1,-Mahalanobis,CART,0,1.8928717999951916,0.0,8355,0.9826051567826208,0.9857018884974926,0.982905982905983,0.9907498300989204,0.9815394158753488,0.9487179487179488,0.98570586501621
hypothyroid,0,1,-Mahalanobis,SVM,0,1.8928717999951916,0.0,8355,0.8933832549432402,0.9244960087705408,0.8983491553818231,0.8710211074202915,0.7864703508349709,0.7692307692307693,0.9460646303162564
hypothyroid,0,1,-Mahalanobis,RF,0,1.8928717999951916,0.0,8355,1.0,1.0,1.0,1.0,1.0,1.0,1.0
hypothyroid,0,1,-Mahalanobis,LGBM,0,1.8928717999951916,0.0,8355,0.981197376502188,0.9900129095467894,0.9814982859447468,0.978165695671691,0.9731112110577268,0.9473684210526316,0.999943062821504
hypothyroid,0,1,-NoiseGate,KNN,0,2.2155625999439508,0.0,8355,0.7063145180864815,0.7853112645151741,0.7367509733662184,0.6990667802789016,0.4070538470557867,0.4615384615384615,0.8414682233377436
hypothyroid,0,1,-NoiseGate,CART,0,2.2155625999439508,0.0,8355,0.9826051567826208,0.9857018884974926,0.982905982905983,0.9907498300989204,0.9815394158753488,0.9487179487179488,0.98570586501621
hypothyroid,0,1,-NoiseGate,SVM,0,2.2155625999439508,0.0,8355,0.8933832549432402,0.9244960087705408,0.8983491553818231,0.8710211074202915,0.7864703508349709,0.7692307692307693,0.9460646303162564
hypothyroid,0,1,-NoiseGate,RF,0,2.2155625999439508,0.0,8355,1.0,1.0,1.0,1.0,1.0,1.0,1.0
hypothyroid,0,1,-NoiseGate,LGBM,0,2.2155625999439508,0.0,8355,0.981197376502188,0.9900129095467894,0.9814982859447468,0.978165695671691,0.9731112110577268,0.9473684210526316,0.999943062821504
hypothyroid,0,1,-ConfSteer,KNN,0,1.9137701999861747,0.0,8355,0.7063145180864815,0.7853112645151741,0.7367509733662184,0.6990667802789016,0.4070538470557867,0.4615384615384615,0.8414682233377436
hypothyroid,0,1,-ConfSteer,CART,0,1.9137701999861747,0.0,8355,0.9826051567826208,0.9857018884974926,0.982905982905983,0.9907498300989204,0.9815394158753488,0.9487179487179488,0.98570586501621
hypothyroid,0,1,-ConfSteer,SVM,0,1.9137701999861747,0.0,8355,0.8933832549432402,0.9244960087705408,0.8983491553818231,0.8710211074202915,0.7864703508349709,0.7692307692307693,0.9460646303162564
hypothyroid,0,1,-ConfSteer,RF,0,1.9137701999861747,0.0,8355,1.0,1.0,1.0,1.0,1.0,1.0,1.0
hypothyroid,0,1,-ConfSteer,LGBM,0,1.9137701999861747,0.0,8355,0.981197376502188,0.9900129095467894,0.9814982859447468,0.978165695671691,0.9731112110577268,0.9473684210526316,0.999943062821504
hypothyroid,0,2,Full,KNN,0,1.9594955999637025,0.0,8355,0.6010055475239839,0.729094144986536,0.6366241643011153,0.583314845018235,0.3407141377058488,0.3846153846153846,0.7486385957682677
hypothyroid,0,2,Full,CART,0,1.9594955999637025,0.0,8355,0.972270919486875,0.982392301184798,0.9724723501946732,0.9607415138969644,0.9550338824301704,0.9473684210526316,0.9824428966735164
hypothyroid,0,2,Full,SVM,0,1.9594955999637025,0.0,8355,0.8015553940470772,0.8591731305985078,0.8123846308964277,0.7387526455455048,0.6176772552811131,0.6410256410256411,0.9153414992271656
hypothyroid,0,2,Full,RF,0,1.9594955999637025,0.0,8355,0.9797815053051364,0.988613863918654,0.9800615043355516,0.9531193534317782,0.9480333022201244,0.9473684210526316,0.9993561607761934
hypothyroid,0,2,Full,LGBM,0,1.9594955999637025,0.0,8355,0.9608266871657434,0.9790236497532284,0.9620387174833636,0.9357416345368152,0.9313116736339404,0.8947368421052632,0.9996052439472342
hypothyroid,0,2,-FeatWeights,KNN,0,1.2548797999043018,0.0,8355,0.6194777761433551,0.7338656190329141,0.6436607101307646,0.5707656083280978,0.3218405869096073,0.4358974358974359,0.7637841594503936
hypothyroid,0,2,-FeatWeights,CART,0,1.2548797999043018,0.0,8355,0.9807258736057012,0.9869379900652764,0.9810193587416816,0.9657074340527578,0.9640833014221036,0.9473684210526316,0.9869558440436066
hypothyroid,0,2,-FeatWeights,SVM,0,1.2548797999043018,0.0,8355,0.8203148456602578,0.8712654247866282,0.8270840119751192,0.7410043605576421,0.6179277904841675,0.6923076923076923,0.9246568346868088
hypothyroid,0,2,-FeatWeights,RF,0,1.2548797999043018,0.0,8355,0.9797815053051364,0.988613863918654,0.9800615043355516,0.9531193534317782,0.9480333022201244,0.9473684210526316,0.9992473180018956
hypothyroid,0,2,-FeatWeights,LGBM,0,1.2548797999043018,0.0,8355,0.9520828979739536,0.971377017811517,0.9530127817332898,0.9272285055417584,0.9137888657804696,0.8947368421052632,0.9979532541160046
hypothyroid,0,2,-Subgroups,KNN,0,0.8535978000145406,0.0,8355,0.6010055475239839,0.729094144986536,0.6366241643011153,0.583314845018235,0.3407141377058488,0.3846153846153846,0.7486385957682677
hypothyroid,0,2,-Subgroups,CART,0,0.8535978000145406,0.0,8355,0.972270919486875,0.982392301184798,0.9724723501946732,0.9607415138969644,0.9550338824301704,0.9473684210526316,0.9824428966735164
hypothyroid,0,2,-Subgroups,SVM,0,0.8535978000145406,0.0,8355,0.8015553940470772,0.8591731305985078,0.8123846308964277,0.7387526455455048,0.6176772552811131,0.6410256410256411,0.9153414992271656
hypothyroid,0,2,-Subgroups,RF,0,0.8535978000145406,0.0,8355,0.9797815053051364,0.988613863918654,0.9800615043355516,0.9531193534317782,0.9480333022201244,0.9473684210526316,0.9993561607761934
hypothyroid,0,2,-Subgroups,LGBM,0,0.8535978000145406,0.0,8355,0.9608266871657434,0.9790236497532284,0.9620387174833636,0.9357416345368152,0.9313116736339404,0.8947368421052632,0.9996052439472342
hypothyroid,0,2,-Mahalanobis,KNN,0,2.074759199982509,0.0,8355,0.6010055475239839,0.729094144986536,0.6366241643011153,0.583314845018235,0.3407141377058488,0.3846153846153846,0.7486385957682677
hypothyroid,0,2,-Mahalanobis,CART,0,2.074759199982509,0.0,8355,0.972270919486875,0.982392301184798,0.9724723501946732,0.9607415138969644,0.9550338824301704,0.9473684210526316,0.9824428966735164
hypothyroid,0,2,-Mahalanobis,SVM,0,2.074759199982509,0.0,8355,0.8015553940470772,0.8591731305985078,0.8123846308964277,0.7387526455455048,0.6176772552811131,0.6410256410256411,0.9153414992271656
hypothyroid,0,2,-Mahalanobis,RF,0,2.074759199982509,0.0,8355,0.9797815053051364,0.988613863918654,0.9800615043355516,0.9531193534317782,0.9480333022201244,0.9473684210526316,0.9993561607761934
hypothyroid,0,2,-Mahalanobis,LGBM,0,2.074759199982509,0.0,8355,0.9608266871657434,0.9790236497532284,0.9620387174833636,0.9357416345368152,0.9313116736339404,0.8947368421052632,0.9996052439472342
hypothyroid,0,2,-NoiseGate,KNN,0,1.9462833000579849,0.0,8355,0.6010055475239839,0.729094144986536,0.6366241643011153,0.583314845018235,0.3407141377058488,0.3846153846153846,0.7486385957682677
hypothyroid,0,2,-NoiseGate,CART,0,1.9462833000579849,0.0,8355,0.972270919486875,0.982392301184798,0.9724723501946732,0.9607415138969644,0.9550338824301704,0.9473684210526316,0.9824428966735164
hypothyroid,0,2,-NoiseGate,SVM,0,1.9462833000579849,0.0,8355,0.8015553940470772,0.8591731305985078,0.8123846308964277,0.7387526455455048,0.6176772552811131,0.6410256410256411,0.9153414992271656
hypothyroid,0,2,-NoiseGate,RF,0,1.9462833000579849,0.0,8355,0.9797815053051364,0.988613863918654,0.9800615043355516,0.9531193534317782,0.9480333022201244,0.9473684210526316,0.9993561607761934
hypothyroid,0,2,-NoiseGate,LGBM,0,1.9462833000579849,0.0,8355,0.9608266871657434,0.9790236497532284,0.9620387174833636,0.9357416345368152,0.9313116736339404,0.8947368421052632,0.9996052439472342
hypothyroid,0,2,-ConfSteer,KNN,0,2.013445899938233,0.0,8355,0.6010055475239839,0.729094144986536,0.6366241643011153,0.583314845018235,0.3407141377058488,0.3846153846153846,0.7486385957682677
hypothyroid,0,2,-ConfSteer,CART,0,2.013445899938233,0.0,8355,0.972270919486875,0.982392301184798,0.9724723501946732,0.9607415138969644,0.9550338824301704,0.9473684210526316,0.9824428966735164
hypothyroid,0,2,-ConfSteer,SVM,0,2.013445899938233,0.0,8355,0.8015553940470772,0.8591731305985078,0.8123846308964277,0.7387526455455048,0.6176772552811131,0.6410256410256411,0.9153414992271656
hypothyroid,0,2,-ConfSteer,RF,0,2.013445899938233,0.0,8355,0.9797815053051364,0.988613863918654,0.9800615043355516,0.9531193534317782,0.9480333022201244,0.9473684210526316,0.9993561607761934
hypothyroid,0,2,-ConfSteer,LGBM,0,2.013445899938233,0.0,8355,0.9608266871657434,0.9790236497532284,0.9620387174833636,0.9357416345368152,0.9313116736339404,0.8947368421052632,0.9996052439472342
hypothyroid,0,3,Full,KNN,0,1.9442555999848992,0.0,8355,0.6309946403750426,0.7325743131982074,0.6693172475840353,0.6491605088920526,0.3150688425086715,0.3846153846153846,0.764157548123587
hypothyroid,0,3,Full,CART,0,1.9442555999848992,0.0,8355,0.9816684266832856,0.9878706012459646,0.981977213147812,0.981977213147812,0.9816585175995524,0.9473684210526316,0.9878882859859006
hypothyroid,0,3,Full,SVM,0,1.9442555999848992,0.0,8355,0.8495288641606817,0.8905363179986503,0.8537856577783982,0.8528688717652685,0.7538649051936965,0.7894736842105263,0.949794259986922
hypothyroid,0,3,Full,RF,0,1.9442555999848992,0.0,8355,0.9985611490918158,0.9985886510357124,0.9985632183908044,0.9823997157150504,0.97348943482039,0.9956896551724138,0.999722861170252
hypothyroid,0,3,Full,LGBM,0,1.9442555999848992,0.0,8355,0.962679780835,0.9783101385782184,0.9639544262956242,0.9599739641580906,0.9636496607956804,0.8947368421052632,0.999397899053998
hypothyroid,0,3,-FeatWeights,KNN,0,1.231464699958451,0.0,8355,0.6628365542590561,0.7444887392440029,0.6849008019606931,0.6452855168117128,0.3091081135241639,0.4615384615384615,0.7927631720055447
hypothyroid,0,3,-FeatWeights,CART,0,1.231464699958451,0.0,8355,0.9816684266832856,0.9878706012459646,0.981977213147812,0.981977213147812,0.9816585175995524,0.9473684210526316,0.9878882859859006
hypothyroid,0,3,-FeatWeights,SVM,0,1.231464699958451,0.0,8355,0.8635750581339429,0.9007024447326775,0.8665693300448293,0.8320413436692506,0.7219430846647542,0.7894736842105263,0.9581945868434693
hypothyroid,0,3,-FeatWeights,RF,0,1.231464699958451,0.0,8355,0.9802539169045196,0.9864527697488308,0.9805404315386168,0.9689105573308522,0.9555815125886128,0.9473684210526316,0.9997838075462536
hypothyroid,0,3,-FeatWeights,LGBM,0,1.231464699958451,0.0,8355,0.9622171763520256,0.9778436786289052,0.963475499092559,0.952086315368348,0.9550338824301704,0.8947368421052632,0.9995888062549216
hypothyroid,0,3,-Subgroups,KNN,0,0.8502647000132129,0.0,8355,0.6309946403750426,0.7325743131982074,0.6693172475840353,0.6491605088920526,0.3150688425086715,0.3846153846153846,0.764157548123587
hypothyroid,0,3,-Subgroups,CART,0,0.8502647000132129,0.0,8355,0.9816684266832856,0.9878706012459646,0.981977213147812,0.981977213147812,0.9816585175995524,0.9473684210526316,0.9878882859859006
hypothyroid,0,3,-Subgroups,SVM,0,0.8502647000132129,0.0,8355,0.8495288641606817,0.8905363179986503,0.8537856577783982,0.8528688717652685,0.7538649051936965,0.7894736842105263,0.949794259986922
hypothyroid,0,3,-Subgroups,RF,0,0.8502647000132129,0.0,8355,0.9985611490918158,0.9985886510357124,0.9985632183908044,0.9823997157150504,0.97348943482039,0.9956896551724138,0.999722861170252
hypothyroid,0,3,-Subgroups,LGBM,0,0.8502647000132129,0.0,8355,0.962679780835,0.9783101385782184,0.9639544262956242,0.9599739641580906,0.9636496607956804,0.8947368421052632,0.999397899053998
hypothyroid,0,3,-Mahalanobis,KNN,0,2.060660499962978,0.0,8355,0.6309946403750426,0.7325743131982074,0.6693172475840353,0.6491605088920526,0.3150688425086715,0.3846153846153846,0.764157548123587
hypothyroid,0,3,-Mahalanobis,CART,0,2.060660499962978,0.0,8355,0.9816684266832856,0.9878706012459646,0.981977213147812,0.981977213147812,0.9816585175995524,0.9473684210526316,0.9878882859859006
hypothyroid,0,3,-Mahalanobis,SVM,0,2.060660499962978,0.0,8355,0.8495288641606817,0.8905363179986503,0.8537856577783982,0.8528688717652685,0.7538649051936965,0.7894736842105263,0.949794259986922
hypothyroid,0,3,-Mahalanobis,RF,0,2.060660499962978,0.0,8355,0.9985611490918158,0.9985886510357124,0.9985632183908044,0.9823997157150504,0.97348943482039,0.9956896551724138,0.999722861170252
hypothyroid,0,3,-Mahalanobis,LGBM,0,2.060660499962978,0.0,8355,0.962679780835,0.9783101385782184,0.9639544262956242,0.9599739641580906,0.9636496607956804,0.8947368421052632,0.999397899053998
hypothyroid,0,3,-NoiseGate,KNN,0,1.987717000069097,0.0,8355,0.6309946403750426,0.7325743131982074,0.6693172475840353,0.6491605088920526,0.3150688425086715,0.3846153846153846,0.764157548123587
hypothyroid,0,3,-NoiseGate,CART,0,1.987717000069097,0.0,8355,0.9816684266832856,0.9878706012459646,0.981977213147812,0.981977213147812,0.9816585175995524,0.9473684210526316,0.9878882859859006
hypothyroid,0,3,-NoiseGate,SVM,0,1.987717000069097,0.0,8355,0.8495288641606817,0.8905363179986503,0.8537856577783982,0.8528688717652685,0.7538649051936965,0.7894736842105263,0.949794259986922
hypothyroid,0,3,-NoiseGate,RF,0,1.987717000069097,0.0,8355,0.9985611490918158,0.9985886510357124,0.9985632183908044,0.9823997157150504,0.97348943482039,0.9956896551724138,0.999722861170252
hypothyroid,0,3,-NoiseGate,LGBM,0,1.987717000069097,0.0,8355,0.962679780835,0.9783101385782184,0.9639544262956242,0.9599739641580906,0.9636496607956804,0.8947368421052632,0.999397899053998
hypothyroid,0,3,-ConfSteer,KNN,0,1.9408441999694328,0.0,8355,0.6309946403750426,0.7325743131982074,0.6693172475840353,0.6491605088920526,0.3150688425086715,0.3846153846153846,0.764157548123587
hypothyroid,0,3,-ConfSteer,CART,0,1.9408441999694328,0.0,8355,0.9816684266832856,0.9878706012459646,0.981977213147812,0.981977213147812,0.9816585175995524,0.9473684210526316,0.9878882859859006
hypothyroid,0,3,-ConfSteer,SVM,0,1.9408441999694328,0.0,8355,0.8495288641606817,0.8905363179986503,0.8537856577783982,0.8528688717652685,0.7538649051936965,0.7894736842105263,0.949794259986922
hypothyroid,0,3,-ConfSteer,RF,0,1.9408441999694328,0.0,8355,0.9985611490918158,0.9985886510357124,0.9985632183908044,0.9823997157150504,0.97348943482039,0.9956896551724138,0.999722861170252
hypothyroid,0,3,-ConfSteer,LGBM,0,1.9408441999694328,0.0,8355,0.962679780835,0.9783101385782184,0.9639544262956242,0.9599739641580906,0.9636496607956804,0.8947368421052632,0.999397899053998
hypothyroid,0,4,Full,KNN,0,2.108606299967505,0.0,8355,0.6144038700421665,0.7452349396882935,0.681637504459646,0.628881973795796,0.3309544334064334,0.3076923076923077,0.7801464355133524
hypothyroid,0,4,Full,CART,0,2.108606299967505,0.0,8355,0.9995208432424066,0.9995274361451116,0.9995210727969348,0.9955409549636453,0.9909449629246808,0.9985632183908046,0.9995274361653672
hypothyroid,0,4,Full,SVM,0,2.108606299967505,0.0,8355,0.8264921479261421,0.8783321824163324,0.834267920021096,0.7989313091462957,0.691255265965032,0.6923076923076923,0.9292172564110268
hypothyroid,0,4,Full,RF,0,2.108606299967505,0.0,8355,0.9985611490918158,0.9985886510357124,0.9985632183908044,0.9823997157150504,0.97348943482039,0.9956896551724138,0.9999159678418263
hypothyroid,0,4,Full,LGBM,0,2.108606299967505,0.0,8355,0.9894760381288716,0.9909679857560088,0.9895372826407308,0.9735864207786454,0.9555751479311916,0.9743589743589745,0.9998907250354548
hypothyroid,0,4,-FeatWeights,KNN,0,1.3211327000753954,0.0,8355,0.6728183304685309,0.773460461584805,0.7214698993283385,0.6537926283530537,0.3571673502410288,0.3846153846153846,0.8023183443075125
hypothyroid,0,4,-FeatWeights,CART,0,1.3211327000753954,0.0,8355,0.9990412266412994,0.9990612150122244,0.9990421455938696,0.9867539658633366,0.9821112512860156,0.9971264367816092,0.99906121519422
hypothyroid,0,4,-FeatWeights,SVM,0,1.3211327000753954,0.0,8355,0.8502590139521258,0.891160915977359,0.8565273705927064,0.801392938127632,0.6687773308248647,0.717948717948718,0.9346175772629808
hypothyroid,0,4,-FeatWeights,RF,0,1.3211327000753954,0.0,8355,0.9980806094848396,0.9981160870184967,0.9980842911877396,0.978146697647178,0.9650748220655664,0.9942528735632185,0.9998379935785718
hypothyroid,0,4,-FeatWeights,LGBM,0,1.3211327000753954,0.0,8355,0.9985611490918158,0.9985886510357124,0.9985632183908044,0.9823997157150504,0.97348943482039,0.9956896551724138,0.9995794919117872
hypothyroid,0,4,-Subgroups,KNN,0,0.8662294999230653,0.0,8355,0.6144038700421665,0.7452349396882935,0.681637504459646,0.628881973795796,0.3309544334064334,0.3076923076923077,0.7801464355133524
hypothyroid,0,4,-Subgroups,CART,0,0.8662294999230653,0.0,8355,0.9995208432424066,0.9995274361451116,0.9995210727969348,0.9955409549636453,0.9909449629246808,0.9985632183908046,0.9995274361653672
hypothyroid,0,4,-Subgroups,SVM,0,0.8662294999230653,0.0,8355,0.8264921479261421,0.8783321824163324,0.834267920021096,0.7989313091462957,0.691255265965032,0.6923076923076923,0.9292172564110268
hypothyroid,0,4,-Subgroups,RF,0,0.8662294999230653,0.0,8355,0.9985611490918158,0.9985886510357124,0.9985632183908044,0.9823997157150504,0.97348943482039,0.9956896551724138,0.9999159678418263
hypothyroid,0,4,-Subgroups,LGBM,0,0.8662294999230653,0.0,8355,0.9894760381288716,0.9909679857560088,0.9895372826407308,0.9735864207786454,0.9555751479311916,0.9743589743589745,0.9998907250354548
hypothyroid,0,4,-Mahalanobis,KNN,0,2.000760299968533,0.0,8355,0.6144038700421665,0.7452349396882935,0.681637504459646,0.628881973795796,0.3309544334064334,0.3076923076923077,0.7801464355133524
hypothyroid,0,4,-Mahalanobis,CART,0,2.000760299968533,0.0,8355,0.9995208432424066,0.9995274361451116,0.9995210727969348,0.9955409549636453,0.9909449629246808,0.9985632183908046,0.9995274361653672
hypothyroid,0,4,-Mahalanobis,SVM,0,2.000760299968533,0.0,8355,0.8264921479261421,0.8783321824163324,0.834267920021096,0.7989313091462957,0.691255265965032,0.6923076923076923,0.9292172564110268
hypothyroid,0,4,-Mahalanobis,RF,0,2.000760299968533,0.0,8355,0.9985611490918158,0.9985886510357124,0.9985632183908044,0.9823997157150504,0.97348943482039,0.9956896551724138,0.9999159678418263
hypothyroid,0,4,-Mahalanobis,LGBM,0,2.000760299968533,0.0,8355,0.9894760381288716,0.9909679857560088,0.9895372826407308,0.9735864207786454,0.9555751479311916,0.9743589743589745,0.9998907250354548
hypothyroid,0,4,-NoiseGate,KNN,0,2.194200500031002,0.0,8355,0.6144038700421665,0.7452349396882935,0.681637504459646,0.628881973795796,0.3309544334064334,0.3076923076923077,0.7801464355133524
hypothyroid,0,4,-NoiseGate,CART,0,2.194200500031002,0.0,8355,0.9995208432424066,0.9995274361451116,0.9995210727969348,0.9955409549636453,0.9909449629246808,0.9985632183908046,0.9995274361653672
hypothyroid,0,4,-NoiseGate,SVM,0,2.194200500031002,0.0,8355,0.8264921479261421,0.8783321824163324,0.834267920021096,0.7989313091462957,0.691255265965032,0.6923076923076923,0.9292172564110268
hypothyroid,0,4,-NoiseGate,RF,0,2.194200500031002,0.0,8355,0.9985611490918158,0.9985886510357124,0.9985632183908044,0.9823997157150504,0.97348943482039,0.9956896551724138,0.9999159678418263
hypothyroid,0,4,-NoiseGate,LGBM,0,2.194200500031002,0.0,8355,0.9894760381288716,0.9909679857560088,0.9895372826407308,0.9735864207786454,0.9555751479311916,0.9743589743589745,0.9998907250354548
hypothyroid,0,4,-ConfSteer,KNN,0,2.105805800063536,0.0,8355,0.6144038700421665,0.7452349396882935,0.681637504459646,0.628881973795796,0.3309544334064334,0.3076923076923077,0.7801464355133524
hypothyroid,0,4,-ConfSteer,CART,0,2.105805800063536,0.0,8355,0.9995208432424066,0.9995274361451116,0.9995210727969348,0.9955409549636453,0.9909449629246808,0.9985632183908046,0.9995274361653672
hypothyroid,0,4,-ConfSteer,SVM,0,2.105805800063536,0.0,8355,0.8264921479261421,0.8783321824163324,0.834267920021096,0.7989313091462957,0.691255265965032,0.6923076923076923,0.9292172564110268
hypothyroid,0,4,-ConfSteer,RF,0,2.105805800063536,0.0,8355,0.9985611490918158,0.9985886510357124,0.9985632183908044,0.9823997157150504,0.97348943482039,0.9956896551724138,0.9999159678418263
hypothyroid,0,4,-ConfSteer,LGBM,0,2.105805800063536,0.0,8355,0.9894760381288716,0.9909679857560088,0.9895372826407308,0.9735864207786454,0.9555751479311916,0.9743589743589745,0.9998907250354548
kr-vs-k,0,0,Full,KNN,0,2.523004800081253,0.0,9180,0.3733121461017905,0.6297786873726837,0.4126445046486868,0.3201012582803357,0.3000541577860029,0.1428571428571428,0.7771770820888932
kr-vs-k,0,0,Full,CART,0,2.523004800081253,0.0,9180,0.5345503612386927,0.7404955920765536,0.5657436649598839,0.5756227160586342,0.4464189946037755,0.2531645569620253,0.7674850556113819
kr-vs-k,0,0,Full,SVM,0,2.523004800081253,0.0,9180,0.5759349946220277,0.7630036450332761,0.5980270193302428,0.5855457217267995,0.5227110204976154,0.3076923076923077,0.9398407183383052
kr-vs-k,0,0,Full,RF,0,2.523004800081253,0.0,9180,0.5202627305144409,0.7349312390891584,0.5573126801578993,0.5446119276858402,0.4469668199988923,0.1518987341772152,0.9312869805242492
kr-vs-k,0,0,Full,LGBM,0,2.523004800081253,0.0,9180,0.551183469201614,0.7679887617396755,0.6037062405433923,0.6059607724116564,0.5868882848705169,0.0769230769230769,0.9510548529223908
kr-vs-k,0,0,-FeatWeights,KNN,0,1.7913195999572054,0.0,9180,0.373991898045597,0.623680458546661,0.404790508791647,0.3183912683789039,0.2957107712507411,0.1428571428571428,0.7805312619902236
kr-vs-k,0,0,-FeatWeights,CART,0,1.7913195999572054,0.0,9180,0.5174034627092313,0.7219095778158419,0.5373379485732291,0.5660841877989188,0.4573924063863738,0.2784810126582278,0.7536090756939726
kr-vs-k,0,0,-FeatWeights,SVM,0,1.7913195999572054,0.0,9180,0.58481108311433,0.7674213211221236,0.6045856233300317,0.5931959320610642,0.5338567156094589,0.3846153846153846,0.940020704590609
kr-vs-k,0,0,-FeatWeights,RF,0,1.7913195999572054,0.0,9180,0.5141215836744121,0.7295719857642226,0.5485750525153587,0.540777867953589,0.4660543780890417,0.2151898734177215,0.934206204721466
kr-vs-k,0,0,-FeatWeights,LGBM,0,1.7913195999572054,0.0,9180,0.5266401037820779,0.7477540793631593,0.5727273783451602,0.5904784803073683,0.5737330892256012,0.0769230769230769,0.950094753526598
kr-vs-k,0,0,-Subgroups,KNN,0,1.1175540999975055,0.0,9180,0.3727114410582509,0.6292252778739408,0.4119500602042423,0.3192991636216116,0.2987501876905039,0.1428571428571428,0.777229563332959
kr-vs-k,0,0,-Subgroups,CART,0,1.1175540999975055,0.0,9180,0.5206327315588415,0.7267132526223073,0.545195811687343,0.5643166852450866,0.4363606899421541,0.2531645569620253,0.756930452257063
kr-vs-k,0,0,-Subgroups,SVM,0,1.1175540999975055,0.0,9180,0.5759349946220277,0.7630036450332761,0.5980270193302428,0.5855457217267995,0.5227110204976154,0.3076923076923077,0.9398639217150146
kr-vs-k,0,0,-Subgroups,RF,0,1.1175540999975055,0.0,9180,0.4925344729472803,0.7210092263346098,0.5369113936117877,0.5265436456843787,0.429761056975923,0.189873417721519,0.9287334390767864
kr-vs-k,0,0,-Subgroups,LGBM,0,1.1175540999975055,0.0,9180,0.538491398181419,0.7596586210247402,0.5903838131813275,0.6025802290993865,0.5948848760563852,0.0769230769230769,0.9460073968835128
kr-vs-k,0,0,-Mahalanobis,KNN,0,2.263973399996757,0.0,9180,0.3727114410582509,0.6292252778739408,0.4119500602042423,0.3192991636216116,0.2987501876905039,0.1428571428571428,0.7776162349575921
kr-vs-k,0,0,-Mahalanobis,CART,0,2.263973399996757,0.0,9180,0.5196499354505737,0.7300315059918197,0.550138625827963,0.5556069465387062,0.4376685432520876,0.2278481012658227,0.7594435912502794
kr-vs-k,0,0,-Mahalanobis,SVM,0,2.263973399996757,0.0,9180,0.5759349946220277,0.7630036450332761,0.5980270193302428,0.5855457217267995,0.5227110204976154,0.3076923076923077,0.9397450248812658
kr-vs-k,0,0,-Mahalanobis,RF,0,2.263973399996757,0.0,9180,0.520914152408408,0.7353180446485637,0.5578599489499749,0.555688179608918,0.447919442399647,0.1645569620253164,0.9295274882377592
kr-vs-k,0,0,-Mahalanobis,LGBM,0,2.263973399996757,0.0,9180,0.5413782208867183,0.7582667882447364,0.5884149457852449,0.599364655993661,0.589364689373426,0.0769230769230769,0.9485544357585344
kr-vs-k,0,0,-NoiseGate,KNN,0,2.508635099977255,0.0,9180,0.374418265042606,0.6292018232264264,0.4119120034433952,0.3193648409705584,0.2986339019049471,0.1428571428571428,0.7748528780392863
kr-vs-k,0,0,-NoiseGate,CART,0,2.508635099977255,0.0,9180,0.4970574250652282,0.7108857246359633,0.5220031966043663,0.5420761458325463,0.4267528445278074,0.2784810126582278,0.7450585128752724
kr-vs-k,0,0,-NoiseGate,SVM,0,2.508635099977255,0.0,9180,0.5773507073998068,0.764271934110336,0.5999252493824976,0.5872997817721126,0.5254994551040298,0.3076923076923077,0.9398444444278636
kr-vs-k,0,0,-NoiseGate,RF,0,2.508635099977255,0.0,9180,0.5252283306122822,0.7392820433426284,0.5636306078223272,0.546156344598829,0.4550235723002888,0.189873417721519,0.9316996606686706
kr-vs-k,0,0,-NoiseGate,LGBM,0,2.508635099977255,0.0,9180,0.5333510746169808,0.7539301602832439,0.5816543697342805,0.5923729466718193,0.5905772880546262,0.0769230769230769,0.9495162055877908
kr-vs-k,0,0,-ConfSteer,KNN,0,2.4123838000232354,0.0,9180,0.3727114410582509,0.6292252778739408,0.4119500602042423,0.3192991636216116,0.2987501876905039,0.1428571428571428,0.7772942946918495
kr-vs-k,0,0,-ConfSteer,CART,0,2.4123838000232354,0.0,9180,0.522637691367523,0.7329050662161445,0.5544733223751165,0.5580453851096564,0.4377013474544672,0.2784810126582278,0.7616150924025903
kr-vs-k,0,0,-ConfSteer,SVM,0,2.4123838000232354,0.0,9180,0.5759349946220277,0.7630036450332761,0.5980270193302428,0.5855457217267995,0.5227110204976154,0.3076923076923077,0.939860656712686
kr-vs-k,0,0,-ConfSteer,RF,0,2.4123838000232354,0.0,9180,0.5212642991034543,0.7379578954910472,0.5618695650587522,0.5566084453284079,0.4479705531895303,0.1518987341772152,0.9271593027538488
kr-vs-k,0,0,-ConfSteer,LGBM,0,2.4123838000232354,0.0,9180,0.5400143282775116,0.7567174390699756,0.5862100584547376,0.5950201652317108,0.5837423991190103,0.0769230769230769,0.9518534730717386
kr-vs-k,0,1,Full,KNN,0,2.4233493000501767,0.0,9198,0.4324329640375584,0.6725857178846295,0.4707040798476091,0.3724465444209779,0.2998949612501795,0.1949152542372881,0.8156297274941544
kr-vs-k,0,1,Full,CART,0,2.4233493000501767,0.0,9198,0.497892549186073,0.711463538794009,0.522410930154215,0.5293493744089655,0.4417311461740284,0.2278481012658227,0.7456711776186413
kr-vs-k,0,1,Full,SVM,0,2.4233493000501767,0.0,9198,0.5971298990111518,0.7753368918298456,0.6173463925042357,0.6216210009208584,0.5301460474615303,0.4117647058823529,0.9403228598652854
kr-vs-k,0,1,Full,RF,0,2.4233493000501767,0.0,9198,0.5819629717555777,0.7669336854372807,0.6055300901786317,0.5965024627545135,0.4883368840340675,0.2911392405063291,0.9398668431220196
kr-vs-k,0,1,Full,LGBM,0,2.4233493000501767,0.0,9198,0.618827928945734,0.7939263683576564,0.6456704139804497,0.6507658242720219,0.5741536942195163,0.3157894736842105,0.954598786852712
kr-vs-k,0,1,-FeatWeights,KNN,0,1.744652200024575,0.0,9198,0.4348806696239318,0.6751486635075171,0.4742357330093126,0.3795420743585918,0.3023586292312772,0.1779661016949152,0.8055307451587388
kr-vs-k,0,1,-FeatWeights,CART,0,1.744652200024575,0.0,9198,0.5305993622665106,0.7360449675191242,0.5584361527781737,0.5590315813246793,0.4631134152853365,0.2278481012658227,0.7642889224607519
kr-vs-k,0,1,-FeatWeights,SVM,0,1.744652200024575,0.0,9198,0.6048046370638028,0.780396221370535,0.6250915276838956,0.6268620986830364,0.5389294937731859,0.4117647058823529,0.9402608274653476
kr-vs-k,0,1,-FeatWeights,RF,0,1.744652200024575,0.0,9198,0.5848364904978465,0.7700521856813693,0.6105405824801182,0.6006425565804147,0.4858612531626253,0.2531645569620253,0.9380471677178608
kr-vs-k,0,1,-FeatWeights,LGBM,0,1.744652200024575,0.0,9198,0.5945602940394233,0.7818998186206789,0.6263672842822008,0.6296444433438101,0.5699684383091237,0.2941176470588235,0.9549726199420664
kr-vs-k,0,1,-Subgroups,KNN,0,1.117685200064443,0.0,9198,0.4343024838398433,0.6734689774100191,0.4718693340848972,0.3740270526659393,0.3024523238505442,0.2033898305084746,0.8157341157163399
kr-vs-k,0,1,-Subgroups,CART,0,1.117685200064443,0.0,9198,0.5253306885306989,0.7265479839099355,0.5448614567322712,0.5394153721533986,0.4400132128539635,0.2658227848101265,0.7568400827086403
kr-vs-k,0,1,-Subgroups,SVM,0,1.117685200064443,0.0,9198,0.5971298990111518,0.7753368918298456,0.6173463925042357,0.6216210009208584,0.5301460474615303,0.4117647058823529,0.9404289126223896
kr-vs-k,0,1,-Subgroups,RF,0,1.117685200064443,0.0,9198,0.5933011560613272,0.7788794601299108,0.6241707604489996,0.614272090456199,0.4983568418637722,0.2531645569620253,0.9387814139877546
kr-vs-k,0,1,-Subgroups,LGBM,0,1.117685200064443,0.0,9198,0.6071771463407685,0.78602594128981,0.6331077344835259,0.6297749526739684,0.5673572658076307,0.3157894736842105,0.953453783944188
kr-vs-k,0,1,-Mahalanobis,KNN,0,2.3288627000292763,0.0,9198,0.4324329640375584,0.6725857178846295,0.4707040798476091,0.3724465444209779,0.2998949612501795,0.1949152542372881,0.8156297274941544
kr-vs-k,0,1,-Mahalanobis,CART,0,2.3288627000292763,0.0,9198,0.5195427942810765,0.7240326396973398,0.5408299124032792,0.5373449327100833,0.4477983168371788,0.2784810126582278,0.7550620248314176
kr-vs-k,0,1,-Mahalanobis,SVM,0,2.3288627000292763,0.0,9198,0.5971298990111518,0.7753368918298456,0.6173463925042357,0.6216210009208584,0.5301460474615303,0.4117647058823529,0.9402797368776656
kr-vs-k,0,1,-Mahalanobis,RF,0,2.3288627000292763,0.0,9198,0.6031139053680403,0.7849565702543695,0.6341418729033266,0.6170559803439892,0.4942268965648032,0.2531645569620253,0.9391705672743668
kr-vs-k,0,1,-Mahalanobis,LGBM,0,2.3288627000292763,0.0,9198,0.6054900416788455,0.7824906903902638,0.6276611794832735,0.6243676552730972,0.5604868245777367,0.3157894736842105,0.9539772462616626
kr-vs-k,0,1,-NoiseGate,KNN,0,2.4469567999476567,0.0,9198,0.4288331795798676,0.6702702055250009,0.4676112499921323,0.3711859715069547,0.2947008172969541,0.2033898305084746,0.8135097179220032
kr-vs-k,0,1,-NoiseGate,CART,0,2.4469567999476567,0.0,9198,0.4890231588031628,0.7053112791073737,0.5141359563176602,0.5235362865681928,0.4170710120120802,0.2151898734177215,0.7408544108361045
kr-vs-k,0,1,-NoiseGate,SVM,0,2.4469567999476567,0.0,9198,0.5880733134378369,0.7691749320508852,0.6077024221548197,0.6130765167032397,0.5260529365054557,0.4117647058823529,0.9400063726472898
kr-vs-k,0,1,-NoiseGate,RF,0,2.4469567999476567,0.0,9198,0.5833451850765037,0.7687122578480349,0.6082664880713925,0.6048309669654793,0.4898382295673653,0.240506329113924,0.9356504184902864
kr-vs-k,0,1,-NoiseGate,LGBM,0,2.4469567999476567,0.0,9198,0.6258992002777893,0.7962771482140685,0.6496944912711913,0.6541342198158355,0.5687640600964678,0.3818181818181818,0.95444524783229
kr-vs-k,0,1,-ConfSteer,KNN,0,2.4234655000036582,0.0,9198,0.4353324023811048,0.6746356828874222,0.4734666785118471,0.3749951693146359,0.3040002837729385,0.1949152542372881,0.8157862298163536
kr-vs-k,0,1,-ConfSteer,CART,0,2.4234655000036582,0.0,9198,0.5253306885306989,0.7265479839099355,0.5448614567322712,0.5394153721533986,0.4400132128539635,0.2658227848101265,0.7568400827086403
kr-vs-k,0,1,-ConfSteer,SVM,0,2.4234655000036582,0.0,9198,0.5971298990111518,0.7753368918298456,0.6173463925042357,0.6216210009208584,0.5301460474615303,0.4117647058823529,0.9403647013502842
kr-vs-k,0,1,-ConfSteer,RF,0,2.4234655000036582,0.0,9198,0.6083869607297626,0.7870594038726237,0.6373647742379897,0.6222759322997188,0.4983232000951432,0.2658227848101265,0.9388348899597028
kr-vs-k,0,1,-ConfSteer,LGBM,0,2.4234655000036582,0.0,9198,0.6228203767201852,0.7966600100941862,0.6499968955861374,0.6479249704307078,0.5771364503293508,0.2941176470588235,0.955504374558277
kr-vs-k,0,2,Full,KNN,0,2.4072059000609443,0.0,9198,0.4090325834071502,0.6518036332433976,0.4422635726397952,0.3658602512828717,0.2916987953655041,0.198019801980198,0.7885723899051703
kr-vs-k,0,2,Full,CART,0,2.4072059000609443,0.0,9198,0.0,0.7391436906525201,0.5626673905701628,0.5606530544371587,0.4780429899501487,0.0,0.766818907852507
kr-vs-k,0,2,Full,SVM,0,2.4072059000609443,0.0,9198,0.0,0.7353202080256201,0.5562569340198996,0.5559394081513792,0.4969398602403708,0.0,0.9228492321539544
kr-vs-k,0,2,Full,RF,0,2.4072059000609443,0.0,9198,0.0,0.7419237092868758,0.5670588303545984,0.5552774364306414,0.4763334781128613,0.0,0.917772057101065
kr-vs-k,0,2,Full,LGBM,0,2.4072059000609443,0.0,9198,0.0,0.7752718947712882,0.615209290115414,0.6227015548126399,0.5871255417335134,0.0,0.9118239212766418
kr-vs-k,0,2,-FeatWeights,KNN,0,1.8955494000110773,0.0,9198,0.4243989386389049,0.6628261060060178,0.4569383021862856,0.3768190490791184,0.3069790778172308,0.198019801980198,0.782418035828163
kr-vs-k,0,2,-FeatWeights,CART,0,1.8955494000110773,0.0,9198,0.0,0.729285981472925,0.5484589873328853,0.5371949889073824,0.4558772866867028,0.0,0.759095322339716
kr-vs-k,0,2,-FeatWeights,SVM,0,1.8955494000110773,0.0,9198,0.0,0.7461713403758645,0.5721658157126429,0.5713984478893693,0.5163146866235561,0.0,0.92294313408005
kr-vs-k,0,2,-FeatWeights,RF,0,1.8955494000110773,0.0,9198,0.0,0.7314639321152789,0.5510434565845803,0.550846934331379,0.4805528089041622,0.0,0.9166957229129902
kr-vs-k,0,2,-FeatWeights,LGBM,0,1.8955494000110773,0.0,9198,0.0,0.7556786617452237,0.5845944749353369,0.5977163670548103,0.583307647514261,0.0,0.9169638171943236
kr-vs-k,0,2,-Subgroups,KNN,0,1.1027198999654502,0.0,9198,0.4083929281622728,0.6511057885608003,0.441352825827409,0.3651812926065608,0.2902613101703527,0.198019801980198,0.7887687540486915
kr-vs-k,0,2,-Subgroups,CART,0,1.1027198999654502,0.0,9198,0.0,0.7316247223751652,0.5511787449584292,0.5540725323748152,0.4809617263369833,0.0,0.76116210118713
kr-vs-k,0,2,-Subgroups,SVM,0,1.1027198999654502,0.0,9198,0.0,0.7353202080256201,0.5562569340198996,0.5559394081513792,0.4969398602403708,0.0,0.9228791001322983
kr-vs-k,0,2,-Subgroups,RF,0,1.1027198999654502,0.0,9198,0.0,0.7346780505161118,0.555921937034392,0.5491862351552353,0.4793088029671298,0.0,0.9125435997688248
kr-vs-k,0,2,-Subgroups,LGBM,0,1.1027198999654502,0.0,9198,0.0,0.7672795903275039,0.6025043069159158,0.6095958839688723,0.5888600296606172,0.0,0.9170093845131498
kr-vs-k,0,2,-Mahalanobis,KNN,0,2.335637900047004,0.0,9198,0.4098307774898745,0.6521758244675996,0.4427343824326389,0.3664871306809376,0.2929632728536365,0.198019801980198,0.7887833735058439
kr-vs-k,0,2,-Mahalanobis,CART,0,2.335637900047004,0.0,9198,0.0,0.7227217892510488,0.5382871398139514,0.5393675077420297,0.4659424465068036,0.0,0.7543184385084897
kr-vs-k,0,2,-Mahalanobis,SVM,0,2.335637900047004,0.0,9198,0.0,0.7353202080256201,0.5562569340198996,0.5559394081513792,0.4969398602403708,0.0,0.9228444371169798
kr-vs-k,0,2,-Mahalanobis,RF,0,2.335637900047004,0.0,9198,0.0,0.7434280854605431,0.5692133312356604,0.5592096179269866,0.4807350144585659,0.0,0.915588564946902
kr-vs-k,0,2,-Mahalanobis,LGBM,0,2.335637900047004,0.0,9198,0.0,0.7745559831453406,0.6137918476018378,0.6121121116848491,0.594710517572417,0.0,0.9219558080436692
kr-vs-k,0,2,-NoiseGate,KNN,0,2.394028899958357,0.0,9198,0.4164162915375772,0.6565687034036106,0.4486533956279788,0.3702422639912853,0.2957142037468291,0.198019801980198,0.7885688917577418
kr-vs-k,0,2,-NoiseGate,CART,0,2.394028899958357,0.0,9198,0.0,0.7192625991994863,0.5329213365041435,0.5338860171537003,0.4736423260031701,0.0,0.751840640088852
kr-vs-k,0,2,-NoiseGate,SVM,0,2.394028899958357,0.0,9198,0.0,0.7358099358126209,0.5569513784643441,0.5566158498273089,0.4983845841656348,0.0,0.9226578112052792
kr-vs-k,0,2,-NoiseGate,RF,0,2.394028899958357,0.0,9198,0.0,0.7352659197912651,0.5570239086875889,0.5560310805796548,0.4730524966565612,0.0,0.9127773884918768
kr-vs-k,0,2,-NoiseGate,LGBM,0,2.394028899958357,0.0,9198,0.0,0.7648163408938542,0.5985605605139148,0.6068686405057825,0.5915422587984481,0.0,0.922542836920846
kr-vs-k,0,2,-ConfSteer,KNN,0,2.435537099954672,0.0,9198,0.4090325834071502,0.6518049092670388,0.4422635726397952,0.3658362290679489,0.2917525660951626,0.198019801980198,0.7888289243168489
kr-vs-k,0,2,-ConfSteer,CART,0,2.435537099954672,0.0,9198,0.0,0.7383616422425363,0.5609821895035662,0.563031713936079,0.4930289291955543,0.0,0.7664048411556957
kr-vs-k,0,2,-ConfSteer,SVM,0,2.435537099954672,0.0,9198,0.0,0.7353202080256201,0.5562569340198996,0.5559394081513792,0.4969398602403708,0.0,0.9228471139662268
kr-vs-k,0,2,-ConfSteer,RF,0,2.435537099954672,0.0,9198,0.0,0.7384516389835,0.5618299587771715,0.5604245115503392,0.4747360891052118,0.0,0.913475258588536
kr-vs-k,0,2,-ConfSteer,LGBM,0,2.435537099954672,0.0,9198,0.0,0.7717728117241954,0.6096702238705697,0.6146228817445588,0.586390143856878,0.0,0.9246704713264986
kr-vs-k,0,3,Full,KNN,0,2.470110099995509,0.0,9180,0.4322112418718155,0.6829470393257017,0.484655097512961,0.3749470527193701,0.3221270329164916,0.2142857142857142,0.7863036512673642
kr-vs-k,0,3,Full,CART,0,2.470110099995509,0.0,9180,0.4903154191543604,0.7123446224979831,0.523998178450238,0.5217654053572048,0.4312281059524976,0.2051282051282051,0.7461943422530675
kr-vs-k,0,3,Full,SVM,0,2.470110099995509,0.0,9180,0.5284482150244043,0.7398725503882765,0.5633807508801012,0.5499308407512197,0.4902635582443082,0.3125,0.9286923110490456
kr-vs-k,0,3,Full,RF,0,2.470110099995509,0.0,9180,0.5300374625968288,0.7413123637221727,0.566058205132854,0.5573417722923649,0.4756428722351955,0.2051282051282051,0.9212052354557696
kr-vs-k,0,3,Full,LGBM,0,2.470110099995509,0.0,9180,0.5447678024973963,0.7595003943358594,0.5909843809116603,0.595520324493261,0.5698892898512816,0.1428571428571428,0.9359470277087004
kr-vs-k,0,3,-FeatWeights,KNN,0,1.8638587000314144,0.0,9180,0.418833241958453,0.6681834841408856,0.4642766514886511,0.360886901503835,0.3087725184673979,0.2277227722772277,0.7912545306976349
kr-vs-k,0,3,-FeatWeights,CART,0,1.8638587000314144,0.0,9180,0.4642423698881149,0.701608819838988,0.5082290245818649,0.5130480284226141,0.434454379135643,0.1666666666666666,0.7383990693180035
kr-vs-k,0,3,-FeatWeights,SVM,0,1.8638587000314144,0.0,9180,0.530865596047332,0.7414262589740862,0.5653617916790561,0.5537304383092683,0.5017534751981869,0.3125,0.9292675541750158
kr-vs-k,0,3,-FeatWeights,RF,0,1.8638587000314144,0.0,9180,0.5499606950838002,0.7526656844362242,0.5831794083300178,0.5675050196105974,0.4866662901976819,0.2179487179487179,0.925115867743956
kr-vs-k,0,3,-FeatWeights,LGBM,0,1.8638587000314144,0.0,9180,0.5416199004812742,0.7580459448250794,0.5888545269988336,0.5958038289436666,0.5661448493366341,0.1428571428571428,0.9373125245192416
kr-vs-k,0,3,-Subgroups,KNN,0,1.115783300017938,0.0,9180,0.4322112418718155,0.6829464567034954,0.484655097512961,0.3738180883337165,0.3221253702588055,0.2142857142857142,0.7860693289519771
kr-vs-k,0,3,-Subgroups,CART,0,1.115783300017938,0.0,9180,0.4823038504904179,0.7079643936021247,0.5179878694673719,0.511336809184521,0.4172042176166224,0.2307692307692307,0.7428021589724155
kr-vs-k,0,3,-Subgroups,SVM,0,1.115783300017938,0.0,9180,0.5309576413772006,0.7415991918999054,0.5659270471763975,0.5523691219890113,0.4930699306042153,0.3125,0.9288007595415854
kr-vs-k,0,3,-Subgroups,RF,0,1.115783300017938,0.0,9180,0.528697744357937,0.7390488734555032,0.5626084774631505,0.544907149310886,0.4756769866186128,0.2179487179487179,0.9226327982312258
kr-vs-k,0,3,-Subgroups,LGBM,0,1.115783300017938,0.0,9180,0.5259586568594149,0.7446262303446987,0.5688211204387875,0.5730378692279753,0.5461581856626491,0.1428571428571428,0.9309452221251796
kr-vs-k,0,3,-Mahalanobis,KNN,0,2.2611717999679968,0.0,9180,0.4306643348166524,0.6819393536757712,0.4832662086240721,0.3739020743833622,0.3206701585611229,0.2142857142857142,0.7862234917629404
kr-vs-k,0,3,-Mahalanobis,CART,0,2.2611717999679968,0.0,9180,0.4903154191543604,0.7123446224979831,0.523998178450238,0.5217654053572048,0.4312281059524976,0.2051282051282051,0.7461943422530675
kr-vs-k,0,3,-Mahalanobis,SVM,0,2.2611717999679968,0.0,9180,0.5284482150244043,0.7398725503882765,0.5633807508801012,0.5499308407512197,0.4902635582443082,0.3125,0.9286667293189468
kr-vs-k,0,3,-Mahalanobis,RF,0,2.2611717999679968,0.0,9180,0.5331406455401289,0.7444705203215918,0.5712084884215676,0.5689257304587971,0.4673268987314331,0.1538461538461538,0.9224638840655474
kr-vs-k,0,3,-Mahalanobis,LGBM,0,2.2611717999679968,0.0,9180,0.5387431346896943,0.7564385773777828,0.5861254100318863,0.5884397143689643,0.5717809128135128,0.1428571428571428,0.9305088248190913
kr-vs-k,0,3,-NoiseGate,KNN,0,2.4274392999941483,0.0,9180,0.4300077145606312,0.6803664476729866,0.4811410771273559,0.3721522376141149,0.3168022060957481,0.2142857142857142,0.7846496901914148
kr-vs-k,0,3,-NoiseGate,CART,0,2.4274392999941483,0.0,9180,0.4898680724089949,0.7093760998694989,0.5200352763849835,0.5201972734019811,0.4185516280850385,0.2051282051282051,0.7438448648415645
kr-vs-k,0,3,-NoiseGate,SVM,0,2.4274392999941483,0.0,9180,0.5272002158785645,0.7390878837924393,0.5622233434726938,0.5484583557905525,0.4889398078881064,0.3125,0.9280811020258926
kr-vs-k,0,3,-NoiseGate,RF,0,2.4274392999941483,0.0,9180,0.5444392103059624,0.750031143283574,0.5788463445948177,0.5638296099101769,0.4938190239830826,0.2307692307692307,0.9222767921928414
kr-vs-k,0,3,-NoiseGate,LGBM,0,2.4274392999941483,0.0,9180,0.5471366542646586,0.7602065901744781,0.5924555177994639,0.6021187822279831,0.5585090491618975,0.1428571428571428,0.9298963697241318
kr-vs-k,0,3,-ConfSteer,KNN,0,2.404088900075294,0.0,9180,0.4322112418718155,0.6829464567034954,0.484655097512961,0.3738180883337165,0.3221253702588055,0.2142857142857142,0.7875496118217047
kr-vs-k,0,3,-ConfSteer,CART,0,2.404088900075294,0.0,9180,0.4704182481346258,0.7028029521155478,0.5108624071177454,0.5064953784127602,0.4045258255463829,0.1794871794871795,0.7388607754166485
kr-vs-k,0,3,-ConfSteer,SVM,0,2.404088900075294,0.0,9180,0.5309576413772006,0.7415979322398977,0.5659270471763975,0.5525183231117473,0.4930381217137422,0.3125,0.9288172000948256
kr-vs-k,0,3,-ConfSteer,RF,0,2.404088900075294,0.0,9180,0.5516787797449528,0.7544771698436049,0.5862620363696277,0.5701575309765778,0.4787306436084695,0.2179487179487179,0.9238513066941684
kr-vs-k,0,3,-ConfSteer,LGBM,0,2.404088900075294,0.0,9180,0.5330003152812972,0.7497835856110767,0.5766159920189619,0.5766146279326824,0.5492808498785213,0.1428571428571428,0.9327679342715258
kr-vs-k,0,4,Full,KNN,0,2.4309068999718875,0.0,9180,0.4388638172884976,0.6842643339098646,0.4864299620257121,0.3888047947143352,0.3252833627614582,0.1666666666666666,0.7928350932043535
kr-vs-k,0,4,Full,CART,0,2.4309068999718875,0.0,9180,0.511339675350211,0.7383701486400105,0.5630988403133759,0.5391234104186821,0.4288601538647226,0.1666666666666666,0.7656478033990168
kr-vs-k,0,4,Full,SVM,0,2.4309068999718875,0.0,9180,0.5494552398060278,0.7569883298654613,0.5888761381387286,0.5903493053714111,0.5166119725213308,0.1666666666666666,0.9349558281199448
kr-vs-k,0,4,Full,RF,0,2.4309068999718875,0.0,9180,0.5156134960726576,0.7395642692076478,0.563316283044009,0.5609205233032387,0.4782861338497936,0.1666666666666666,0.9307605992234892
kr-vs-k,0,4,Full,LGBM,0,2.4309068999718875,0.0,9180,0.5728500754621463,0.7646544416428518,0.598984933056051,0.6106999899692631,0.5716694562352833,0.3333333333333333,0.9528751976347204
kr-vs-k,0,4,-FeatWeights,KNN,0,1.7523961999686437,0.0,9180,0.4181456974043529,0.6649299389000823,0.4595908966140555,0.3718213339256827,0.3154679078061427,0.1666666666666666,0.7877288727566362
kr-vs-k,0,4,-FeatWeights,CART,0,1.7523961999686437,0.0,9180,0.527280157991177,0.7523786715901964,0.5837934110441956,0.5657244468816104,0.4546299945588769,0.1666666666666666,0.776720321851826
kr-vs-k,0,4,-FeatWeights,SVM,0,1.7523961999686437,0.0,9180,0.5474232796654133,0.7568490621353698,0.5885436484833222,0.5871750400981136,0.519505774462125,0.1666666666666666,0.9334124349959404
kr-vs-k,0,4,-FeatWeights,RF,0,1.7523961999686437,0.0,9180,0.513632730180698,0.7392046711078106,0.5627548852337457,0.5583796198650455,0.4783862595924414,0.1666666666666666,0.9332082514878588
kr-vs-k,0,4,-FeatWeights,LGBM,0,1.7523961999686437,0.0,9180,0.5694540693638678,0.7743432946261982,0.6140381446029655,0.6160687471490631,0.5774896389818719,0.1666666666666666,0.9555664140687068
kr-vs-k,0,4,-Subgroups,KNN,0,1.1518634000094607,0.0,9180,0.4388638172884976,0.6842670495411273,0.4864299620257121,0.388765272173767,0.3254033774696578,0.1666666666666666,0.792831743819206
kr-vs-k,0,4,-Subgroups,CART,0,1.1518634000094607,0.0,9180,0.5045961077868468,0.7293765424534637,0.549699340385112,0.5424713261695057,0.4213236667457112,0.1666666666666666,0.7587415921918294
kr-vs-k,0,4,-Subgroups,SVM,0,1.1518634000094607,0.0,9180,0.5502487214820502,0.7576155023261284,0.5898020640646545,0.5911187944535937,0.5180593868729189,0.1666666666666666,0.93502871560883
kr-vs-k,0,4,-Subgroups,RF,0,1.1518634000094607,0.0,9180,0.5286741030009743,0.7386214024647594,0.5621853336234773,0.5536661032869751,0.467686187452322,0.2564102564102564,0.9328246468382838
kr-vs-k,0,4,-Subgroups,LGBM,0,1.1518634000094607,0.0,9180,0.5555375373529562,0.7644208950271257,0.5990408995886981,0.6018219477430645,0.5591510821956694,0.1666666666666666,0.9523013325574324
kr-vs-k,0,4,-Mahalanobis,KNN,0,2.24890960007906,0.0,9180,0.4388638172884976,0.6842643339098646,0.4864299620257121,0.3888047947143352,0.3252833627614582,0.1666666666666666,0.7927795824512639
kr-vs-k,0,4,-Mahalanobis,CART,0,2.24890960007906,0.0,9180,0.5107617846125926,0.7384988847849335,0.5632502605305856,0.5387715494060695,0.4303066297231175,0.1666666666666666,0.7657621480758467
kr-vs-k,0,4,-Mahalanobis,SVM,0,2.24890960007906,0.0,9180,0.5494552398060278,0.7569883298654613,0.5888761381387286,0.5903493053714111,0.5166119725213308,0.1666666666666666,0.9349587341714808
kr-vs-k,0,4,-Mahalanobis,RF,0,2.24890960007906,0.0,9180,0.5076163249549362,0.7308613133284962,0.5499954243822881,0.5381608406960896,0.4814900496065727,0.1666666666666666,0.9308427476944168
kr-vs-k,0,4,-Mahalanobis,LGBM,0,2.24890960007906,0.0,9180,0.5785370275001136,0.7692986550985023,0.6064117209646325,0.614034617018401,0.5675726897450266,0.3333333333333333,0.9515460195920904
kr-vs-k,0,4,-NoiseGate,KNN,0,2.390547899994999,0.0,9180,0.4359306232615506,0.6826663017353047,0.4842127951968498,0.3857696599373673,0.3231751205259217,0.1666666666666666,0.7934225992106673
kr-vs-k,0,4,-NoiseGate,CART,0,2.390547899994999,0.0,9180,0.5272858429278895,0.7489521654156378,0.5785473156732905,0.5541186977591515,0.4527685827583565,0.1666666666666666,0.7740476174461418
kr-vs-k,0,4,-NoiseGate,SVM,0,2.390547899994999,0.0,9180,0.5474610151057911,0.7565845260736893,0.5881403931742186,0.5894258644844315,0.519450552051151,0.1666666666666666,0.9345905249378538
kr-vs-k,0,4,-NoiseGate,RF,0,2.390547899994999,0.0,9180,0.5051752635153018,0.7349105620865033,0.5568760984925307,0.5501682568868747,0.4577903048281015,0.1666666666666666,0.9296087983347304
kr-vs-k,0,4,-NoiseGate,LGBM,0,2.390547899994999,0.0,9180,0.5432457592684306,0.7553290593793812,0.584464259475906,0.5934273199637323,0.5703111222066072,0.1666666666666666,0.9529281992249266
kr-vs-k,0,4,-ConfSteer,KNN,0,2.460488399956376,0.0,9180,0.4396147127020373,0.6849447774810203,0.4873558879516381,0.3895109843288751,0.3267793121426235,0.1666666666666666,0.7928967243979187
kr-vs-k,0,4,-ConfSteer,CART,0,2.460488399956376,0.0,9180,0.5165920513111354,0.7391780248123972,0.564436980743991,0.5520816797175744,0.4258109417870294,0.1666666666666666,0.7662266002280875
kr-vs-k,0,4,-ConfSteer,SVM,0,2.460488399956376,0.0,9180,0.5494552398060278,0.7569883298654613,0.5888761381387286,0.5903493053714111,0.5166119725213308,0.1666666666666666,0.935117079981248
kr-vs-k,0,4,-ConfSteer,RF,0,2.460488399956376,0.0,9180,0.5105475013386511,0.7379734588339361,0.5609139837099852,0.5497317714734575,0.4771066121678956,0.1666666666666666,0.930585423970528
kr-vs-k,0,4,-ConfSteer,LGBM,0,2.460488399956376,0.0,9180,0.5689993546516761,0.7734637298834707,0.6131005769159192,0.6168103788179917,0.5648700930253774,0.1666666666666666,0.9537806137293656
new-thyroid,0,0,Full,KNN,0,1.102627900079824,0.0,360,0.9499142515929964,0.9633072863634574,0.9523809523809524,0.9688944934846574,0.9503879926647364,0.8571428571428571,1.0
new-thyroid,0,0,Full,CART,0,1.102627900079824,0.0,360,0.9171321261986396,0.9327128148327304,0.919047619047619,0.8936781609195402,0.8154462162801234,0.8571428571428571,0.9328144078144076
new-thyroid,0,0,Full,SVM,0,1.102627900079824,0.0,360,1.0,1.0,1.0,1.0,1.0,1.0,1.0
new-thyroid,0,0,Full,RF,0,1.102627900079824,0.0,360,0.9499142515929964,0.9633072863634574,0.9523809523809524,0.9688944934846574,0.9503879926647364,0.8571428571428571,1.0
new-thyroid,0,0,Full,LGBM,0,1.102627900079824,0.0,360,0.9887630937816502,0.9898143817343058,0.9888888888888888,0.9721280602636536,0.9528897406776536,0.9666666666666668,0.997822547822548
new-thyroid,0,0,-FeatWeights,KNN,0,0.1270622999873012,0.0,360,1.0,1.0,1.0,1.0,1.0,1.0,1.0
new-thyroid,0,0,-FeatWeights,CART,0,0.1270622999873012,0.0,360,0.852265063262812,0.8856269003125576,0.8603174603174604,0.8405172413793104,0.7204213184480223,0.7142857142857143,0.8859991859991859
new-thyroid,0,0,-FeatWeights,SVM,0,0.1270622999873012,0.0,360,1.0,1.0,1.0,1.0,1.0,1.0,1.0
new-thyroid,0,0,-FeatWeights,RF,0,0.1270622999873012,0.0,360,1.0,1.0,1.0,1.0,1.0,1.0,1.0
new-thyroid,0,0,-FeatWeights,LGBM,0,0.1270622999873012,0.0,360,0.939240154232372,0.953110306124888,0.9412698412698411,0.9412698412698411,0.9004629629629629,0.8571428571428571,0.9956450956450956
new-thyroid,0,0,-Subgroups,KNN,0,0.3652742999838665,0.0,360,0.9499142515929964,0.9633072863634574,0.9523809523809524,0.9688944934846574,0.9503879926647364,0.8571428571428571,1.0
new-thyroid,0,0,-Subgroups,CART,0,0.3652742999838665,0.0,360,0.9171321261986396,0.9327128148327304,0.919047619047619,0.8936781609195402,0.8154462162801234,0.8571428571428571,0.9328144078144076
new-thyroid,0,0,-Subgroups,SVM,0,0.3652742999838665,0.0,360,1.0,1.0,1.0,1.0,1.0,1.0,1.0
new-thyroid,0,0,-Subgroups,RF,0,0.3652742999838665,0.0,360,0.9499142515929964,0.9633072863634574,0.9523809523809524,0.9688944934846574,0.9503879926647364,0.8571428571428571,1.0
new-thyroid,0,0,-Subgroups,LGBM,0,0.3652742999838665,0.0,360,0.9887630937816502,0.9898143817343058,0.9888888888888888,0.9721280602636536,0.9528897406776536,0.9666666666666668,0.997822547822548
new-thyroid,0,0,-Mahalanobis,KNN,0,0.4699414999922737,0.0,360,0.9499142515929964,0.9633072863634574,0.9523809523809524,0.9688944934846574,0.9503879926647364,0.8571428571428571,1.0
new-thyroid,0,0,-Mahalanobis,CART,0,0.4699414999922737,0.0,360,0.9171321261986396,0.9327128148327304,0.919047619047619,0.8936781609195402,0.8154462162801234,0.8571428571428571,0.9328144078144076
new-thyroid,0,0,-Mahalanobis,SVM,0,0.4699414999922737,0.0,360,1.0,1.0,1.0,1.0,1.0,1.0,1.0
new-thyroid,0,0,-Mahalanobis,RF,0,0.4699414999922737,0.0,360,0.9499142515929964,0.9633072863634574,0.9523809523809524,0.9688944934846574,0.9503879926647364,0.8571428571428571,1.0
new-thyroid,0,0,-Mahalanobis,LGBM,0,0.4699414999922737,0.0,360,0.9887630937816502,0.9898143817343058,0.9888888888888888,0.9721280602636536,0.9528897406776536,0.9666666666666668,0.997822547822548
new-thyroid,0,0,-NoiseGate,KNN,0,0.4644212999846786,0.0,360,0.9499142515929964,0.9633072863634574,0.9523809523809524,0.9688944934846574,0.9503879926647364,0.8571428571428571,1.0
new-thyroid,0,0,-NoiseGate,CART,0,0.4644212999846786,0.0,360,0.9171321261986396,0.9327128148327304,0.919047619047619,0.8936781609195402,0.8154462162801234,0.8571428571428571,0.9328144078144076
new-thyroid,0,0,-NoiseGate,SVM,0,0.4644212999846786,0.0,360,1.0,1.0,1.0,1.0,1.0,1.0,1.0
new-thyroid,0,0,-NoiseGate,RF,0,0.4644212999846786,0.0,360,0.9499142515929964,0.9633072863634574,0.9523809523809524,0.9688944934846574,0.9503879926647364,0.8571428571428571,1.0
new-thyroid,0,0,-NoiseGate,LGBM,0,0.4644212999846786,0.0,360,0.939240154232372,0.953110306124888,0.9412698412698411,0.9412698412698411,0.9004629629629629,0.8571428571428571,0.9956450956450956
new-thyroid,0,0,-ConfSteer,KNN,0,0.465975199942477,0.0,360,0.9499142515929964,0.9633072863634574,0.9523809523809524,0.9688944934846574,0.9503879926647364,0.8571428571428571,1.0
new-thyroid,0,0,-ConfSteer,CART,0,0.465975199942477,0.0,360,0.9171321261986396,0.9327128148327304,0.919047619047619,0.8936781609195402,0.8154462162801234,0.8571428571428571,0.9328144078144076
new-thyroid,0,0,-ConfSteer,SVM,0,0.465975199942477,0.0,360,1.0,1.0,1.0,1.0,1.0,1.0,1.0
new-thyroid,0,0,-ConfSteer,RF,0,0.465975199942477,0.0,360,0.9499142515929964,0.9633072863634574,0.9523809523809524,0.9688944934846574,0.9503879926647364,0.8571428571428571,1.0
new-thyroid,0,0,-ConfSteer,LGBM,0,0.465975199942477,0.0,360,0.9887630937816502,0.9898143817343058,0.9888888888888888,0.9721280602636536,0.9528897406776536,0.9666666666666668,0.997822547822548
new-thyroid,0,1,Full,KNN,0,1.086921900045127,0.0,360,0.9196413921270402,0.938880881302355,0.9222222222222222,0.9110811504879304,0.8575031804272226,0.8333333333333334,0.9534072534072534
new-thyroid,0,1,Full,CART,0,1.086921900045127,0.0,360,0.930461695276404,0.949206669273505,0.9333333333333336,0.9333333333333336,0.9004629629629629,0.8333333333333334,0.9493416493416494
new-thyroid,0,1,Full,SVM,0,1.086921900045127,0.0,360,0.8735804647362989,0.9183163089615928,0.8888888888888888,0.9225806451612902,0.9008639182586196,0.6666666666666666,0.9888888888888888
new-thyroid,0,1,Full,RF,0,1.086921900045127,0.0,360,0.930461695276404,0.949206669273505,0.9333333333333336,0.9333333333333336,0.9004629629629629,0.8333333333333334,0.9967890967890968
new-thyroid,0,1,Full,LGBM,0,1.086921900045127,0.0,360,0.930461695276404,0.949206669273505,0.9333333333333336,0.9333333333333336,0.9004629629629629,0.8333333333333334,0.9967890967890968
new-thyroid,0,1,-FeatWeights,KNN,0,0.1220350000075995,0.0,360,0.930461695276404,0.9490836286087057,0.9333333333333336,0.9363636363636364,0.9013945375933342,0.8333333333333334,0.9534072534072534
new-thyroid,0,1,-FeatWeights,CART,0,0.1220350000075995,0.0,360,0.930461695276404,0.949206669273505,0.9333333333333336,0.9333333333333336,0.9004629629629629,0.8333333333333334,0.9493416493416494
new-thyroid,0,1,-FeatWeights,SVM,0,0.1220350000075995,0.0,360,0.8735804647362989,0.9183163089615928,0.8888888888888888,0.9225806451612902,0.9008639182586196,0.6666666666666666,0.9914529914529916
new-thyroid,0,1,-FeatWeights,RF,0,0.1220350000075995,0.0,360,0.9410360288810286,0.9592851089368168,0.9444444444444444,0.9642324888226528,0.9503624045929532,0.8333333333333334,0.9976437976437976
new-thyroid,0,1,-FeatWeights,LGBM,0,0.1220350000075995,0.0,360,0.930461695276404,0.949206669273505,0.9333333333333336,0.9333333333333336,0.9004629629629629,0.8333333333333334,0.9929313929313928
new-thyroid,0,1,-Subgroups,KNN,0,0.3633222000207752,0.0,360,0.9196413921270402,0.938880881302355,0.9222222222222222,0.9110811504879304,0.8575031804272226,0.8333333333333334,0.9534072534072534
new-thyroid,0,1,-Subgroups,CART,0,0.3633222000207752,0.0,360,0.930461695276404,0.949206669273505,0.9333333333333336,0.9333333333333336,0.9004629629629629,0.8333333333333334,0.9493416493416494
new-thyroid,0,1,-Subgroups,SVM,0,0.3633222000207752,0.0,360,0.8735804647362989,0.9183163089615928,0.8888888888888888,0.9225806451612902,0.9008639182586196,0.6666666666666666,0.9888888888888888
new-thyroid,0,1,-Subgroups,RF,0,0.3633222000207752,0.0,360,0.930461695276404,0.949206669273505,0.9333333333333336,0.9333333333333336,0.9004629629629629,0.8333333333333334,0.9944328944328944
new-thyroid,0,1,-Subgroups,LGBM,0,0.3633222000207752,0.0,360,0.930461695276404,0.949206669273505,0.9333333333333336,0.9333333333333336,0.9004629629629629,0.8333333333333334,0.9944328944328944
new-thyroid,0,1,-Mahalanobis,KNN,0,0.4791250000707805,0.0,360,0.9196413921270402,0.938880881302355,0.9222222222222222,0.9110811504879304,0.8575031804272226,0.8333333333333334,0.9534072534072534
new-thyroid,0,1,-Mahalanobis,CART,0,0.4791250000707805,0.0,360,0.930461695276404,0.949206669273505,0.9333333333333336,0.9333333333333336,0.9004629629629629,0.8333333333333334,0.9493416493416494
new-thyroid,0,1,-Mahalanobis,SVM,0,0.4791250000707805,0.0,360,0.8735804647362989,0.9183163089615928,0.8888888888888888,0.9225806451612902,0.9008639182586196,0.6666666666666666,0.9888888888888888
new-thyroid,0,1,-Mahalanobis,RF,0,0.4791250000707805,0.0,360,0.930461695276404,0.949206669273505,0.9333333333333336,0.9333333333333336,0.9004629629629629,0.8333333333333334,0.9967890967890968
new-thyroid,0,1,-Mahalanobis,LGBM,0,0.4791250000707805,0.0,360,0.930461695276404,0.949206669273505,0.9333333333333336,0.9333333333333336,0.9004629629629629,0.8333333333333334,0.9944328944328944
new-thyroid,0,1,-NoiseGate,KNN,0,0.4817883000941947,0.0,360,0.9196413921270402,0.938880881302355,0.9222222222222222,0.9110811504879304,0.8575031804272226,0.8333333333333334,0.9534072534072534
new-thyroid,0,1,-NoiseGate,CART,0,0.4817883000941947,0.0,360,0.930461695276404,0.949206669273505,0.9333333333333336,0.9333333333333336,0.9004629629629629,0.8333333333333334,0.9493416493416494
new-thyroid,0,1,-NoiseGate,SVM,0,0.4817883000941947,0.0,360,0.8735804647362989,0.9183163089615928,0.8888888888888888,0.9225806451612902,0.9008639182586196,0.6666666666666666,0.9888888888888888
new-thyroid,0,1,-NoiseGate,RF,0,0.4817883000941947,0.0,360,0.930461695276404,0.949206669273505,0.9333333333333336,0.9333333333333336,0.9004629629629629,0.8333333333333334,0.9944328944328944
new-thyroid,0,1,-NoiseGate,LGBM,0,0.4817883000941947,0.0,360,0.930461695276404,0.949206669273505,0.9333333333333336,0.9333333333333336,0.9004629629629629,0.8333333333333334,0.9944328944328944
new-thyroid,0,1,-ConfSteer,KNN,0,0.4782305000117048,0.0,360,0.9196413921270402,0.938880881302355,0.9222222222222222,0.9110811504879304,0.8575031804272226,0.8333333333333334,0.9534072534072534
new-thyroid,0,1,-ConfSteer,CART,0,0.4782305000117048,0.0,360,0.930461695276404,0.949206669273505,0.9333333333333336,0.9333333333333336,0.9004629629629629,0.8333333333333334,0.9493416493416494
new-thyroid,0,1,-ConfSteer,SVM,0,0.4782305000117048,0.0,360,0.8735804647362989,0.9183163089615928,0.8888888888888888,0.9225806451612902,0.9008639182586196,0.6666666666666666,0.9888888888888888
new-thyroid,0,1,-ConfSteer,RF,0,0.4782305000117048,0.0,360,0.930461695276404,0.949206669273505,0.9333333333333336,0.9333333333333336,0.9004629629629629,0.8333333333333334,0.9967890967890968
new-thyroid,0,1,-ConfSteer,LGBM,0,0.4782305000117048,0.0,360,0.930461695276404,0.949206669273505,0.9333333333333336,0.9333333333333336,0.9004629629629629,0.8333333333333334,0.9967890967890968
new-thyroid,0,2,Full,KNN,0,1.0259177000261843,0.0,360,0.9410360288810286,0.9592851089368168,0.9444444444444444,0.9642324888226528,0.9503624045929532,0.8333333333333334,0.957796257796258
new-thyroid,0,2,Full,CART,0,1.0259177000261843,0.0,360,0.9772648059188253,0.9798776250941544,0.977777777777778,0.9408866995073892,0.9107615800929574,0.9333333333333332,0.97987987987988
new-thyroid,0,2,Full,SVM,0,1.0259177000261843,0.0,360,0.8735804647362989,0.9183163089615928,0.8888888888888888,0.9225806451612902,0.9008639182586196,0.6666666666666666,0.9974358974358974
new-thyroid,0,2,Full,RF,0,1.0259177000261843,0.0,360,0.9887630937816502,0.9899393819724418,0.9888888888888888,0.9687092568448502,0.9529698080351,0.9666666666666668,0.9952875952875954
new-thyroid,0,2,Full,LGBM,0,1.0259177000261843,0.0,360,0.9410360288810286,0.9592851089368168,0.9444444444444444,0.9642324888226528,0.9503624045929532,0.8333333333333334,0.9976437976437976
new-thyroid,0,2,-FeatWeights,KNN,0,0.1222372999181971,0.0,360,0.8735804647362989,0.9183163089615928,0.8888888888888888,0.9225806451612902,0.9008639182586196,0.6666666666666666,0.957796257796258
new-thyroid,0,2,-FeatWeights,CART,0,0.1222372999181971,0.0,360,0.9772648059188253,0.9798776250941544,0.977777777777778,0.9408866995073892,0.9107615800929574,0.9333333333333332,0.97987987987988
new-thyroid,0,2,-FeatWeights,SVM,0,0.1222372999181971,0.0,360,0.8735804647362989,0.9183163089615928,0.8888888888888888,0.9225806451612902,0.9008639182586196,0.6666666666666666,0.9957264957264956
new-thyroid,0,2,-FeatWeights,RF,0,0.1222372999181971,0.0,360,0.9772648059188253,0.9798776250941544,0.977777777777778,0.9408866995073892,0.9107615800929574,0.9333333333333332,0.9976437976437976
new-thyroid,0,2,-FeatWeights,LGBM,0,0.1222372999181971,0.0,360,0.9410360288810286,0.9592851089368168,0.9444444444444444,0.9642324888226528,0.9503624045929532,0.8333333333333334,0.9952875952875954
new-thyroid,0,2,-Subgroups,KNN,0,0.3594044999917969,0.0,360,0.9410360288810286,0.9592851089368168,0.9444444444444444,0.9642324888226528,0.9503624045929532,0.8333333333333334,0.957796257796258
new-thyroid,0,2,-Subgroups,CART,0,0.3594044999917969,0.0,360,0.9772648059188253,0.9798776250941544,0.977777777777778,0.9408866995073892,0.9107615800929574,0.9333333333333332,0.97987987987988
new-thyroid,0,2,-Subgroups,SVM,0,0.3594044999917969,0.0,360,0.8735804647362989,0.9183163089615928,0.8888888888888888,0.9225806451612902,0.9008639182586196,0.6666666666666666,0.9974358974358974
new-thyroid,0,2,-Subgroups,RF,0,0.3594044999917969,0.0,360,0.9887630937816502,0.9899393819724418,0.9888888888888888,0.9687092568448502,0.9529698080351,0.9666666666666668,0.9952875952875954
new-thyroid,0,2,-Subgroups,LGBM,0,0.3594044999917969,0.0,360,0.9410360288810286,0.9592851089368168,0.9444444444444444,0.9642324888226528,0.9503624045929532,0.8333333333333334,0.9976437976437976
new-thyroid,0,2,-Mahalanobis,KNN,0,0.4688383000902831,0.0,360,0.9410360288810286,0.9592851089368168,0.9444444444444444,0.9642324888226528,0.9503624045929532,0.8333333333333334,0.957796257796258
new-thyroid,0,2,-Mahalanobis,CART,0,0.4688383000902831,0.0,360,0.9772648059188253,0.9798776250941544,0.977777777777778,0.9408866995073892,0.9107615800929574,0.9333333333333332,0.97987987987988
new-thyroid,0,2,-Mahalanobis,SVM,0,0.4688383000902831,0.0,360,0.8735804647362989,0.9183163089615928,0.8888888888888888,0.9225806451612902,0.9008639182586196,0.6666666666666666,0.9974358974358974
new-thyroid,0,2,-Mahalanobis,RF,0,0.4688383000902831,0.0,360,0.9887630937816502,0.9899393819724418,0.9888888888888888,0.9687092568448502,0.9529698080351,0.9666666666666668,0.9952875952875954
new-thyroid,0,2,-Mahalanobis,LGBM,0,0.4688383000902831,0.0,360,0.9410360288810286,0.9592851089368168,0.9444444444444444,0.9642324888226528,0.9503624045929532,0.8333333333333334,1.0
new-thyroid,0,2,-NoiseGate,KNN,0,0.4598190999822691,0.0,360,0.9410360288810286,0.9592851089368168,0.9444444444444444,0.9642324888226528,0.9503624045929532,0.8333333333333334,0.957796257796258
new-thyroid,0,2,-NoiseGate,CART,0,0.4598190999822691,0.0,360,0.9772648059188253,0.9798776250941544,0.977777777777778,0.9408866995073892,0.9107615800929574,0.9333333333333332,0.97987987987988
new-thyroid,0,2,-NoiseGate,SVM,0,0.4598190999822691,0.0,360,0.8735804647362989,0.9183163089615928,0.8888888888888888,0.9225806451612902,0.9008639182586196,0.6666666666666666,0.9974358974358974
new-thyroid,0,2,-NoiseGate,RF,0,0.4598190999822691,0.0,360,0.9887630937816502,0.9899393819724418,0.9888888888888888,0.9687092568448502,0.9529698080351,0.9666666666666668,0.9952875952875954
new-thyroid,0,2,-NoiseGate,LGBM,0,0.4598190999822691,0.0,360,0.9410360288810286,0.9592851089368168,0.9444444444444444,0.9642324888226528,0.9503624045929532,0.8333333333333334,0.9976437976437976
new-thyroid,0,2,-ConfSteer,KNN,0,0.47350770002231,0.0,360,0.9410360288810286,0.9592851089368168,0.9444444444444444,0.9642324888226528,0.9503624045929532,0.8333333333333334,0.957796257796258
new-thyroid,0,2,-ConfSteer,CART,0,0.47350770002231,0.0,360,0.9772648059188253,0.9798776250941544,0.977777777777778,0.9408866995073892,0.9107615800929574,0.9333333333333332,0.97987987987988
new-thyroid,0,2,-ConfSteer,SVM,0,0.47350770002231,0.0,360,0.8735804647362989,0.9183163089615928,0.8888888888888888,0.9225806451612902,0.9008639182586196,0.6666666666666666,0.9974358974358974
new-thyroid,0,2,-ConfSteer,RF,0,0.47350770002231,0.0,360,0.9887630937816502,0.9899393819724418,0.9888888888888888,0.9687092568448502,0.9529698080351,0.9666666666666668,0.9952875952875954
new-thyroid,0,2,-ConfSteer,LGBM,0,0.47350770002231,0.0,360,0.9410360288810286,0.9592851089368168,0.9444444444444444,0.9642324888226528,0.9503624045929532,0.8333333333333334,0.9976437976437976
new-thyroid,0,3,Full,KNN,0,0.4825913000386208,0.0,360,0.95341950199441,0.95950136273343,0.9555555555555556,0.8869047619047619,0.834005889431068,0.8666666666666667,0.9627756877756876
new-thyroid,0,3,Full,CART,0,0.4825913000386208,0.0,360,0.7539474411291538,0.8132690345252509,0.7603174603174603,0.7756014477325953,0.6427168583131767,0.6666666666666666,0.8151129151129152
new-thyroid,0,3,Full,SVM,0,0.4825913000386208,0.0,360,0.95341950199441,0.95950136273343,0.9555555555555556,0.8869047619047619,0.834005889431068,0.8666666666666667,0.9956450956450956
new-thyroid,0,3,Full,RF,0,0.4825913000386208,0.0,360,0.8735804647362989,0.9020943655348924,0.8746031746031746,0.8746031746031746,0.8009259259259259,0.8333333333333334,0.9841583341583342
new-thyroid,0,3,Full,LGBM,0,0.4825913000386208,0.0,360,0.8735804647362989,0.9020943655348924,0.8746031746031746,0.8746031746031746,0.8009259259259259,0.8333333333333334,0.9883685883685884
new-thyroid,0,3,-FeatWeights,KNN,0,0.1218589000636711,0.0,360,0.9410360288810286,0.9493117820432826,0.9444444444444444,0.8632543926661573,0.8004219056934326,0.8333333333333334,0.9739244739244738
new-thyroid,0,3,-FeatWeights,CART,0,0.1218589000636711,0.0,360,0.7631428283688879,0.8236553152915839,0.7714285714285714,0.8010752688172044,0.6892622231452897,0.6666666666666666,0.8254232254232253
new-thyroid,0,3,-FeatWeights,SVM,0,0.1218589000636711,0.0,360,0.95341950199441,0.95950136273343,0.9555555555555556,0.8869047619047619,0.834005889431068,0.8666666666666667,0.9964997964997964
new-thyroid,0,3,-FeatWeights,RF,0,0.1218589000636711,0.0,360,0.8735804647362989,0.9020943655348924,0.8746031746031746,0.8746031746031746,0.8009259259259259,0.8333333333333334,0.9898700898700898
new-thyroid,0,3,-FeatWeights,LGBM,0,0.1218589000636711,0.0,360,0.863054373997182,0.8919959118560006,0.8634920634920635,0.8472092878872539,0.7589925216658251,0.8333333333333334,0.9875138875138876
new-thyroid,0,3,-Subgroups,KNN,0,0.3667739999946207,0.0,360,0.95341950199441,0.95950136273343,0.9555555555555556,0.8869047619047619,0.834005889431068,0.8666666666666667,0.9627756877756876
new-thyroid,0,3,-Subgroups,CART,0,0.3667739999946207,0.0,360,0.7539474411291538,0.8132690345252509,0.7603174603174603,0.7756014477325953,0.6427168583131767,0.6666666666666666,0.8151129151129152
new-thyroid,0,3,-Subgroups,SVM,0,0.3667739999946207,0.0,360,0.95341950199441,0.95950136273343,0.9555555555555556,0.8869047619047619,0.834005889431068,0.8666666666666667,0.9956450956450956
new-thyroid,0,3,-Subgroups,RF,0,0.3667739999946207,0.0,360,0.8735804647362989,0.9020943655348924,0.8746031746031746,0.8746031746031746,0.8009259259259259,0.8333333333333334,0.9853364353364354
new-thyroid,0,3,-Subgroups,LGBM,0,0.3667739999946207,0.0,360,0.8735804647362989,0.9020943655348924,0.8746031746031746,0.8746031746031746,0.8009259259259259,0.8333333333333334,0.9907247907247908
new-thyroid,0,3,-Mahalanobis,KNN,0,0.4569636000087484,0.0,360,0.95341950199441,0.95950136273343,0.9555555555555556,0.8869047619047619,0.834005889431068,0.8666666666666667,0.9627756877756876
new-thyroid,0,3,-Mahalanobis,CART,0,0.4569636000087484,0.0,360,0.7539474411291538,0.8132690345252509,0.7603174603174603,0.7756014477325953,0.6427168583131767,0.6666666666666666,0.8151129151129152
new-thyroid,0,3,-Mahalanobis,SVM,0,0.4569636000087484,0.0,360,0.95341950199441,0.95950136273343,0.9555555555555556,0.8869047619047619,0.834005889431068,0.8666666666666667,0.9956450956450956
new-thyroid,0,3,-Mahalanobis,RF,0,0.4569636000087484,0.0,360,0.8735804647362989,0.9020943655348924,0.8746031746031746,0.8746031746031746,0.8009259259259259,0.8333333333333334,0.9841583341583342
new-thyroid,0,3,-Mahalanobis,LGBM,0,0.4569636000087484,0.0,360,0.8735804647362989,0.9020943655348924,0.8746031746031746,0.8746031746031746,0.8009259259259259,0.8333333333333334,0.9883685883685884
new-thyroid,0,3,-NoiseGate,KNN,0,0.4921786000486463,0.0,360,0.95341950199441,0.95950136273343,0.9555555555555556,0.8869047619047619,0.834005889431068,0.8666666666666667,0.9627756877756876
new-thyroid,0,3,-NoiseGate,CART,0,0.4921786000486463,0.0,360,0.7539474411291538,0.8132690345252509,0.7603174603174603,0.7756014477325953,0.6427168583131767,0.6666666666666666,0.8151129151129152
new-thyroid,0,3,-NoiseGate,SVM,0,0.4921786000486463,0.0,360,0.95341950199441,0.95950136273343,0.9555555555555556,0.8869047619047619,0.834005889431068,0.8666666666666667,0.9956450956450956
new-thyroid,0,3,-NoiseGate,RF,0,0.4921786000486463,0.0,360,0.8735804647362989,0.9020943655348924,0.8746031746031746,0.8746031746031746,0.8009259259259259,0.8333333333333334,0.9853364353364354
new-thyroid,0,3,-NoiseGate,LGBM,0,0.4921786000486463,0.0,360,0.8735804647362989,0.9020943655348924,0.8746031746031746,0.8746031746031746,0.8009259259259259,0.8333333333333334,0.9907247907247908
new-thyroid,0,3,-ConfSteer,KNN,0,0.4676847000373527,0.0,360,0.95341950199441,0.95950136273343,0.9555555555555556,0.8869047619047619,0.834005889431068,0.8666666666666667,0.9627756877756876
new-thyroid,0,3,-ConfSteer,CART,0,0.4676847000373527,0.0,360,0.7539474411291538,0.8132690345252509,0.7603174603174603,0.7756014477325953,0.6427168583131767,0.6666666666666666,0.8151129151129152
new-thyroid,0,3,-ConfSteer,SVM,0,0.4676847000373527,0.0,360,0.95341950199441,0.95950136273343,0.9555555555555556,0.8869047619047619,0.834005889431068,0.8666666666666667,0.9956450956450956
new-thyroid,0,3,-ConfSteer,RF,0,0.4676847000373527,0.0,360,0.8735804647362989,0.9020943655348924,0.8746031746031746,0.8746031746031746,0.8009259259259259,0.8333333333333334,0.9841583341583342
new-thyroid,0,3,-ConfSteer,LGBM,0,0.4676847000373527,0.0,360,0.8735804647362989,0.9020943655348924,0.8746031746031746,0.8746031746031746,0.8009259259259259,0.8333333333333334,0.9883685883685884
new-thyroid,0,4,Full,KNN,0,0.4721416000975296,0.0,360,1.0,1.0,1.0,1.0,1.0,1.0,1.0
new-thyroid,0,4,Full,CART,0,0.4721416000975296,0.0,360,1.0,1.0,1.0,1.0,1.0,1.0,1.0
new-thyroid,0,4,Full,SVM,0,0.4721416000975296,0.0,360,1.0,1.0,1.0,1.0,1.0,1.0,1.0
new-thyroid,0,4,Full,RF,0,0.4721416000975296,0.0,360,1.0,1.0,1.0,1.0,1.0,1.0,1.0
new-thyroid,0,4,Full,LGBM,0,0.4721416000975296,0.0,360,1.0,1.0,1.0,1.0,1.0,1.0,1.0
new-thyroid,0,4,-FeatWeights,KNN,0,0.122478500008583,0.0,360,1.0,1.0,1.0,1.0,1.0,1.0,1.0
new-thyroid,0,4,-FeatWeights,CART,0,0.122478500008583,0.0,360,1.0,1.0,1.0,1.0,1.0,1.0,1.0
new-thyroid,0,4,-FeatWeights,SVM,0,0.122478500008583,0.0,360,1.0,1.0,1.0,1.0,1.0,1.0,1.0
new-thyroid,0,4,-FeatWeights,RF,0,0.122478500008583,0.0,360,1.0,1.0,1.0,1.0,1.0,1.0,1.0
new-thyroid,0,4,-FeatWeights,LGBM,0,0.122478500008583,0.0,360,1.0,1.0,1.0,1.0,1.0,1.0,1.0
new-thyroid,0,4,-Subgroups,KNN,0,0.364764199941419,0.0,360,1.0,1.0,1.0,1.0,1.0,1.0,1.0
new-thyroid,0,4,-Subgroups,CART,0,0.364764199941419,0.0,360,1.0,1.0,1.0,1.0,1.0,1.0,1.0
new-thyroid,0,4,-Subgroups,SVM,0,0.364764199941419,0.0,360,1.0,1.0,1.0,1.0,1.0,1.0,1.0
new-thyroid,0,4,-Subgroups,RF,0,0.364764199941419,0.0,360,1.0,1.0,1.0,1.0,1.0,1.0,1.0
new-thyroid,0,4,-Subgroups,LGBM,0,0.364764199941419,0.0,360,1.0,1.0,1.0,1.0,1.0,1.0,1.0
new-thyroid,0,4,-Mahalanobis,KNN,0,0.4676289999624714,0.0,360,1.0,1.0,1.0,1.0,1.0,1.0,1.0
new-thyroid,0,4,-Mahalanobis,CART,0,0.4676289999624714,0.0,360,1.0,1.0,1.0,1.0,1.0,1.0,1.0
new-thyroid,0,4,-Mahalanobis,SVM,0,0.4676289999624714,0.0,360,1.0,1.0,1.0,1.0,1.0,1.0,1.0
new-thyroid,0,4,-Mahalanobis,RF,0,0.4676289999624714,0.0,360,1.0,1.0,1.0,1.0,1.0,1.0,1.0
new-thyroid,0,4,-Mahalanobis,LGBM,0,0.4676289999624714,0.0,360,1.0,1.0,1.0,1.0,1.0,1.0,1.0
new-thyroid,0,4,-NoiseGate,KNN,0,0.4684976999415084,0.0,360,1.0,1.0,1.0,1.0,1.0,1.0,1.0
new-thyroid,0,4,-NoiseGate,CART,0,0.4684976999415084,0.0,360,1.0,1.0,1.0,1.0,1.0,1.0,1.0
new-thyroid,0,4,-NoiseGate,SVM,0,0.4684976999415084,0.0,360,1.0,1.0,1.0,1.0,1.0,1.0,1.0
new-thyroid,0,4,-NoiseGate,RF,0,0.4684976999415084,0.0,360,1.0,1.0,1.0,1.0,1.0,1.0,1.0
new-thyroid,0,4,-NoiseGate,LGBM,0,0.4684976999415084,0.0,360,1.0,1.0,1.0,1.0,1.0,1.0,1.0
new-thyroid,0,4,-ConfSteer,KNN,0,0.4683717000298202,0.0,360,1.0,1.0,1.0,1.0,1.0,1.0,1.0
new-thyroid,0,4,-ConfSteer,CART,0,0.4683717000298202,0.0,360,1.0,1.0,1.0,1.0,1.0,1.0,1.0
new-thyroid,0,4,-ConfSteer,SVM,0,0.4683717000298202,0.0,360,1.0,1.0,1.0,1.0,1.0,1.0,1.0
new-thyroid,0,4,-ConfSteer,RF,0,0.4683717000298202,0.0,360,1.0,1.0,1.0,1.0,1.0,1.0,1.0
new-thyroid,0,4,-ConfSteer,LGBM,0,0.4683717000298202,0.0,360,1.0,1.0,1.0,1.0,1.0,1.0,1.0
nursery,0,0,Full,KNN,0,1.163579599931836,0.0,4264,0.8685422399896355,0.9113568794109234,0.8730740020791501,0.7666464757679877,0.7897946021379043,0.7642585551330798,0.9632395706730278
nursery,0,0,Full,CART,0,1.163579599931836,0.0,4264,0.9751538878054608,0.9821610686613684,0.9754942965779468,0.9596090329251736,0.954369129597034,0.94,0.9821838498555632
nursery,0,0,Full,SVM,0,1.163579599931836,0.0,4264,0.99904807126773,0.999364408765523,0.9990494296577946,0.9934262485481996,0.9981712923844616,0.9961977186311788,0.9999327343147042
nursery,0,0,Full,RF,0,1.163579599931836,0.0,4264,0.9290359702300416,0.9608830262464452,0.9324942965779468,0.942109649122807,0.9596568722458996,0.8,0.998245614063044
nursery,0,0,Full,LGBM,0,1.163579599931836,0.0,4264,0.99904807126773,0.9992974113249156,0.9990494296577946,0.9990248075278017,0.9981701763056986,0.9961977186311788,0.9999928233371376
nursery,0,0,-FeatWeights,KNN,0,0.8632145000156015,0.0,4264,0.8681518483634217,0.9105630876367384,0.8721167243417212,0.7668787110295806,0.7877520612610935,0.7756653992395437,0.9622586222880828
nursery,0,0,-FeatWeights,CART,0,0.8632145000156015,0.0,4264,0.9831931915363196,0.9877445107259724,0.9833460076045628,0.9834146656878892,0.9688703980276144,0.96,0.9877543479702175
nursery,0,0,-FeatWeights,SVM,0,0.8632145000156015,0.0,4264,1.0,1.0,1.0,1.0,1.0,1.0,1.0
nursery,0,0,-FeatWeights,RF,0,0.8632145000156015,0.0,4264,0.928025259063047,0.959981010716608,0.931444866920152,0.951874558910665,0.957813662233941,0.8,0.9985431522477708
nursery,0,0,-FeatWeights,LGBM,0,0.8632145000156015,0.0,4264,0.99904807126773,0.9992974113249156,0.9990494296577946,0.9990248075278017,0.9981701763056986,0.9961977186311788,0.9999856466742753
nursery,0,0,-Subgroups,KNN,0,0.6476338000502437,0.0,4264,0.8685422399896355,0.9113568794109234,0.8730740020791501,0.7666464757679877,0.7897946021379043,0.7642585551330798,0.9632395706730278
nursery,0,0,-Subgroups,CART,0,0.6476338000502437,0.0,4264,0.9751538878054608,0.9821610686613684,0.9754942965779468,0.9596090329251736,0.954369129597034,0.94,0.9821838498555632
nursery,0,0,-Subgroups,SVM,0,0.6476338000502437,0.0,4264,0.99904807126773,0.999364408765523,0.9990494296577946,0.9934262485481996,0.9981712923844616,0.9961977186311788,0.9999327343147042
nursery,0,0,-Subgroups,RF,0,0.6476338000502437,0.0,4264,0.9290359702300416,0.9608830262464452,0.9324942965779468,0.942109649122807,0.9596568722458996,0.8,0.998245614063044
nursery,0,0,-Subgroups,LGBM,0,0.6476338000502437,0.0,4264,0.99904807126773,0.9992974113249156,0.9990494296577946,0.9990248075278017,0.9981701763056986,0.9961977186311788,0.9999928233371376
nursery,0,0,-Mahalanobis,KNN,0,1.248186600045301,0.0,4264,0.8685422399896355,0.9113568794109234,0.8730740020791501,0.7666464757679877,0.7897946021379043,0.7642585551330798,0.9632395706730278
nursery,0,0,-Mahalanobis,CART,0,1.248186600045301,0.0,4264,0.9751538878054608,0.9821610686613684,0.9754942965779468,0.9596090329251736,0.954369129597034,0.94,0.9821838498555632
nursery,0,0,-Mahalanobis,SVM,0,1.248186600045301,0.0,4264,0.99904807126773,0.999364408765523,0.9990494296577946,0.9934262485481996,0.9981712923844616,0.9961977186311788,0.9999327343147042
nursery,0,0,-Mahalanobis,RF,0,1.248186600045301,0.0,4264,0.9290359702300416,0.9608830262464452,0.9324942965779468,0.942109649122807,0.9596568722458996,0.8,0.998245614063044
nursery,0,0,-Mahalanobis,LGBM,0,1.248186600045301,0.0,4264,0.99904807126773,0.9992974113249156,0.9990494296577946,0.9990248075278017,0.9981701763056986,0.9961977186311788,0.9999928233371376
nursery,0,0,-NoiseGate,KNN,0,1.1137033000122756,0.0,4264,0.8685422399896355,0.9113568794109234,0.8730740020791501,0.7666464757679877,0.7897946021379043,0.7642585551330798,0.9632395706730278
nursery,0,0,-NoiseGate,CART,0,1.1137033000122756,0.0,4264,0.9751538878054608,0.9821610686613684,0.9754942965779468,0.9596090329251736,0.954369129597034,0.94,0.9821838498555632
nursery,0,0,-NoiseGate,SVM,0,1.1137033000122756,0.0,4264,0.99904807126773,0.999364408765523,0.9990494296577946,0.9934262485481996,0.9981712923844616,0.9961977186311788,0.9999327343147042
nursery,0,0,-NoiseGate,RF,0,1.1137033000122756,0.0,4264,0.9290359702300416,0.9608830262464452,0.9324942965779468,0.942109649122807,0.9596568722458996,0.8,0.9982260961549974
nursery,0,0,-NoiseGate,LGBM,0,1.1137033000122756,0.0,4264,0.99904807126773,0.9992974113249156,0.9990494296577946,0.9990248075278017,0.9981701763056986,0.9961977186311788,0.9999928233371376
nursery,0,0,-ConfSteer,KNN,0,1.2249136000173166,0.0,4264,0.8685422399896355,0.9113568794109234,0.8730740020791501,0.7666464757679877,0.7897946021379043,0.7642585551330798,0.9632395706730278
nursery,0,0,-ConfSteer,CART,0,1.2249136000173166,0.0,4264,0.9751538878054608,0.9821610686613684,0.9754942965779468,0.9596090329251736,0.954369129597034,0.94,0.9821838498555632
nursery,0,0,-ConfSteer,SVM,0,1.2249136000173166,0.0,4264,0.99904807126773,0.999364408765523,0.9990494296577946,0.9934262485481996,0.9981712923844616,0.9961977186311788,0.9999327343147042
nursery,0,0,-ConfSteer,RF,0,1.2249136000173166,0.0,4264,0.9290359702300416,0.9608830262464452,0.9324942965779468,0.942109649122807,0.9596568722458996,0.8,0.998245614063044
nursery,0,0,-ConfSteer,LGBM,0,1.2249136000173166,0.0,4264,0.99904807126773,0.9992974113249156,0.9990494296577946,0.9990248075278017,0.9981701763056986,0.9961977186311788,0.9999928233371376
nursery,0,1,Full,KNN,0,1.1503578999545423,0.0,4264,0.8156656311030999,0.8893311758932639,0.8246148944048076,0.7733958226639353,0.8237114091233123,0.65,0.9465275785817876
nursery,0,1,Full,CART,0,1.1503578999545423,0.0,4264,0.9577429387945672,0.9749088731466644,0.958444866920152,0.9534707999397042,0.9652129090411108,0.9,0.975050281124516
nursery,0,1,Full,SVM,0,1.1503578999545423,0.0,4264,0.981578969610109,0.9894729175188804,0.981796577946768,0.97134049736859,0.987233818088456,0.95,0.9989611482918452
nursery,0,1,Full,RF,0,1.1503578999545423,0.0,4264,0.8628800813199019,0.9323567180693096,0.8806425855513308,0.9143610013175232,0.9486019029357584,0.6,0.9970990607551492
nursery,0,1,Full,LGBM,0,1.1503578999545423,0.0,4264,0.9961758381826632,0.9971892749382382,0.9961977186311788,0.9961001642036124,0.9927085895628152,0.9847908745247148,0.9999517736706016
nursery,0,1,-FeatWeights,KNN,0,0.8494201999856159,0.0,4264,0.8149245061074112,0.8887735356871656,0.823629135158998,0.7692331670891674,0.8223710337246336,0.65,0.9391756665847052
nursery,0,1,-FeatWeights,CART,0,0.8494201999856159,0.0,4264,0.9567988834938554,0.9741360850946524,0.9574942965779468,0.9574942965779468,0.9633567086995752,0.9,0.9742807069091242
nursery,0,1,-FeatWeights,SVM,0,0.8494201999856159,0.0,4264,0.9825324228657816,0.9901108802180928,0.9827471482889734,0.9773427001768475,0.9890437226402912,0.95,0.9990143470747448
nursery,0,1,-FeatWeights,RF,0,0.8494201999856159,0.0,4264,0.866374237422714,0.9352901281348812,0.8845437262357415,0.9182312252964426,0.955962966841986,0.6,0.9973991908054418
nursery,0,1,-FeatWeights,LGBM,0,0.8494201999856159,0.0,4264,0.998093413635516,0.998594761009796,0.9980988593155894,0.9980497855904626,0.9963450171119584,0.9923954372623576,0.9999856947064802
nursery,0,1,-Subgroups,KNN,0,0.7185181999811903,0.0,4264,0.8156656311030999,0.8893311758932639,0.8246148944048076,0.7733958226639353,0.8237114091233123,0.65,0.9465275785817876
nursery,0,1,-Subgroups,CART,0,0.7185181999811903,0.0,4264,0.9577429387945672,0.9749088731466644,0.958444866920152,0.9534707999397042,0.9652129090411108,0.9,0.975050281124516
nursery,0,1,-Subgroups,SVM,0,0.7185181999811903,0.0,4264,0.981578969610109,0.9894729175188804,0.981796577946768,0.97134049736859,0.987233818088456,0.95,0.998959378142232
nursery,0,1,-Subgroups,RF,0,0.7185181999811903,0.0,4264,0.8628800813199019,0.9323567180693096,0.8806425855513308,0.9143610013175232,0.9486019029357584,0.6,0.9970990607551492
nursery,0,1,-Subgroups,LGBM,0,0.7185181999811903,0.0,4264,0.9961758381826632,0.9971892749382382,0.9961977186311788,0.9961001642036124,0.9927085895628152,0.9847908745247148,0.9999517736706016
nursery,0,1,-Mahalanobis,KNN,0,1.2418231000192463,0.0,4264,0.8156656311030999,0.8893311758932639,0.8246148944048076,0.7733958226639353,0.8237114091233123,0.65,0.9465275785817876
nursery,0,1,-Mahalanobis,CART,0,1.2418231000192463,0.0,4264,0.9577429387945672,0.9749088731466644,0.958444866920152,0.9534707999397042,0.9652129090411108,0.9,0.975050281124516
nursery,0,1,-Mahalanobis,SVM,0,1.2418231000192463,0.0,4264,0.981578969610109,0.9894729175188804,0.981796577946768,0.97134049736859,0.987233818088456,0.95,0.998959378142232
nursery,0,1,-Mahalanobis,RF,0,1.2418231000192463,0.0,4264,0.8628800813199019,0.9323567180693096,0.8806425855513308,0.9143610013175232,0.9486019029357584,0.6,0.9970990607551492
nursery,0,1,-Mahalanobis,LGBM,0,1.2418231000192463,0.0,4264,0.9961758381826632,0.9971892749382382,0.9961977186311788,0.9961001642036124,0.9927085895628152,0.9847908745247148,0.9999517736706016
nursery,0,1,-NoiseGate,KNN,0,1.1418904999736696,0.0,4264,0.8156656311030999,0.8893311758932639,0.8246148944048076,0.7733958226639353,0.8237114091233123,0.65,0.9465275785817876
nursery,0,1,-NoiseGate,CART,0,1.1418904999736696,0.0,4264,0.9577429387945672,0.9749088731466644,0.958444866920152,0.9534707999397042,0.9652129090411108,0.9,0.975050281124516
nursery,0,1,-NoiseGate,SVM,0,1.1418904999736696,0.0,4264,0.981578969610109,0.9894729175188804,0.981796577946768,0.97134049736859,0.987233818088456,0.95,0.998959378142232
nursery,0,1,-NoiseGate,RF,0,1.1418904999736696,0.0,4264,0.8628800813199019,0.9323567180693096,0.8806425855513308,0.9143610013175232,0.9486019029357584,0.6,0.9970990607551492
nursery,0,1,-NoiseGate,LGBM,0,1.1418904999736696,0.0,4264,0.997136008779732,0.9978920489244326,0.997148288973384,0.9970749119052416,0.9945244967043436,0.988593155893536,0.9999785660758228
nursery,0,1,-ConfSteer,KNN,0,1.0695118000730872,0.0,4264,0.8156656311030999,0.8893311758932639,0.8246148944048076,0.7733958226639353,0.8237114091233123,0.65,0.9465275785817876
nursery,0,1,-ConfSteer,CART,0,1.0695118000730872,0.0,4264,0.9577429387945672,0.9749088731466644,0.958444866920152,0.9534707999397042,0.9652129090411108,0.9,0.975050281124516
nursery,0,1,-ConfSteer,SVM,0,1.0695118000730872,0.0,4264,0.981578969610109,0.9894729175188804,0.981796577946768,0.97134049736859,0.987233818088456,0.95,0.998959378142232
nursery,0,1,-ConfSteer,RF,0,1.0695118000730872,0.0,4264,0.8628800813199019,0.9323567180693096,0.8806425855513308,0.9143610013175232,0.9486019029357584,0.6,0.9970990607551492
nursery,0,1,-ConfSteer,LGBM,0,1.0695118000730872,0.0,4264,0.9961758381826632,0.9971892749382382,0.9961977186311788,0.9961001642036124,0.9927085895628152,0.9847908745247148,0.9999517736706016
nursery,0,2,Full,KNN,0,1.2891460999380795,0.0,4264,0.8837885494793083,0.9247810310010262,0.8856224277637744,0.8140014370087226,0.8514000921495903,0.8136882129277566,0.9647407639267828
nursery,0,2,Full,CART,0,1.2891460999380795,0.0,4264,0.9698195483829268,0.9805717769140948,0.9699942965779468,0.9755779811158296,0.9651783217161972,0.95,0.980629448949207
nursery,0,2,Full,SVM,0,1.2891460999380795,0.0,4264,0.997136008779732,0.9980259726730496,0.997148288973384,0.986162201682404,0.9945263359993916,0.988593155893536,0.9994654148168604
nursery,0,2,Full,RF,0,1.2891460999380795,0.0,4264,0.9280747315191566,0.9600118209058766,0.9314942965779468,0.9518716190806792,0.9577984220423048,0.8,0.9985174947940272
nursery,0,2,Full,LGBM,0,1.2891460999380795,0.0,4264,0.9834451339500248,0.990651844372114,0.983648288973384,0.9892167593362812,0.9908415591860088,0.95,0.9999355060986482
nursery,0,2,-FeatWeights,KNN,0,0.9399558000732212,0.0,4264,0.8793364713877142,0.922076411361352,0.8818553352985574,0.8067307726481158,0.8448960407887129,0.7908745247148289,0.9661525082081774
nursery,0,2,-FeatWeights,CART,0,0.9399558000732212,0.0,4264,0.9708198793137888,0.981307454391178,0.9709942965779468,0.9765526531552512,0.9670212457952526,0.95,0.9813622236233224
nursery,0,2,-FeatWeights,SVM,0,0.9399558000732212,0.0,4264,0.997136008779732,0.9980259726730496,0.997148288973384,0.986162201682404,0.9945263359993916,0.988593155893536,0.9994654148168604
nursery,0,2,-FeatWeights,RF,0,0.9399558000732212,0.0,4264,0.930979705240999,0.9622657229688594,0.9345437262357414,0.9547750991494768,0.9633455883098092,0.8,0.9987574844099334
nursery,0,2,-FeatWeights,LGBM,0,0.9399558000732212,0.0,4264,0.9702415338088412,0.984107536549312,0.971148288973384,0.981998362364032,0.9890050485922236,0.9,0.9998522183121308
nursery,0,2,-Subgroups,KNN,0,0.6666492999065667,0.0,4264,0.8837885494793083,0.9247810310010262,0.8856224277637744,0.8140014370087226,0.8514000921495903,0.8136882129277566,0.9647407639267828
nursery,0,2,-Subgroups,CART,0,0.6666492999065667,0.0,4264,0.9698195483829268,0.9805717769140948,0.9699942965779468,0.9755779811158296,0.9651783217161972,0.95,0.980629448949207
nursery,0,2,-Subgroups,SVM,0,0.6666492999065667,0.0,4264,0.997136008779732,0.9980259726730496,0.997148288973384,0.986162201682404,0.9945263359993916,0.988593155893536,0.9994654148168604
nursery,0,2,-Subgroups,RF,0,0.6666492999065667,0.0,4264,0.9280747315191566,0.9600118209058766,0.9314942965779468,0.9518716190806792,0.9577984220423048,0.8,0.9985174947940272
nursery,0,2,-Subgroups,LGBM,0,0.6666492999065667,0.0,4264,0.9834451339500248,0.990651844372114,0.983648288973384,0.9892167593362812,0.9908415591860088,0.95,0.9999355060986482
nursery,0,2,-Mahalanobis,KNN,0,1.078603900037706,0.0,4264,0.8837885494793083,0.9247810310010262,0.8856224277637744,0.8140014370087226,0.8514000921495903,0.8136882129277566,0.9647407639267828
nursery,0,2,-Mahalanobis,CART,0,1.078603900037706,0.0,4264,0.9698195483829268,0.9805717769140948,0.9699942965779468,0.9755779811158296,0.9651783217161972,0.95,0.980629448949207
nursery,0,2,-Mahalanobis,SVM,0,1.078603900037706,0.0,4264,0.997136008779732,0.9980259726730496,0.997148288973384,0.986162201682404,0.9945263359993916,0.988593155893536,0.9994654148168604
nursery,0,2,-Mahalanobis,RF,0,1.078603900037706,0.0,4264,0.9280747315191566,0.9600118209058766,0.9314942965779468,0.9518716190806792,0.9577984220423048,0.8,0.9985174947940272
nursery,0,2,-Mahalanobis,LGBM,0,1.078603900037706,0.0,4264,0.9834451339500248,0.990651844372114,0.983648288973384,0.9892167593362812,0.9908415591860088,0.95,0.9999355060986482
nursery,0,2,-NoiseGate,KNN,0,1.0873795000370592,0.0,4264,0.8848192084309401,0.9254307384071,0.8865729981059797,0.816615564522925,0.8530278934579869,0.8174904942965779,0.9648365877421576
nursery,0,2,-NoiseGate,CART,0,1.0873795000370592,0.0,4264,0.9698195483829268,0.9805717769140948,0.9699942965779468,0.9755779811158296,0.9651783217161972,0.95,0.980629448949207
nursery,0,2,-NoiseGate,SVM,0,1.0873795000370592,0.0,4264,0.997136008779732,0.9980259726730496,0.997148288973384,0.986162201682404,0.9945263359993916,0.988593155893536,0.9994654148168604
nursery,0,2,-NoiseGate,RF,0,1.0873795000370592,0.0,4264,0.9280747315191566,0.9600118209058766,0.9314942965779468,0.9518716190806792,0.9577984220423048,0.8,0.9984996741023348
nursery,0,2,-NoiseGate,LGBM,0,1.0873795000370592,0.0,4264,0.9834451339500248,0.990651844372114,0.983648288973384,0.9892167593362812,0.9908415591860088,0.95,0.9999355060986482
nursery,0,2,-ConfSteer,KNN,0,1.1785928999306634,0.0,4264,0.8837885494793083,0.9247810310010262,0.8856224277637744,0.8140014370087226,0.8514000921495903,0.8136882129277566,0.9647407639267828
nursery,0,2,-ConfSteer,CART,0,1.1785928999306634,0.0,4264,0.9698195483829268,0.9805717769140948,0.9699942965779468,0.9755779811158296,0.9651783217161972,0.95,0.980629448949207
nursery,0,2,-ConfSteer,SVM,0,1.1785928999306634,0.0,4264,0.997136008779732,0.9980259726730496,0.997148288973384,0.986162201682404,0.9945263359993916,0.988593155893536,0.9994654148168604
nursery,0,2,-ConfSteer,RF,0,1.1785928999306634,0.0,4264,0.9280747315191566,0.9600118209058766,0.9314942965779468,0.9518716190806792,0.9577984220423048,0.8,0.9985174947940272
nursery,0,2,-ConfSteer,LGBM,0,1.1785928999306634,0.0,4264,0.9834451339500248,0.990651844372114,0.983648288973384,0.9892167593362812,0.9908415591860088,0.95,0.9999355060986482
nursery,0,3,Full,KNN,0,1.097086500027217,0.0,4268,0.8485623053915161,0.9024950466930436,0.8516548078849917,0.7732071672097129,0.8111041726525027,0.7727272727272727,0.9665031682647288
nursery,0,3,Full,CART,0,1.097086500027217,0.0,4268,0.961892445616496,0.9750239593294286,0.9621371851040526,0.94703670493364,0.950575009546434,0.9477911646586346,0.9751102614454402
nursery,0,3,Full,SVM,0,1.097086500027217,0.0,4268,0.9834974916095006,0.9908875867212884,0.9837121212121211,0.9733085218055156,0.9908547750231496,0.95,0.99906849710741
nursery,0,3,Full,RF,0,1.097086500027217,0.0,4268,0.9114930068643357,0.9519633583398668,0.917214311792625,0.9415322602330848,0.9522701963740609,0.75,0.9979726099892344
nursery,0,3,Full,LGBM,0,1.097086500027217,0.0,4268,0.9989944683112086,0.9992643110721516,0.998995983935743,0.9990243920992876,0.9981677587257768,0.9959839357429718,1.0
nursery,0,3,-FeatWeights,KNN,0,0.8425653999438509,0.0,4268,0.85272946499439,0.9051464639379038,0.8553856403055833,0.7805936972612376,0.8175875160342849,0.7916666666666666,0.9674955651933412
nursery,0,3,-FeatWeights,CART,0,0.8425653999438509,0.0,4268,0.9599705729884876,0.9734179350926692,0.9602432457101132,0.960215830142258,0.9468043589960276,0.9431818181818182,0.973508314504918
nursery,0,3,-FeatWeights,SVM,0,0.8425653999438509,0.0,4268,0.9834974916095006,0.9908875867212884,0.9837121212121211,0.9733085218055156,0.9908547750231496,0.95,0.9990631869969596
nursery,0,3,-FeatWeights,RF,0,0.8425653999438509,0.0,4268,0.912433176248992,0.9527094554381184,0.918218327856882,0.9424995294560512,0.9541330663199088,0.75,0.9980675486269796
nursery,0,3,-FeatWeights,LGBM,0,0.8425653999438509,0.0,4268,0.9989944683112086,0.9992643110721516,0.998995983935743,0.9990243920992876,0.9981677587257768,0.9959839357429718,1.0
nursery,0,3,-Subgroups,KNN,0,0.6638934999937192,0.0,4268,0.8485623053915161,0.9024950466930436,0.8516548078849917,0.7732071672097129,0.8111041726525027,0.7727272727272727,0.9665031682647288
nursery,0,3,-Subgroups,CART,0,0.6638934999937192,0.0,4268,0.961892445616496,0.9750239593294286,0.9621371851040526,0.94703670493364,0.950575009546434,0.9477911646586346,0.9751102614454402
nursery,0,3,-Subgroups,SVM,0,0.6638934999937192,0.0,4268,0.9834974916095006,0.9908875867212884,0.9837121212121211,0.9733085218055156,0.9908547750231496,0.95,0.99906849710741
nursery,0,3,-Subgroups,RF,0,0.6638934999937192,0.0,4268,0.9114930068643357,0.9519633583398668,0.917214311792625,0.9415322602330848,0.9522701963740609,0.75,0.9979726099892344
nursery,0,3,-Subgroups,LGBM,0,0.6638934999937192,0.0,4268,0.9989944683112086,0.9992643110721516,0.998995983935743,0.9990243920992876,0.9981677587257768,0.9959839357429718,1.0
nursery,0,3,-Mahalanobis,KNN,0,1.094229199923575,0.0,4268,0.8485623053915161,0.9024950466930436,0.8516548078849917,0.7732071672097129,0.8111041726525027,0.7727272727272727,0.9665031682647288
nursery,0,3,-Mahalanobis,CART,0,1.094229199923575,0.0,4268,0.961892445616496,0.9750239593294286,0.9621371851040526,0.94703670493364,0.950575009546434,0.9477911646586346,0.9751102614454402
nursery,0,3,-Mahalanobis,SVM,0,1.094229199923575,0.0,4268,0.9834974916095006,0.9908875867212884,0.9837121212121211,0.9733085218055156,0.9908547750231496,0.95,0.99906849710741
nursery,0,3,-Mahalanobis,RF,0,1.094229199923575,0.0,4268,0.9114930068643357,0.9519633583398668,0.917214311792625,0.9415322602330848,0.9522701963740609,0.75,0.9979726099892344
nursery,0,3,-Mahalanobis,LGBM,0,1.094229199923575,0.0,4268,0.9989944683112086,0.9992643110721516,0.998995983935743,0.9990243920992876,0.9981677587257768,0.9959839357429718,1.0
nursery,0,3,-NoiseGate,KNN,0,1.1054335000226274,0.0,4268,0.8485623053915161,0.9024950466930436,0.8516548078849917,0.7732071672097129,0.8111041726525027,0.7727272727272727,0.9665031682647288
nursery,0,3,-NoiseGate,CART,0,1.1054335000226274,0.0,4268,0.961892445616496,0.9750239593294286,0.9621371851040526,0.94703670493364,0.950575009546434,0.9477911646586346,0.9751102614454402
nursery,0,3,-NoiseGate,SVM,0,1.1054335000226274,0.0,4268,0.9834974916095006,0.9908875867212884,0.9837121212121211,0.9733085218055156,0.9908547750231496,0.95,0.9990667270705932
nursery,0,3,-NoiseGate,RF,0,1.1054335000226274,0.0,4268,0.9114930068643357,0.9519633583398668,0.917214311792625,0.9415322602330848,0.9522701963740609,0.75,0.9979726099892344
nursery,0,3,-NoiseGate,LGBM,0,1.1054335000226274,0.0,4268,0.9872585449014338,0.9934981386001028,0.9875,0.9931171537976832,0.998166952260499,0.95,1.0
nursery,0,3,-ConfSteer,KNN,0,1.067984800087288,0.0,4268,0.8485623053915161,0.9024950466930436,0.8516548078849917,0.7732071672097129,0.8111041726525027,0.7727272727272727,0.9665031682647288
nursery,0,3,-ConfSteer,CART,0,1.067984800087288,0.0,4268,0.961892445616496,0.9750239593294286,0.9621371851040526,0.94703670493364,0.950575009546434,0.9477911646586346,0.9751102614454402
nursery,0,3,-ConfSteer,SVM,0,1.067984800087288,0.0,4268,0.9834974916095006,0.9908875867212884,0.9837121212121211,0.9733085218055156,0.9908547750231496,0.95,0.99906849710741
nursery,0,3,-ConfSteer,RF,0,1.067984800087288,0.0,4268,0.9114930068643357,0.9519633583398668,0.917214311792625,0.9415322602330848,0.9522701963740609,0.75,0.9979726099892344
nursery,0,3,-ConfSteer,LGBM,0,1.067984800087288,0.0,4268,0.9989944683112086,0.9992643110721516,0.998995983935743,0.9990243920992876,0.9981677587257768,0.9959839357429718,1.0
nursery,0,4,Full,KNN,0,1.0957962999818849,0.0,4268,0.8886486435270149,0.9255816189445116,0.8901042719722482,0.8085609912021096,0.8372519858297398,0.8174904942965779,0.9667259005510032
nursery,0,4,Full,CART,0,1.0957962999818849,0.0,4268,0.9743175263264984,0.9838045084773864,0.9744665789720532,0.9744393549002768,0.9725167245468048,0.9523809523809524,0.9838492493280878
nursery,0,4,Full,SVM,0,1.0957962999818849,0.0,4268,0.970582963379796,0.9840014292512066,0.9713841787573978,0.9816716566866268,0.9871763913967938,0.9047619047619048,0.9980010095940468
nursery,0,4,Full,RF,0,1.0957962999818849,0.0,4268,0.8541500540108605,0.9298331075113304,0.8754796480871885,0.9101165520396608,0.950460390696795,0.5714285714285714,0.9970625337918912
nursery,0,4,Full,LGBM,0,1.0957962999818849,0.0,4268,0.972496342006218,0.9854458482146722,0.9733387651638602,0.9836220416310236,0.9908450228900114,0.9047619047619048,0.9998618617678422
nursery,0,4,-FeatWeights,KNN,0,0.8602768999990076,0.0,4268,0.8864278841346486,0.9241237529652008,0.8881389648476407,0.8064949722309052,0.8336689797335898,0.8098859315589354,0.9678471621771778
nursery,0,4,-FeatWeights,CART,0,0.8602768999990076,0.0,4268,0.971351893572584,0.9815576739065952,0.971507976501334,0.976830271876406,0.9670014299521424,0.9523809523809524,0.9816096531081976
nursery,0,4,-FeatWeights,SVM,0,0.8602768999990076,0.0,4268,0.9696447477223892,0.9832955784703704,0.9704336084151924,0.9806951582981054,0.9853538363030508,0.9047619047619048,0.9979729330798984
nursery,0,4,-FeatWeights,RF,0,0.8602768999990076,0.0,4268,0.8696231333667029,0.934853077951844,0.8853763778634364,0.9179982599100246,0.9485959520396492,0.6190476190476191,0.9973501460782044
nursery,0,4,-FeatWeights,LGBM,0,0.8602768999990076,0.0,4268,0.972496342006218,0.9854458482146722,0.9733387651638602,0.9836220416310236,0.9908450228900114,0.9047619047619048,0.9999037787701132
nursery,0,4,-Subgroups,KNN,0,0.6764504000311717,0.0,4268,0.8886486435270149,0.9255816189445116,0.8901042719722482,0.8085609912021096,0.8372519858297398,0.8174904942965779,0.9667259005510032
nursery,0,4,-Subgroups,CART,0,0.6764504000311717,0.0,4268,0.9743175263264984,0.9838045084773864,0.9744665789720532,0.9744393549002768,0.9725167245468048,0.9523809523809524,0.9838492493280878
nursery,0,4,-Subgroups,SVM,0,0.6764504000311717,0.0,4268,0.970582963379796,0.9840014292512066,0.9713841787573978,0.9816716566866268,0.9871763913967938,0.9047619047619048,0.9979992361419158
nursery,0,4,-Subgroups,RF,0,0.6764504000311717,0.0,4268,0.8541500540108605,0.9298331075113304,0.8754796480871885,0.9101165520396608,0.950460390696795,0.5714285714285714,0.9970625337918912
nursery,0,4,-Subgroups,LGBM,0,0.6764504000311717,0.0,4268,0.9734300889693914,0.9861514923865684,0.9742893355060656,0.9845988593155894,0.9926722924647934,0.9047619047619048,0.999908283712981
nursery,0,4,-Mahalanobis,KNN,0,1.1845536000328138,0.0,4268,0.8886486435270149,0.9255816189445116,0.8901042719722482,0.8085609912021096,0.8372519858297398,0.8174904942965779,0.9667259005510032
nursery,0,4,-Mahalanobis,CART,0,1.1845536000328138,0.0,4268,0.9743175263264984,0.9838045084773864,0.9744665789720532,0.9744393549002768,0.9725167245468048,0.9523809523809524,0.9838492493280878
nursery,0,4,-Mahalanobis,SVM,0,1.1845536000328138,0.0,4268,0.970582963379796,0.9840014292512066,0.9713841787573978,0.9816716566866268,0.9871763913967938,0.9047619047619048,0.9979992361419158
nursery,0,4,-Mahalanobis,RF,0,1.1845536000328138,0.0,4268,0.8541500540108605,0.9298331075113304,0.8754796480871885,0.9101165520396608,0.950460390696795,0.5714285714285714,0.9970625337918912
nursery,0,4,-Mahalanobis,LGBM,0,1.1845536000328138,0.0,4268,0.9734300889693914,0.9861514923865684,0.9742893355060656,0.9845988593155894,0.9926722924647934,0.9047619047619048,0.999908283712981
nursery,0,4,-NoiseGate,KNN,0,1.070419399999082,0.0,4268,0.8886486435270149,0.9255816189445116,0.8901042719722482,0.8085609912021096,0.8372519858297398,0.8174904942965779,0.9667259005510032
nursery,0,4,-NoiseGate,CART,0,1.070419399999082,0.0,4268,0.9743175263264984,0.9838045084773864,0.9744665789720532,0.9744393549002768,0.9725167245468048,0.9523809523809524,0.9838492493280878
nursery,0,4,-NoiseGate,SVM,0,1.070419399999082,0.0,4268,0.970582963379796,0.9840014292512066,0.9713841787573978,0.9816716566866268,0.9871763913967938,0.9047619047619048,0.9979992361419158
nursery,0,4,-NoiseGate,RF,0,1.070419399999082,0.0,4268,0.871414333655856,0.93635472929465,0.8873844099919505,0.919925775507155,0.9523061584362692,0.6190476190476191,0.996972063018327
nursery,0,4,-NoiseGate,LGBM,0,1.070419399999082,0.0,4268,0.9850472776645456,0.9916856749700969,0.9852435270686222,0.9904970360898014,0.9926829884302214,0.9523809523809524,0.9999099010702452
nursery,0,4,-ConfSteer,KNN,0,1.117624199949205,0.0,4268,0.8886486435270149,0.9255816189445116,0.8901042719722482,0.8085609912021096,0.8372519858297398,0.8174904942965779,0.9667259005510032
nursery,0,4,-ConfSteer,CART,0,1.117624199949205,0.0,4268,0.9743175263264984,0.9838045084773864,0.9744665789720532,0.9744393549002768,0.9725167245468048,0.9523809523809524,0.9838492493280878
nursery,0,4,-ConfSteer,SVM,0,1.117624199949205,0.0,4268,0.970582963379796,0.9840014292512066,0.9713841787573978,0.9816716566866268,0.9871763913967938,0.9047619047619048,0.9979992361419158
nursery,0,4,-ConfSteer,RF,0,1.117624199949205,0.0,4268,0.8541500540108605,0.9298331075113304,0.8754796480871885,0.9101165520396608,0.950460390696795,0.5714285714285714,0.9970625337918912
nursery,0,4,-ConfSteer,LGBM,0,1.117624199949205,0.0,4268,0.9734300889693914,0.9861514923865684,0.9742893355060656,0.9845988593155894,0.9926722924647934,0.9047619047619048,0.999908283712981
page-blocks,0,0,Full,KNN,0,2.116553300060332,0.0,14330,0.935008564370019,0.9585311049568938,0.936403014697994,0.8004524085632303,0.7635214678174029,0.8461538461538461,0.9668441045373808
page-blocks,0,0,Full,CART,0,2.116553300060332,0.0,14330,0.8188001568007952,0.8908927242424315,0.8272677287844651,0.8441481598962408,0.793158606027399,0.625,0.9122187360720656
page-blocks,0,0,Full,SVM,0,2.116553300060332,0.0,14330,0.865947149115885,0.9180484019169975,0.8672084540285377,0.7153097732553577,0.6686313189285157,0.8125,0.9647429053315808
page-blocks,0,0,Full,RF,0,2.116553300060332,0.0,14330,0.9321357459991044,0.959313946101674,0.9374825662482568,0.8990013495276654,0.8714719142595018,0.75,0.992581436728318
page-blocks,0,0,Full,LGBM,0,2.116553300060332,0.0,14330,0.8987582990052333,0.9404733197242888,0.9012646175303078,0.8784380566079368,0.8652734640440691,0.8125,0.9899992483833596
page-blocks,0,0,-FeatWeights,KNN,0,1.5248874999815598,0.0,14330,0.9347309489515958,0.9582695097785652,0.9361240746700996,0.7957387115570274,0.7601919064035261,0.8461538461538461,0.9646869164087184
page-blocks,0,0,-FeatWeights,CART,0,1.5248874999815598,0.0,14330,0.82569145273431,0.8959852517522426,0.8316006866216071,0.8281797764794216,0.7894526445750439,0.6875,0.9161655998500858
page-blocks,0,0,-FeatWeights,SVM,0,1.5248874999815598,0.0,14330,0.865680539721393,0.9177751406433032,0.8669295140006437,0.713569206016167,0.6658763231564188,0.8125,0.9648930060672908
page-blocks,0,0,-FeatWeights,RF,0,1.5248874999815598,0.0,14330,0.883727775584727,0.93197248492713,0.8879277974466259,0.8618609095596665,0.8427969995729454,0.75,0.99229291604409
page-blocks,0,0,-FeatWeights,LGBM,0,1.5248874999815598,0.0,14330,0.9130015525358748,0.9483272312879664,0.9163702928870292,0.8844188842893752,0.8663391879047414,0.8125,0.9919874723117824
page-blocks,0,0,-Subgroups,KNN,0,1.3350339999888092,0.0,14330,0.935008564370019,0.9585311049568938,0.936403014697994,0.8004524085632303,0.7635214678174029,0.8461538461538461,0.9668441045373808
page-blocks,0,0,-Subgroups,CART,0,1.3350339999888092,0.0,14330,0.8188001568007952,0.8908927242424315,0.8272677287844651,0.8441481598962408,0.793158606027399,0.625,0.9122187360720656
page-blocks,0,0,-Subgroups,SVM,0,1.3350339999888092,0.0,14330,0.865947149115885,0.9180484019169975,0.8672084540285377,0.7153097732553577,0.6686313189285157,0.8125,0.9647429053315808
page-blocks,0,0,-Subgroups,RF,0,1.3350339999888092,0.0,14330,0.9321357459991044,0.959313946101674,0.9374825662482568,0.8990013495276654,0.8714719142595018,0.75,0.992581436728318
page-blocks,0,0,-Subgroups,LGBM,0,1.3350339999888092,0.0,14330,0.8987582990052333,0.9404733197242888,0.9012646175303078,0.8784380566079368,0.8652734640440691,0.8125,0.9899992483833596
page-blocks,0,0,-Mahalanobis,KNN,0,2.030089300009422,0.0,14330,0.935008564370019,0.9585311049568938,0.936403014697994,0.8004524085632303,0.7635214678174029,0.8461538461538461,0.9668441045373808
page-blocks,0,0,-Mahalanobis,CART,0,2.030089300009422,0.0,14330,0.8188001568007952,0.8908927242424315,0.8272677287844651,0.8441481598962408,0.793158606027399,0.625,0.9122187360720656
page-blocks,0,0,-Mahalanobis,SVM,0,2.030089300009422,0.0,14330,0.865947149115885,0.9180484019169975,0.8672084540285377,0.7153097732553577,0.6686313189285157,0.8125,0.9647429053315808
page-blocks,0,0,-Mahalanobis,RF,0,2.030089300009422,0.0,14330,0.9321357459991044,0.959313946101674,0.9374825662482568,0.8990013495276654,0.8714719142595018,0.75,0.992581436728318
page-blocks,0,0,-Mahalanobis,LGBM,0,2.030089300009422,0.0,14330,0.8987582990052333,0.9404733197242888,0.9012646175303078,0.8784380566079368,0.8652734640440691,0.8125,0.9899992483833596
page-blocks,0,0,-NoiseGate,KNN,0,2.149224299937486,0.0,14330,0.935008564370019,0.9585311049568938,0.936403014697994,0.8004524085632303,0.7635214678174029,0.8461538461538461,0.9668441045373808
page-blocks,0,0,-NoiseGate,CART,0,2.149224299937486,0.0,14330,0.8188001568007952,0.8908927242424315,0.8272677287844651,0.8441481598962408,0.793158606027399,0.625,0.9122187360720656
page-blocks,0,0,-NoiseGate,SVM,0,2.149224299937486,0.0,14330,0.865947149115885,0.9180484019169975,0.8672084540285377,0.7153097732553577,0.6686313189285157,0.8125,0.9647429053315808
page-blocks,0,0,-NoiseGate,RF,0,2.149224299937486,0.0,14330,0.9321357459991044,0.959313946101674,0.9374825662482568,0.8990013495276654,0.8714719142595018,0.75,0.992581436728318
page-blocks,0,0,-NoiseGate,LGBM,0,2.149224299937486,0.0,14330,0.8987582990052333,0.9404733197242888,0.9012646175303078,0.8784380566079368,0.8652734640440691,0.8125,0.9899992483833596
page-blocks,0,0,-ConfSteer,KNN,0,2.1030204999260604,0.0,14330,0.935008564370019,0.9585311049568938,0.936403014697994,0.8004524085632303,0.7635214678174029,0.8461538461538461,0.9668441045373808
page-blocks,0,0,-ConfSteer,CART,0,2.1030204999260604,0.0,14330,0.8188001568007952,0.8908927242424315,0.8272677287844651,0.8441481598962408,0.793158606027399,0.625,0.9122187360720656
page-blocks,0,0,-ConfSteer,SVM,0,2.1030204999260604,0.0,14330,0.865947149115885,0.9180484019169975,0.8672084540285377,0.7153097732553577,0.6686313189285157,0.8125,0.9647429053315808
page-blocks,0,0,-ConfSteer,RF,0,2.1030204999260604,0.0,14330,0.9321357459991044,0.959313946101674,0.9374825662482568,0.8990013495276654,0.8714719142595018,0.75,0.992581436728318
page-blocks,0,0,-ConfSteer,LGBM,0,2.1030204999260604,0.0,14330,0.8987582990052333,0.9404733197242888,0.9012646175303078,0.8784380566079368,0.8652734640440691,0.8125,0.9899992483833596
page-blocks,0,1,Full,KNN,0,1.9961901999777183,0.0,14330,0.89052259500144,0.9372085357778948,0.9015874969234556,0.7895902964959569,0.7409377819985291,0.6470588235294118,0.9535025800883764
page-blocks,0,1,Full,CART,0,1.9961901999777183,0.0,14330,0.8059468089249728,0.8922129128096999,0.8230720321601444,0.758248977006058,0.7450895954125384,0.5294117647058824,0.9043917962820018
page-blocks,0,1,Full,SVM,0,1.9961901999777183,0.0,14330,0.9149937145742508,0.942913070851416,0.9192591681023874,0.7666650740563784,0.6827815779719125,0.7647058823529411,0.9631675628621847
page-blocks,0,1,Full,RF,0,1.9961901999777183,0.0,14330,0.8755308154192217,0.925705944706514,0.8822678234473706,0.843639005269863,0.8260846307523074,0.7058823529411765,0.991553487760402
page-blocks,0,1,Full,LGBM,0,1.9961901999777183,0.0,14330,0.8803183149615367,0.9298328223888356,0.8872713101977192,0.8628396492947438,0.8487929373781096,0.7058823529411765,0.9916828906466852
page-blocks,0,1,-FeatWeights,KNN,0,1.4829308999469504,0.0,14330,0.906690105663373,0.943982925999346,0.9139100828615964,0.8014721702453513,0.7542963461206262,0.7058823529411765,0.953375263943858
page-blocks,0,1,-FeatWeights,CART,0,1.4829308999469504,0.0,14330,0.7876397772411675,0.8822770414325695,0.8118652063335794,0.7694283015423878,0.7405193270611401,0.4705882352941176,0.894675417984924
page-blocks,0,1,-FeatWeights,SVM,0,1.4829308999469504,0.0,14330,0.8824988895297956,0.925805409210657,0.886204774796948,0.7488683148856936,0.6804898867303018,0.7647058823529411,0.9584302850293548
page-blocks,0,1,-FeatWeights,RF,0,1.4829308999469504,0.0,14330,0.8760305479453221,0.926246304626104,0.8828257035031586,0.8527293375262855,0.8364612251420561,0.7058823529411765,0.9919869328674148
page-blocks,0,1,-FeatWeights,LGBM,0,1.4829308999469504,0.0,14330,0.8490376614678142,0.9164445426163076,0.8640208384609073,0.8407787813348886,0.8405519710459491,0.5882352941176471,0.9913862140198934
page-blocks,0,1,-Subgroups,KNN,0,1.3486849999753758,0.0,14330,0.89052259500144,0.9372085357778948,0.9015874969234556,0.7895902964959569,0.7409377819985291,0.6470588235294118,0.9535025800883764
page-blocks,0,1,-Subgroups,CART,0,1.3486849999753758,0.0,14330,0.8059468089249728,0.8922129128096999,0.8230720321601444,0.758248977006058,0.7450895954125384,0.5294117647058824,0.9043917962820018
page-blocks,0,1,-Subgroups,SVM,0,1.3486849999753758,0.0,14330,0.9149937145742508,0.942913070851416,0.9192591681023874,0.7666650740563784,0.6827815779719125,0.7647058823529411,0.9631675628621847
page-blocks,0,1,-Subgroups,RF,0,1.3486849999753758,0.0,14330,0.8755308154192217,0.925705944706514,0.8822678234473706,0.843639005269863,0.8260846307523074,0.7058823529411765,0.991553487760402
page-blocks,0,1,-Subgroups,LGBM,0,1.3486849999753758,0.0,14330,0.8803183149615367,0.9298328223888356,0.8872713101977192,0.8628396492947438,0.8487929373781096,0.7058823529411765,0.9916828906466852
page-blocks,0,1,-Mahalanobis,KNN,0,1.9206195999868212,0.0,14330,0.89052259500144,0.9372085357778948,0.9015874969234556,0.7895902964959569,0.7409377819985291,0.6470588235294118,0.9535025800883764
page-blocks,0,1,-Mahalanobis,CART,0,1.9206195999868212,0.0,14330,0.8059468089249728,0.8922129128096999,0.8230720321601444,0.758248977006058,0.7450895954125384,0.5294117647058824,0.9043917962820018
page-blocks,0,1,-Mahalanobis,SVM,0,1.9206195999868212,0.0,14330,0.9149937145742508,0.942913070851416,0.9192591681023874,0.7666650740563784,0.6827815779719125,0.7647058823529411,0.9631675628621847
page-blocks,0,1,-Mahalanobis,RF,0,1.9206195999868212,0.0,14330,0.8755308154192217,0.925705944706514,0.8822678234473706,0.843639005269863,0.8260846307523074,0.7058823529411765,0.991553487760402
page-blocks,0,1,-Mahalanobis,LGBM,0,1.9206195999868212,0.0,14330,0.8803183149615367,0.9298328223888356,0.8872713101977192,0.8628396492947438,0.8487929373781096,0.7058823529411765,0.9916828906466852
page-blocks,0,1,-NoiseGate,KNN,0,1.9642354999668896,0.0,14330,0.89052259500144,0.9372085357778948,0.9015874969234556,0.7895902964959569,0.7409377819985291,0.6470588235294118,0.9535025800883764
page-blocks,0,1,-NoiseGate,CART,0,1.9642354999668896,0.0,14330,0.8059468089249728,0.8922129128096999,0.8230720321601444,0.758248977006058,0.7450895954125384,0.5294117647058824,0.9043917962820018
page-blocks,0,1,-NoiseGate,SVM,0,1.9642354999668896,0.0,14330,0.9149937145742508,0.942913070851416,0.9192591681023874,0.7666650740563784,0.6827815779719125,0.7647058823529411,0.9631675628621847
page-blocks,0,1,-NoiseGate,RF,0,1.9642354999668896,0.0,14330,0.8755308154192217,0.925705944706514,0.8822678234473706,0.843639005269863,0.8260846307523074,0.7058823529411765,0.991553487760402
page-blocks,0,1,-NoiseGate,LGBM,0,1.9642354999668896,0.0,14330,0.8803183149615367,0.9298328223888356,0.8872713101977192,0.8628396492947438,0.8487929373781096,0.7058823529411765,0.9916828906466852
page-blocks,0,1,-ConfSteer,KNN,0,1.9641151999821889,0.0,14330,0.89052259500144,0.9372085357778948,0.9015874969234556,0.7895902964959569,0.7409377819985291,0.6470588235294118,0.9535025800883764
page-blocks,0,1,-ConfSteer,CART,0,1.9641151999821889,0.0,14330,0.8059468089249728,0.8922129128096999,0.8230720321601444,0.758248977006058,0.7450895954125384,0.5294117647058824,0.9043917962820018
page-blocks,0,1,-ConfSteer,SVM,0,1.9641151999821889,0.0,14330,0.9149937145742508,0.942913070851416,0.9192591681023874,0.7666650740563784,0.6827815779719125,0.7647058823529411,0.9631675628621847
page-blocks,0,1,-ConfSteer,RF,0,1.9641151999821889,0.0,14330,0.8755308154192217,0.925705944706514,0.8822678234473706,0.843639005269863,0.8260846307523074,0.7058823529411765,0.991553487760402
page-blocks,0,1,-ConfSteer,LGBM,0,1.9641151999821889,0.0,14330,0.8803183149615367,0.9298328223888356,0.8872713101977192,0.8628396492947438,0.8487929373781096,0.7058823529411765,0.9916828906466852
page-blocks,0,2,Full,KNN,0,2.025752699933946,0.0,14330,0.923293702479291,0.9516068011478545,0.9251187683778632,0.7945900117343572,0.7549084384539707,0.8235294117647058,0.9701048640756752
page-blocks,0,2,Full,CART,0,2.025752699933946,0.0,14330,0.8594703455653943,0.9230595268184888,0.8715763548980803,0.801060384488812,0.7899728538497114,0.6153846153846154,0.9323226905787808
page-blocks,0,2,Full,SVM,0,2.025752699933946,0.0,14330,0.9455322973219844,0.9625366893621008,0.9466892890869512,0.7623990742624666,0.7076712538284009,0.8823529411764706,0.97809421405631
page-blocks,0,2,Full,RF,0,2.025752699933946,0.0,14330,0.8845974147933818,0.939378011666804,0.8930543610797693,0.8271387269973841,0.8332093190842477,0.6923076923076923,0.992538790235719
page-blocks,0,2,Full,LGBM,0,2.025752699933946,0.0,14330,0.9308528606366184,0.9608960980962888,0.9327276787218872,0.8741443633835713,0.8691913994163318,0.8461538461538461,0.9900078188463808
page-blocks,0,2,-FeatWeights,KNN,0,1.5469767999602482,0.0,14330,0.933059038238046,0.9554481288979768,0.9354112445298604,0.7923144597338145,0.7425729158215593,0.8235294117647058,0.972500041845662
page-blocks,0,2,-FeatWeights,CART,0,1.5469767999602482,0.0,14330,0.80290724822857,0.8940981054028735,0.8190523585229311,0.7552121396203606,0.7626729650728568,0.5384615384615384,0.9052287730434508
page-blocks,0,2,-FeatWeights,SVM,0,1.5469767999602482,0.0,14330,0.9458203937488144,0.9628042657852424,0.9469682291148456,0.763661782459963,0.7104655838715769,0.8823529411764706,0.9778655045009444
page-blocks,0,2,-FeatWeights,RF,0,1.5469767999602482,0.0,14330,0.9331448364981244,0.9606305880101188,0.9352318281125734,0.8603794522006893,0.8485916841046238,0.8235294117647058,0.993515601195766
page-blocks,0,2,-FeatWeights,LGBM,0,1.5469767999602482,0.0,14330,0.949559854700366,0.9699681428169744,0.9520111436366588,0.8917343540853737,0.8793874119194358,0.8235294117647058,0.9910578519545306
page-blocks,0,2,-Subgroups,KNN,0,1.3418361999792978,0.0,14330,0.923293702479291,0.9516068011478545,0.9251187683778632,0.7945900117343572,0.7549084384539707,0.8235294117647058,0.9701048640756752
page-blocks,0,2,-Subgroups,CART,0,1.3418361999792978,0.0,14330,0.8594703455653943,0.9230595268184888,0.8715763548980803,0.801060384488812,0.7899728538497114,0.6153846153846154,0.9323226905787808
page-blocks,0,2,-Subgroups,SVM,0,1.3418361999792978,0.0,14330,0.9455322973219844,0.9625366893621008,0.9466892890869512,0.7623990742624666,0.7076712538284009,0.8823529411764706,0.97809421405631
page-blocks,0,2,-Subgroups,RF,0,1.3418361999792978,0.0,14330,0.8845974147933818,0.939378011666804,0.8930543610797693,0.8271387269973841,0.8332093190842477,0.6923076923076923,0.992538790235719
page-blocks,0,2,-Subgroups,LGBM,0,1.3418361999792978,0.0,14330,0.9308528606366184,0.9608960980962888,0.9327276787218872,0.8741443633835713,0.8691913994163318,0.8461538461538461,0.9900078188463808
page-blocks,0,2,-Mahalanobis,KNN,0,2.0962098001036797,0.0,14330,0.923293702479291,0.9516068011478545,0.9251187683778632,0.7945900117343572,0.7549084384539707,0.8235294117647058,0.9701048640756752
page-blocks,0,2,-Mahalanobis,CART,0,2.0962098001036797,0.0,14330,0.8594703455653943,0.9230595268184888,0.8715763548980803,0.801060384488812,0.7899728538497114,0.6153846153846154,0.9323226905787808
page-blocks,0,2,-Mahalanobis,SVM,0,2.0962098001036797,0.0,14330,0.9455322973219844,0.9625366893621008,0.9466892890869512,0.7623990742624666,0.7076712538284009,0.8823529411764706,0.97809421405631
page-blocks,0,2,-Mahalanobis,RF,0,2.0962098001036797,0.0,14330,0.8845974147933818,0.939378011666804,0.8930543610797693,0.8271387269973841,0.8332093190842477,0.6923076923076923,0.992538790235719
page-blocks,0,2,-Mahalanobis,LGBM,0,2.0962098001036797,0.0,14330,0.9308528606366184,0.9608960980962888,0.9327276787218872,0.8741443633835713,0.8691913994163318,0.8461538461538461,0.9900078188463808
page-blocks,0,2,-NoiseGate,KNN,0,2.0068569000577554,0.0,14330,0.923293702479291,0.9516068011478545,0.9251187683778632,0.7945900117343572,0.7549084384539707,0.8235294117647058,0.9701048640756752
page-blocks,0,2,-NoiseGate,CART,0,2.0068569000577554,0.0,14330,0.8594703455653943,0.9230595268184888,0.8715763548980803,0.801060384488812,0.7899728538497114,0.6153846153846154,0.9323226905787808
page-blocks,0,2,-NoiseGate,SVM,0,2.0068569000577554,0.0,14330,0.9455322973219844,0.9625366893621008,0.9466892890869512,0.7623990742624666,0.7076712538284009,0.8823529411764706,0.97809421405631
page-blocks,0,2,-NoiseGate,RF,0,2.0068569000577554,0.0,14330,0.8845974147933818,0.939378011666804,0.8930543610797693,0.8271387269973841,0.8332093190842477,0.6923076923076923,0.992538790235719
page-blocks,0,2,-NoiseGate,LGBM,0,2.0068569000577554,0.0,14330,0.9308528606366184,0.9608960980962888,0.9327276787218872,0.8741443633835713,0.8691913994163318,0.8461538461538461,0.9900078188463808
page-blocks,0,2,-ConfSteer,KNN,0,2.0436912999721244,0.0,14330,0.923293702479291,0.9516068011478545,0.9251187683778632,0.7945900117343572,0.7549084384539707,0.8235294117647058,0.9701048640756752
page-blocks,0,2,-ConfSteer,CART,0,2.0436912999721244,0.0,14330,0.8594703455653943,0.9230595268184888,0.8715763548980803,0.801060384488812,0.7899728538497114,0.6153846153846154,0.9323226905787808
page-blocks,0,2,-ConfSteer,SVM,0,2.0436912999721244,0.0,14330,0.9455322973219844,0.9625366893621008,0.9466892890869512,0.7623990742624666,0.7076712538284009,0.8823529411764706,0.97809421405631
page-blocks,0,2,-ConfSteer,RF,0,2.0436912999721244,0.0,14330,0.8845974147933818,0.939378011666804,0.8930543610797693,0.8271387269973841,0.8332093190842477,0.6923076923076923,0.992538790235719
page-blocks,0,2,-ConfSteer,LGBM,0,2.0436912999721244,0.0,14330,0.9308528606366184,0.9608960980962888,0.9327276787218872,0.8741443633835713,0.8691913994163318,0.8461538461538461,0.9900078188463808
page-blocks,0,3,Full,KNN,0,2.043149300036021,0.0,14335,0.876099795504187,0.9220842991229148,0.8821000488721488,0.7197874262809502,0.6781316794012135,0.7058823529411765,0.9437658893171406
page-blocks,0,3,Full,CART,0,2.043149300036021,0.0,14335,0.7703446104758785,0.8675555880281579,0.7855339071597698,0.7794316210631316,0.7636260441179143,0.5294117647058824,0.8806155727362199
page-blocks,0,3,Full,SVM,0,2.043149300036021,0.0,14335,0.8893626645812444,0.9376246018537582,0.8963430150745302,0.694063673151285,0.7245005475812357,0.6923076923076923,0.9768934234750284
page-blocks,0,3,Full,RF,0,2.043149300036021,0.0,14335,0.8388354959450666,0.9121871736153632,0.8548032685356051,0.8108218800241762,0.8246475860316005,0.5882352941176471,0.9820285298076608
page-blocks,0,3,Full,LGBM,0,2.043149300036021,0.0,14335,0.8307681144131912,0.9039430241647638,0.8459112759843945,0.8141070769152219,0.7985548084498656,0.5882352941176471,0.9853287369313644
page-blocks,0,3,-FeatWeights,KNN,0,1.498490100027993,0.0,14335,0.861503600304851,0.9153260983467444,0.870894002207673,0.7181642016617387,0.6772544668350015,0.6470588235294118,0.9267234445593576
page-blocks,0,3,-FeatWeights,CART,0,1.498490100027993,0.0,14335,0.7672074200632865,0.8659459801711554,0.7822052293199186,0.7866408624153456,0.7725061752360944,0.5294117647058824,0.8792360070701919
page-blocks,0,3,-FeatWeights,SVM,0,1.498490100027993,0.0,14335,0.8893626645812444,0.9376246018537582,0.8963430150745302,0.694063673151285,0.7245005475812357,0.6923076923076923,0.9756893419628072
page-blocks,0,3,-FeatWeights,RF,0,1.498490100027993,0.0,14335,0.8385960338746461,0.9119182997559376,0.8545239389266663,0.8078342167870112,0.8195704283077228,0.5882352941176471,0.9819560888527452
page-blocks,0,3,-FeatWeights,LGBM,0,1.498490100027993,0.0,14335,0.8506584115798115,0.9166026589355462,0.8654625580356766,0.8262548289916711,0.8134613247966722,0.5882352941176471,0.986828056120532
page-blocks,0,3,-Subgroups,KNN,0,1.298061199951917,0.0,14335,0.876099795504187,0.9220842991229148,0.8821000488721488,0.7197874262809502,0.6781316794012135,0.7058823529411765,0.9437658893171406
page-blocks,0,3,-Subgroups,CART,0,1.298061199951917,0.0,14335,0.7703446104758785,0.8675555880281579,0.7855339071597698,0.7794316210631316,0.7636260441179143,0.5294117647058824,0.8806155727362199
page-blocks,0,3,-Subgroups,SVM,0,1.298061199951917,0.0,14335,0.8893626645812444,0.9376246018537582,0.8963430150745302,0.694063673151285,0.7245005475812357,0.6923076923076923,0.9768934234750284
page-blocks,0,3,-Subgroups,RF,0,1.298061199951917,0.0,14335,0.8388354959450666,0.9121871736153632,0.8548032685356051,0.8108218800241762,0.8246475860316005,0.5882352941176471,0.9820285298076608
page-blocks,0,3,-Subgroups,LGBM,0,1.298061199951917,0.0,14335,0.8307681144131912,0.9039430241647638,0.8459112759843945,0.8141070769152219,0.7985548084498656,0.5882352941176471,0.9853287369313644
page-blocks,0,3,-Mahalanobis,KNN,0,2.131379299913533,0.0,14335,0.876099795504187,0.9220842991229148,0.8821000488721488,0.7197874262809502,0.6781316794012135,0.7058823529411765,0.9437658893171406
page-blocks,0,3,-Mahalanobis,CART,0,2.131379299913533,0.0,14335,0.7703446104758785,0.8675555880281579,0.7855339071597698,0.7794316210631316,0.7636260441179143,0.5294117647058824,0.8806155727362199
page-blocks,0,3,-Mahalanobis,SVM,0,2.131379299913533,0.0,14335,0.8893626645812444,0.9376246018537582,0.8963430150745302,0.694063673151285,0.7245005475812357,0.6923076923076923,0.9768934234750284
page-blocks,0,3,-Mahalanobis,RF,0,2.131379299913533,0.0,14335,0.8388354959450666,0.9121871736153632,0.8548032685356051,0.8108218800241762,0.8246475860316005,0.5882352941176471,0.9820285298076608
page-blocks,0,3,-Mahalanobis,LGBM,0,2.131379299913533,0.0,14335,0.8307681144131912,0.9039430241647638,0.8459112759843945,0.8141070769152219,0.7985548084498656,0.5882352941176471,0.9853287369313644
page-blocks,0,3,-NoiseGate,KNN,0,2.025140500045381,0.0,14335,0.876099795504187,0.9220842991229148,0.8821000488721488,0.7197874262809502,0.6781316794012135,0.7058823529411765,0.9437658893171406
page-blocks,0,3,-NoiseGate,CART,0,2.025140500045381,0.0,14335,0.7703446104758785,0.8675555880281579,0.7855339071597698,0.7794316210631316,0.7636260441179143,0.5294117647058824,0.8806155727362199
page-blocks,0,3,-NoiseGate,SVM,0,2.025140500045381,0.0,14335,0.8893626645812444,0.9376246018537582,0.8963430150745302,0.694063673151285,0.7245005475812357,0.6923076923076923,0.9768934234750284
page-blocks,0,3,-NoiseGate,RF,0,2.025140500045381,0.0,14335,0.8388354959450666,0.9121871736153632,0.8548032685356051,0.8108218800241762,0.8246475860316005,0.5882352941176471,0.9820285298076608
page-blocks,0,3,-NoiseGate,LGBM,0,2.025140500045381,0.0,14335,0.8307681144131912,0.9039430241647638,0.8459112759843945,0.8141070769152219,0.7985548084498656,0.5882352941176471,0.9853287369313644
page-blocks,0,3,-ConfSteer,KNN,0,1.997231999994256,0.0,14335,0.876099795504187,0.9220842991229148,0.8821000488721488,0.7197874262809502,0.6781316794012135,0.7058823529411765,0.9437658893171406
page-blocks,0,3,-ConfSteer,CART,0,1.997231999994256,0.0,14335,0.7703446104758785,0.8675555880281579,0.7855339071597698,0.7794316210631316,0.7636260441179143,0.5294117647058824,0.8806155727362199
page-blocks,0,3,-ConfSteer,SVM,0,1.997231999994256,0.0,14335,0.8893626645812444,0.9376246018537582,0.8963430150745302,0.694063673151285,0.7245005475812357,0.6923076923076923,0.9768934234750284
page-blocks,0,3,-ConfSteer,RF,0,1.997231999994256,0.0,14335,0.8388354959450666,0.9121871736153632,0.8548032685356051,0.8108218800241762,0.8246475860316005,0.5882352941176471,0.9820285298076608
page-blocks,0,3,-ConfSteer,LGBM,0,1.997231999994256,0.0,14335,0.8307681144131912,0.9039430241647638,0.8459112759843945,0.8141070769152219,0.7985548084498656,0.5882352941176471,0.9853287369313644
page-blocks,0,4,Full,KNN,0,2.059433300048113,0.0,14335,0.9091733347058966,0.9446824789636014,0.9111982523993698,0.7475796481631152,0.7082997245714295,0.8125,0.9555327852605068
page-blocks,0,4,Full,CART,0,2.059433300048113,0.0,14335,0.8413663345308279,0.9072304362067596,0.8451869359690589,0.7702658929571315,0.761159197982324,0.75,0.9172437554475168
page-blocks,0,4,Full,SVM,0,2.059433300048113,0.0,14335,0.8878857280280333,0.9309180023139112,0.8888536742587021,0.7029112650119215,0.6830170996308808,0.8333333333333334,0.9700288370123475
page-blocks,0,4,Full,RF,0,2.059433300048113,0.0,14335,0.8739265542258718,0.926039006995301,0.8758648474430597,0.8215859573657738,0.8177642333801275,0.8125,0.9833873821011804
page-blocks,0,4,Full,LGBM,0,2.059433300048113,0.0,14335,0.8781157969998332,0.9286300709913622,0.880310843718665,0.8206552075099325,0.8283296726488527,0.8125,0.9889216027568808
page-blocks,0,4,-FeatWeights,KNN,0,1.5608024999964982,0.0,14335,0.9150129245884638,0.9496212891001908,0.9170408967196676,0.7655808293296419,0.734303597045884,0.8125,0.9632785536039457
page-blocks,0,4,-FeatWeights,CART,0,1.5608024999964982,0.0,14335,0.8445358715361305,0.9107283565919132,0.8488182208852599,0.8220128269093483,0.8182296670259704,0.75,0.9207397769950354
page-blocks,0,4,-FeatWeights,SVM,0,1.5608024999964982,0.0,14335,0.8881579186763744,0.9311914154866828,0.8891330038676408,0.7045320513397654,0.6858633443123521,0.8333333333333334,0.9703274195796444
page-blocks,0,4,-FeatWeights,RF,0,1.5608024999964982,0.0,14335,0.8781157969998332,0.928628544273748,0.880310843718665,0.8301423869971121,0.828353136183834,0.8125,0.983493599684315
page-blocks,0,4,-FeatWeights,LGBM,0,1.5608024999964982,0.0,14335,0.8786198821752506,0.929172027397094,0.8808695029365421,0.8262690163802098,0.8379621012593822,0.8125,0.9888457716874786
page-blocks,0,4,-Subgroups,KNN,0,1.333042100071907,0.0,14335,0.9091733347058966,0.9446824789636014,0.9111982523993698,0.7475796481631152,0.7082997245714295,0.8125,0.9555327852605068
page-blocks,0,4,-Subgroups,CART,0,1.333042100071907,0.0,14335,0.8413663345308279,0.9072304362067596,0.8451869359690589,0.7702658929571315,0.761159197982324,0.75,0.9172437554475168
page-blocks,0,4,-Subgroups,SVM,0,1.333042100071907,0.0,14335,0.8878857280280333,0.9309180023139112,0.8888536742587021,0.7029112650119215,0.6830170996308808,0.8333333333333334,0.9700288370123475
page-blocks,0,4,-Subgroups,RF,0,1.333042100071907,0.0,14335,0.8739265542258718,0.926039006995301,0.8758648474430597,0.8215859573657738,0.8177642333801275,0.8125,0.9833873821011804
page-blocks,0,4,-Subgroups,LGBM,0,1.333042100071907,0.0,14335,0.8781157969998332,0.9286300709913622,0.880310843718665,0.8206552075099325,0.8283296726488527,0.8125,0.9889216027568808
page-blocks,0,4,-Mahalanobis,KNN,0,2.5471956999972463,0.0,14335,0.9091733347058966,0.9446824789636014,0.9111982523993698,0.7475796481631152,0.7082997245714295,0.8125,0.9555327852605068
page-blocks,0,4,-Mahalanobis,CART,0,2.5471956999972463,0.0,14335,0.8413663345308279,0.9072304362067596,0.8451869359690589,0.7702658929571315,0.761159197982324,0.75,0.9172437554475168
page-blocks,0,4,-Mahalanobis,SVM,0,2.5471956999972463,0.0,14335,0.8878857280280333,0.9309180023139112,0.8888536742587021,0.7029112650119215,0.6830170996308808,0.8333333333333334,0.9700288370123475
page-blocks,0,4,-Mahalanobis,RF,0,2.5471956999972463,0.0,14335,0.8739265542258718,0.926039006995301,0.8758648474430597,0.8215859573657738,0.8177642333801275,0.8125,0.9833873821011804
page-blocks,0,4,-Mahalanobis,LGBM,0,2.5471956999972463,0.0,14335,0.8781157969998332,0.9286300709913622,0.880310843718665,0.8206552075099325,0.8283296726488527,0.8125,0.9889216027568808
page-blocks,0,4,-NoiseGate,KNN,0,2.249644599971361,0.0,14335,0.9091733347058966,0.9446824789636014,0.9111982523993698,0.7475796481631152,0.7082997245714295,0.8125,0.9555327852605068
page-blocks,0,4,-NoiseGate,CART,0,2.249644599971361,0.0,14335,0.8413663345308279,0.9072304362067596,0.8451869359690589,0.7702658929571315,0.761159197982324,0.75,0.9172437554475168
page-blocks,0,4,-NoiseGate,SVM,0,2.249644599971361,0.0,14335,0.8878857280280333,0.9309180023139112,0.8888536742587021,0.7029112650119215,0.6830170996308808,0.8333333333333334,0.9700288370123475
page-blocks,0,4,-NoiseGate,RF,0,2.249644599971361,0.0,14335,0.8739265542258718,0.926039006995301,0.8758648474430597,0.8215859573657738,0.8177642333801275,0.8125,0.9833873821011804
page-blocks,0,4,-NoiseGate,LGBM,0,2.249644599971361,0.0,14335,0.8781157969998332,0.9286300709913622,0.880310843718665,0.8206552075099325,0.8283296726488527,0.8125,0.9889216027568808
page-blocks,0,4,-ConfSteer,KNN,0,2.2683413999620825,0.0,14335,0.9091733347058966,0.9446824789636014,0.9111982523993698,0.7475796481631152,0.7082997245714295,0.8125,0.9555327852605068
page-blocks,0,4,-ConfSteer,CART,0,2.2683413999620825,0.0,14335,0.8413663345308279,0.9072304362067596,0.8451869359690589,0.7702658929571315,0.761159197982324,0.75,0.9172437554475168
page-blocks,0,4,-ConfSteer,SVM,0,2.2683413999620825,0.0,14335,0.8878857280280333,0.9309180023139112,0.8888536742587021,0.7029112650119215,0.6830170996308808,0.8333333333333334,0.9700288370123475
page-blocks,0,4,-ConfSteer,RF,0,2.2683413999620825,0.0,14335,0.8739265542258718,0.926039006995301,0.8758648474430597,0.8215859573657738,0.8177642333801275,0.8125,0.9833873821011804
page-blocks,0,4,-ConfSteer,LGBM,0,2.2683413999620825,0.0,14335,0.8781157969998332,0.9286300709913622,0.880310843718665,0.8206552075099325,0.8283296726488527,0.8125,0.9889216027568808
satimage,0,0,Full,KNN,0,1.495345800067298,0.0,4566,0.883378779823324,0.9314203069965192,0.8880920669687224,0.8713513295960099,0.8558892581619009,0.7593582887700535,0.9744024049697596
satimage,0,0,Full,CART,0,1.495345800067298,0.0,4566,0.8040798281540965,0.889696227418198,0.8176089108680732,0.8146265002325968,0.8032336681968758,0.5384615384615384,0.8928741411727587
satimage,0,0,Full,SVM,0,1.495345800067298,0.0,4566,0.8560544516831946,0.9180035334293758,0.864938040349959,0.854617811737305,0.8410181747189732,0.6794871794871795,0.9799944484597428
satimage,0,0,Full,RF,0,1.495345800067298,0.0,4566,0.8806413880356808,0.9328289403996236,0.887824467648151,0.8844642881620809,0.8775280485542056,0.6794871794871795,0.988316358197226
satimage,0,0,Full,LGBM,0,1.495345800067298,0.0,4566,0.8986116909518244,0.9435984702117852,0.9047836210601842,0.9069559026444174,0.9028319939183748,0.6923076923076923,0.9889090430115616
satimage,0,0,-FeatWeights,KNN,0,0.9065861999988556,0.0,4566,0.8863722470562885,0.9329028620989378,0.8904423562954515,0.8735820072491635,0.8591146596182085,0.7593582887700535,0.973657692823184
satimage,0,0,-FeatWeights,CART,0,0.9065861999988556,0.0,4566,0.7716556424511763,0.8729577897833612,0.7906469706592897,0.7888752419352077,0.7769464636364244,0.4743589743589743,0.8772423005677549
satimage,0,0,-FeatWeights,SVM,0,0.9065861999988556,0.0,4566,0.8506298225973826,0.9149880323627932,0.859915285327204,0.8500014388348686,0.8363397872070785,0.6666666666666666,0.978688416357416
satimage,0,0,-FeatWeights,RF,0,0.9065861999988556,0.0,4566,0.8731168683890377,0.9289361921575308,0.8815774466952478,0.8776282001367747,0.8697387083594008,0.6538461538461539,0.9887746849733232
satimage,0,0,-FeatWeights,LGBM,0,0.9065861999988556,0.0,4566,0.890336322457881,0.940084308150491,0.8987765562295899,0.9016140801910943,0.8983578684841064,0.6538461538461539,0.9886608425041876
satimage,0,0,-Subgroups,KNN,0,0.8833785998867825,0.0,4566,0.883378779823324,0.9314203069965192,0.8880920669687224,0.8713513295960099,0.8558892581619009,0.7593582887700535,0.9743630578294874
satimage,0,0,-Subgroups,CART,0,0.8833785998867825,0.0,4566,0.8052401467823215,0.8919109083759692,0.8205120534770981,0.8185608293818417,0.8120891498156143,0.5256410256410257,0.895017381010507
satimage,0,0,-Subgroups,SVM,0,0.8833785998867825,0.0,4566,0.8560544516831946,0.9180035334293758,0.864938040349959,0.854617811737305,0.8410181747189732,0.6794871794871795,0.9799885294787546
satimage,0,0,-Subgroups,RF,0,0.8833785998867825,0.0,4566,0.8832555494606965,0.9345216279323612,0.8905910073911305,0.887025907881197,0.8805919602139257,0.6794871794871795,0.9883200438490772
satimage,0,0,-Subgroups,LGBM,0,0.8833785998867825,0.0,4566,0.8871486018247572,0.9386941799106232,0.8963187451599831,0.8988571655246186,0.8966482988125409,0.6410256410256411,0.9890902891985736
satimage,0,0,-Mahalanobis,KNN,0,1.4871704999823123,0.0,4566,0.883378779823324,0.9314203069965192,0.8880920669687224,0.8713513295960099,0.8558892581619009,0.7593582887700535,0.9744024049697596
satimage,0,0,-Mahalanobis,CART,0,1.4871704999823123,0.0,4566,0.8040798281540965,0.889696227418198,0.8176089108680732,0.8146265002325968,0.8032336681968758,0.5384615384615384,0.8928741411727587
satimage,0,0,-Mahalanobis,SVM,0,1.4871704999823123,0.0,4566,0.8560544516831946,0.9180035334293758,0.864938040349959,0.854617811737305,0.8410181747189732,0.6794871794871795,0.9799914889692486
satimage,0,0,-Mahalanobis,RF,0,1.4871704999823123,0.0,4566,0.8774741339360256,0.9319335396176032,0.8861980399746029,0.8833687446083535,0.8773023465925137,0.6538461538461539,0.9884432056200796
satimage,0,0,-Mahalanobis,LGBM,0,1.4871704999823123,0.0,4566,0.8881815389175004,0.938643417564175,0.8964713703126083,0.8988387184738378,0.8950862032525367,0.6538461538461539,0.9886044035898016
satimage,0,0,-NoiseGate,KNN,0,1.4778800999047237,0.0,4566,0.883378779823324,0.9314203069965192,0.8880920669687224,0.8713513295960099,0.8558892581619009,0.7593582887700535,0.9739767883557008
satimage,0,0,-NoiseGate,CART,0,1.4778800999047237,0.0,4566,0.8061629063441407,0.8903060142163729,0.8185018964199746,0.81672425523589,0.8049584536641112,0.5512820512820513,0.8934555679040738
satimage,0,0,-NoiseGate,SVM,0,1.4778800999047237,0.0,4566,0.8560544516831946,0.9180035334293758,0.864938040349959,0.854617811737305,0.8410181747189732,0.6794871794871795,0.9800174928696014
satimage,0,0,-NoiseGate,RF,0,1.4778800999047237,0.0,4566,0.884077116663201,0.9355856689932104,0.8920006523948625,0.8895306810801878,0.8849111792729978,0.6666666666666666,0.9872530687245143
satimage,0,0,-NoiseGate,LGBM,0,1.4778800999047237,0.0,4566,0.895876946302546,0.9430707385114088,0.9035871051577858,0.9069304722055084,0.9044413022555164,0.6666666666666666,0.988812370010208
satimage,0,0,-ConfSteer,KNN,0,1.5095005999319255,0.0,4566,0.883378779823324,0.9314203069965192,0.8880920669687224,0.8713513295960099,0.8558892581619009,0.7593582887700535,0.9744024049697596
satimage,0,0,-ConfSteer,CART,0,1.5095005999319255,0.0,4566,0.8050945349188735,0.8884480912073043,0.8154305144603882,0.8096670194285993,0.8008664170984167,0.5769230769230769,0.8917172640058718
satimage,0,0,-ConfSteer,SVM,0,1.5095005999319255,0.0,4566,0.8560544516831946,0.9180035334293758,0.864938040349959,0.854617811737305,0.8410181747189732,0.6794871794871795,0.9799886663581742
satimage,0,0,-ConfSteer,RF,0,1.5095005999319255,0.0,4566,0.8795832383227069,0.932738959457215,0.887451581457587,0.8847374724472811,0.8788946456784326,0.6666666666666666,0.9882144805869164
satimage,0,0,-ConfSteer,LGBM,0,1.5095005999319255,0.0,4566,0.8856963691831694,0.9370637949046068,0.8939064263594597,0.896273006884349,0.8920643410154827,0.6538461538461539,0.988809167788148
satimage,0,1,Full,KNN,0,1.6760030000004915,0.0,4566,0.8843978574434782,0.9312658306157824,0.8875795317684166,0.8715940526861309,0.8572716409541037,0.776595744680851,0.9687956163992636
satimage,0,1,Full,CART,0,1.6760030000004915,0.0,4566,0.7799144714805721,0.8755836904795402,0.7954570491160647,0.7944687877814673,0.7782730306045138,0.5,0.8796192815044267
satimage,0,1,Full,SVM,0,1.6760030000004915,0.0,4566,0.8723616348742739,0.9256261502707468,0.8770008763413846,0.8656777334336029,0.8559926245490957,0.7435897435897436,0.980090058108332
satimage,0,1,Full,RF,0,1.6760030000004915,0.0,4566,0.8891007501148881,0.9371384273108964,0.894129886362911,0.8971729380003929,0.8920273953634712,0.717948717948718,0.9870240417881444
satimage,0,1,Full,LGBM,0,1.6760030000004915,0.0,4566,0.8685705149734351,0.926648112370542,0.8767449048188044,0.8801421840152699,0.8749818379165527,0.6410256410256411,0.986485591061593
satimage,0,1,-FeatWeights,KNN,0,0.9379703999729828,0.0,4566,0.8816080647471105,0.9300258818105178,0.8855715143248802,0.8684707488264007,0.8547088694480985,0.7606382978723404,0.9714762646718014
satimage,0,1,-FeatWeights,CART,0,0.9379703999729828,0.0,4566,0.7741738272810348,0.8749253897040495,0.7936721363985676,0.7918900129783459,0.7814264783631473,0.4615384615384615,0.8790845952940826
satimage,0,1,-FeatWeights,SVM,0,0.9379703999729828,0.0,4566,0.8750216263085605,0.9272572727606212,0.8799457691432107,0.8680111514038393,0.8574142087925729,0.7435897435897436,0.9803687092624744
satimage,0,1,-FeatWeights,RF,0,0.9379703999729828,0.0,4566,0.879301115583692,0.93244845946834,0.8865729191864373,0.8884868861061386,0.882724976032436,0.6666666666666666,0.9867772493381448
satimage,0,1,-FeatWeights,LGBM,0,0.9379703999729828,0.0,4566,0.8759072346681227,0.930709538610883,0.883472291315083,0.8857782790041785,0.8811885741998301,0.6538461538461539,0.9869057089204016
satimage,0,1,-Subgroups,KNN,0,0.8806432000128552,0.0,4566,0.8843978574434782,0.9312658306157824,0.8875795317684166,0.8715940526861309,0.8572716409541037,0.776595744680851,0.9687956163992636
satimage,0,1,-Subgroups,CART,0,0.8806432000128552,0.0,4566,0.7799144714805721,0.8755836904795402,0.7954570491160647,0.7944687877814673,0.7782730306045138,0.5,0.8796192815044267
satimage,0,1,-Subgroups,SVM,0,0.8806432000128552,0.0,4566,0.8723616348742739,0.9256261502707468,0.8770008763413846,0.8656777334336029,0.8559926245490957,0.7435897435897436,0.9800841391273436
satimage,0,1,-Subgroups,RF,0,0.8806432000128552,0.0,4566,0.8874940685477628,0.9364627989072342,0.8930223182157245,0.8951250074520914,0.8905264099011617,0.7051282051282052,0.987030515979035
satimage,0,1,-Subgroups,LGBM,0,0.8806432000128552,0.0,4566,0.8706253373364025,0.9275443787550302,0.8779565850298335,0.8818624271979641,0.8780957444464941,0.6538461538461539,0.9865892225809042
satimage,0,1,-Mahalanobis,KNN,0,1.6892278000013905,0.0,4566,0.8843978574434782,0.9312658306157824,0.8875795317684166,0.8715940526861309,0.8572716409541037,0.776595744680851,0.9687956163992636
satimage,0,1,-Mahalanobis,CART,0,1.6892278000013905,0.0,4566,0.7799144714805721,0.8755836904795402,0.7954570491160647,0.7944687877814673,0.7782730306045138,0.5,0.8796192815044267
satimage,0,1,-Mahalanobis,SVM,0,1.6892278000013905,0.0,4566,0.8723616348742739,0.9256261502707468,0.8770008763413846,0.8656777334336029,0.8559926245490957,0.7435897435897436,0.9800859815099244
satimage,0,1,-Mahalanobis,RF,0,1.6892278000013905,0.0,4566,0.8846063749600994,0.9346782739972512,0.8901145459114003,0.8927379597982261,0.8873546871176725,0.7051282051282052,0.9870206136849567
satimage,0,1,-Mahalanobis,LGBM,0,1.6892278000013905,0.0,4566,0.8771993609158583,0.9304998394531102,0.8832746243720843,0.8854440639592464,0.8797020560262361,0.6794871794871795,0.9866695170043625
satimage,0,1,-NoiseGate,KNN,0,1.6385402999585494,0.0,4566,0.8833853774891347,0.9306906775835764,0.8866930069457216,0.8704735545686755,0.8558895998764088,0.7712765957446809,0.9697105868333336
satimage,0,1,-NoiseGate,CART,0,1.6385402999585494,0.0,4566,0.8018938771663983,0.8875813480970605,0.8147451776476909,0.8113093165234982,0.7970906309420936,0.5384615384615384,0.890837033353797
satimage,0,1,-NoiseGate,SVM,0,1.6385402999585494,0.0,4566,0.8723616348742739,0.9256261502707468,0.8770008763413846,0.8656777334336029,0.8559926245490957,0.7435897435897436,0.9800827189971868
satimage,0,1,-NoiseGate,RF,0,1.6385402999585494,0.0,4566,0.8820975174437407,0.9332967105345854,0.8879233000764367,0.890147649732583,0.8842887762030343,0.6923076923076923,0.9873659192231732
satimage,0,1,-NoiseGate,LGBM,0,1.6385402999585494,0.0,4566,0.8733669386390204,0.9289963655888704,0.8807057515721035,0.883490580696308,0.8781042006649203,0.6538461538461539,0.9867308289300318
satimage,0,1,-ConfSteer,KNN,0,1.600653300061822,0.0,4566,0.8843978574434782,0.9312658306157824,0.8875795317684166,0.8715940526861309,0.8572716409541037,0.776595744680851,0.9687956163992636
satimage,0,1,-ConfSteer,CART,0,1.600653300061822,0.0,4566,0.7799144714805721,0.8755836904795402,0.7954570491160647,0.7944687877814673,0.7782730306045138,0.5,0.8796192815044267
satimage,0,1,-ConfSteer,SVM,0,1.600653300061822,0.0,4566,0.8723616348742739,0.9256261502707468,0.8770008763413846,0.8656777334336029,0.8559926245490957,0.7435897435897436,0.9800814522987152
satimage,0,1,-ConfSteer,RF,0,1.600653300061822,0.0,4566,0.8892277541100052,0.937067544164438,0.8941670068604131,0.8959786942730749,0.8905311150243591,0.717948717948718,0.9869476903951312
satimage,0,1,-ConfSteer,LGBM,0,1.600653300061822,0.0,4566,0.8678311421513574,0.9261523779247964,0.8759778431391329,0.8785431912413183,0.8734928320567452,0.6410256410256411,0.9866577446857032
satimage,0,2,Full,KNN,0,1.6199285000329835,0.0,4572,0.8871190800332115,0.9334581389007398,0.8905024192108232,0.8764274887474061,0.865319452207389,0.7922077922077922,0.9749482676023954
satimage,0,2,Full,CART,0,1.6199285000329835,0.0,4572,0.8252794370278806,0.9028676370168992,0.8388006608408215,0.8373432529602834,0.8271869279327774,0.5454545454545454,0.9053143312244548
satimage,0,2,Full,SVM,0,1.6199285000329835,0.0,4572,0.8986940638602123,0.9404557219679194,0.901934113539408,0.8884512638506687,0.8790909847334252,0.7819148936170213,0.9821439514478016
satimage,0,2,Full,RF,0,1.6199285000329835,0.0,4572,0.8947549904730175,0.9408914647941776,0.9004194320942845,0.9034766508335736,0.8981490312272007,0.7012987012987013,0.9907706763581686
satimage,0,2,Full,LGBM,0,1.6199285000329835,0.0,4572,0.8838167397553353,0.9371108183395748,0.8939409785984308,0.8967834833190914,0.8935069492450638,0.6233766233766234,0.988591112256425
satimage,0,2,-FeatWeights,KNN,0,0.9002862999914214,0.0,4572,0.8861239904791518,0.9328728705180808,0.8896158943881282,0.8756121743159043,0.8639113057610778,0.7872340425531915,0.972570774282222
satimage,0,2,-FeatWeights,CART,0,0.9002862999914214,0.0,4572,0.8111836227691871,0.8929766436765599,0.8231585018454078,0.8218594482664399,0.8074995805266302,0.5584415584415584,0.8959375393715122
satimage,0,2,-FeatWeights,SVM,0,0.9002862999914214,0.0,4572,0.9020747097287648,0.9422886336019236,0.9049851405266052,0.8914556720895384,0.8822091971506436,0.7872340425531915,0.98215375351552
satimage,0,2,-FeatWeights,RF,0,0.9002862999914214,0.0,4572,0.8984217909521804,0.9428584327620132,0.9036697960238628,0.9057263608828632,0.901295696387261,0.7142857142857143,0.9889218608836178
satimage,0,2,-FeatWeights,LGBM,0,0.9002862999914214,0.0,4572,0.8841413741309013,0.9381503047655512,0.8953225757247089,0.90020687938628,0.8981374931375754,0.6103896103896104,0.9884234382213388
satimage,0,2,-Subgroups,KNN,0,0.8701283000409603,0.0,4572,0.8871190800332115,0.9334581389007398,0.8905024192108232,0.8764274887474061,0.865319452207389,0.7922077922077922,0.9749482676023954
satimage,0,2,-Subgroups,CART,0,0.8701283000409603,0.0,4572,0.8252794370278806,0.9028676370168992,0.8388006608408215,0.8373432529602834,0.8271869279327774,0.5454545454545454,0.9053143312244548
satimage,0,2,-Subgroups,SVM,0,0.8701283000409603,0.0,4572,0.8986940638602123,0.9404557219679194,0.901934113539408,0.8884512638506687,0.8790909847334252,0.7819148936170213,0.9821455168339824
satimage,0,2,-Subgroups,RF,0,0.8701283000409603,0.0,4572,0.898388986870229,0.9427054577011184,0.9034704590814816,0.9070123325293472,0.9012195714796408,0.7142857142857143,0.9908389929688384
satimage,0,2,-Subgroups,LGBM,0,0.8701283000409603,0.0,4572,0.8846221884746454,0.9376654670343026,0.8947278349499354,0.8973099575071513,0.8949949623899587,0.6233766233766234,0.9889305916959094
satimage,0,2,-Mahalanobis,KNN,0,1.6512834000168368,0.0,4572,0.8871190800332115,0.9334581389007398,0.8905024192108232,0.8764274887474061,0.865319452207389,0.7922077922077922,0.9749482676023954
satimage,0,2,-Mahalanobis,CART,0,1.6512834000168368,0.0,4572,0.8252794370278806,0.9028676370168992,0.8388006608408215,0.8373432529602834,0.8271869279327774,0.5454545454545454,0.9053143312244548
satimage,0,2,-Mahalanobis,SVM,0,1.6512834000168368,0.0,4572,0.8986940638602123,0.9404557219679194,0.901934113539408,0.8884512638506687,0.8790909847334252,0.7819148936170213,0.9821439514478016
satimage,0,2,-Mahalanobis,RF,0,1.6512834000168368,0.0,4572,0.8947549904730175,0.9408914647941776,0.9004194320942845,0.9034766508335736,0.8981490312272007,0.7012987012987013,0.9907791293093668
satimage,0,2,-Mahalanobis,LGBM,0,1.6512834000168368,0.0,4572,0.892841837176853,0.94239145630298,0.9024133805898696,0.905965712883784,0.9042806483379696,0.6363636363636364,0.9886310614809184
satimage,0,2,-NoiseGate,KNN,0,1.4903275999240575,0.0,4572,0.8871190800332115,0.9334581389007398,0.8905024192108232,0.8764274887474061,0.865319452207389,0.7922077922077922,0.975467647640837
satimage,0,2,-NoiseGate,CART,0,1.4903275999240575,0.0,4572,0.8107200064581946,0.8950585344595611,0.8258972680640917,0.8258958168663663,0.8162767675293199,0.5194805194805194,0.8979543430270341
satimage,0,2,-NoiseGate,SVM,0,1.4903275999240575,0.0,4572,0.8986940638602123,0.9404557219679194,0.901934113539408,0.8884512638506687,0.8790909847334252,0.7819148936170213,0.9821154047327004
satimage,0,2,-NoiseGate,RF,0,1.4903275999240575,0.0,4572,0.8958779993784093,0.9419195093456344,0.9021611408693294,0.9045041048731388,0.8996667334447891,0.6883116883116883,0.9907314880117633
satimage,0,2,-NoiseGate,LGBM,0,1.4903275999240575,0.0,4572,0.8821885110518959,0.935907344863686,0.8920962560025668,0.8946239374337871,0.8904516500494333,0.6233766233766234,0.9883833461804538
satimage,0,2,-ConfSteer,KNN,0,1.480229299981147,0.0,4572,0.8871190800332115,0.9334581389007398,0.8905024192108232,0.8764274887474061,0.865319452207389,0.7922077922077922,0.9749482676023954
satimage,0,2,-ConfSteer,CART,0,1.480229299981147,0.0,4572,0.8252794370278806,0.9028676370168992,0.8388006608408215,0.8373432529602834,0.8271869279327774,0.5454545454545454,0.9053143312244548
satimage,0,2,-ConfSteer,SVM,0,1.480229299981147,0.0,4572,0.8986940638602123,0.9404557219679194,0.901934113539408,0.8884512638506687,0.8790909847334252,0.7819148936170213,0.9821439514478016
satimage,0,2,-ConfSteer,RF,0,1.480229299981147,0.0,4572,0.8966851277959569,0.9415677493088616,0.9017067412763304,0.9044109387085754,0.8982043304820999,0.7142857142857143,0.9910217429504998
satimage,0,2,-ConfSteer,LGBM,0,1.480229299981147,0.0,4572,0.8821369588722439,0.9359887561606453,0.8920657028849691,0.8957117025739664,0.8920312796984321,0.6233766233766234,0.98864221322243
satimage,0,3,Full,KNN,0,1.507418500026688,0.0,4572,0.8629648488549437,0.9177672095959852,0.8659320106238891,0.8502397187418715,0.8311440098202598,0.7393617021276596,0.9647934474300898
satimage,0,3,Full,CART,0,1.507418500026688,0.0,4572,0.8015977112247127,0.8837209784797371,0.809504594590742,0.8076397309707023,0.7829696033992565,0.6103896103896104,0.8871231034796226
satimage,0,3,Full,SVM,0,1.507418500026688,0.0,4572,0.8557666241311707,0.9158061945434988,0.8612811551449381,0.8504146610930626,0.8372345486561915,0.7180851063829787,0.972849869215502
satimage,0,3,Full,RF,0,1.507418500026688,0.0,4572,0.8684256839433433,0.924437267632678,0.8742103974705167,0.8713925711402366,0.8616208522748654,0.6883116883116883,0.9873507420640224
satimage,0,3,Full,LGBM,0,1.507418500026688,0.0,4572,0.8621305351523415,0.9221527410553918,0.8700124603057375,0.8690469176125709,0.8612196812651576,0.6363636363636364,0.9866806489400012
satimage,0,3,-FeatWeights,KNN,0,0.9457298000343144,0.0,4572,0.8656343837768132,0.9195503577910152,0.8694387021032371,0.8502211293295531,0.8305367145066656,0.723404255319149,0.9629490753654122
satimage,0,3,-FeatWeights,CART,0,0.9457298000343144,0.0,4572,0.8199647929285041,0.8963530794947968,0.829185208742278,0.825601155556403,0.8094254912275766,0.6103896103896104,0.8990735349574974
satimage,0,3,-FeatWeights,SVM,0,0.9457298000343144,0.0,4572,0.8601708292098682,0.9181832600870669,0.8653178272850583,0.8536714495347034,0.840347946095927,0.7180851063829787,0.9741008246193495
satimage,0,3,-FeatWeights,RF,0,0.9457298000343144,0.0,4572,0.8552764336554404,0.9182696601001205,0.8635375596700192,0.8628038360321265,0.8551744052454925,0.6363636363636364,0.987759230377802
satimage,0,3,-FeatWeights,LGBM,0,0.9457298000343144,0.0,4572,0.8628423864144902,0.9226203298596376,0.8706903163458124,0.8704993879296582,0.8626657337273868,0.6363636363636364,0.9874498436594288
satimage,0,3,-Subgroups,KNN,0,0.9027879000641406,0.0,4572,0.8629648488549437,0.9177672095959852,0.8659320106238891,0.8502397187418715,0.8311440098202598,0.7393617021276596,0.9647934474300898
satimage,0,3,-Subgroups,CART,0,0.9027879000641406,0.0,4572,0.8015977112247127,0.8837209784797371,0.809504594590742,0.8076397309707023,0.7829696033992565,0.6103896103896104,0.8871231034796226
satimage,0,3,-Subgroups,SVM,0,0.9027879000641406,0.0,4572,0.8557666241311707,0.9158061945434988,0.8612811551449381,0.8504146610930626,0.8372345486561915,0.7180851063829787,0.972849869215502
satimage,0,3,-Subgroups,RF,0,0.9027879000641406,0.0,4572,0.8701842809271296,0.925228034362602,0.8754671535349651,0.8723652338057738,0.8632500524975512,0.7012987012987013,0.9873435705982556
satimage,0,3,-Subgroups,LGBM,0,0.9027879000641406,0.0,4572,0.8621843862425087,0.9220803116718528,0.8699221236747858,0.8698264360349005,0.8612065454972403,0.6363636363636364,0.987048506584666
satimage,0,3,-Mahalanobis,KNN,0,1.6741109000286087,0.0,4572,0.8629648488549437,0.9177672095959852,0.8659320106238891,0.8502397187418715,0.8311440098202598,0.7393617021276596,0.9647934474300898
satimage,0,3,-Mahalanobis,CART,0,1.6741109000286087,0.0,4572,0.8015977112247127,0.8837209784797371,0.809504594590742,0.8076397309707023,0.7829696033992565,0.6103896103896104,0.8871231034796226
satimage,0,3,-Mahalanobis,SVM,0,1.6741109000286087,0.0,4572,0.8557666241311707,0.9158061945434988,0.8612811551449381,0.8504146610930626,0.8372345486561915,0.7180851063829787,0.972849869215502
satimage,0,3,-Mahalanobis,RF,0,1.6741109000286087,0.0,4572,0.8591484456293013,0.9195989734046204,0.866214404102183,0.8637664888782463,0.8539002768283823,0.6623376623376623,0.9873393446444324
satimage,0,3,-Mahalanobis,LGBM,0,1.6741109000286087,0.0,4572,0.8631799986446494,0.922117196029314,0.8702045758824685,0.8695690986398724,0.8596818863027964,0.6493506493506493,0.9865868649364636
satimage,0,3,-NoiseGate,KNN,0,1.486095099942759,0.0,4572,0.8629648488549437,0.9177672095959852,0.8659320106238891,0.8502397187418715,0.8311440098202598,0.7393617021276596,0.9649066410283524
satimage,0,3,-NoiseGate,CART,0,1.486095099942759,0.0,4572,0.8024891762774605,0.8848600197124576,0.8111067499367599,0.8081106136550646,0.7859499277383324,0.5974025974025974,0.8882131817981086
satimage,0,3,-NoiseGate,SVM,0,1.486095099942759,0.0,4572,0.8557666241311707,0.9158061945434988,0.8612811551449381,0.8504146610930626,0.8372345486561915,0.7180851063829787,0.9728584164584128
satimage,0,3,-NoiseGate,RF,0,1.486095099942759,0.0,4572,0.8631787410614238,0.9238409278538277,0.8725852510030064,0.8727641887534427,0.8658406684299153,0.6233766233766234,0.9867181447108448
satimage,0,3,-NoiseGate,LGBM,0,1.486095099942759,0.0,4572,0.8587150619738936,0.9213370226913016,0.8683336986045794,0.8688451568041807,0.8626011242100637,0.6103896103896104,0.9864921278588898
satimage,0,3,-ConfSteer,KNN,0,1.6533628000179306,0.0,4572,0.8629648488549437,0.9177672095959852,0.8659320106238891,0.8502397187418715,0.8311440098202598,0.7393617021276596,0.9647934474300898
satimage,0,3,-ConfSteer,CART,0,1.6533628000179306,0.0,4572,0.8015977112247127,0.8837209784797371,0.809504594590742,0.8076397309707023,0.7829696033992565,0.6103896103896104,0.8871231034796226
satimage,0,3,-ConfSteer,SVM,0,1.6533628000179306,0.0,4572,0.8557666241311707,0.9158061945434988,0.8612811551449381,0.8504146610930626,0.8372345486561915,0.7180851063829787,0.9728525598177664
satimage,0,3,-ConfSteer,RF,0,1.6533628000179306,0.0,4572,0.8601058242291572,0.9201231231119806,0.8670012604536873,0.8651804616228264,0.8553081132747496,0.6623376623376623,0.9872809575953868
satimage,0,3,-ConfSteer,LGBM,0,1.6533628000179306,0.0,4572,0.8600202783719109,0.9214081412738936,0.8686348144927399,0.8684465474878449,0.8611479019465877,0.6233766233766234,0.9870534773344772
satimage,0,4,Full,KNN,0,1.521388199995272,0.0,4572,0.8770368524559685,0.9262186750730332,0.8797503535573356,0.8628799221097306,0.845999652388748,0.7593582887700535,0.9741148470016542
satimage,0,4,Full,CART,0,1.521388199995272,0.0,4572,0.7947544525170971,0.882882931357625,0.8070286699638105,0.8055692655873581,0.7896074122349929,0.5512820512820513,0.8864477792903876
satimage,0,4,Full,SVM,0,1.521388199995272,0.0,4572,0.8789186460883989,0.929814730747454,0.8834189312109958,0.878051503954413,0.8685339671768745,0.782051282051282,0.9786798841387632
satimage,0,4,Full,RF,0,1.521388199995272,0.0,4572,0.8779167013245656,0.9318793230190696,0.8853810051714316,0.889338039262007,0.8841442449620973,0.6794871794871795,0.989557276674938
satimage,0,4,Full,LGBM,0,1.521388199995272,0.0,4572,0.8976155148446092,0.943047828816873,0.9036066590582856,0.9107412843167086,0.9058707450598203,0.7051282051282052,0.9903784508953652
satimage,0,4,-FeatWeights,KNN,0,0.8949911999516189,0.0,4572,0.8694464035317181,0.9219218579234242,0.8719526492902339,0.8584703634471712,0.8431526290201934,0.7754010695187166,0.972053876708631
satimage,0,4,-FeatWeights,CART,0,0.8949911999516189,0.0,4572,0.7993725461043878,0.8834917077522149,0.8084806337353125,0.8098196890726994,0.7900626026005022,0.6025641025641025,0.8869714826474855
satimage,0,4,-FeatWeights,SVM,0,0.8949911999516189,0.0,4572,0.8843459206975889,0.9327383001933434,0.8883408883388353,0.8833780723038314,0.8731468821073182,0.7948717948717948,0.9790791038551168
satimage,0,4,-FeatWeights,RF,0,0.8949911999516189,0.0,4572,0.8883791777771441,0.937268144104862,0.8942954039087354,0.8992468513843382,0.8934191077353032,0.7051282051282052,0.9896693317224576
satimage,0,4,-FeatWeights,LGBM,0,0.8949911999516189,0.0,4572,0.8919564527827625,0.940038100748471,0.898722951851673,0.9044852723485712,0.8997659596493667,0.6923076923076923,0.9912352903196382
satimage,0,4,-Subgroups,KNN,0,0.9137396999867632,0.0,4572,0.8760044329159374,0.925638109219864,0.8788590879601875,0.8615037074511629,0.8445524011194377,0.7540106951871658,0.9740937488491777
satimage,0,4,-Subgroups,CART,0,0.9137396999867632,0.0,4572,0.7947544525170971,0.882882931357625,0.8070286699638105,0.8055692655873581,0.7896074122349929,0.5512820512820513,0.8864477792903876
satimage,0,4,-Subgroups,SVM,0,0.9137396999867632,0.0,4572,0.8789186460883989,0.929814730747454,0.8834189312109958,0.878051503954413,0.8685339671768745,0.782051282051282,0.97867395694837
satimage,0,4,-Subgroups,RF,0,0.9137396999867632,0.0,4572,0.8767714200012454,0.9313813056501696,0.8844732590713779,0.8890842048611032,0.8841550942895873,0.6794871794871795,0.9896201522023828
satimage,0,4,-Subgroups,LGBM,0,0.9137396999867632,0.0,4572,0.8931113097116387,0.940672459737984,0.8996873757272374,0.9056925766500163,0.9012668815639584,0.6923076923076923,0.9906804930526096
satimage,0,4,-Mahalanobis,KNN,0,1.500200800015591,0.0,4572,0.8770368524559685,0.9262186750730332,0.8797503535573356,0.8628799221097306,0.845999652388748,0.7593582887700535,0.9741148470016542
satimage,0,4,-Mahalanobis,CART,0,1.500200800015591,0.0,4572,0.7947544525170971,0.882882931357625,0.8070286699638105,0.8055692655873581,0.7896074122349929,0.5512820512820513,0.8864477792903876
satimage,0,4,-Mahalanobis,SVM,0,1.500200800015591,0.0,4572,0.8789186460883989,0.929814730747454,0.8834189312109958,0.878051503954413,0.8685339671768745,0.782051282051282,0.9786798841387632
satimage,0,4,-Mahalanobis,RF,0,1.500200800015591,0.0,4572,0.8788175934705972,0.9325080393400276,0.8863671984653173,0.8906496657099869,0.8857037548983596,0.6794871794871795,0.9896125906058784
satimage,0,4,-Mahalanobis,LGBM,0,1.500200800015591,0.0,4572,0.9047061274882948,0.946233983322135,0.909125649871394,0.9138432747407684,0.9089550841933728,0.7435897435897436,0.9909102299943996
satimage,0,4,-NoiseGate,KNN,0,1.484654700034298,0.0,4572,0.8770224548584253,0.9262671004799096,0.879845281254073,0.8626141362604746,0.8459488514952012,0.7540106951871658,0.974090253326638
satimage,0,4,-NoiseGate,CART,0,1.484654700034298,0.0,4572,0.8107686425093019,0.8887018216944307,0.8169997445496127,0.8163322630141243,0.7967342792437593,0.6666666666666666,0.8918482044816834
satimage,0,4,-NoiseGate,SVM,0,1.484654700034298,0.0,4572,0.8789186460883989,0.929814730747454,0.8834189312109958,0.878051503954413,0.8685339671768745,0.782051282051282,0.9786662495358508
satimage,0,4,-NoiseGate,RF,0,1.484654700034298,0.0,4572,0.8984009052273118,0.9427105769964568,0.9033264997610982,0.9084370588035408,0.9027358429191262,0.7307692307692307,0.989983147733104
satimage,0,4,-NoiseGate,LGBM,0,1.484654700034298,0.0,4572,0.8936233371510076,0.940224340308236,0.8990918802222397,0.9053552316190232,0.8996396846045664,0.717948717948718,0.989969989320833
satimage,0,4,-ConfSteer,KNN,0,1.5188734999392182,0.0,4572,0.8770368524559685,0.9262186750730332,0.8797503535573356,0.8628799221097306,0.845999652388748,0.7593582887700535,0.9741148470016542
satimage,0,4,-ConfSteer,CART,0,1.5188734999392182,0.0,4572,0.7947544525170971,0.882882931357625,0.8070286699638105,0.8055692655873581,0.7896074122349929,0.5512820512820513,0.8864477792903876
satimage,0,4,-ConfSteer,SVM,0,1.5188734999392182,0.0,4572,0.8789186460883989,0.929814730747454,0.8834189312109958,0.878051503954413,0.8685339671768745,0.782051282051282,0.9786905392127094
satimage,0,4,-ConfSteer,RF,0,1.5188734999392182,0.0,4572,0.8815485631572099,0.933156684494002,0.8877770505539022,0.8909504247533566,0.8841383433623157,0.7051282051282052,0.9895837065872612
satimage,0,4,-ConfSteer,LGBM,0,1.5188734999392182,0.0,4572,0.8942603327420611,0.9409059981772372,0.8999666653164816,0.9073895963711348,0.9028207885208503,0.717948717948718,0.9901662782970576
shuttle,0,0,Full,KNN,0,1.7216630999464542,0.0,14874,0.9964201718149674,0.9976410682613424,0.9964387274504576,0.9500125948462724,0.9834239400326068,0.9834710743801652,0.9991977383890274
shuttle,0,0,Full,CART,0,1.7216630999464542,0.0,14874,1.0,1.0,1.0,1.0,1.0,1.0,1.0
shuttle,0,0,Full,SVM,0,1.7216630999464542,0.0,14874,0.9596113689036256,0.9776059996792466,0.9615717290204094,0.9163840028954034,0.9355147243933938,0.8333333333333334,0.9962779658752664
shuttle,0,0,Full,RF,0,1.7216630999464542,0.0,14874,0.9997310019607052,0.9997606371436344,0.9997311827956988,0.9870449700958176,0.9966667444805516,0.9983870967741936,1.0
shuttle,0,0,Full,LGBM,0,1.7216630999464542,0.0,14874,0.9997310019607052,0.9997606371436344,0.9997311827956988,0.9870449700958176,0.9966667444805516,0.9983870967741936,1.0
shuttle,0,0,-FeatWeights,KNN,0,1.4740832999814302,0.0,14874,0.9964201718149674,0.9976410682613424,0.9964387274504576,0.9500125948462724,0.9834239400326068,0.9834710743801652,0.9991977383890274
shuttle,0,0,-FeatWeights,CART,0,1.4740832999814302,0.0,14874,1.0,1.0,1.0,1.0,1.0,1.0,1.0
shuttle,0,0,-FeatWeights,SVM,0,1.4740832999814302,0.0,14874,0.9601384835496984,0.9784728173402758,0.9621093634290117,0.907356155791154,0.9418209081340936,0.8333333333333334,0.996276010343499
shuttle,0,0,-FeatWeights,RF,0,1.4740832999814302,0.0,14874,0.9997310019607052,0.9997606371436344,0.9997311827956988,0.9870449700958176,0.9966667444805516,0.9983870967741936,1.0
shuttle,0,0,-FeatWeights,LGBM,0,1.4740832999814302,0.0,14874,0.9997310019607052,0.9997606371436344,0.9997311827956988,0.9870449700958176,0.9966667444805516,0.9983870967741936,1.0
shuttle,0,0,-Subgroups,KNN,0,1.1770393999759108,0.0,14874,0.9964201718149674,0.9976410682613424,0.9964387274504576,0.9500125948462724,0.9834239400326068,0.9834710743801652,0.9991977383890274
shuttle,0,0,-Subgroups,CART,0,1.1770393999759108,0.0,14874,1.0,1.0,1.0,1.0,1.0,1.0,1.0
shuttle,0,0,-Subgroups,SVM,0,1.1770393999759108,0.0,14874,0.9596113689036256,0.9776059996792466,0.9615717290204094,0.9163840028954034,0.9355147243933938,0.8333333333333334,0.9962779658752664
shuttle,0,0,-Subgroups,RF,0,1.1770393999759108,0.0,14874,0.9997310019607052,0.9997606371436344,0.9997311827956988,0.9870449700958176,0.9966667444805516,0.9983870967741936,1.0
shuttle,0,0,-Subgroups,LGBM,0,1.1770393999759108,0.0,14874,0.9997310019607052,0.9997606371436344,0.9997311827956988,0.9870449700958176,0.9966667444805516,0.9983870967741936,1.0
shuttle,0,0,-Mahalanobis,KNN,0,2.0529685000656173,0.0,14874,0.9964201718149674,0.9976410682613424,0.9964387274504576,0.9500125948462724,0.9834239400326068,0.9834710743801652,0.9991977383890274
shuttle,0,0,-Mahalanobis,CART,0,2.0529685000656173,0.0,14874,1.0,1.0,1.0,1.0,1.0,1.0,1.0
shuttle,0,0,-Mahalanobis,SVM,0,2.0529685000656173,0.0,14874,0.9596113689036256,0.9776059996792466,0.9615717290204094,0.9163840028954034,0.9355147243933938,0.8333333333333334,0.9962779658752664
shuttle,0,0,-Mahalanobis,RF,0,2.0529685000656173,0.0,14874,0.9997310019607052,0.9997606371436344,0.9997311827956988,0.9870449700958176,0.9966667444805516,0.9983870967741936,1.0
shuttle,0,0,-Mahalanobis,LGBM,0,2.0529685000656173,0.0,14874,0.9997310019607052,0.9997606371436344,0.9997311827956988,0.9870449700958176,0.9966667444805516,0.9983870967741936,1.0
shuttle,0,0,-NoiseGate,KNN,0,1.8524449999677015,0.0,14874,0.9964201718149674,0.9976410682613424,0.9964387274504576,0.9500125948462724,0.9834239400326068,0.9834710743801652,0.9991977383890274
shuttle,0,0,-NoiseGate,CART,0,1.8524449999677015,0.0,14874,1.0,1.0,1.0,1.0,1.0,1.0,1.0
shuttle,0,0,-NoiseGate,SVM,0,1.8524449999677015,0.0,14874,0.9596113689036256,0.9776059996792466,0.9615717290204094,0.9163840028954034,0.9355147243933938,0.8333333333333334,0.9962779658752664
shuttle,0,0,-NoiseGate,RF,0,1.8524449999677015,0.0,14874,0.9997310019607052,0.9997606371436344,0.9997311827956988,0.9870449700958176,0.9966667444805516,0.9983870967741936,1.0
shuttle,0,0,-NoiseGate,LGBM,0,1.8524449999677015,0.0,14874,0.9997310019607052,0.9997606371436344,0.9997311827956988,0.9870449700958176,0.9966667444805516,0.9983870967741936,1.0
shuttle,0,0,-ConfSteer,KNN,0,1.8777201001066717,0.0,14874,0.9964201718149674,0.9976410682613424,0.9964387274504576,0.9500125948462724,0.9834239400326068,0.9834710743801652,0.9991977383890274
shuttle,0,0,-ConfSteer,CART,0,1.8777201001066717,0.0,14874,1.0,1.0,1.0,1.0,1.0,1.0,1.0
shuttle,0,0,-ConfSteer,SVM,0,1.8777201001066717,0.0,14874,0.9596113689036256,0.9776059996792466,0.9615717290204094,0.9163840028954034,0.9355147243933938,0.8333333333333334,0.9962779658752664
shuttle,0,0,-ConfSteer,RF,0,1.8777201001066717,0.0,14874,0.9997310019607052,0.9997606371436344,0.9997311827956988,0.9870449700958176,0.9966667444805516,0.9983870967741936,1.0
shuttle,0,0,-ConfSteer,LGBM,0,1.8777201001066717,0.0,14874,0.9997310019607052,0.9997606371436344,0.9997311827956988,0.9870449700958176,0.9966667444805516,0.9983870967741936,1.0
shuttle,0,1,Full,KNN,0,1.8663019000086931,0.0,14874,0.9991919176522472,0.9992463599692266,0.9991935483870968,0.9854091632422336,0.9900738792184526,0.9951612903225806,0.999684411267866
shuttle,0,1,Full,CART,0,1.8663019000086931,0.0,14874,1.0,1.0,1.0,1.0,1.0,1.0,1.0
shuttle,0,1,Full,SVM,0,1.8663019000086931,0.0,14874,0.925690772725002,0.9635939125386228,0.9349691934002784,0.8918389167931485,0.9109955031517848,0.6666666666666666,0.987970520334157
shuttle,0,1,Full,RF,0,1.8663019000086931,0.0,14874,1.0,1.0,1.0,1.0,1.0,1.0,1.0
shuttle,0,1,Full,LGBM,0,1.8663019000086931,0.0,14874,0.9983491960500585,0.9989667903176944,0.9983537723273792,0.973532894343078,0.9933370409964284,0.9917355371900828,0.9999985065710874
shuttle,0,1,-FeatWeights,KNN,0,1.5594017000403255,0.0,14874,0.9994616415367082,0.9994857235144105,0.999462365591398,0.9983646283005376,0.9933567505001192,0.9967741935483873,0.9997413684647638
shuttle,0,1,-FeatWeights,CART,0,1.5594017000403255,0.0,14874,1.0,1.0,1.0,1.0,1.0,1.0,1.0
shuttle,0,1,-FeatWeights,SVM,0,1.5594017000403255,0.0,14874,0.9251714506365196,0.9631131904362752,0.9344315589916764,0.8693362394646643,0.9054776810306784,0.6666666666666666,0.9882908178905634
shuttle,0,1,-FeatWeights,RF,0,1.5594017000403255,0.0,14874,1.0,1.0,1.0,1.0,1.0,1.0,1.0
shuttle,0,1,-FeatWeights,LGBM,0,1.5594017000403255,0.0,14874,0.9983491960500585,0.9989667903176944,0.9983537723273792,0.973532894343078,0.9933370409964284,0.9917355371900828,0.9999964779842412
shuttle,0,1,-Subgroups,KNN,0,1.221894899965264,0.0,14874,0.9991919176522472,0.9992463599692266,0.9991935483870968,0.9854091632422336,0.9900738792184526,0.9951612903225806,0.999684411267866
shuttle,0,1,-Subgroups,CART,0,1.221894899965264,0.0,14874,1.0,1.0,1.0,1.0,1.0,1.0,1.0
shuttle,0,1,-Subgroups,SVM,0,1.221894899965264,0.0,14874,0.925690772725002,0.9635939125386228,0.9349691934002784,0.8918389167931485,0.9109955031517848,0.6666666666666666,0.987970520334157
shuttle,0,1,-Subgroups,RF,0,1.221894899965264,0.0,14874,1.0,1.0,1.0,1.0,1.0,1.0,1.0
shuttle,0,1,-Subgroups,LGBM,0,1.221894899965264,0.0,14874,0.9983491960500585,0.9989667903176944,0.9983537723273792,0.973532894343078,0.9933370409964284,0.9917355371900828,0.9999985065710874
shuttle,0,1,-Mahalanobis,KNN,0,1.79133959999308,0.0,14874,0.9991919176522472,0.9992463599692266,0.9991935483870968,0.9854091632422336,0.9900738792184526,0.9951612903225806,0.999684411267866
shuttle,0,1,-Mahalanobis,CART,0,1.79133959999308,0.0,14874,1.0,1.0,1.0,1.0,1.0,1.0,1.0
shuttle,0,1,-Mahalanobis,SVM,0,1.79133959999308,0.0,14874,0.925690772725002,0.9635939125386228,0.9349691934002784,0.8918389167931485,0.9109955031517848,0.6666666666666666,0.987970520334157
shuttle,0,1,-Mahalanobis,RF,0,1.79133959999308,0.0,14874,1.0,1.0,1.0,1.0,1.0,1.0,1.0
shuttle,0,1,-Mahalanobis,LGBM,0,1.79133959999308,0.0,14874,0.9983491960500585,0.9989667903176944,0.9983537723273792,0.973532894343078,0.9933370409964284,0.9917355371900828,0.9999985065710874
shuttle,0,1,-NoiseGate,KNN,0,1.7638477999716995,0.0,14874,0.9991919176522472,0.9992463599692266,0.9991935483870968,0.9854091632422336,0.9900738792184526,0.9951612903225806,0.999684411267866
shuttle,0,1,-NoiseGate,CART,0,1.7638477999716995,0.0,14874,1.0,1.0,1.0,1.0,1.0,1.0,1.0
shuttle,0,1,-NoiseGate,SVM,0,1.7638477999716995,0.0,14874,0.925690772725002,0.9635939125386228,0.9349691934002784,0.8918389167931485,0.9109955031517848,0.6666666666666666,0.987970520334157
shuttle,0,1,-NoiseGate,RF,0,1.7638477999716995,0.0,14874,1.0,1.0,1.0,1.0,1.0,1.0,1.0
shuttle,0,1,-NoiseGate,LGBM,0,1.7638477999716995,0.0,14874,0.9983491960500585,0.9989667903176944,0.9983537723273792,0.973532894343078,0.9933370409964284,0.9917355371900828,0.9999985065710874
shuttle,0,1,-ConfSteer,KNN,0,1.825516700046137,0.0,14874,0.9991919176522472,0.9992463599692266,0.9991935483870968,0.9854091632422336,0.9900738792184526,0.9951612903225806,0.999684411267866
shuttle,0,1,-ConfSteer,CART,0,1.825516700046137,0.0,14874,1.0,1.0,1.0,1.0,1.0,1.0,1.0
shuttle,0,1,-ConfSteer,SVM,0,1.825516700046137,0.0,14874,0.925690772725002,0.9635939125386228,0.9349691934002784,0.8918389167931485,0.9109955031517848,0.6666666666666666,0.987970520334157
shuttle,0,1,-ConfSteer,RF,0,1.825516700046137,0.0,14874,1.0,1.0,1.0,1.0,1.0,1.0,1.0
shuttle,0,1,-ConfSteer,LGBM,0,1.825516700046137,0.0,14874,0.9983491960500585,0.9989667903176944,0.9983537723273792,0.973532894343078,0.9933370409964284,0.9917355371900828,0.9999985065710874
shuttle,0,2,Full,KNN,0,1.87913340004161,0.0,14874,0.9961508326112402,0.9970862506912536,0.9961699102461566,0.9576036979129138,0.980155877439612,0.9834710743801652,0.9984652201757234
shuttle,0,2,Full,CART,0,1.87913340004161,0.0,14874,0.9986178222862582,0.9988483062937124,0.9986225895316804,0.9991741367723126,0.9966512715106844,0.9917355371900828,0.9988483318028774
shuttle,0,2,Full,SVM,0,1.87913340004161,0.0,14874,0.987060825329926,0.9896001137343372,0.9872322936105928,0.9202300323387638,0.9050010041995804,0.9564516129032258,0.998118179590934
shuttle,0,2,Full,RF,0,1.87913340004161,0.0,14874,1.0,1.0,1.0,1.0,1.0,1.0,1.0
shuttle,0,2,Full,LGBM,0,1.87913340004161,0.0,14874,1.0,1.0,1.0,1.0,1.0,1.0,1.0
shuttle,0,2,-FeatWeights,KNN,0,1.5210892000468448,0.0,14874,0.9964201718149674,0.9973256398553502,0.9964387274504576,0.9705593806361174,0.9834046120514254,0.9834710743801652,0.9984707147558846
shuttle,0,2,-FeatWeights,CART,0,1.5210892000468448,0.0,14874,0.9986178222862582,0.9988483062937124,0.9986225895316804,0.9991741367723126,0.9966512715106844,0.9917355371900828,0.9988483318028774
shuttle,0,2,-FeatWeights,SVM,0,1.5210892000468448,0.0,14874,0.9873380507343338,0.9898750136935908,0.9875011108148938,0.908712648247532,0.9077642447442792,0.9580645161290322,0.9980963703025264
shuttle,0,2,-FeatWeights,RF,0,1.5210892000468448,0.0,14874,1.0,1.0,1.0,1.0,1.0,1.0,1.0
shuttle,0,2,-FeatWeights,LGBM,0,1.5210892000468448,0.0,14874,1.0,1.0,1.0,1.0,1.0,1.0,1.0
shuttle,0,2,-Subgroups,KNN,0,1.1925087999552488,0.0,14874,0.9961508326112402,0.9970862506912536,0.9961699102461566,0.9576036979129138,0.980155877439612,0.9834710743801652,0.9984652201757234
shuttle,0,2,-Subgroups,CART,0,1.1925087999552488,0.0,14874,0.9986178222862582,0.9988483062937124,0.9986225895316804,0.9991741367723126,0.9966512715106844,0.9917355371900828,0.9988483318028774
shuttle,0,2,-Subgroups,SVM,0,1.1925087999552488,0.0,14874,0.987060825329926,0.9896001137343372,0.9872322936105928,0.9202300323387638,0.9050010041995804,0.9564516129032258,0.998118179590934
shuttle,0,2,-Subgroups,RF,0,1.1925087999552488,0.0,14874,1.0,1.0,1.0,1.0,1.0,1.0,1.0
shuttle,0,2,-Subgroups,LGBM,0,1.1925087999552488,0.0,14874,1.0,1.0,1.0,1.0,1.0,1.0,1.0
shuttle,0,2,-Mahalanobis,KNN,0,1.7997019999893382,0.0,14874,0.9961508326112402,0.9970862506912536,0.9961699102461566,0.9576036979129138,0.980155877439612,0.9834710743801652,0.9984652201757234
shuttle,0,2,-Mahalanobis,CART,0,1.7997019999893382,0.0,14874,0.9986178222862582,0.9988483062937124,0.9986225895316804,0.9991741367723126,0.9966512715106844,0.9917355371900828,0.9988483318028774
shuttle,0,2,-Mahalanobis,SVM,0,1.7997019999893382,0.0,14874,0.987060825329926,0.9896001137343372,0.9872322936105928,0.9202300323387638,0.9050010041995804,0.9564516129032258,0.998118179590934
shuttle,0,2,-Mahalanobis,RF,0,1.7997019999893382,0.0,14874,1.0,1.0,1.0,1.0,1.0,1.0,1.0
shuttle,0,2,-Mahalanobis,LGBM,0,1.7997019999893382,0.0,14874,1.0,1.0,1.0,1.0,1.0,1.0,1.0
shuttle,0,2,-NoiseGate,KNN,0,1.8005933000240475,0.0,14874,0.9961508326112402,0.9970862506912536,0.9961699102461566,0.9576036979129138,0.980155877439612,0.9834710743801652,0.9984652201757234
shuttle,0,2,-NoiseGate,CART,0,1.8005933000240475,0.0,14874,0.9986178222862582,0.9988483062937124,0.9986225895316804,0.9991741367723126,0.9966512715106844,0.9917355371900828,0.9988483318028774
shuttle,0,2,-NoiseGate,SVM,0,1.8005933000240475,0.0,14874,0.987060825329926,0.9896001137343372,0.9872322936105928,0.9202300323387638,0.9050010041995804,0.9564516129032258,0.998118179590934
shuttle,0,2,-NoiseGate,RF,0,1.8005933000240475,0.0,14874,1.0,1.0,1.0,1.0,1.0,1.0,1.0
shuttle,0,2,-NoiseGate,LGBM,0,1.8005933000240475,0.0,14874,1.0,1.0,1.0,1.0,1.0,1.0,1.0
shuttle,0,2,-ConfSteer,KNN,0,1.787016399903223,0.0,14874,0.9961508326112402,0.9970862506912536,0.9961699102461566,0.9576036979129138,0.980155877439612,0.9834710743801652,0.9984652201757234
shuttle,0,2,-ConfSteer,CART,0,1.787016399903223,0.0,14874,0.9986178222862582,0.9988483062937124,0.9986225895316804,0.9991741367723126,0.9966512715106844,0.9917355371900828,0.9988483318028774
shuttle,0,2,-ConfSteer,SVM,0,1.787016399903223,0.0,14874,0.987060825329926,0.9896001137343372,0.9872322936105928,0.9202300323387638,0.9050010041995804,0.9564516129032258,0.998118179590934
shuttle,0,2,-ConfSteer,RF,0,1.787016399903223,0.0,14874,1.0,1.0,1.0,1.0,1.0,1.0,1.0
shuttle,0,2,-ConfSteer,LGBM,0,1.787016399903223,0.0,14874,1.0,1.0,1.0,1.0,1.0,1.0,1.0
shuttle,0,3,Full,KNN,0,1.8156937999883669,0.0,14874,0.968236067729383,0.9838610343525396,0.9703405017921148,0.9060480397295332,0.973810375283898,0.8333333333333334,0.98458137602904
shuttle,0,3,Full,CART,0,1.8156937999883669,0.0,14874,0.9994616415367082,0.9995216684539948,0.999462365591398,0.96310071188908,0.9933635283147968,0.9967741935483873,0.9995216702133556
shuttle,0,3,Full,SVM,0,1.8156937999883669,0.0,14874,0.9561493397010742,0.9736786672811248,0.9580771053644956,0.8564550167411765,0.8974425069704094,0.8333333333333334,0.994799601394018
shuttle,0,3,Full,RF,0,1.8156937999883669,0.0,14874,0.9994616415367082,0.9995216684539948,0.999462365591398,0.96310071188908,0.9933635283147968,0.9967741935483873,0.9999460296609276
shuttle,0,3,Full,LGBM,0,1.8156937999883669,0.0,14874,0.969809168486767,0.985670786844586,0.9719534050179212,0.9430473010981484,0.9933368784689214,0.8333333333333334,0.999930030786454
shuttle,0,3,-FeatWeights,KNN,0,1.5219604999292642,0.0,14874,0.9690242141991948,0.984580408253713,0.971146953405018,0.9363693938082392,0.9834296188721464,0.8333333333333334,0.9846186007791822
shuttle,0,3,-FeatWeights,CART,0,1.5219604999292642,0.0,14874,0.9994616415367082,0.9995216684539948,0.999462365591398,0.96310071188908,0.9933635283147968,0.9967741935483873,0.9995216702133556
shuttle,0,3,-FeatWeights,SVM,0,1.5219604999292642,0.0,14874,0.9577549773120236,0.9751878387916256,0.959690008590302,0.8720748937910208,0.9143639716944292,0.8333333333333334,0.9948813596173652
shuttle,0,3,-FeatWeights,RF,0,1.5219604999292642,0.0,14874,0.9994616415367082,0.9995216684539948,0.999462365591398,0.96310071188908,0.9933635283147968,0.9967741935483873,0.9999270439286284
shuttle,0,3,-FeatWeights,LGBM,0,1.5219604999292642,0.0,14874,0.969809168486767,0.985670786844586,0.9719534050179212,0.9430473010981484,0.9933368784689214,0.8333333333333334,0.999930030786454
shuttle,0,3,-Subgroups,KNN,0,1.1735988999716938,0.0,14874,0.968236067729383,0.9838610343525396,0.9703405017921148,0.9060480397295332,0.973810375283898,0.8333333333333334,0.98458137602904
shuttle,0,3,-Subgroups,CART,0,1.1735988999716938,0.0,14874,0.9994616415367082,0.9995216684539948,0.999462365591398,0.96310071188908,0.9933635283147968,0.9967741935483873,0.9995216702133556
shuttle,0,3,-Subgroups,SVM,0,1.1735988999716938,0.0,14874,0.9561493397010742,0.9736786672811248,0.9580771053644956,0.8564550167411765,0.8974425069704094,0.8333333333333334,0.994799601394018
shuttle,0,3,-Subgroups,RF,0,1.1735988999716938,0.0,14874,0.9994616415367082,0.9995216684539948,0.999462365591398,0.96310071188908,0.9933635283147968,0.9967741935483873,0.9999460296609276
shuttle,0,3,-Subgroups,LGBM,0,1.1735988999716938,0.0,14874,0.969809168486767,0.985670786844586,0.9719534050179212,0.9430473010981484,0.9933368784689214,0.8333333333333334,0.999930030786454
shuttle,0,3,-Mahalanobis,KNN,0,1.801135800080374,0.0,14874,0.968236067729383,0.9838610343525396,0.9703405017921148,0.9060480397295332,0.973810375283898,0.8333333333333334,0.98458137602904
shuttle,0,3,-Mahalanobis,CART,0,1.801135800080374,0.0,14874,0.9994616415367082,0.9995216684539948,0.999462365591398,0.96310071188908,0.9933635283147968,0.9967741935483873,0.9995216702133556
shuttle,0,3,-Mahalanobis,SVM,0,1.801135800080374,0.0,14874,0.9561493397010742,0.9736786672811248,0.9580771053644956,0.8564550167411765,0.8974425069704094,0.8333333333333334,0.994799601394018
shuttle,0,3,-Mahalanobis,RF,0,1.801135800080374,0.0,14874,0.9994616415367082,0.9995216684539948,0.999462365591398,0.96310071188908,0.9933635283147968,0.9967741935483873,0.9999460296609276
shuttle,0,3,-Mahalanobis,LGBM,0,1.801135800080374,0.0,14874,0.969809168486767,0.985670786844586,0.9719534050179212,0.9430473010981484,0.9933368784689214,0.8333333333333334,0.999930030786454
shuttle,0,3,-NoiseGate,KNN,0,1.7795776999555528,0.0,14874,0.968236067729383,0.9838610343525396,0.9703405017921148,0.9060480397295332,0.973810375283898,0.8333333333333334,0.98458137602904
shuttle,0,3,-NoiseGate,CART,0,1.7795776999555528,0.0,14874,0.9994616415367082,0.9995216684539948,0.999462365591398,0.96310071188908,0.9933635283147968,0.9967741935483873,0.9995216702133556
shuttle,0,3,-NoiseGate,SVM,0,1.7795776999555528,0.0,14874,0.9561493397010742,0.9736786672811248,0.9580771053644956,0.8564550167411765,0.8974425069704094,0.8333333333333334,0.994799601394018
shuttle,0,3,-NoiseGate,RF,0,1.7795776999555528,0.0,14874,0.9994616415367082,0.9995216684539948,0.999462365591398,0.96310071188908,0.9933635283147968,0.9967741935483873,0.9999460296609276
shuttle,0,3,-NoiseGate,LGBM,0,1.7795776999555528,0.0,14874,0.969809168486767,0.985670786844586,0.9719534050179212,0.9430473010981484,0.9933368784689214,0.8333333333333334,0.999930030786454
shuttle,0,3,-ConfSteer,KNN,0,1.838604300050065,0.0,14874,0.968236067729383,0.9838610343525396,0.9703405017921148,0.9060480397295332,0.973810375283898,0.8333333333333334,0.98458137602904
shuttle,0,3,-ConfSteer,CART,0,1.838604300050065,0.0,14874,0.9994616415367082,0.9995216684539948,0.999462365591398,0.96310071188908,0.9933635283147968,0.9967741935483873,0.9995216702133556
shuttle,0,3,-ConfSteer,SVM,0,1.838604300050065,0.0,14874,0.9561493397010742,0.9736786672811248,0.9580771053644956,0.8564550167411765,0.8974425069704094,0.8333333333333334,0.994799601394018
shuttle,0,3,-ConfSteer,RF,0,1.838604300050065,0.0,14874,0.9994616415367082,0.9995216684539948,0.999462365591398,0.96310071188908,0.9933635283147968,0.9967741935483873,0.9999460296609276
shuttle,0,3,-ConfSteer,LGBM,0,1.838604300050065,0.0,14874,0.969809168486767,0.985670786844586,0.9719534050179212,0.9430473010981484,0.9933368784689214,0.8333333333333334,0.999930030786454
shuttle,0,4,Full,KNN,0,1.8066900999983773,0.0,14880,0.8851440631862265,0.9523265528326934,0.9102392950902276,0.8873075738782323,0.9667873239169564,0.5,0.9566136728615108
shuttle,0,4,Full,CART,0,1.8066900999983773,0.0,14880,0.9946164644654124,0.9966318822971576,0.9946496343470936,0.9836601660542544,0.9899554071351656,0.9777777777777776,0.9966338575187832
shuttle,0,4,Full,SVM,0,1.8066900999983773,0.0,14880,0.8812573718594102,0.948210243177404,0.9059312713960974,0.865331932085165,0.9182056819983112,0.5,0.9683067901837922
shuttle,0,4,Full,RF,0,1.8066900999983773,0.0,14880,1.0,1.0,1.0,1.0,1.0,1.0,1.0
shuttle,0,4,Full,LGBM,0,1.8066900999983773,0.0,14880,1.0,1.0,1.0,1.0,1.0,1.0,1.0
shuttle,0,4,-FeatWeights,KNN,0,1.491535900044255,0.0,14880,0.8853841674187302,0.9525678444610364,0.9105085465711108,0.8950189393310387,0.9700163650560442,0.5,0.9567772854837424
shuttle,0,4,-FeatWeights,CART,0,1.491535900044255,0.0,14880,0.9946164644654124,0.9966318822971576,0.9946496343470936,0.9836601660542544,0.9899554071351656,0.9777777777777776,0.9966338575187832
shuttle,0,4,-FeatWeights,SVM,0,1.491535900044255,0.0,14880,0.8817479135616347,0.9487269195416724,0.9064697743578636,0.8668119522128616,0.9239744963450928,0.5,0.9688999744766686
shuttle,0,4,-FeatWeights,RF,0,1.491535900044255,0.0,14880,1.0,1.0,1.0,1.0,1.0,1.0,1.0
shuttle,0,4,-FeatWeights,LGBM,0,1.491535900044255,0.0,14880,1.0,1.0,1.0,1.0,1.0,1.0,1.0
shuttle,0,4,-Subgroups,KNN,0,1.1790792000247166,0.0,14880,0.8851440631862265,0.9523265528326934,0.9102392950902276,0.8873075738782323,0.9667873239169564,0.5,0.9566136728615108
shuttle,0,4,-Subgroups,CART,0,1.1790792000247166,0.0,14880,0.9946164644654124,0.9966318822971576,0.9946496343470936,0.9836601660542544,0.9899554071351656,0.9777777777777776,0.9966338575187832
shuttle,0,4,-Subgroups,SVM,0,1.1790792000247166,0.0,14880,0.8812573718594102,0.948210243177404,0.9059312713960974,0.865331932085165,0.9182056819983112,0.5,0.9683067901837922
shuttle,0,4,-Subgroups,RF,0,1.1790792000247166,0.0,14880,1.0,1.0,1.0,1.0,1.0,1.0,1.0
shuttle,0,4,-Subgroups,LGBM,0,1.1790792000247166,0.0,14880,1.0,1.0,1.0,1.0,1.0,1.0,1.0
shuttle,0,4,-Mahalanobis,KNN,0,1.8554424999747423,0.0,14880,0.8851440631862265,0.9523265528326934,0.9102392950902276,0.8873075738782323,0.9667873239169564,0.5,0.9566136728615108
shuttle,0,4,-Mahalanobis,CART,0,1.8554424999747423,0.0,14880,0.9946164644654124,0.9966318822971576,0.9946496343470936,0.9836601660542544,0.9899554071351656,0.9777777777777776,0.9966338575187832
shuttle,0,4,-Mahalanobis,SVM,0,1.8554424999747423,0.0,14880,0.8812573718594102,0.948210243177404,0.9059312713960974,0.865331932085165,0.9182056819983112,0.5,0.9683067901837922
shuttle,0,4,-Mahalanobis,RF,0,1.8554424999747423,0.0,14880,1.0,1.0,1.0,1.0,1.0,1.0,1.0
shuttle,0,4,-Mahalanobis,LGBM,0,1.8554424999747423,0.0,14880,1.0,1.0,1.0,1.0,1.0,1.0,1.0
shuttle,0,4,-NoiseGate,KNN,0,1.9802369000390168,0.0,14880,0.8851440631862265,0.9523265528326934,0.9102392950902276,0.8873075738782323,0.9667873239169564,0.5,0.9566136728615108
shuttle,0,4,-NoiseGate,CART,0,1.9802369000390168,0.0,14880,0.9946164644654124,0.9966318822971576,0.9946496343470936,0.9836601660542544,0.9899554071351656,0.9777777777777776,0.9966338575187832
shuttle,0,4,-NoiseGate,SVM,0,1.9802369000390168,0.0,14880,0.8812573718594102,0.948210243177404,0.9059312713960974,0.865331932085165,0.9182056819983112,0.5,0.9683067901837922
shuttle,0,4,-NoiseGate,RF,0,1.9802369000390168,0.0,14880,1.0,1.0,1.0,1.0,1.0,1.0,1.0
shuttle,0,4,-NoiseGate,LGBM,0,1.9802369000390168,0.0,14880,1.0,1.0,1.0,1.0,1.0,1.0,1.0
shuttle,0,4,-ConfSteer,KNN,0,2.0992542000021785,0.0,14880,0.8851440631862265,0.9523265528326934,0.9102392950902276,0.8873075738782323,0.9667873239169564,0.5,0.9566136728615108
shuttle,0,4,-ConfSteer,CART,0,2.0992542000021785,0.0,14880,0.9946164644654124,0.9966318822971576,0.9946496343470936,0.9836601660542544,0.9899554071351656,0.9777777777777776,0.9966338575187832
shuttle,0,4,-ConfSteer,SVM,0,2.0992542000021785,0.0,14880,0.8812573718594102,0.948210243177404,0.9059312713960974,0.865331932085165,0.9182056819983112,0.5,0.9683067901837922
shuttle,0,4,-ConfSteer,RF,0,2.0992542000021785,0.0,14880,1.0,1.0,1.0,1.0,1.0,1.0,1.0
shuttle,0,4,-ConfSteer,LGBM,0,2.0992542000021785,0.0,14880,1.0,1.0,1.0,1.0,1.0,1.0,1.0
soybean,0,0,Full,KNN,0,1.1755523000610992,0.0,1332,0.9581185223896396,0.9785319926523942,0.9629629629629632,0.9581342094782954,0.9036109068977628,0.6666666666666666,0.99502642798515
soybean,0,0,Full,CART,0,1.1755523000610992,0.0,1332,0.9397052104598176,0.9729600691754672,0.9506172839506172,0.9503975079310476,0.92701304526089,0.5,0.9731566862963524
soybean,0,0,Full,SVM,0,1.1755523000610992,0.0,1332,0.9632052247215862,0.9821319653730984,0.9691358024691356,0.9634324703180152,0.9212210517252843,0.6111111111111112,0.996358600613619
soybean,0,0,Full,RF,0,1.1755523000610992,0.0,1332,0.9691038843372224,0.9839292466425824,0.9722222222222222,0.9673894512637936,0.9281366290591808,0.7222222222222222,0.9984304104674476
soybean,0,0,Full,LGBM,0,1.1755523000610992,0.0,1332,0.9765973097205606,0.987518448232406,0.9783950617283952,0.9734133809469208,0.9433906835864532,0.7777777777777778,0.998232059618828
soybean,0,0,-FeatWeights,KNN,0,0.574088399996981,0.0,1332,0.9544531432344374,0.9767542159524768,0.9598765432098766,0.9513440860215054,0.8956689762308848,0.6666666666666666,0.9950791872971688
soybean,0,0,-FeatWeights,CART,0,0.574088399996981,0.0,1332,0.9262964293819628,0.9656745922210536,0.9382716049382716,0.9411771346755868,0.8944326319059522,0.5,0.9659560470629174
soybean,0,0,-FeatWeights,SVM,0,0.574088399996981,0.0,1332,0.9632052247215862,0.9821319653730984,0.9691358024691356,0.9634324703180152,0.9212210517252843,0.6111111111111112,0.996358600613619
soybean,0,0,-FeatWeights,RF,0,0.574088399996981,0.0,1332,0.9615599968330666,0.98033288401925,0.9660493827160496,0.9608906525573192,0.9115289728925132,0.6666666666666666,0.9984040308114382
soybean,0,0,-FeatWeights,LGBM,0,0.574088399996981,0.0,1332,0.9733136291234402,0.9857247376740348,0.9753086419753088,0.9704894043387337,0.9352606010914536,0.7777777777777778,0.9982056799628188
soybean,0,0,-Subgroups,KNN,0,0.5829000000376254,0.0,1332,0.9581185223896396,0.9785319926523942,0.9629629629629632,0.9581342094782954,0.9036109068977628,0.6666666666666666,0.99502642798515
soybean,0,0,-Subgroups,CART,0,0.5829000000376254,0.0,1332,0.9397052104598176,0.9729600691754672,0.9506172839506172,0.9503975079310476,0.92701304526089,0.5,0.9731566862963524
soybean,0,0,-Subgroups,SVM,0,0.5829000000376254,0.0,1332,0.9632052247215862,0.9821319653730984,0.9691358024691356,0.9634324703180152,0.9212210517252843,0.6111111111111112,0.996358600613619
soybean,0,0,-Subgroups,RF,0,0.5829000000376254,0.0,1332,0.9691038843372224,0.9839292466425824,0.9722222222222222,0.9673894512637936,0.9281366290591808,0.7222222222222222,0.9984304104674476
soybean,0,0,-Subgroups,LGBM,0,0.5829000000376254,0.0,1332,0.9765973097205606,0.987518448232406,0.9783950617283952,0.9735252401919068,0.9436747261917472,0.7777777777777778,0.9983375782428652
soybean,0,0,-Mahalanobis,KNN,0,0.7491571999853477,0.0,1332,0.9581185223896396,0.9785319926523942,0.9629629629629632,0.9581342094782954,0.9036109068977628,0.6666666666666666,0.99502642798515
soybean,0,0,-Mahalanobis,CART,0,0.7491571999853477,0.0,1332,0.9397052104598176,0.9729600691754672,0.9506172839506172,0.9503975079310476,0.92701304526089,0.5,0.9731566862963524
soybean,0,0,-Mahalanobis,SVM,0,0.7491571999853477,0.0,1332,0.9632052247215862,0.9821319653730984,0.9691358024691356,0.9634324703180152,0.9212210517252843,0.6111111111111112,0.996358600613619
soybean,0,0,-Mahalanobis,RF,0,0.7491571999853477,0.0,1332,0.9691038843372224,0.9839292466425824,0.9722222222222222,0.9673894512637936,0.9281366290591808,0.7222222222222222,0.9984304104674476
soybean,0,0,-Mahalanobis,LGBM,0,0.7491571999853477,0.0,1332,0.9733136291234402,0.9857247376740348,0.9753086419753088,0.9704894043387337,0.9352606010914536,0.7777777777777778,0.9981265409947908
soybean,0,0,-NoiseGate,KNN,0,0.9538706000894308,0.0,1332,0.9544531432344374,0.9767542159524768,0.9598765432098766,0.9513440860215054,0.8956689762308848,0.6666666666666666,0.9950528076411594
soybean,0,0,-NoiseGate,CART,0,0.9538706000894308,0.0,1332,0.9397052104598176,0.9729600691754672,0.9506172839506172,0.9503975079310476,0.92701304526089,0.5,0.9731566862963524
soybean,0,0,-NoiseGate,SVM,0,0.9538706000894308,0.0,1332,0.9632052247215862,0.9821319653730984,0.9691358024691356,0.9634324703180152,0.9212210517252843,0.6111111111111112,0.9963849802696284
soybean,0,0,-NoiseGate,RF,0,0.9538706000894308,0.0,1332,0.9658453994019088,0.9821319653730984,0.9691358024691356,0.9643628747795412,0.9196649339728762,0.7222222222222222,0.9984304104674476
soybean,0,0,-NoiseGate,LGBM,0,0.9538706000894308,0.0,1332,0.9765973097205606,0.987518448232406,0.9783950617283952,0.9735252401919068,0.9436747261917472,0.7777777777777778,0.9982061833913686
soybean,0,0,-ConfSteer,KNN,0,0.9609136999351904,0.0,1332,0.9581185223896396,0.9785319926523942,0.9629629629629632,0.9581342094782954,0.9036109068977628,0.6666666666666666,0.99502642798515
soybean,0,0,-ConfSteer,CART,0,0.9609136999351904,0.0,1332,0.9397052104598176,0.9729600691754672,0.9506172839506172,0.9503975079310476,0.92701304526089,0.5,0.9731566862963524
soybean,0,0,-ConfSteer,SVM,0,0.9609136999351904,0.0,1332,0.9632052247215862,0.9821319653730984,0.9691358024691356,0.9634324703180152,0.9212210517252843,0.6111111111111112,0.996358600613619
soybean,0,0,-ConfSteer,RF,0,0.9609136999351904,0.0,1332,0.972584817199948,0.9857247376740348,0.9753086419753088,0.9703152557319225,0.935936856133602,0.7222222222222222,0.9983644613274244
soybean,0,0,-ConfSteer,LGBM,0,0.9609136999351904,0.0,1332,0.9765973097205606,0.987518448232406,0.9783950617283952,0.9734133809469208,0.9433906835864532,0.7777777777777778,0.9984167172108932
soybean,0,1,Full,KNN,0,0.9100038999458776,0.0,1332,0.9468952785076892,0.9731190286209652,0.9521604938271604,0.9391146945971508,0.9039353534132192,0.7222222222222222,0.9882301425629104
soybean,0,1,Full,CART,0,0.9100038999458776,0.0,1332,0.9189615244054709,0.9621065871163874,0.9320987654320988,0.929170966632267,0.8786116138356211,0.5,0.9625896203504346
soybean,0,1,Full,SVM,0,0.9100038999458776,0.0,1332,0.9570437596399816,0.9785224948581798,0.9614197530864198,0.9500751807662376,0.928872668644101,0.75,0.9975964307318562
soybean,0,1,Full,RF,0,0.9100038999458776,0.0,1332,0.9544531432344374,0.9767176498166564,0.9583333333333334,0.94711278096211,0.919635568176036,0.75,0.996173943021554
soybean,0,1,Full,LGBM,0,0.9100038999458776,0.0,1332,0.9581185223896396,0.978472634928144,0.9614197530864198,0.958237096007994,0.9271305185964538,0.75,0.9976228103878656
soybean,0,1,-FeatWeights,KNN,0,0.5949491000501439,0.0,1332,0.9468952785076892,0.9731190286209652,0.9521604938271604,0.9391146945971508,0.9039353534132192,0.7222222222222222,0.988415807012075
soybean,0,1,-FeatWeights,CART,0,0.5949491000501439,0.0,1332,0.9435062898722234,0.971292045401588,0.949074074074074,0.9418552773391484,0.8957035857740633,0.7222222222222222,0.9715521084795894
soybean,0,1,-FeatWeights,SVM,0,0.5949491000501439,0.0,1332,0.9418695461074096,0.971197199024033,0.947530864197531,0.9415314097224664,0.920342251144854,0.75,0.997384890055232
soybean,0,1,-FeatWeights,RF,0,0.5949491000501439,0.0,1332,0.939320004695692,0.9693581525754708,0.9444444444444444,0.941060754786245,0.911144604765412,0.75,0.9975188020494776
soybean,0,1,-FeatWeights,LGBM,0,0.5949491000501439,0.0,1332,0.9581185223896396,0.9784975652107424,0.9614197530864198,0.955797814621344,0.9271926564028422,0.75,0.997596934160406
soybean,0,1,-Subgroups,KNN,0,0.5780926999868825,0.0,1332,0.9468952785076892,0.9731190286209652,0.9521604938271604,0.9391146945971508,0.9039353534132192,0.7222222222222222,0.9882301425629104
soybean,0,1,-Subgroups,CART,0,0.5780926999868825,0.0,1332,0.9189615244054709,0.9621065871163874,0.9320987654320988,0.929170966632267,0.8786116138356211,0.5,0.9625896203504346
soybean,0,1,-Subgroups,SVM,0,0.5780926999868825,0.0,1332,0.9570437596399816,0.9785224948581798,0.9614197530864198,0.9500751807662376,0.928872668644101,0.75,0.9975964307318562
soybean,0,1,-Subgroups,RF,0,0.5780926999868825,0.0,1332,0.9544531432344374,0.9767176498166564,0.9583333333333334,0.94711278096211,0.919635568176036,0.75,0.996173943021554
soybean,0,1,-Subgroups,LGBM,0,0.5780926999868825,0.0,1332,0.9544531432344374,0.9766927542812336,0.9583333333333334,0.9525935025935026,0.9191798878920464,0.75,0.9978612341490488
soybean,0,1,-Mahalanobis,KNN,0,0.7102674000198022,0.0,1332,0.9468952785076892,0.9731190286209652,0.9521604938271604,0.9391146945971508,0.9039353534132192,0.7222222222222222,0.9882301425629104
soybean,0,1,-Mahalanobis,CART,0,0.7102674000198022,0.0,1332,0.9189615244054709,0.9621065871163874,0.9320987654320988,0.929170966632267,0.8786116138356211,0.5,0.9625896203504346
soybean,0,1,-Mahalanobis,SVM,0,0.7102674000198022,0.0,1332,0.9570437596399816,0.9785224948581798,0.9614197530864198,0.9500751807662376,0.928872668644101,0.75,0.9975964307318562
soybean,0,1,-Mahalanobis,RF,0,0.7102674000198022,0.0,1332,0.9544531432344374,0.9767176498166564,0.9583333333333334,0.94711278096211,0.919635568176036,0.75,0.996173943021554
soybean,0,1,-Mahalanobis,LGBM,0,0.7102674000198022,0.0,1332,0.9544531432344374,0.9766927542812336,0.9583333333333334,0.9525935025935026,0.9191798878920464,0.75,0.9975705545043968
soybean,0,1,-NoiseGate,KNN,0,0.9357284000143408,0.0,1332,0.9468952785076892,0.9731190286209652,0.9521604938271604,0.9391146945971508,0.9039353534132192,0.7222222222222222,0.9882301425629104
soybean,0,1,-NoiseGate,CART,0,0.9357284000143408,0.0,1332,0.9189615244054709,0.9621065871163874,0.9320987654320988,0.929170966632267,0.8786116138356211,0.5,0.9625896203504346
soybean,0,1,-NoiseGate,SVM,0,0.9357284000143408,0.0,1332,0.9570437596399816,0.9785224948581798,0.9614197530864198,0.9500751807662376,0.928872668644101,0.75,0.9975964307318562
soybean,0,1,-NoiseGate,RF,0,0.9357284000143408,0.0,1332,0.9544531432344374,0.9767176498166564,0.9583333333333334,0.94711278096211,0.919635568176036,0.75,0.9961475633655448
soybean,0,1,-NoiseGate,LGBM,0,0.9357284000143408,0.0,1332,0.9581185223896396,0.9784975652107424,0.9614197530864198,0.955797814621344,0.9271926564028422,0.75,0.9974904086792692
soybean,0,1,-ConfSteer,KNN,0,0.9456144999712706,0.0,1332,0.9468952785076892,0.9731190286209652,0.9521604938271604,0.9391146945971508,0.9039353534132192,0.7222222222222222,0.9882301425629104
soybean,0,1,-ConfSteer,CART,0,0.9456144999712706,0.0,1332,0.9189615244054709,0.9621065871163874,0.9320987654320988,0.929170966632267,0.8786116138356211,0.5,0.9625896203504346
soybean,0,1,-ConfSteer,SVM,0,0.9456144999712706,0.0,1332,0.9570437596399816,0.9785224948581798,0.9614197530864198,0.9500751807662376,0.928872668644101,0.75,0.9975964307318562
soybean,0,1,-ConfSteer,RF,0,0.9456144999712706,0.0,1332,0.9544531432344374,0.9767176498166564,0.9583333333333334,0.94711278096211,0.919635568176036,0.75,0.9961871328495584
soybean,0,1,-ConfSteer,LGBM,0,0.9456144999712706,0.0,1332,0.9544531432344374,0.9766927542812336,0.9583333333333334,0.9525935025935026,0.9191798878920464,0.75,0.9978348544930395
soybean,0,2,Full,KNN,0,0.9716917999321596,0.0,1314,0.9478305678643912,0.9736722554163492,0.9541910331384016,0.9392169108329764,0.8878117608638693,0.6111111111111112,0.990491411766959
soybean,0,2,Full,CART,0,0.9716917999321596,0.0,1314,0.90436204855884,0.9549410068163544,0.9183723196881092,0.9195392017008468,0.8782366630821024,0.5,0.9556690714855608
soybean,0,2,Full,SVM,0,0.9716917999321596,0.0,1314,0.9678725973098816,0.98569760754454,0.9753086419753088,0.973658555053904,0.9380733456057924,0.5555555555555556,0.9957792550385144
soybean,0,2,Full,RF,0,0.9716917999321596,0.0,1314,0.9450902513462188,0.9730781070990374,0.9523229369720598,0.9563388792342372,0.903370716821433,0.6111111111111112,0.99666972402571
soybean,0,2,Full,LGBM,0,0.9716917999321596,0.0,1314,0.9531116057324992,0.9766160554869832,0.9583333333333334,0.9628397628397628,0.918594602089538,0.7222222222222222,0.9955712332452236
soybean,0,2,-FeatWeights,KNN,0,0.5840257999952883,0.0,1314,0.9478305678643912,0.9736722554163492,0.9541910331384016,0.9392169108329764,0.8878117608638693,0.6111111111111112,0.9906226405144442
soybean,0,2,-FeatWeights,CART,0,0.5840257999952883,0.0,1314,0.91488414299454,0.9603489634524748,0.927469135802469,0.9286458214722204,0.902613440852118,0.5,0.9609317769524404
soybean,0,2,-FeatWeights,SVM,0,0.5840257999952883,0.0,1314,0.9525266893344408,0.978418750189074,0.9614197530864198,0.9643687707641196,0.9299532456196618,0.5555555555555556,0.9956784282589216
soybean,0,2,-FeatWeights,RF,0,0.5840257999952883,0.0,1314,0.9414747131574472,0.9712679806032504,0.9492365172189732,0.9533074301607678,0.8948275926589377,0.6111111111111112,0.9960049543004774
soybean,0,2,-FeatWeights,LGBM,0,0.5840257999952883,0.0,1314,0.9570437596399816,0.9784207613252396,0.9614197530864198,0.9659476326142992,0.9266912537942402,0.75,0.995701958564159
soybean,0,2,-Subgroups,KNN,0,0.5723689999431372,0.0,1314,0.9478305678643912,0.9736722554163492,0.9541910331384016,0.9392169108329764,0.8878117608638693,0.6111111111111112,0.990491411766959
soybean,0,2,-Subgroups,CART,0,0.5723689999431372,0.0,1314,0.90436204855884,0.9549410068163544,0.9183723196881092,0.9195392017008468,0.8782366630821024,0.5,0.9556690714855608
soybean,0,2,-Subgroups,SVM,0,0.5723689999431372,0.0,1314,0.9678725973098816,0.98569760754454,0.9753086419753088,0.973658555053904,0.9380733456057924,0.5555555555555556,0.9957792550385144
soybean,0,2,-Subgroups,RF,0,0.5723689999431372,0.0,1314,0.9450902513462188,0.9730781070990374,0.9523229369720598,0.9563388792342372,0.903370716821433,0.6111111111111112,0.99666972402571
soybean,0,2,-Subgroups,LGBM,0,0.5723689999431372,0.0,1314,0.949195607652999,0.9748075063045496,0.9552469135802468,0.959567901234568,0.9104916304850088,0.7222222222222222,0.995807477188196
soybean,0,2,-Mahalanobis,KNN,0,0.7164750000229105,0.0,1314,0.9478305678643912,0.9736722554163492,0.9541910331384016,0.9392169108329764,0.8878117608638693,0.6111111111111112,0.990491411766959
soybean,0,2,-Mahalanobis,CART,0,0.7164750000229105,0.0,1314,0.90436204855884,0.9549410068163544,0.9183723196881092,0.9195392017008468,0.8782366630821024,0.5,0.9556690714855608
soybean,0,2,-Mahalanobis,SVM,0,0.7164750000229105,0.0,1314,0.9678725973098816,0.98569760754454,0.9753086419753088,0.973658555053904,0.9380733456057924,0.5555555555555556,0.9957792550385144
soybean,0,2,-Mahalanobis,RF,0,0.7164750000229105,0.0,1314,0.9450902513462188,0.9730781070990374,0.9523229369720598,0.9563388792342372,0.903370716821433,0.6111111111111112,0.99666972402571
soybean,0,2,-Mahalanobis,LGBM,0,0.7164750000229105,0.0,1314,0.9531116057324992,0.9766160554869832,0.9583333333333334,0.9628397628397628,0.918594602089538,0.7222222222222222,0.9956767518692607
soybean,0,2,-NoiseGate,KNN,0,0.9462064999388532,0.0,1314,0.9478305678643912,0.9736722554163492,0.9541910331384016,0.9392169108329764,0.8878117608638693,0.6111111111111112,0.990491411766959
soybean,0,2,-NoiseGate,CART,0,0.9462064999388532,0.0,1314,0.90436204855884,0.9549410068163544,0.9183723196881092,0.9195392017008468,0.8782366630821024,0.5,0.9556690714855608
soybean,0,2,-NoiseGate,SVM,0,0.9462064999388532,0.0,1314,0.9678725973098816,0.98569760754454,0.9753086419753088,0.973658555053904,0.9380733456057924,0.5555555555555556,0.9957792550385144
soybean,0,2,-NoiseGate,RF,0,0.9462064999388532,0.0,1314,0.9450902513462188,0.9730781070990374,0.9523229369720598,0.9563388792342372,0.903370716821433,0.6111111111111112,0.9967981034224228
soybean,0,2,-NoiseGate,LGBM,0,0.9462064999388532,0.0,1314,0.949195607652999,0.9748075063045496,0.9552469135802468,0.959567901234568,0.9104916304850088,0.7222222222222222,0.9958607399287644
soybean,0,2,-ConfSteer,KNN,0,0.9506559999426828,0.0,1314,0.9478305678643912,0.9736722554163492,0.9541910331384016,0.9392169108329764,0.8878117608638693,0.6111111111111112,0.990491411766959
soybean,0,2,-ConfSteer,CART,0,0.9506559999426828,0.0,1314,0.90436204855884,0.9549410068163544,0.9183723196881092,0.9195392017008468,0.8782366630821024,0.5,0.9556690714855608
soybean,0,2,-ConfSteer,SVM,0,0.9506559999426828,0.0,1314,0.9678725973098816,0.98569760754454,0.9753086419753088,0.973658555053904,0.9380733456057924,0.5555555555555556,0.9957792550385144
soybean,0,2,-ConfSteer,RF,0,0.9506559999426828,0.0,1314,0.9450902513462188,0.9730781070990374,0.9523229369720598,0.9563388792342372,0.903370716821433,0.6111111111111112,0.99666972402571
soybean,0,2,-ConfSteer,LGBM,0,0.9506559999426828,0.0,1314,0.9531116057324992,0.9766140471026296,0.9583333333333334,0.9627003053473644,0.918756402122678,0.7222222222222222,0.9962295516843446
soybean,0,3,Full,KNN,0,0.956364499987103,0.0,1314,0.9831774589560636,0.9911675550082756,0.9847303443794672,0.9829950749068396,0.960275470821212,0.7777777777777778,0.995936871522894
soybean,0,3,Full,CART,0,0.956364499987103,0.0,1314,0.9802286857711974,0.9894408132615228,0.98180636777128,0.9819195091791936,0.9515244386595576,0.7777777777777778,0.9894704956713424
soybean,0,3,Full,SVM,0,0.956364499987103,0.0,1314,0.9831774589560636,0.9911695884112116,0.9847303443794672,0.9827479755743744,0.959872080367043,0.7777777777777778,0.9978005303507756
soybean,0,3,Full,RF,0,0.956364499987103,0.0,1314,0.9839930505465928,0.9912327632268564,0.9848927875243664,0.9850064350064353,0.9594448076777424,0.8333333333333334,0.9993613226749948
soybean,0,3,Full,LGBM,0,0.956364499987103,0.0,1314,0.9808733685036068,0.9895246940920096,0.9819688109161794,0.9821167321167322,0.95118566516001,0.8333333333333334,0.999120686112351
soybean,0,3,-FeatWeights,KNN,0,0.5721290999790654,0.0,1314,0.9800603626899164,0.9894845393209112,0.98180636777128,0.9752373171490818,0.9522832996626206,0.7777777777777778,0.9974009424314096
soybean,0,3,-FeatWeights,CART,0,0.5721290999790654,0.0,1314,0.9740230439011264,0.986019822426182,0.9759584145549058,0.9762345679012346,0.9350633947766348,0.7777777777777778,0.9860716852549885
soybean,0,3,-FeatWeights,SVM,0,0.5721290999790654,0.0,1314,0.9831774589560636,0.9911695884112116,0.9847303443794672,0.9827479755743744,0.959872080367043,0.7777777777777778,0.997825737045674
soybean,0,3,-FeatWeights,RF,0,0.5721290999790654,0.0,1314,0.9808733685036068,0.9895226630207944,0.9819688109161794,0.9822020045597282,0.9515273353878012,0.8333333333333334,0.99927192628174
soybean,0,3,-FeatWeights,LGBM,0,0.5721290999790654,0.0,1314,0.9808733685036068,0.9895246940920096,0.9819688109161794,0.9821167321167322,0.95118566516001,0.8333333333333334,0.9992262047363883
soybean,0,3,-Subgroups,KNN,0,0.5592710999771953,0.0,1314,0.9831774589560636,0.9911675550082756,0.9847303443794672,0.9829950749068396,0.960275470821212,0.7777777777777778,0.995936871522894
soybean,0,3,-Subgroups,CART,0,0.5592710999771953,0.0,1314,0.9802286857711974,0.9894408132615228,0.98180636777128,0.9819195091791936,0.9515244386595576,0.7777777777777778,0.9894704956713424
soybean,0,3,-Subgroups,SVM,0,0.5592710999771953,0.0,1314,0.9831774589560636,0.9911695884112116,0.9847303443794672,0.9827479755743744,0.959872080367043,0.7777777777777778,0.9978005303507756
soybean,0,3,-Subgroups,RF,0,0.5592710999771953,0.0,1314,0.9839930505465928,0.9912327632268564,0.9848927875243664,0.9850064350064353,0.9594448076777424,0.8333333333333334,0.9993613226749948
soybean,0,3,-Subgroups,LGBM,0,0.5592710999771953,0.0,1314,0.9808733685036068,0.9895246940920096,0.9819688109161794,0.9821167321167322,0.95118566516001,0.8333333333333334,0.9991734454243696
soybean,0,3,-Mahalanobis,KNN,0,0.7314974999753758,0.0,1314,0.9831774589560636,0.9911675550082756,0.9847303443794672,0.9829950749068396,0.960275470821212,0.7777777777777778,0.995936871522894
soybean,0,3,-Mahalanobis,CART,0,0.7314974999753758,0.0,1314,0.9802286857711974,0.9894408132615228,0.98180636777128,0.9819195091791936,0.9515244386595576,0.7777777777777778,0.9894704956713424
soybean,0,3,-Mahalanobis,SVM,0,0.7314974999753758,0.0,1314,0.9831774589560636,0.9911695884112116,0.9847303443794672,0.9827479755743744,0.959872080367043,0.7777777777777778,0.9978005303507756
soybean,0,3,-Mahalanobis,RF,0,0.7314974999753758,0.0,1314,0.9839930505465928,0.9912327632268564,0.9848927875243664,0.9850064350064353,0.9594448076777424,0.8333333333333334,0.9993613226749948
soybean,0,3,-Mahalanobis,LGBM,0,0.7314974999753758,0.0,1314,0.9808733685036068,0.9895246940920096,0.9819688109161794,0.9821167321167322,0.95118566516001,0.8333333333333334,0.999199825080379
soybean,0,3,-NoiseGate,KNN,0,0.9441062000114472,0.0,1314,0.9831774589560636,0.9911675550082756,0.9847303443794672,0.9829950749068396,0.960275470821212,0.7777777777777778,0.995936871522894
soybean,0,3,-NoiseGate,CART,0,0.9441062000114472,0.0,1314,0.9802286857711974,0.9894408132615228,0.98180636777128,0.9819195091791936,0.9515244386595576,0.7777777777777778,0.9894704956713424
soybean,0,3,-NoiseGate,SVM,0,0.9441062000114472,0.0,1314,0.9831774589560636,0.9911695884112116,0.9847303443794672,0.9827479755743744,0.959872080367043,0.7777777777777778,0.997825737045674
soybean,0,3,-NoiseGate,RF,0,0.9441062000114472,0.0,1314,0.9839930505465928,0.9912327632268564,0.9848927875243664,0.9850064350064353,0.9594448076777424,0.8333333333333334,0.9993481328469902
soybean,0,3,-NoiseGate,LGBM,0,0.9441062000114472,0.0,1314,0.9808733685036068,0.9895246940920096,0.9819688109161794,0.9821167321167322,0.95118566516001,0.8333333333333334,0.9991734454243696
soybean,0,3,-ConfSteer,KNN,0,0.9187702999915928,0.0,1314,0.9831774589560636,0.9911675550082756,0.9847303443794672,0.9829950749068396,0.960275470821212,0.7777777777777778,0.995936871522894
soybean,0,3,-ConfSteer,CART,0,0.9187702999915928,0.0,1314,0.9802286857711974,0.9894408132615228,0.98180636777128,0.9819195091791936,0.9515244386595576,0.7777777777777778,0.9894704956713424
soybean,0,3,-ConfSteer,SVM,0,0.9187702999915928,0.0,1314,0.9831774589560636,0.9911695884112116,0.9847303443794672,0.9827479755743744,0.959872080367043,0.7777777777777778,0.9978005303507756
soybean,0,3,-ConfSteer,RF,0,0.9187702999915928,0.0,1314,0.9839930505465928,0.9912327632268564,0.9848927875243664,0.9850064350064353,0.9594448076777424,0.8333333333333334,0.9993613226749948
soybean,0,3,-ConfSteer,LGBM,0,0.9187702999915928,0.0,1314,0.9808733685036068,0.9895246940920096,0.9819688109161794,0.9821167321167322,0.95118566516001,0.8333333333333334,0.9991746183854808
soybean,0,4,Full,KNN,0,0.9640972999623044,0.0,1332,0.9066124797406658,0.955213141816187,0.9188405381645836,0.9200954455856416,0.8786513760590975,0.5,0.9907503135094072
soybean,0,4,Full,CART,0,0.9640972999623044,0.0,1332,0.9238932500956234,0.9622551997575524,0.9312053281351528,0.9393890289659124,0.9026960214703866,0.7222222222222222,0.962772859235349
soybean,0,4,Full,SVM,0,0.9640972999623044,0.0,1332,0.9346125468715948,0.971359354925946,0.9466374269005848,0.9523566541626396,0.9441625535015294,0.5,0.9961046047384046
soybean,0,4,Full,RF,0,0.9640972999623044,0.0,1332,0.9528737580510008,0.9767141504126596,0.9571150097465888,0.9613936280602948,0.943164548016094,0.75,0.999264601259291
soybean,0,4,Full,LGBM,0,0.9640972999623044,0.0,1332,0.90436204855884,0.9587236541565692,0.9230019493177388,0.9298616020107248,0.9273070240123092,0.5,0.9972463226959049
soybean,0,4,-FeatWeights,KNN,0,0.5910452000098303,0.0,1332,0.9066124797406658,0.955213141816187,0.9188405381645836,0.9200954455856416,0.8786513760590975,0.5,0.9891792166596548
soybean,0,4,-FeatWeights,CART,0,0.5910452000098303,0.0,1332,0.8653341229348296,0.9454942245013138,0.9003411306042884,0.9083876000542668,0.8793074606800556,0.25,0.9464728769686056
soybean,0,4,-FeatWeights,SVM,0,0.5910452000098303,0.0,1332,0.9346125468715948,0.971359354925946,0.9466374269005848,0.9523566541626396,0.9441625535015294,0.5,0.9961046047384046
soybean,0,4,-FeatWeights,RF,0,0.5910452000098303,0.0,1332,0.9562963937787452,0.9785227017906716,0.9602014294996752,0.9644318503967628,0.9512552694016798,0.75,0.9991517576128048
soybean,0,4,-FeatWeights,LGBM,0,0.5910452000098303,0.0,1332,0.8976779428343589,0.9550527580999574,0.916829109811566,0.923704434877948,0.911409315107172,0.5,0.996674397335839
soybean,0,4,-Subgroups,KNN,0,0.6075539999874309,0.0,1332,0.9066124797406658,0.955213141816187,0.9188405381645836,0.9200954455856416,0.8786513760590975,0.5,0.9907503135094072
soybean,0,4,-Subgroups,CART,0,0.6075539999874309,0.0,1332,0.9238932500956234,0.9622551997575524,0.9312053281351528,0.9393890289659124,0.9026960214703866,0.7222222222222222,0.962772859235349
soybean,0,4,-Subgroups,SVM,0,0.6075539999874309,0.0,1332,0.9346125468715948,0.971359354925946,0.9466374269005848,0.9523566541626396,0.9441625535015294,0.5,0.9961046047384046
soybean,0,4,-Subgroups,RF,0,0.6075539999874309,0.0,1332,0.9528737580510008,0.9767141504126596,0.9571150097465888,0.9613936280602948,0.943164548016094,0.75,0.999264601259291
soybean,0,4,-Subgroups,LGBM,0,0.6075539999874309,0.0,1332,0.9011252886187728,0.9568891940692248,0.9199155295646524,0.92680550777816,0.9193047121052192,0.5,0.9971230227085236
soybean,0,4,-Mahalanobis,KNN,0,0.7254873000783846,0.0,1332,0.9066124797406658,0.955213141816187,0.9188405381645836,0.9200954455856416,0.8786513760590975,0.5,0.9907503135094072
soybean,0,4,-Mahalanobis,CART,0,0.7254873000783846,0.0,1332,0.9238932500956234,0.9622551997575524,0.9312053281351528,0.9393890289659124,0.9026960214703866,0.7222222222222222,0.962772859235349
soybean,0,4,-Mahalanobis,SVM,0,0.7254873000783846,0.0,1332,0.9346125468715948,0.971359354925946,0.9466374269005848,0.9523566541626396,0.9441625535015294,0.5,0.9961046047384046
soybean,0,4,-Mahalanobis,RF,0,0.7254873000783846,0.0,1332,0.9528737580510008,0.9767141504126596,0.9571150097465888,0.9613936280602948,0.943164548016094,0.75,0.999264601259291
soybean,0,4,-Mahalanobis,LGBM,0,0.7254873000783846,0.0,1332,0.9011252886187728,0.9568891940692248,0.9199155295646524,0.92680550777816,0.9193047121052192,0.5,0.9971230227085236
soybean,0,4,-NoiseGate,KNN,0,0.9382852999260648,0.0,1332,0.9066124797406658,0.955213141816187,0.9188405381645836,0.9200954455856416,0.8786513760590975,0.5,0.9907503135094072
soybean,0,4,-NoiseGate,CART,0,0.9382852999260648,0.0,1332,0.9238932500956234,0.9622551997575524,0.9312053281351528,0.9393890289659124,0.9026960214703866,0.7222222222222222,0.962772859235349
soybean,0,4,-NoiseGate,SVM,0,0.9382852999260648,0.0,1332,0.9346125468715948,0.971359354925946,0.9466374269005848,0.9523566541626396,0.9441625535015294,0.5,0.9961046047384046
soybean,0,4,-NoiseGate,RF,0,0.9382852999260648,0.0,1332,0.9528737580510008,0.9767141504126596,0.9571150097465888,0.9613936280602948,0.943164548016094,0.75,0.9992130149083835
soybean,0,4,-NoiseGate,LGBM,0,0.9382852999260648,0.0,1332,0.90436204855884,0.9587236541565692,0.9230019493177388,0.9298616020107248,0.9273070240123092,0.5,0.9970521780032158
soybean,0,4,-ConfSteer,KNN,0,0.9516279000090436,0.0,1332,0.9066124797406658,0.955213141816187,0.9188405381645836,0.9200954455856416,0.8786513760590975,0.5,0.9907503135094072
soybean,0,4,-ConfSteer,CART,0,0.9516279000090436,0.0,1332,0.9238932500956234,0.9622551997575524,0.9312053281351528,0.9393890289659124,0.9026960214703866,0.7222222222222222,0.962772859235349
soybean,0,4,-ConfSteer,SVM,0,0.9516279000090436,0.0,1332,0.9346125468715948,0.971359354925946,0.9466374269005848,0.9523566541626396,0.9441625535015294,0.5,0.9961046047384046
soybean,0,4,-ConfSteer,RF,0,0.9516279000090436,0.0,1332,0.9528737580510008,0.9767141504126596,0.9571150097465888,0.9613936280602948,0.943164548016094,0.75,0.999264601259291
soybean,0,4,-ConfSteer,LGBM,0,0.9516279000090436,0.0,1332,0.8701987203057362,0.9512562352422136,0.90911306042885,0.9136972595305928,0.9193560416898124,0.25,0.9965973796443878
splice,0,0,Full,KNN,0,2.2454157999018207,0.0,3972,0.0,0.6965797623438424,0.6362646068528423,0.4141972704232011,0.3950472803194646,0.0,0.7840319367660381
splice,0,0,Full,CART,0,2.2454157999018207,0.0,3972,0.8968968581135561,0.9254019632323246,0.8981108998880458,0.899445433265131,0.8570202179931803,0.8366013071895425,0.9258166125470998
splice,0,0,Full,SVM,0,2.2454157999018207,0.0,3972,0.964979267308596,0.9733114969257616,0.9650139038800848,0.963361315914862,0.9441056420064076,0.954248366013072,0.993496281279011
splice,0,0,Full,RF,0,2.2454157999018207,0.0,3972,0.963619431874028,0.9723963136082588,0.9636919005143636,0.9653681509033486,0.9463993943489156,0.9477124183006536,0.9930491802122128
splice,0,0,Full,LGBM,0,2.2454157999018207,0.0,3972,0.959625108587964,0.9693932844200478,0.959663703132692,0.9580164218022869,0.936454500321794,0.9477124183006536,0.9946372107337664
splice,0,0,-FeatWeights,KNN,0,2.986612099921331,0.0,3972,0.0,0.7010819607467442,0.6427864074922899,0.4192709972750084,0.4043082790673851,0.0,0.7917604355368201
splice,0,0,-FeatWeights,CART,0,2.986612099921331,0.0,3972,0.9047538537482752,0.9318574080048748,0.9055317876181568,0.9060162053072572,0.8699458593295767,0.869281045751634,0.9322400772265532
splice,0,0,-FeatWeights,SVM,0,2.986612099921331,0.0,3972,0.967177405353288,0.9747513108251202,0.9671925531175576,0.9655276586105576,0.9466339049593274,0.9607843137254902,0.99357828623427
splice,0,0,-FeatWeights,RF,0,2.986612099921331,0.0,3972,0.966280307831792,0.9751168319128526,0.9666706073317056,0.9693411133402634,0.9541597064542138,0.9281045751633988,0.9939207706195008
splice,0,0,-FeatWeights,LGBM,0,2.986612099921331,0.0,3972,0.9659834087899088,0.9739652657549313,0.9660209532255029,0.965473904131648,0.9465266696502624,0.954248366013072,0.9944168997092704
splice,0,0,-Subgroups,KNN,0,1.034041200065985,0.0,3972,0.0,0.6965797623438424,0.6362646068528423,0.4141972704232011,0.3950472803194646,0.0,0.7837791228045026
splice,0,0,-Subgroups,CART,0,1.034041200065985,0.0,3972,0.8978479689620804,0.926254278299568,0.8991179492334638,0.9009063247473844,0.8594997091474127,0.8366013071895425,0.9266637798314926
splice,0,0,-Subgroups,SVM,0,1.034041200065985,0.0,3972,0.964979267308596,0.9733114969257616,0.9650139038800848,0.963361315914862,0.9441056420064076,0.954248366013072,0.9934917892187276
splice,0,0,-Subgroups,RF,0,1.034041200065985,0.0,3972,0.963619431874028,0.9725930520613408,0.9636919005143636,0.964798425828052,0.9464209703772756,0.9477124183006536,0.9931409989521894
splice,0,0,-Subgroups,LGBM,0,1.034041200065985,0.0,3972,0.958413372007942,0.9688013646068012,0.958492103240637,0.9573879209552834,0.936397038664546,0.9411764705882352,0.9945111825309502
splice,0,0,-Mahalanobis,KNN,0,2.2171070999465883,0.0,3972,0.0,0.6965797623438424,0.6362646068528423,0.4141972704232011,0.3950472803194646,0.0,0.7837232912249325
splice,0,0,-Mahalanobis,CART,0,2.2171070999465883,0.0,3972,0.8978479689620804,0.926254278299568,0.8991179492334638,0.9009063247473844,0.8594997091474127,0.8366013071895425,0.9266637798314926
splice,0,0,-Mahalanobis,SVM,0,2.2171070999465883,0.0,3972,0.964979267308596,0.9733114969257616,0.9650139038800848,0.963361315914862,0.9441056420064076,0.954248366013072,0.9935052653995778
splice,0,0,-Mahalanobis,RF,0,2.2171070999465883,0.0,3972,0.9613991027347136,0.971152168813887,0.9615132512768908,0.9625974849500532,0.9438725295956116,0.9411764705882352,0.9931525098933456
splice,0,0,-Mahalanobis,LGBM,0,2.2171070999465883,0.0,3972,0.9574734755646458,0.9677624619882864,0.9574992009681896,0.9564069588072625,0.9338487924692168,0.9477124183006536,0.9942129718059496
splice,0,0,-NoiseGate,KNN,0,2.167313100071624,0.0,3972,0.0,0.6965797623438424,0.6362646068528423,0.4141972704232011,0.3950472803194646,0.0,0.7837859107658609
splice,0,0,-NoiseGate,CART,0,2.167313100071624,0.0,3972,0.8968968581135561,0.9254019632323246,0.8981108998880458,0.899445433265131,0.8570202179931803,0.8366013071895425,0.9258166125470998
splice,0,0,-NoiseGate,SVM,0,2.167313100071624,0.0,3972,0.964979267308596,0.9733114969257616,0.9650139038800848,0.963361315914862,0.9441056420064076,0.954248366013072,0.9935052653995778
splice,0,0,-NoiseGate,RF,0,2.167313100071624,0.0,3972,0.96354508999502,0.9725859131638528,0.9636777534413932,0.9647619871145552,0.9464245526577564,0.9411764705882352,0.9937841106542046
splice,0,0,-NoiseGate,LGBM,0,2.167313100071624,0.0,3972,0.9586213159007784,0.9685437437944772,0.958656653787274,0.9564633712077932,0.9339819364534978,0.9477124183006536,0.9946640592996214
splice,0,0,-ConfSteer,KNN,0,2.205409500049427,0.0,3972,0.0,0.6965797623438424,0.6362646068528423,0.4141972704232011,0.3950472803194646,0.0,0.7837232912249325
splice,0,0,-ConfSteer,CART,0,2.205409500049427,0.0,3972,0.8978479689620804,0.926254278299568,0.8991179492334638,0.9009063247473844,0.8594997091474127,0.8366013071895425,0.9266637798314926
splice,0,0,-ConfSteer,SVM,0,2.205409500049427,0.0,3972,0.964979267308596,0.9733114969257616,0.9650139038800848,0.963361315914862,0.9441056420064076,0.954248366013072,0.9935052653995778
splice,0,0,-ConfSteer,RF,0,2.205409500049427,0.0,3972,0.9613991027347136,0.971152168813887,0.9615132512768908,0.9625974849500532,0.9438725295956116,0.9411764705882352,0.9931525098933456
splice,0,0,-ConfSteer,LGBM,0,2.205409500049427,0.0,3972,0.9574734755646458,0.9677624619882864,0.9574992009681896,0.9564069588072625,0.9338487924692168,0.9477124183006536,0.9942129718059496
splice,0,1,Full,KNN,0,2.1644963999278843,0.0,3972,0.0,0.6965997514342124,0.636307048071754,0.4147807553224609,0.3952100650921795,0.0,0.7809409763965626
splice,0,1,Full,CART,0,2.1644963999278843,0.0,3972,0.8993206516659922,0.9253330425031684,0.8996540420922862,0.8991738696386181,0.8523042819951244,0.8758169934640523,0.92569952285631
splice,0,1,Full,SVM,0,2.1644963999278843,0.0,3972,0.963772912714641,0.9733497021800384,0.963913039352883,0.9611342115472302,0.9443250408822996,0.9415584415584416,0.9913708228459908
splice,0,1,Full,RF,0,2.1644963999278843,0.0,3972,0.9622492853172192,0.9734699713980334,0.9624123383675544,0.9619292227139624,0.9491878319060436,0.9415584415584416,0.99673992325094
splice,0,1,Full,LGBM,0,2.1644963999278843,0.0,3972,0.9636788971193616,0.97398762147158,0.9637201946603048,0.9611128893862338,0.9468270545543128,0.9545454545454546,0.99646777189773
splice,0,1,-FeatWeights,KNN,0,2.409249800024554,0.0,3972,0.1398067115725197,0.6959639806374025,0.6351354481796991,0.4150340911360881,0.3932241875840991,0.0030211480362537,0.7908982368507939
splice,0,1,-FeatWeights,CART,0,2.409249800024554,0.0,3972,0.9121368599066024,0.9362676921852948,0.9130181963841107,0.915912998529222,0.879832816209625,0.8627450980392157,0.936563709864433
splice,0,1,-FeatWeights,SVM,0,2.409249800024554,0.0,3972,0.963772912714641,0.9733504053016508,0.963913039352883,0.961165756857898,0.9443702376512056,0.9415584415584416,0.9915678621793104
splice,0,1,-FeatWeights,RF,0,2.409249800024554,0.0,3972,0.958095001194648,0.9705171402499736,0.9582054433662752,0.956139460333965,0.9416367180310876,0.9477124183006536,0.996658017230342
splice,0,1,-FeatWeights,LGBM,0,2.409249800024554,0.0,3972,0.9624799364336132,0.9733946983019875,0.96254859476825,0.960454635716518,0.9467193901978564,0.954248366013072,0.9962882667013254
splice,0,1,-Subgroups,KNN,0,1.0310320999706164,0.0,3972,0.0,0.6966016970886824,0.636307048071754,0.4144901781280104,0.3949718137811402,0.0,0.7803555804128788
splice,0,1,-Subgroups,CART,0,1.0310320999706164,0.0,3972,0.9015034773443348,0.9269738221211744,0.9018185442567884,0.9008438964132964,0.8549607565163874,0.8758169934640523,0.9273246621035992
splice,0,1,-Subgroups,SVM,0,1.0310320999706164,0.0,3972,0.963772912714641,0.9733497021800384,0.963913039352883,0.9611342115472302,0.9443250408822996,0.9415584415584416,0.991370842794364
splice,0,1,-Subgroups,RF,0,1.0310320999706164,0.0,3972,0.9579139381645037,0.9701550753618926,0.9582620316581574,0.9572380164068548,0.9418607014057986,0.922077922077922,0.9970149997041418
splice,0,1,-Subgroups,LGBM,0,1.0310320999706164,0.0,3972,0.961488710257158,0.972545671552111,0.961541545422832,0.958936462952348,0.944257139127304,0.954248366013072,0.9963417717512452
splice,0,1,-Mahalanobis,KNN,0,2.1207549000391737,0.0,3972,0.0,0.6966016970886824,0.636307048071754,0.4144901781280104,0.3949718137811402,0.0,0.781222390298741
splice,0,1,-Mahalanobis,CART,0,2.1207549000391737,0.0,3972,0.9015034773443348,0.9269738221211744,0.9018185442567884,0.9008438964132964,0.8549607565163874,0.8758169934640523,0.9273246621035992
splice,0,1,-Mahalanobis,SVM,0,2.1207549000391737,0.0,3972,0.963772912714641,0.9733497021800384,0.963913039352883,0.9611342115472302,0.9443250408822996,0.9415584415584416,0.9913708228459908
splice,0,1,-Mahalanobis,RF,0,2.1207549000391737,0.0,3972,0.9633793330521324,0.9740701744727964,0.9635980853325796,0.9625636207031556,0.949361134968722,0.935064935064935,0.9967050938022016
splice,0,1,-Mahalanobis,LGBM,0,2.1207549000391737,0.0,3972,0.961488710257158,0.972545671552111,0.961541545422832,0.958936462952348,0.944257139127304,0.954248366013072,0.9965275359836784
splice,0,1,-NoiseGate,KNN,0,2.157132300082594,0.0,3972,0.0,0.6965997514342124,0.636307048071754,0.4147807553224609,0.3952100650921795,0.0,0.7811987543463211
splice,0,1,-NoiseGate,CART,0,2.157132300082594,0.0,3972,0.9015034773443348,0.9269738221211744,0.9018185442567884,0.9008438964132964,0.8549607565163874,0.8758169934640523,0.9273246621035992
splice,0,1,-NoiseGate,SVM,0,2.157132300082594,0.0,3972,0.963772912714641,0.9733497021800384,0.963913039352883,0.9611342115472302,0.9443250408822996,0.9415584415584416,0.9913708228459908
splice,0,1,-NoiseGate,RF,0,2.157132300082594,0.0,3972,0.965604235487868,0.9757010798152116,0.965762587497082,0.9642131968494408,0.9519262931411284,0.9415584415584416,0.9971165080304186
splice,0,1,-NoiseGate,LGBM,0,2.157132300082594,0.0,3972,0.9624799364336132,0.9733946983019875,0.96254859476825,0.960454635716518,0.9467193901978564,0.954248366013072,0.9967666838422384
splice,0,1,-ConfSteer,KNN,0,2.1902782999677584,0.0,3972,0.0,0.6966016970886824,0.636307048071754,0.4144901781280104,0.3949718137811402,0.0,0.781222390298741
splice,0,1,-ConfSteer,CART,0,2.1902782999677584,0.0,3972,0.9015034773443348,0.9269738221211744,0.9018185442567884,0.9008438964132964,0.8549607565163874,0.8758169934640523,0.9273246621035992
splice,0,1,-ConfSteer,SVM,0,2.1902782999677584,0.0,3972,0.963772912714641,0.9733497021800384,0.963913039352883,0.9611342115472302,0.9443250408822996,0.9415584415584416,0.991370842794364
splice,0,1,-ConfSteer,RF,0,2.1902782999677584,0.0,3972,0.9633793330521324,0.9740701744727964,0.9635980853325796,0.9625636207031556,0.949361134968722,0.935064935064935,0.9966877414198824
splice,0,1,-ConfSteer,LGBM,0,2.1902782999677584,0.0,3972,0.9636788971193616,0.97398762147158,0.9637201946603048,0.9611128893862338,0.9468270545543128,0.9545454545454546,0.996567791365275
splice,0,2,Full,KNN,0,2.167428999906406,0.0,3972,0.0,0.6950960486859113,0.6340859576153693,0.4124679811937149,0.3919569859812677,0.0,0.7743904178421283
splice,0,2,Full,CART,0,2.167428999906406,0.0,3972,0.916178217978632,0.9391773071453108,0.916975273737314,0.9122215293887734,0.8764671121119686,0.8636363636363636,0.939446087722916
splice,0,2,Full,SVM,0,2.167428999906406,0.0,3972,0.9614887102571578,0.9723544092336482,0.9615556924958026,0.9594006542530908,0.9441590689371688,0.948051948051948,0.9938150713619716
splice,0,2,Full,RF,0,2.167428999906406,0.0,3972,0.972218169281314,0.9794044631973072,0.9722560939905884,0.9722421773259724,0.9592303820928432,0.961038961038961,0.9963325134630536
splice,0,2,Full,LGBM,0,2.167428999906406,0.0,3972,0.9679854526699966,0.9762815246357662,0.9680916402082208,0.9669339101140751,0.9516777785420556,0.948051948051948,0.9955344838804828
splice,0,2,-FeatWeights,KNN,0,2.427713599987328,0.0,3972,0.1385334441033785,0.6899400887106739,0.6264067041568375,0.4094880285323619,0.3823184623779103,0.0030211480362537,0.7896081288932191
splice,0,2,-FeatWeights,CART,0,2.427713599987328,0.0,3972,0.9218548973895956,0.9435325711887448,0.9221043356461872,0.9181522889891868,0.8861570463298797,0.8961038961038961,0.9437815502146082
splice,0,2,-FeatWeights,SVM,0,2.427713599987328,0.0,3972,0.9614887102571578,0.9723544092336482,0.9615556924958026,0.9594006542530908,0.9441590689371688,0.948051948051948,0.9939026645105092
splice,0,2,-FeatWeights,RF,0,2.427713599987328,0.0,3972,0.9644263273200236,0.9741216854174204,0.964590987605027,0.9661892924493646,0.9515303786071992,0.9415584415584416,0.996221886371457
splice,0,2,-FeatWeights,LGBM,0,2.427713599987328,0.0,3972,0.9680296509008544,0.9764705361078432,0.9680774931352504,0.9664480923283516,0.951712642090892,0.9545454545454546,0.9958657656585844
splice,0,2,-Subgroups,KNN,0,1.0199199999915436,0.0,3972,0.0,0.6950960486859113,0.6340859576153693,0.4124679811937149,0.3919569859812677,0.0,0.7729094044121626
splice,0,2,-Subgroups,CART,0,1.0199199999915436,0.0,3972,0.916178217978632,0.9391773071453108,0.916975273737314,0.9122215293887734,0.8764671121119686,0.8636363636363636,0.939446087722916
splice,0,2,-Subgroups,SVM,0,1.0199199999915436,0.0,3972,0.9614887102571578,0.9723544092336482,0.9615556924958026,0.9594006542530908,0.9441590689371688,0.948051948051948,0.9938117910709442
splice,0,2,-Subgroups,RF,0,1.0199199999915436,0.0,3972,0.963619431874028,0.973213710475036,0.963748488806246,0.9631770083792972,0.9466410269184456,0.9415584415584416,0.9967675282686552
splice,0,2,-Subgroups,LGBM,0,1.0199199999915436,0.0,3972,0.9648318173911692,0.9739918346199806,0.9649059416253304,0.963251508686634,0.94662681547138,0.948051948051948,0.9953253245341764
splice,0,2,-Mahalanobis,KNN,0,2.11156710004434,0.0,3972,0.0,0.6950960486859113,0.6340859576153693,0.4124679811937149,0.3919569859812677,0.0,0.7729094044121626
splice,0,2,-Mahalanobis,CART,0,2.11156710004434,0.0,3972,0.916178217978632,0.9391773071453108,0.916975273737314,0.9122215293887734,0.8764671121119686,0.8636363636363636,0.939446087722916
splice,0,2,-Mahalanobis,SVM,0,2.11156710004434,0.0,3972,0.9614887102571578,0.9723544092336482,0.9615556924958026,0.9594006542530908,0.9441590689371688,0.948051948051948,0.9938117910709442
splice,0,2,-Mahalanobis,RF,0,2.11156710004434,0.0,3972,0.9667660155098023,0.9756991350089836,0.9669341873891368,0.9663034741827792,0.951696475060337,0.9415584415584416,0.9968686330878036
splice,0,2,-Mahalanobis,LGBM,0,2.11156710004434,0.0,3972,0.9689833765237856,0.9771300546068172,0.9690986895536388,0.9684996227398176,0.9541741200276456,0.948051948051948,0.9955602403673218
splice,0,2,-NoiseGate,KNN,0,2.2209196999901906,0.0,3972,0.0,0.6950954009989304,0.6340859576153693,0.4124102315823448,0.39189658959322,0.0,0.7740962577128689
splice,0,2,-NoiseGate,CART,0,2.2209196999901906,0.0,3972,0.916178217978632,0.9391773071453108,0.916975273737314,0.9122215293887734,0.8764671121119686,0.8636363636363636,0.939446087722916
splice,0,2,-NoiseGate,SVM,0,2.2209196999901906,0.0,3972,0.9614887102571578,0.9723544092336482,0.9615556924958026,0.9594006542530908,0.9441590689371688,0.948051948051948,0.9938150713619716
splice,0,2,-NoiseGate,RF,0,2.2209196999901906,0.0,3972,0.9743883063238612,0.9810412690086406,0.9744347432280612,0.9738508651669144,0.9618293043621712,0.961038961038961,0.9964208069643228
splice,0,2,-NoiseGate,LGBM,0,2.2209196999901906,0.0,3972,0.9689833765237856,0.9771307587761832,0.9690986895536388,0.9684849938225794,0.9541895294188212,0.948051948051948,0.9956656661723592
splice,0,2,-ConfSteer,KNN,0,2.2150980998994783,0.0,3972,0.0,0.6950960486859113,0.6340859576153693,0.4124679811937149,0.3919569859812677,0.0,0.7729094044121626
splice,0,2,-ConfSteer,CART,0,2.2150980998994783,0.0,3972,0.916178217978632,0.9391773071453108,0.916975273737314,0.9122215293887734,0.8764671121119686,0.8636363636363636,0.939446087722916
splice,0,2,-ConfSteer,SVM,0,2.2150980998994783,0.0,3972,0.9614887102571578,0.9723544092336482,0.9615556924958026,0.9594006542530908,0.9441590689371688,0.948051948051948,0.9938117910709442
splice,0,2,-ConfSteer,RF,0,2.2150980998994783,0.0,3972,0.9667660155098023,0.9756991350089836,0.9669341873891368,0.9663034741827792,0.951696475060337,0.9415584415584416,0.9968686330878036
splice,0,2,-ConfSteer,LGBM,0,2.2150980998994783,0.0,3972,0.9689833765237856,0.9771300546068172,0.9690986895536388,0.9684996227398176,0.9541741200276456,0.948051948051948,0.9955602403673218
splice,0,3,Full,KNN,0,2.04899249994196,0.0,3972,0.0,0.696614095803974,0.6362787539258128,0.4141221944987943,0.3952337490289883,0.0,0.7819786929270222
splice,0,3,Full,CART,0,2.04899249994196,0.0,3972,0.9232846907585084,0.9426619927835548,0.9236191837044868,0.919366828009672,0.8812123664999925,0.8896103896103896,0.9428583012752036
splice,0,3,Full,SVM,0,2.04899249994196,0.0,3972,0.9606712667837204,0.9704607891403332,0.9607131936970216,0.9590490706165986,0.9390206869490773,0.948051948051948,0.9894804909813576
splice,0,3,Full,RF,0,2.04899249994196,0.0,3972,0.946101514717406,0.9609053880379465,0.9463617361253756,0.9479175276668044,0.9259762724200064,0.922077922077922,0.9906746931115676
splice,0,3,Full,LGBM,0,2.04899249994196,0.0,3972,0.9575032190791742,0.9685571243488575,0.9575133480411604,0.9543080129003144,0.9341471718582568,0.954248366013072,0.9904407791355606
splice,0,3,-FeatWeights,KNN,0,2.822539799963124,0.0,3972,0.0,0.6890812467891912,0.6254138018843901,0.4070424810208367,0.3809894893140002,0.0,0.7878464671338139
splice,0,3,-FeatWeights,CART,0,2.822539799963124,0.0,3972,0.9032488212760618,0.9292992685150072,0.903917525385448,0.9023820163970728,0.8601717633372087,0.8571428571428571,0.9296556245243788
splice,0,3,-FeatWeights,SVM,0,2.822539799963124,0.0,3972,0.9585027012443628,0.9690192205423406,0.9585345444595488,0.9568922319191188,0.9364624721826976,0.948051948051948,0.9892638544553608
splice,0,3,-FeatWeights,RF,0,2.822539799963124,0.0,3972,0.9355597667241494,0.9529850283083778,0.9358258851772268,0.9357834439583153,0.908274616974452,0.9090909090909092,0.98978155365703
splice,0,3,-FeatWeights,LGBM,0,2.822539799963124,0.0,3972,0.9551287438168548,0.967182396578416,0.9551842953300212,0.9536090915019412,0.9339345790008684,0.9477124183006536,0.990627089054494
splice,0,3,-Subgroups,KNN,0,1.030244099907577,0.0,3972,0.0,0.696614095803974,0.6362787539258128,0.4141221944987943,0.3952337490289883,0.0,0.7822170713476447
splice,0,3,-Subgroups,CART,0,1.030244099907577,0.0,3972,0.9232846907585084,0.9426619927835548,0.9236191837044868,0.919366828009672,0.8812123664999925,0.8896103896103896,0.9428583012752036
splice,0,3,-Subgroups,SVM,0,1.030244099907577,0.0,3972,0.9606712667837204,0.9704607891403332,0.9607131936970216,0.9590490706165986,0.9390206869490773,0.948051948051948,0.9894849630932676
splice,0,3,-Subgroups,RF,0,1.030244099907577,0.0,3972,0.9485414394311974,0.962463494128393,0.9486624946905736,0.9481736770503248,0.9261755353575866,0.934640522875817,0.9910341017377426
splice,0,3,-Subgroups,LGBM,0,1.030244099907577,0.0,3972,0.9541358857791974,0.9663396149719288,0.954191393057574,0.9520588454924652,0.9314713736975498,0.9415584415584416,0.9907632363800816
splice,0,3,-Mahalanobis,KNN,0,1.894662300008349,0.0,3972,0.0,0.696614095803974,0.6362787539258128,0.4141221944987943,0.3952337490289883,0.0,0.7816956532324183
splice,0,3,-Mahalanobis,CART,0,1.894662300008349,0.0,3972,0.9232846907585084,0.9426619927835548,0.9236191837044868,0.919366828009672,0.8812123664999925,0.8896103896103896,0.9428583012752036
splice,0,3,-Mahalanobis,SVM,0,1.894662300008349,0.0,3972,0.9606712667837204,0.9704607891403332,0.9607131936970216,0.9590490706165986,0.9390206869490773,0.948051948051948,0.9894849630932676
splice,0,3,-Mahalanobis,RF,0,1.894662300008349,0.0,3972,0.9527178241815948,0.9656165434397934,0.9528693896918528,0.9533932369997944,0.93372290632901,0.935064935064935,0.9908516220425626
splice,0,3,-Mahalanobis,LGBM,0,1.894662300008349,0.0,3972,0.9531409571266596,0.9654903420849688,0.953184343712156,0.950534504258122,0.9290192882144984,0.9415584415584416,0.9906400506316174
splice,0,3,-NoiseGate,KNN,0,1.9849853999912737,0.0,3972,0.0,0.696614095803974,0.6362787539258128,0.4141221944987943,0.3952337490289883,0.0,0.7825001110422486
splice,0,3,-NoiseGate,CART,0,1.9849853999912737,0.0,3972,0.9232846907585084,0.9426619927835548,0.9236191837044868,0.919366828009672,0.8812123664999925,0.8896103896103896,0.9428583012752036
splice,0,3,-NoiseGate,SVM,0,1.9849853999912737,0.0,3972,0.9606712667837204,0.9704607891403332,0.9607131936970216,0.9590490706165986,0.9390206869490773,0.948051948051948,0.9894804909813576
splice,0,3,-NoiseGate,RF,0,1.9849853999912737,0.0,3972,0.948317217223296,0.962538777107995,0.9485262382898778,0.9495695199097042,0.928560952065175,0.9285714285714286,0.9909651682959918
splice,0,3,-NoiseGate,LGBM,0,1.9849853999912737,0.0,3972,0.9531409571266596,0.965489641128943,0.953184343712156,0.950515287893608,0.9289968809931616,0.9415584415584416,0.9906782399310106
splice,0,3,-ConfSteer,KNN,0,1.950616699992679,0.0,3972,0.0,0.696614095803974,0.6362787539258128,0.4141221944987943,0.3952337490289883,0.0,0.7816956532324183
splice,0,3,-ConfSteer,CART,0,1.950616699992679,0.0,3972,0.9232846907585084,0.9426619927835548,0.9236191837044868,0.919366828009672,0.8812123664999925,0.8896103896103896,0.9428583012752036
splice,0,3,-ConfSteer,SVM,0,1.950616699992679,0.0,3972,0.9606712667837204,0.9704607891403332,0.9607131936970216,0.9590490706165986,0.9390206869490773,0.948051948051948,0.9894849630932676
splice,0,3,-ConfSteer,RF,0,1.950616699992679,0.0,3972,0.9527178241815948,0.9656165434397934,0.9528693896918528,0.9533932369997944,0.93372290632901,0.935064935064935,0.9908516220425626
splice,0,3,-ConfSteer,LGBM,0,1.950616699992679,0.0,3972,0.9531409571266596,0.9654903420849688,0.953184343712156,0.950534504258122,0.9290192882144984,0.9415584415584416,0.9906400506316174
splice,0,4,Full,KNN,0,2.394280000007712,0.0,3972,0.1378913098407786,0.6869207035991851,0.6220635527548626,0.4065894084890315,0.3765939330926431,0.0030211480362537,0.7627871708540539
splice,0,4,Full,CART,0,2.394280000007712,0.0,3972,0.92377342828121,0.941189631540144,0.9244277893647008,0.9153054821859956,0.8699325189241075,0.8961038961038961,0.941341595466557
splice,0,4,Full,SVM,0,2.394280000007712,0.0,3972,0.9530877919814672,0.9654497813059038,0.9533913354777048,0.948970298353808,0.9267648913273124,0.922077922077922,0.9895572381728854
splice,0,4,Full,RF,0,2.394280000007712,0.0,3972,0.9598117899426928,0.9697437400238192,0.9598706948982408,0.955695708772241,0.9343409400574272,0.948051948051948,0.9958665426321572
splice,0,4,Full,LGBM,0,2.394280000007712,0.0,3972,0.96663566904251,0.9736541067021384,0.9668437059586872,0.9582580049277036,0.935336438863588,0.9395770392749244,0.9956119073157664
splice,0,4,-FeatWeights,KNN,0,2.4843525999458507,0.0,3972,0.1401339450281732,0.697474016041165,0.6372858032712307,0.41608157387004,0.3960636810668921,0.0030211480362537,0.767579255822119
splice,0,4,-FeatWeights,CART,0,2.4843525999458507,0.0,3972,0.9200175804346438,0.9391723916522046,0.9201643060715392,0.907774700276975,0.8640412871827449,0.8972809667673716,0.9393687192618811
splice,0,4,-FeatWeights,SVM,0,2.4843525999458507,0.0,3972,0.9597529581187112,0.9703444683830932,0.9598848419712112,0.9539254085694217,0.9346409286361343,0.9415584415584416,0.9908906209551755
splice,0,4,-FeatWeights,RF,0,2.4843525999458507,0.0,3972,0.9596843273424048,0.9699942231180112,0.9596919972786332,0.9566095783908658,0.936727972788626,0.9545454545454546,0.9962323080688088
splice,0,4,-FeatWeights,LGBM,0,2.4843525999458507,0.0,3972,0.9624251218140556,0.9705172314517896,0.9626509580303786,0.9530978950865856,0.9281098138833588,0.9335347432024168,0.9958535057416328
splice,0,4,-Subgroups,KNN,0,1.0162589000537992,0.0,3972,0.1378913098407786,0.6869213465675367,0.6220635527548626,0.4066590555334707,0.3766649873750802,0.0030211480362537,0.7624527118466702
splice,0,4,-Subgroups,CART,0,1.0162589000537992,0.0,3972,0.9196215815556504,0.9380990723771816,0.9200704908897552,0.9116435089200392,0.8646677005335751,0.8961038961038961,0.9382757054469664
splice,0,4,-Subgroups,SVM,0,1.0162589000537992,0.0,3972,0.9530877919814672,0.9654497813059038,0.9533913354777048,0.948970298353808,0.9267648913273124,0.922077922077922,0.9895572381728854
splice,0,4,-Subgroups,RF,0,1.0162589000537992,0.0,3972,0.9705308729897631,0.9777640079031372,0.9705428022470852,0.9658248344069196,0.949714911391462,0.9637462235649548,0.99589989575506
splice,0,4,-Subgroups,LGBM,0,1.0162589000537992,0.0,3972,0.9655985055110378,0.972805077231019,0.9658366566132692,0.9567545356760706,0.932977604010538,0.9365558912386708,0.9956316688554242
splice,0,4,-Mahalanobis,KNN,0,2.0029813000001013,0.0,3972,0.1378913098407786,0.6869219895352864,0.6220635527548626,0.4067323636949438,0.3767397830020745,0.0030211480362537,0.7627534305309948
splice,0,4,-Mahalanobis,CART,0,2.0029813000001013,0.0,3972,0.9196215815556504,0.9380990723771816,0.9200704908897552,0.9116435089200392,0.8646677005335751,0.8961038961038961,0.9382757054469664
splice,0,4,-Mahalanobis,SVM,0,2.0029813000001013,0.0,3972,0.9530877919814672,0.9654497813059038,0.9533913354777048,0.948970298353808,0.9267648913273124,0.922077922077922,0.9895572381728854
splice,0,4,-Mahalanobis,RF,0,2.0029813000001013,0.0,3972,0.9651874199870456,0.973648601554384,0.9651926014996924,0.961089397661831,0.9420445568975596,0.9607250755287008,0.9960637216636608
splice,0,4,-Mahalanobis,LGBM,0,2.0029813000001013,0.0,3972,0.9655985055110378,0.972805077231019,0.9658366566132692,0.9567545356760706,0.932977604010538,0.9365558912386708,0.995376194575226
splice,0,4,-NoiseGate,KNN,0,2.0973028000444174,0.0,3972,0.1378913098407786,0.6869200606302317,0.6220635527548626,0.4065234189562391,0.3765266140987333,0.0030211480362537,0.7622507287209014
splice,0,4,-NoiseGate,CART,0,2.0973028000444174,0.0,3972,0.92377342828121,0.941189631540144,0.9244277893647008,0.9153054821859956,0.8699325189241075,0.8961038961038961,0.941341595466557
splice,0,4,-NoiseGate,SVM,0,2.0973028000444174,0.0,3972,0.9530877919814672,0.9654497813059038,0.9533913354777048,0.948970298353808,0.9267648913273124,0.922077922077922,0.9895572381728854
splice,0,4,-NoiseGate,RF,0,2.0973028000444174,0.0,3972,0.9598412031502972,0.9699344918463596,0.9598565478252702,0.9550919388591672,0.9344279981582464,0.9545454545454546,0.9959642067660858
splice,0,4,-NoiseGate,LGBM,0,2.0973028000444174,0.0,3972,0.9645591091151255,0.9719567244809432,0.9648296072678516,0.9551659654043948,0.9305894094849728,0.9335347432024168,0.9958140513214104
splice,0,4,-ConfSteer,KNN,0,2.079872000031173,0.0,3972,0.1378913098407786,0.6869219895352864,0.6220635527548626,0.4067323636949438,0.3767397830020745,0.0030211480362537,0.7627534305309948
splice,0,4,-ConfSteer,CART,0,2.079872000031173,0.0,3972,0.9196215815556504,0.9380990723771816,0.9200704908897552,0.9116435089200392,0.8646677005335751,0.8961038961038961,0.9382757054469664
splice,0,4,-ConfSteer,SVM,0,2.079872000031173,0.0,3972,0.9530877919814672,0.9654497813059038,0.9533913354777048,0.948970298353808,0.9267648913273124,0.922077922077922,0.9895572381728854
splice,0,4,-ConfSteer,RF,0,2.079872000031173,0.0,3972,0.9651874199870456,0.973648601554384,0.9651926014996924,0.961089397661831,0.9420445568975596,0.9607250755287008,0.9960637216636608
splice,0,4,-ConfSteer,LGBM,0,2.079872000031173,0.0,3972,0.9655985055110378,0.972805077231019,0.9658366566132692,0.9567545356760706,0.932977604010538,0.9365558912386708,0.995376194575226
steel-plates-fault,0,0,Full,KNN,0,1.0940799999516455,0.0,3766,0.7207894174610886,0.8435709928668987,0.7529633865160179,0.713496214256497,0.6243176903898812,0.4375,0.9134167864318428
steel-plates-fault,0,0,Full,CART,0,1.0940799999516455,0.0,3766,0.7493140027966178,0.8517031866799193,0.7660580890844049,0.748539102281949,0.6390030698326553,0.5625,0.8564907366364194
steel-plates-fault,0,0,Full,SVM,0,1.0940799999516455,0.0,3766,0.7901604093236242,0.8779588077273222,0.8071060396718293,0.7724932908976117,0.6910404344356111,0.5481481481481482,0.9397316529488368
steel-plates-fault,0,0,Full,RF,0,1.0940799999516455,0.0,3766,0.813032471125655,0.8890851387504991,0.8244038247327721,0.8154698720791007,0.7215800776019579,0.6074074074074074,0.9593400805859816
steel-plates-fault,0,0,Full,LGBM,0,1.0940799999516455,0.0,3766,0.7977136642860632,0.8810291527261123,0.8090398758161916,0.819203623285256,0.7264345465653497,0.59375,0.968460694994434
steel-plates-fault,0,0,-FeatWeights,KNN,0,0.7165356000186875,0.0,3766,0.7081915317013382,0.8375318786614369,0.7438694711721027,0.7049025621574315,0.610023748127198,0.40625,0.911188854498871
steel-plates-fault,0,0,-FeatWeights,CART,0,0.7165356000186875,0.0,3766,0.6558584010497049,0.7929390541329633,0.6724997711839817,0.6610807817729255,0.5543606154098528,0.4375,0.80372390603836
steel-plates-fault,0,0,-FeatWeights,SVM,0,0.7165356000186875,0.0,3766,0.7917862812936171,0.879232548992889,0.8088917539575434,0.7729526563121268,0.6952010904297345,0.5481481481481482,0.9407208039669008
steel-plates-fault,0,0,-FeatWeights,RF,0,0.7165356000186875,0.0,3766,0.8142769819316196,0.8894500960080118,0.8246429374718849,0.8215412779357474,0.7242909920183784,0.6222222222222222,0.95827808320616
steel-plates-fault,0,0,-FeatWeights,LGBM,0,0.7165356000186875,0.0,3766,0.7895264964704409,0.8742054325541083,0.7954965843123737,0.8137890841761477,0.7346539346585095,0.625,0.9660072401915594
steel-plates-fault,0,0,-Subgroups,KNN,0,0.6524191000498831,0.0,3766,0.7207894174610886,0.8435709928668987,0.7529633865160179,0.713496214256497,0.6243176903898812,0.4375,0.9134938896703384
steel-plates-fault,0,0,-Subgroups,CART,0,0.6524191000498831,0.0,3766,0.7480645547379526,0.8486113489080837,0.7616955534718693,0.7448015977804416,0.6281923006233829,0.5851851851851851,0.8535702563494336
steel-plates-fault,0,0,-Subgroups,SVM,0,0.6524191000498831,0.0,3766,0.7901604093236242,0.8779588077273222,0.8071060396718293,0.7724932908976117,0.6910404344356111,0.5481481481481482,0.939707401761024
steel-plates-fault,0,0,-Subgroups,RF,0,0.6524191000498831,0.0,3766,0.812799620346576,0.8890369718884612,0.8253628194417668,0.8133660473307238,0.7151582983202628,0.5703703703703704,0.9590694195364922
steel-plates-fault,0,0,-Subgroups,LGBM,0,0.6524191000498831,0.0,3766,0.8032931692868438,0.8843724731007834,0.8140965881097459,0.8248630458024758,0.7350151774515755,0.59375,0.9671326100000596
steel-plates-fault,0,0,-Mahalanobis,KNN,0,1.0882730999728665,0.0,3766,0.7207894174610886,0.8435709928668987,0.7529633865160179,0.713496214256497,0.6243176903898812,0.4375,0.9134167864318428
steel-plates-fault,0,0,-Mahalanobis,CART,0,1.0882730999728665,0.0,3766,0.7493140027966178,0.8517031866799193,0.7660580890844049,0.748539102281949,0.6390030698326553,0.5625,0.8564907366364194
steel-plates-fault,0,0,-Mahalanobis,SVM,0,1.0882730999728665,0.0,3766,0.7901604093236242,0.8779588077273222,0.8071060396718293,0.7724932908976117,0.6910404344356111,0.5481481481481482,0.9397117626357732
steel-plates-fault,0,0,-Mahalanobis,RF,0,1.0882730999728665,0.0,3766,0.813032471125655,0.8890099033427689,0.8244038247327721,0.8162582395578054,0.7210922142574602,0.6074074074074074,0.9595871127362572
steel-plates-fault,0,0,-Mahalanobis,LGBM,0,1.0882730999728665,0.0,3766,0.8029424166093326,0.8839952528701598,0.8133232873364452,0.8240652003351175,0.7352019545014781,0.59375,0.968600230458392
steel-plates-fault,0,0,-NoiseGate,KNN,0,1.0817768999841064,0.0,3766,0.7346711159360613,0.8490176675950009,0.7618919579445894,0.7206373100697954,0.631509430116745,0.4518518518518518,0.9138239463504864
steel-plates-fault,0,0,-NoiseGate,CART,0,1.0817768999841064,0.0,3766,0.7342156148323131,0.8413104120155519,0.7505083975478711,0.7325739444104362,0.6158093571836538,0.53125,0.8468033591020389
steel-plates-fault,0,0,-NoiseGate,SVM,0,1.0817768999841064,0.0,3766,0.7901604093236242,0.8779588077273222,0.8071060396718293,0.7724932908976117,0.6910404344356111,0.5481481481481482,0.9397176496010778
steel-plates-fault,0,0,-NoiseGate,RF,0,1.0817768999841064,0.0,3766,0.8144707747115942,0.8886783296892432,0.8237523563181457,0.822784757799818,0.7195501829648348,0.6518518518518519,0.960041216741504
steel-plates-fault,0,0,-NoiseGate,LGBM,0,1.0817768999841064,0.0,3766,0.76629834426508,0.8648113096070555,0.7809712217606953,0.797212662048362,0.7146296022850849,0.5,0.967571945422144
steel-plates-fault,0,0,-ConfSteer,KNN,0,1.0785779000725595,0.0,3766,0.7207894174610886,0.8435709928668987,0.7529633865160179,0.713496214256497,0.6243176903898812,0.4375,0.9134167864318428
steel-plates-fault,0,0,-ConfSteer,CART,0,1.0785779000725595,0.0,3766,0.7493140027966178,0.8517031866799193,0.7660580890844049,0.748539102281949,0.6390030698326553,0.5625,0.8564907366364194
steel-plates-fault,0,0,-ConfSteer,SVM,0,1.0785779000725595,0.0,3766,0.7901604093236242,0.8779588077273222,0.8071060396718293,0.7724932908976117,0.6910404344356111,0.5481481481481482,0.9397217077923048
steel-plates-fault,0,0,-ConfSteer,RF,0,1.0785779000725595,0.0,3766,0.8158361644969817,0.8905794706301858,0.8265202268491744,0.8188804598070127,0.7266032496087469,0.6222222222222222,0.9601508489718732
steel-plates-fault,0,0,-ConfSteer,LGBM,0,1.0785779000725595,0.0,3766,0.796949469491204,0.8815373882153281,0.8087168192431351,0.821205992300712,0.7356011843031716,0.5625,0.9693099965495576
steel-plates-fault,0,1,Full,KNN,0,1.1674693999812007,0.0,3773,0.7715895431957928,0.8677869616084487,0.790470994711774,0.7350039148079323,0.6724193346786409,0.5298507462686567,0.9089814318174012
steel-plates-fault,0,1,Full,CART,0,1.1674693999812007,0.0,3773,0.7101362580112685,0.8307538853670406,0.7307784998092857,0.7272096512997333,0.6240268799405452,0.5,0.8375925360115452
steel-plates-fault,0,1,Full,SVM,0,1.1674693999812007,0.0,3773,0.7681910101094062,0.8625867886210721,0.782241611726705,0.7639576883163753,0.6675456034936844,0.5746268656716418,0.9185166622508836
steel-plates-fault,0,1,Full,RF,0,1.1674693999812007,0.0,3773,0.7998823344968023,0.8814287085124752,0.8109815693993021,0.8096515569268444,0.7195917546008205,0.65625,0.9538204514271068
steel-plates-fault,0,1,Full,LGBM,0,1.1674693999812007,0.0,3773,0.8139275710737225,0.8916981350967647,0.8245191518778938,0.8387818054975352,0.7641586700333204,0.65625,0.9574362737187082
steel-plates-fault,0,1,-FeatWeights,KNN,0,0.7209476999705657,0.0,3773,0.7761648262364086,0.8700020011321676,0.7936692889548443,0.7484890186059868,0.6799046997530765,0.5522388059701493,0.9025375841673432
steel-plates-fault,0,1,-FeatWeights,CART,0,0.7209476999705657,0.0,3773,0.7004636560580497,0.8285879363627882,0.7277152667131812,0.7091030565281357,0.615508673704751,0.40625,0.8355791978820063
steel-plates-fault,0,1,-FeatWeights,SVM,0,0.7209476999705657,0.0,3773,0.7743704182092335,0.8657578048683109,0.7870744251727027,0.7574741722743747,0.6738093100523291,0.5895522388059702,0.918855612973967
steel-plates-fault,0,1,-FeatWeights,RF,0,0.7209476999705657,0.0,3773,0.8056059751080953,0.8844508914808551,0.8158143828452997,0.814944269276235,0.7258600573226048,0.6666666666666666,0.9599479633551992
steel-plates-fault,0,1,-FeatWeights,LGBM,0,0.7209476999705657,0.0,3773,0.7997829776549595,0.8833291887972275,0.8113335049939622,0.8203531052510474,0.7445380375139851,0.625,0.9597446777096288
steel-plates-fault,0,1,-Subgroups,KNN,0,0.704431000049226,0.0,3773,0.7715895431957928,0.8677869616084487,0.790470994711774,0.7350039148079323,0.6724193346786409,0.5298507462686567,0.9091866063863636
steel-plates-fault,0,1,-Subgroups,CART,0,0.704431000049226,0.0,3773,0.6869208890953309,0.820282235613371,0.7144880427539032,0.7141996970482384,0.6064024967644074,0.40625,0.828114704859215
steel-plates-fault,0,1,-Subgroups,SVM,0,0.704431000049226,0.0,3773,0.7681910101094062,0.8625867886210721,0.782241611726705,0.7639576883163753,0.6675456034936844,0.5746268656716418,0.9185500853995768
steel-plates-fault,0,1,-Subgroups,RF,0,0.704431000049226,0.0,3773,0.8101793899475196,0.8872686234668177,0.8197102474376817,0.8200357254555639,0.7356695239772076,0.6790123456790124,0.9589620965200452
steel-plates-fault,0,1,-Subgroups,LGBM,0,0.704431000049226,0.0,3773,0.8306053375776175,0.8997760797440733,0.8388094727602545,0.8399617862547338,0.7662097413565092,0.7160493827160493,0.9592147336046338
steel-plates-fault,0,1,-Mahalanobis,KNN,0,1.140517699997872,0.0,3773,0.7715895431957928,0.8677869616084487,0.790470994711774,0.7350039148079323,0.6724193346786409,0.5298507462686567,0.9089814318174012
steel-plates-fault,0,1,-Mahalanobis,CART,0,1.140517699997872,0.0,3773,0.7016251605135527,0.8253122475837203,0.7241776118258368,0.7193415834575861,0.5992901703895301,0.5,0.8323741992257299
steel-plates-fault,0,1,-Mahalanobis,SVM,0,1.140517699997872,0.0,3773,0.7681910101094062,0.8625867886210721,0.782241611726705,0.7639576883163753,0.6675456034936844,0.5746268656716418,0.9185416909264978
steel-plates-fault,0,1,-Mahalanobis,RF,0,1.140517699997872,0.0,3773,0.8138720620892538,0.8892817431664125,0.82286905656664,0.8222403152908156,0.7397000956467817,0.6875,0.9596703536471028
steel-plates-fault,0,1,-Mahalanobis,LGBM,0,1.140517699997872,0.0,3773,0.8139275710737225,0.8916949546448313,0.8245191518778938,0.8386063165578133,0.7641795680051195,0.65625,0.9574220623632668
steel-plates-fault,0,1,-NoiseGate,KNN,0,1.1432360999751836,0.0,3773,0.7715895431957928,0.8677869616084487,0.790470994711774,0.7350039148079323,0.6724193346786409,0.5298507462686567,0.90883830426435
steel-plates-fault,0,1,-NoiseGate,CART,0,1.1432360999751836,0.0,3773,0.733753750762894,0.8429647832225379,0.7511786425418453,0.7486005714326269,0.6378069254946878,0.5625,0.8485724344149015
steel-plates-fault,0,1,-NoiseGate,SVM,0,1.1432360999751836,0.0,3773,0.7681910101094062,0.8625867886210721,0.782241611726705,0.7639576883163753,0.6675456034936844,0.5746268656716418,0.918850619171562
steel-plates-fault,0,1,-NoiseGate,RF,0,1.1432360999751836,0.0,3773,0.8048130188334658,0.8843856878854218,0.815245961723396,0.8213195004471344,0.7314842665757839,0.65625,0.9594520949556564
steel-plates-fault,0,1,-NoiseGate,LGBM,0,1.1432360999751836,0.0,3773,0.8051101571798602,0.8870892670593059,0.8172250996522497,0.8310873107177209,0.7542300695927452,0.625,0.9571155735989916
steel-plates-fault,0,1,-ConfSteer,KNN,0,1.2214069999754429,0.0,3773,0.7715895431957928,0.8677869616084487,0.790470994711774,0.7350039148079323,0.6724193346786409,0.5298507462686567,0.9089814318174012
steel-plates-fault,0,1,-ConfSteer,CART,0,1.2214069999754429,0.0,3773,0.6964642003744177,0.8233928756536462,0.7198892773218045,0.7132430788512416,0.6070476330476554,0.46875,0.8308335996685215
steel-plates-fault,0,1,-ConfSteer,SVM,0,1.2214069999754429,0.0,3773,0.7681910101094062,0.8625867886210721,0.782241611726705,0.7639576883163753,0.6675456034936844,0.5746268656716418,0.9181018806640954
steel-plates-fault,0,1,-ConfSteer,RF,0,1.2214069999754429,0.0,3773,0.7987768351825116,0.8804437018375304,0.8095185952995122,0.8116658890078617,0.7185795941772138,0.65625,0.9547048526769514
steel-plates-fault,0,1,-ConfSteer,LGBM,0,1.2214069999754429,0.0,3773,0.8346499477277,0.902164605207848,0.842997063546104,0.8445408942706445,0.7689555379257825,0.6875,0.9611857344360768
steel-plates-fault,0,2,Full,KNN,0,1.2679258999414742,0.0,3773,0.7825170410922532,0.8748434903821639,0.8075458371020038,0.7360145603517025,0.6404172854583453,0.5149253731343284,0.926377383112369
steel-plates-fault,0,2,Full,CART,0,1.2679258999414742,0.0,3773,0.6800891011135611,0.8118479581305533,0.7029933390307272,0.6756023976637403,0.5753786410013969,0.4375,0.8202757251103272
steel-plates-fault,0,2,Full,SVM,0,1.2679258999414742,0.0,3773,0.8021414766772418,0.8806886748494223,0.8125592897375432,0.7619308722655724,0.6845884335762503,0.6044776119402985,0.9364632555971328
steel-plates-fault,0,2,Full,RF,0,1.2679258999414742,0.0,3773,0.8421279063720464,0.9033193365767518,0.8491396242198154,0.8351311347361916,0.7373840269906181,0.691358024691358,0.9651025697870896
steel-plates-fault,0,2,Full,LGBM,0,1.2679258999414742,0.0,3773,0.8217007628696723,0.8931449650224474,0.8312403513126869,0.8338368506420969,0.7318189267868614,0.654320987654321,0.9708583839988362
steel-plates-fault,0,2,-FeatWeights,KNN,0,0.8392039000755176,0.0,3773,0.790179184566295,0.8787369143208621,0.8137737912466244,0.7419580524159525,0.6477302280916066,0.5149253731343284,0.9250303936373844
steel-plates-fault,0,2,-FeatWeights,CART,0,0.8392039000755176,0.0,3773,0.7364039557027141,0.8418080970129247,0.752760149664257,0.7105615149947233,0.6059133659070418,0.4814814814814814,0.8470750714473096
steel-plates-fault,0,2,-FeatWeights,SVM,0,0.8392039000755176,0.0,3773,0.7987278608980644,0.8783543005098142,0.8087998912413026,0.7566376074754616,0.680521037801167,0.6044776119402985,0.9365631170179846
steel-plates-fault,0,2,-FeatWeights,RF,0,0.8392039000755176,0.0,3773,0.8316616988378484,0.8972393910852091,0.8391449547102204,0.8350688981417338,0.7270600978488915,0.691358024691358,0.9644349366791324
steel-plates-fault,0,2,-FeatWeights,LGBM,0,0.8392039000755176,0.0,3773,0.8370272574226841,0.9020987078155628,0.8445624642927603,0.8477526404491523,0.7580358124791846,0.6790123456790124,0.9718057099229988
steel-plates-fault,0,2,-Subgroups,KNN,0,0.7002059000078589,0.0,3773,0.7825170410922532,0.8748434903821639,0.8075458371020038,0.7360145603517025,0.6404172854583453,0.5149253731343284,0.926377383112369
steel-plates-fault,0,2,-Subgroups,CART,0,0.7002059000078589,0.0,3773,0.7072396023307443,0.8248410105870344,0.7227432995456132,0.6972138591789757,0.5998261500681816,0.53125,0.8320523832877228
steel-plates-fault,0,2,-Subgroups,SVM,0,0.7002059000078589,0.0,3773,0.8021414766772418,0.8806886748494223,0.8125592897375432,0.7619308722655724,0.6845884335762503,0.6044776119402985,0.9364987751187728
steel-plates-fault,0,2,-Subgroups,RF,0,0.7002059000078589,0.0,3773,0.8293163299765368,0.8963482422916645,0.8368128651579816,0.8197288894377053,0.7302908956390414,0.691358024691358,0.963607367265766
steel-plates-fault,0,2,-Subgroups,LGBM,0,0.7002059000078589,0.0,3773,0.835203633964857,0.9011542856789072,0.8437357447160405,0.845961041153042,0.7515082672450665,0.6419753086419753,0.9714103489910004
steel-plates-fault,0,2,-Mahalanobis,KNN,0,1.2847504999954251,0.0,3773,0.7825170410922532,0.8748434903821639,0.8075458371020038,0.7360145603517025,0.6404172854583453,0.5149253731343284,0.926377383112369
steel-plates-fault,0,2,-Mahalanobis,CART,0,1.2847504999954251,0.0,3773,0.7072396023307443,0.8248410105870344,0.7227432995456132,0.6972138591789757,0.5998261500681816,0.53125,0.8320523832877228
steel-plates-fault,0,2,-Mahalanobis,SVM,0,1.2847504999954251,0.0,3773,0.8021414766772418,0.8806886748494223,0.8125592897375432,0.7619308722655724,0.6845884335762503,0.6044776119402985,0.9364987751187728
steel-plates-fault,0,2,-Mahalanobis,RF,0,1.2847504999954251,0.0,3773,0.827600563525191,0.8955628605221913,0.8351783459550546,0.8289972886765333,0.7328338777368683,0.7037037037037037,0.9636208304135764
steel-plates-fault,0,2,-Mahalanobis,LGBM,0,1.2847504999954251,0.0,3773,0.8155301849782187,0.890523127333596,0.8264470229808014,0.8304725775471853,0.7313293312777437,0.6296296296296297,0.9713001970193824
steel-plates-fault,0,2,-NoiseGate,KNN,0,1.225713999941945,0.0,3773,0.7825170410922532,0.8748730507035692,0.8075458371020038,0.7353921669405077,0.6405598128074934,0.5149253731343284,0.9266074737907076
steel-plates-fault,0,2,-NoiseGate,CART,0,1.225713999941945,0.0,3773,0.6668620448353934,0.8056986374485152,0.6951394420451859,0.6569713484135213,0.5479197324330194,0.40625,0.8144906401381259
steel-plates-fault,0,2,-NoiseGate,SVM,0,1.225713999941945,0.0,3773,0.8021414766772418,0.8806591274267629,0.8125592897375432,0.7624593154971758,0.6843973938661262,0.6044776119402985,0.9369366296303226
steel-plates-fault,0,2,-NoiseGate,RF,0,1.225713999941945,0.0,3773,0.8225412677333083,0.8924455137424294,0.8311533321352645,0.8173719099130416,0.7176403109551871,0.6666666666666666,0.9628784504488452
steel-plates-fault,0,2,-NoiseGate,LGBM,0,1.225713999941945,0.0,3773,0.8268482375685118,0.8961605820255101,0.8360731647586845,0.8367054697885488,0.7385605749339792,0.6419753086419753,0.970682242223899
steel-plates-fault,0,2,-ConfSteer,KNN,0,1.146112999995239,0.0,3773,0.7825170410922532,0.8748434903821639,0.8075458371020038,0.7360145603517025,0.6404172854583453,0.5149253731343284,0.926377383112369
steel-plates-fault,0,2,-ConfSteer,CART,0,1.146112999995239,0.0,3773,0.6754774766635819,0.8077818297974863,0.6967800186235734,0.6689446187056128,0.5682370162632426,0.46875,0.8166235027463093
steel-plates-fault,0,2,-ConfSteer,SVM,0,1.146112999995239,0.0,3773,0.8021414766772418,0.8806886748494223,0.8125592897375432,0.7619308722655724,0.6845884335762503,0.6044776119402985,0.936454861124054
steel-plates-fault,0,2,-ConfSteer,RF,0,1.146112999995239,0.0,3773,0.8292336645230034,0.8958868342435613,0.8352156623791869,0.8312341095503112,0.7371507508419459,0.7089552238805971,0.9645535861260826
steel-plates-fault,0,2,-ConfSteer,LGBM,0,1.146112999995239,0.0,3773,0.8466889002092892,0.907500162952542,0.8556566596220302,0.8524915313626977,0.751748990308474,0.6419753086419753,0.9699584812036164
steel-plates-fault,0,3,Full,KNN,0,1.1896957999560982,0.0,3766,0.8047772783517492,0.8843261995350958,0.8183170531142852,0.747576991460401,0.689717863449073,0.5407407407407407,0.9207298116870586
steel-plates-fault,0,3,Full,CART,0,1.1896957999560982,0.0,3766,0.7124343647148632,0.8268471926787961,0.7233612569184938,0.7249892227926171,0.6291994728218313,0.5806451612903226,0.8342496757380955
steel-plates-fault,0,3,Full,SVM,0,1.1896957999560982,0.0,3766,0.7919992364064753,0.8754900191931285,0.8058944535820167,0.7463567149751743,0.6631432793862858,0.5555555555555556,0.9295183868340752
steel-plates-fault,0,3,Full,RF,0,1.1896957999560982,0.0,3766,0.8232751663528104,0.8933636001307821,0.8308279009771026,0.8056152578651427,0.729996145788577,0.674074074074074,0.9621548860048122
steel-plates-fault,0,3,Full,LGBM,0,1.1896957999560982,0.0,3766,0.8301850963949056,0.8974577246266865,0.8363394737932681,0.8363509716576821,0.7541744448235626,0.6875,0.9704648128789034
steel-plates-fault,0,3,-FeatWeights,KNN,0,0.6221226000925526,0.0,3766,0.7980487324311493,0.8807006319062769,0.8133567356539676,0.7442025702212091,0.6775045417050869,0.5185185185185185,0.9224813205930634
steel-plates-fault,0,3,-FeatWeights,CART,0,0.6221226000925526,0.0,3766,0.6884747687386117,0.8195801883751029,0.7127408077354273,0.7012647720614357,0.6088402457055415,0.4516129032258064,0.8275877649945313
steel-plates-fault,0,3,-FeatWeights,SVM,0,0.6221226000925526,0.0,3766,0.7976560979633751,0.8789633055223304,0.8114395663639716,0.7542282627180554,0.6701747831425121,0.5555555555555556,0.92878945826341
steel-plates-fault,0,3,-FeatWeights,RF,0,0.6221226000925526,0.0,3766,0.8364697291166528,0.9004759813595018,0.8450171462700745,0.817183719478856,0.7257552531175973,0.674074074074074,0.9629257043610916
steel-plates-fault,0,3,-FeatWeights,LGBM,0,0.6221226000925526,0.0,3766,0.8450341300811653,0.9062580135729456,0.8498989441310153,0.8495953495519396,0.7746948199684105,0.7375,0.9712949884827352
steel-plates-fault,0,3,-Subgroups,KNN,0,0.6561223999597132,0.0,3766,0.8047772783517492,0.8843261995350958,0.8183170531142852,0.747576991460401,0.689717863449073,0.5407407407407407,0.9207298116870586
steel-plates-fault,0,3,-Subgroups,CART,0,0.6561223999597132,0.0,3766,0.7124343647148632,0.8268471926787961,0.7233612569184938,0.7249892227926171,0.6291994728218313,0.5806451612903226,0.8342496757380955
steel-plates-fault,0,3,-Subgroups,SVM,0,0.6561223999597132,0.0,3766,0.7919992364064753,0.8754900191931285,0.8058944535820167,0.7463567149751743,0.6631432793862858,0.5555555555555556,0.9295125890604202
steel-plates-fault,0,3,-Subgroups,RF,0,0.6561223999597132,0.0,3766,0.8186986065986692,0.8912120282609974,0.8274657770292401,0.803302601165986,0.725665628234137,0.6814814814814815,0.964244787262617
steel-plates-fault,0,3,-Subgroups,LGBM,0,0.6561223999597132,0.0,3766,0.8267536304654421,0.8946799821886394,0.8309303877367565,0.839427760982025,0.7571190174548591,0.7,0.9711891736147394
steel-plates-fault,0,3,-Mahalanobis,KNN,0,1.073893400025554,0.0,3766,0.8047772783517492,0.8843261995350958,0.8183170531142852,0.747576991460401,0.689717863449073,0.5407407407407407,0.9207298116870586
steel-plates-fault,0,3,-Mahalanobis,CART,0,1.073893400025554,0.0,3766,0.7124343647148632,0.8268471926787961,0.7233612569184938,0.7249892227926171,0.6291994728218313,0.5806451612903226,0.8342496757380955
steel-plates-fault,0,3,-Mahalanobis,SVM,0,1.073893400025554,0.0,3766,0.7919992364064753,0.8754900191931285,0.8058944535820167,0.7463567149751743,0.6631432793862858,0.5555555555555556,0.9295142042211968
steel-plates-fault,0,3,-Mahalanobis,RF,0,1.073893400025554,0.0,3766,0.824525687398666,0.8945584003279395,0.8319074367340578,0.8082760591146939,0.7389022625068528,0.6888888888888889,0.9639245385913284
steel-plates-fault,0,3,-Mahalanobis,LGBM,0,1.073893400025554,0.0,3766,0.8231899789020677,0.8926873326668382,0.8272923724476376,0.8256867964577135,0.7544147829949353,0.6875,0.9709080934813314
steel-plates-fault,0,3,-NoiseGate,KNN,0,1.1149120000191033,0.0,3766,0.8047772783517492,0.8843261995350958,0.8183170531142852,0.747576991460401,0.689717863449073,0.5407407407407407,0.9209340023352248
steel-plates-fault,0,3,-NoiseGate,CART,0,1.1149120000191033,0.0,3766,0.7427325987240553,0.8465745072735141,0.7535573348816517,0.7390846982701411,0.6662087775757217,0.6296296296296297,0.8523154071090497
steel-plates-fault,0,3,-NoiseGate,SVM,0,1.1149120000191033,0.0,3766,0.7919992364064753,0.8755193192735218,0.8058944535820167,0.7459318942173379,0.6634226946916224,0.5555555555555556,0.9296718710960136
steel-plates-fault,0,3,-NoiseGate,RF,0,1.1149120000191033,0.0,3766,0.8430500350150063,0.9041120945023168,0.8500988469375136,0.8219092460968538,0.7387007059685241,0.7,0.9636006340930308
steel-plates-fault,0,3,-NoiseGate,LGBM,0,1.1149120000191033,0.0,3766,0.8287208839385893,0.8963618751063226,0.8342218023973198,0.8353825986078796,0.7542510277200477,0.725,0.9724929775676168
steel-plates-fault,0,3,-ConfSteer,KNN,0,1.3999433000572026,0.0,3766,0.8047772783517492,0.8843261995350958,0.8183170531142852,0.747576991460401,0.689717863449073,0.5407407407407407,0.9207298116870586
steel-plates-fault,0,3,-ConfSteer,CART,0,1.3999433000572026,0.0,3766,0.7119784988961575,0.8277000584569493,0.7227977962956104,0.7194725687842084,0.6430082308796503,0.5483870967741935,0.8353124810895064
steel-plates-fault,0,3,-ConfSteer,SVM,0,1.3999433000572026,0.0,3766,0.7919992364064753,0.8754900191931285,0.8058944535820167,0.7463567149751743,0.6631432793862858,0.5555555555555556,0.9295283672206084
steel-plates-fault,0,3,-ConfSteer,RF,0,1.3999433000572026,0.0,3766,0.8255131016716253,0.8944212920698691,0.8329229683947507,0.8060727722579047,0.7295903004572408,0.6814814814814815,0.963875039395928
steel-plates-fault,0,3,-ConfSteer,LGBM,0,1.3999433000572026,0.0,3766,0.8403417413714254,0.9029396704449404,0.8451027233376635,0.8434323819895287,0.7648039539514808,0.75,0.9710989362622384
steel-plates-fault,0,4,Full,KNN,0,1.0823944000294432,0.0,3766,0.7797945134364229,0.8705580738000631,0.7953400086676827,0.7273014933174887,0.6709422481720266,0.5407407407407407,0.9120258070177274
steel-plates-fault,0,4,Full,CART,0,1.0823944000294432,0.0,3766,0.7402471246106584,0.8460483778595423,0.7540643888903651,0.7455881794113989,0.6549729927296898,0.5483870967741935,0.8516586774250295
steel-plates-fault,0,4,Full,SVM,0,1.0823944000294432,0.0,3766,0.8068039703625028,0.8837357916096853,0.8161327746641839,0.7830869255552007,0.7036477653807822,0.6296296296296297,0.9286441662397894
steel-plates-fault,0,4,Full,RF,0,1.0823944000294432,0.0,3766,0.7953789998896276,0.8800642714923383,0.8056161556798228,0.804343424783231,0.7360074585329553,0.6375,0.9628158499559052
steel-plates-fault,0,4,Full,LGBM,0,1.0823944000294432,0.0,3766,0.7689566904130622,0.8668352236639995,0.7810071476030728,0.7900584644067294,0.7415119009099906,0.5806451612903226,0.9546655028921848
steel-plates-fault,0,4,-FeatWeights,KNN,0,0.6669510999927297,0.0,3766,0.7736920162515897,0.8674957097446044,0.7904468134519069,0.722821783047672,0.6657810424172742,0.5259259259259259,0.9095005380947484
steel-plates-fault,0,4,-FeatWeights,CART,0,0.6669510999927297,0.0,3766,0.7447692665169152,0.8510395915120041,0.7617508057873082,0.7591559992871125,0.6646346617340804,0.5483870967741935,0.8562725936930461
steel-plates-fault,0,4,-FeatWeights,SVM,0,0.6669510999927297,0.0,3766,0.7877434509655015,0.8732907296385746,0.7985161320475412,0.7660766565761099,0.690605891231729,0.6222222222222222,0.928062881224794
steel-plates-fault,0,4,-FeatWeights,RF,0,0.6669510999927297,0.0,3766,0.8145220438972453,0.8904757101123175,0.8219756026844313,0.8181120586385696,0.7569172283112443,0.6875,0.9612182787760056
steel-plates-fault,0,4,-FeatWeights,LGBM,0,0.6669510999927297,0.0,3766,0.7898432045789958,0.8769833408611499,0.7986024555209613,0.8040330082996548,0.7484249490911784,0.6129032258064516,0.9607551087439424
steel-plates-fault,0,4,-Subgroups,KNN,0,0.6759841999737546,0.0,3766,0.7797945134364229,0.8705580738000631,0.7953400086676827,0.7273014933174887,0.6709422481720266,0.5407407407407407,0.9120258070177274
steel-plates-fault,0,4,-Subgroups,CART,0,0.6759841999737546,0.0,3766,0.759410539959902,0.8597553840210979,0.7760262100032896,0.7731773113024412,0.677444637463772,0.5161290322580645,0.8642723542544066
steel-plates-fault,0,4,-Subgroups,SVM,0,0.6759841999737546,0.0,3766,0.8068039703625028,0.8837357916096853,0.8161327746641839,0.7830869255552007,0.7036477653807822,0.6296296296296297,0.9286442765365588
steel-plates-fault,0,4,-Subgroups,RF,0,0.6759841999737546,0.0,3766,0.801900245665565,0.8838371823086085,0.8109732985369656,0.8085713547962755,0.7466751547369623,0.675,0.9628704780980338
steel-plates-fault,0,4,-Subgroups,LGBM,0,0.6759841999737546,0.0,3766,0.7821916037103006,0.87251033669175,0.792232899151405,0.8010749644669491,0.7348875602022419,0.6129032258064516,0.9572387252607794
steel-plates-fault,0,4,-Mahalanobis,KNN,0,1.192248999956064,0.0,3766,0.7797945134364229,0.8705580738000631,0.7953400086676827,0.7273014933174887,0.6709422481720266,0.5407407407407407,0.9120258070177274
steel-plates-fault,0,4,-Mahalanobis,CART,0,1.192248999956064,0.0,3766,0.7604177045257188,0.8576666763267605,0.7734911986397555,0.7582098514413218,0.6660280750767326,0.5806451612903226,0.8622468907211172
steel-plates-fault,0,4,-Mahalanobis,SVM,0,1.192248999956064,0.0,3766,0.8068039703625028,0.8837357916096853,0.8161327746641839,0.7830869255552007,0.7036477653807822,0.6296296296296297,0.928630003240378
steel-plates-fault,0,4,-Mahalanobis,RF,0,1.192248999956064,0.0,3766,0.7931320947336381,0.8784081613954462,0.8034997535634208,0.8028463215598078,0.729410363156657,0.6375,0.961507954338514
steel-plates-fault,0,4,-Mahalanobis,LGBM,0,1.192248999956064,0.0,3766,0.7929369889371628,0.8772594138160053,0.8003455004091676,0.8037481661105168,0.7388675254131288,0.6774193548387096,0.9582362567234884
steel-plates-fault,0,4,-NoiseGate,KNN,0,1.230907900026068,0.0,3766,0.7803801219313852,0.8708518664977053,0.796067521895196,0.7291235985643407,0.6706380478416276,0.5333333333333333,0.912207087959064
steel-plates-fault,0,4,-NoiseGate,CART,0,1.230907900026068,0.0,3766,0.7271077276949781,0.8432563221773274,0.7493351599039205,0.7417404117876539,0.6535643423684693,0.4516129032258064,0.8491423296642301
steel-plates-fault,0,4,-NoiseGate,SVM,0,1.230907900026068,0.0,3766,0.8054411102497555,0.8829486205372947,0.8150745736059827,0.7817722962943897,0.7007220315778093,0.6222222222222222,0.9284488643158244
steel-plates-fault,0,4,-NoiseGate,RF,0,1.230907900026068,0.0,3766,0.8110677678532996,0.888845177032825,0.8183797212659693,0.8085084236005896,0.7579785201875068,0.7,0.96505471812396
steel-plates-fault,0,4,-NoiseGate,LGBM,0,1.230907900026068,0.0,3766,0.7928680270816387,0.8790294018410848,0.8014463708648769,0.8073716097555902,0.7551397295337104,0.6129032258064516,0.9569985393580815
steel-plates-fault,0,4,-ConfSteer,KNN,0,1.2217651000246406,0.0,3766,0.7797945134364229,0.8705580738000631,0.7953400086676827,0.7273014933174887,0.6709422481720266,0.5407407407407407,0.9120258070177274
steel-plates-fault,0,4,-ConfSteer,CART,0,1.2217651000246406,0.0,3766,0.7402471246106584,0.8460483778595423,0.7540643888903651,0.7455881794113989,0.6549729927296898,0.5483870967741935,0.8516586774250295
steel-plates-fault,0,4,-ConfSteer,SVM,0,1.2217651000246406,0.0,3766,0.8068039703625028,0.8837357916096853,0.8161327746641839,0.7830869255552007,0.7036477653807822,0.6296296296296297,0.928645781400566
steel-plates-fault,0,4,-ConfSteer,RF,0,1.2217651000246406,0.0,3766,0.7942068073567075,0.879785096242994,0.8045792893203758,0.8034417167306748,0.7394519389741415,0.6451612903225806,0.9611561559634596
steel-plates-fault,0,4,-ConfSteer,LGBM,0,1.2217651000246406,0.0,3766,0.7870948611926964,0.8756556916110427,0.7964199158384216,0.8065964609399507,0.7476306539922006,0.6129032258064516,0.954918086041127
thyroid-allbp,0,0,Full,KNN,0,1.440889099962078,0.0,6525,0.4833707961288113,0.6939261163093075,0.5465721434528773,0.4527671688685422,0.3698033096480684,0.1666666666666666,0.7785837956940297
thyroid-allbp,0,0,Full,CART,0,1.440889099962078,0.0,6525,0.0,0.5825345059478884,0.3975400135033163,0.3747548251920483,0.2561941068632399,0.0,0.625577924311282
thyroid-allbp,0,0,Full,SVM,0,1.440889099962078,0.0,6525,0.5742062672274204,0.7297934512517771,0.5954631505090221,0.4622169984175687,0.430672067464223,0.3333333333333333,0.8193063459125522
thyroid-allbp,0,0,Full,RF,0,1.440889099962078,0.0,6525,0.0,0.6662218387192204,0.5009436435124509,0.4666626456316602,0.4122094232625291,0.0,0.8635392228821506
thyroid-allbp,0,0,Full,LGBM,0,1.440889099962078,0.0,6525,0.0,0.6436403361252202,0.4696040351086223,0.4657432711014275,0.407754479633178,0.0,0.8562826039258807
thyroid-allbp,0,0,-FeatWeights,KNN,0,0.8092548000859097,0.0,6525,0.4831468237526262,0.6945779179971522,0.5469994836967313,0.4440958795899793,0.3708807453327065,0.1666666666666666,0.7756397285498379
thyroid-allbp,0,0,-FeatWeights,CART,0,0.8092548000859097,0.0,6525,0.4236677465902826,0.6353346251540387,0.466760925109549,0.415645847499233,0.3046330369164088,0.1666666666666666,0.6657753613189394
thyroid-allbp,0,0,-FeatWeights,SVM,0,0.8092548000859097,0.0,6525,0.5803186298642267,0.7358158380208764,0.604127778439705,0.4572790616093247,0.4348599949577644,0.3333333333333333,0.8203140498579332
thyroid-allbp,0,0,-FeatWeights,RF,0,0.8092548000859097,0.0,6525,0.0,0.6566834149272546,0.4867323298515959,0.4556292952253784,0.4107809083296715,0.0,0.8624461643456515
thyroid-allbp,0,0,-FeatWeights,LGBM,0,0.8092548000859097,0.0,6525,0.0,0.6423920884445787,0.4686826323523571,0.4687527406322805,0.3982391186790632,0.0,0.8649469211957959
thyroid-allbp,0,0,-Subgroups,KNN,0,0.8179978999542072,0.0,6525,0.4833707961288113,0.6937440150899973,0.5465721434528773,0.453044151559528,0.3686619320515844,0.1666666666666666,0.778842982876909
thyroid-allbp,0,0,-Subgroups,CART,0,0.8179978999542072,0.0,6525,0.0,0.5878432389879145,0.4070593219217072,0.3748494511104928,0.2394601444865863,0.0,0.6279882779413369
thyroid-allbp,0,0,-Subgroups,SVM,0,0.8179978999542072,0.0,6525,0.5754228168390344,0.7307505844524608,0.5967618518077235,0.463786654355619,0.4330980277147898,0.3333333333333333,0.8197657767587394
thyroid-allbp,0,0,-Subgroups,RF,0,0.8179978999542072,0.0,6525,0.4840770609255833,0.6942527281042679,0.5415830652527901,0.5091471403525732,0.4325346826130992,0.1666666666666666,0.8632959499377282
thyroid-allbp,0,0,-Subgroups,LGBM,0,0.8179978999542072,0.0,6525,0.0,0.6528229089824085,0.4820138475184346,0.4757954964931709,0.4156980567476815,0.0,0.8591742129248725
thyroid-allbp,0,0,-Mahalanobis,KNN,0,1.5473157999804243,0.0,6525,0.4833707961288113,0.6937440150899973,0.5465721434528773,0.453044151559528,0.3686619320515844,0.1666666666666666,0.778842982876909
thyroid-allbp,0,0,-Mahalanobis,CART,0,1.5473157999804243,0.0,6525,0.0,0.5789946924664466,0.3970803712088115,0.361000081572722,0.2179118634794865,0.0,0.6206648714504684
thyroid-allbp,0,0,-Mahalanobis,SVM,0,1.5473157999804243,0.0,6525,0.5754228168390344,0.7307505844524608,0.5967618518077235,0.463786654355619,0.4330980277147898,0.3333333333333333,0.8197706683846947
thyroid-allbp,0,0,-Mahalanobis,RF,0,1.5473157999804243,0.0,6525,0.4711315108983499,0.6817344250261971,0.5257055482743556,0.4871290277139793,0.4045297853706187,0.1666666666666666,0.8684993587932427
thyroid-allbp,0,0,-Mahalanobis,LGBM,0,1.5473157999804243,0.0,6525,0.0,0.6503008120838911,0.4790645643856653,0.4747799131022116,0.4109771169527795,0.0,0.8580629908812583
thyroid-allbp,0,0,-NoiseGate,KNN,0,1.465342800016515,0.0,6525,0.4800143273213895,0.6909271940472561,0.5423241590214067,0.4491193991193992,0.3653645968024742,0.1666666666666666,0.7781173670907762
thyroid-allbp,0,0,-NoiseGate,CART,0,1.465342800016515,0.0,6525,0.0,0.6200446237156012,0.4496080066722268,0.4026059809423573,0.2756658364790916,0.0,0.6523490311083802
thyroid-allbp,0,0,-NoiseGate,SVM,0,1.465342800016515,0.0,6525,0.5742062672274204,0.7297934512517771,0.5954631505090221,0.4622169984175687,0.430672067464223,0.3333333333333333,0.8195116185036655
thyroid-allbp,0,0,-NoiseGate,RF,0,1.465342800016515,0.0,6525,0.0,0.668239412552391,0.5024266253624051,0.4694424048972581,0.4233593166695094,0.0,0.8379640070179188
thyroid-allbp,0,0,-NoiseGate,LGBM,0,1.465342800016515,0.0,6525,0.0,0.65669325025921,0.4869489124534996,0.4793111951800476,0.4231526053288416,0.0,0.8591193873536783
thyroid-allbp,0,0,-ConfSteer,KNN,0,1.4638982999604195,0.0,6525,0.4833707961288113,0.6937440150899973,0.5465721434528773,0.453044151559528,0.3686619320515844,0.1666666666666666,0.7788533475305452
thyroid-allbp,0,0,-ConfSteer,CART,0,1.4638982999604195,0.0,6525,0.0,0.5920866496400744,0.4087077855885195,0.3844038490823985,0.2793880456796746,0.0,0.6332258314303308
thyroid-allbp,0,0,-ConfSteer,SVM,0,1.4638982999604195,0.0,6525,0.5754228168390344,0.7307505844524608,0.5967618518077235,0.463786654355619,0.4330980277147898,0.3333333333333333,0.8198728142172509
thyroid-allbp,0,0,-ConfSteer,RF,0,1.4638982999604195,0.0,6525,0.0,0.6602151709236129,0.4906284337476999,0.4588746374420341,0.4210782509172851,0.0,0.8662006558849225
thyroid-allbp,0,0,-ConfSteer,LGBM,0,1.4638982999604195,0.0,6525,0.0,0.6381491678873605,0.464099447952659,0.4587136114152305,0.3848976579216669,0.0,0.8597599677429901
thyroid-allbp,0,1,Full,KNN,0,1.3588422000175342,0.0,6525,0.5549645883770583,0.7057029874493218,0.5604217800548076,0.4420792665659885,0.3967279340208412,0.487012987012987,0.751645599103084
thyroid-allbp,0,1,Full,CART,0,1.3588422000175342,0.0,6525,0.4773591479245786,0.6504628960425942,0.4887978076968903,0.4169321980843583,0.309712731906441,0.3333333333333333,0.6771974684754877
thyroid-allbp,0,1,Full,SVM,0,1.3588422000175342,0.0,6525,0.5647532273470361,0.7111235354780293,0.5696389848683426,0.4352069303357846,0.3956622337699491,0.5,0.8018770457453703
thyroid-allbp,0,1,Full,RF,0,1.3588422000175342,0.0,6525,0.4598622538514814,0.676491154223079,0.5120703761070734,0.4723792521423332,0.4404137392844402,0.1666666666666666,0.8417151400084727
thyroid-allbp,0,1,Full,LGBM,0,1.3588422000175342,0.0,6525,0.0,0.6506811198793447,0.4763739624290083,0.4576190011149361,0.4299864097664585,0.0,0.8432205358617868
thyroid-allbp,0,1,-FeatWeights,KNN,0,0.7278763999929652,0.0,6525,0.5590454293830124,0.7053790522530129,0.5624340389478004,0.4287388437895535,0.3766319144564974,0.4935064935064935,0.7539061687972799
thyroid-allbp,0,1,-FeatWeights,CART,0,0.7278763999929652,0.0,6525,0.4263279473741083,0.6338723049463804,0.4664167229304844,0.4047289481627257,0.2951633654962314,0.1666666666666666,0.6639327322099005
thyroid-allbp,0,1,-FeatWeights,SVM,0,0.7278763999929652,0.0,6525,0.5555730286815584,0.7032823857546139,0.5603892132332499,0.417788576127643,0.3737576265382399,0.5,0.7993731976268602
thyroid-allbp,0,1,-FeatWeights,RF,0,0.7278763999929652,0.0,6525,0.4616566427086656,0.6783646120800335,0.5145923189959887,0.4781380263596197,0.4462897117241242,0.1666666666666666,0.8478571261471183
thyroid-allbp,0,1,-FeatWeights,LGBM,0,0.7278763999929652,0.0,6525,0.4575483859361898,0.6742764425350254,0.5115421581476627,0.4877309893248218,0.4391851767821827,0.1666666666666666,0.8413219344055992
thyroid-allbp,0,1,-Subgroups,KNN,0,0.804585300036706,0.0,6525,0.554449778039449,0.7051222755132133,0.5598101592597006,0.4412871022440287,0.394539376693549,0.487012987012987,0.7515180567922027
thyroid-allbp,0,1,-Subgroups,CART,0,0.804585300036706,0.0,6525,0.477207934857469,0.6522996562539358,0.4901632312641487,0.4238869311165326,0.3248993313090289,0.3333333333333333,0.6791154378463969
thyroid-allbp,0,1,-Subgroups,SVM,0,0.804585300036706,0.0,6525,0.5647532273470361,0.7111235354780293,0.5696389848683426,0.4352069303357846,0.3956622337699491,0.5,0.8018786837878075
thyroid-allbp,0,1,-Subgroups,RF,0,0.804585300036706,0.0,6525,0.4642011464632691,0.6804599325292735,0.5185051034592318,0.4868952466039559,0.4441701118632619,0.1666666666666666,0.8641081350254958
thyroid-allbp,0,1,-Subgroups,LGBM,0,0.804585300036706,0.0,6525,0.0,0.6513263375202796,0.4775972040192223,0.4651378287488029,0.4319757371092781,0.0,0.843442683765829
thyroid-allbp,0,1,-Mahalanobis,KNN,0,1.3945434999186546,0.0,6525,0.5549645883770583,0.7057029874493218,0.5604217800548076,0.4420792665659885,0.3967279340208412,0.487012987012987,0.7515344243684396
thyroid-allbp,0,1,-Mahalanobis,CART,0,1.3945434999186546,0.0,6525,0.4878047831241904,0.6601816116671508,0.5016839429683466,0.4370290453476433,0.3337396412716837,0.3333333333333333,0.6852188002547682
thyroid-allbp,0,1,-Mahalanobis,SVM,0,1.3945434999186546,0.0,6525,0.5647532273470361,0.7111235354780293,0.5696389848683426,0.4352069303357846,0.3956622337699491,0.5,0.8018748107903481
thyroid-allbp,0,1,-Mahalanobis,RF,0,1.3945434999186546,0.0,6525,0.4645794690083998,0.680862381605465,0.5191167242543389,0.4894019160634446,0.4456114204154411,0.1666666666666666,0.8365084012362669
thyroid-allbp,0,1,-Mahalanobis,LGBM,0,1.3945434999186546,0.0,6525,0.0,0.6394199631381632,0.461475568264559,0.4479859520925774,0.4225587484769287,0.0,0.8424093568188293
thyroid-allbp,0,1,-NoiseGate,KNN,0,1.407838199986145,0.0,6525,0.5559204877741156,0.7060970832858512,0.5611088605584019,0.4429276551236624,0.3969455909920577,0.4935064935064935,0.7511169932112489
thyroid-allbp,0,1,-NoiseGate,CART,0,1.407838199986145,0.0,6525,0.4793998895456432,0.6529543661868854,0.4906737095727921,0.4277253340578149,0.3294008806957479,0.3333333333333333,0.679789930226
thyroid-allbp,0,1,-NoiseGate,SVM,0,1.407838199986145,0.0,6525,0.5647532273470361,0.7110848556757245,0.5696389848683426,0.4354771775838516,0.3952562991781441,0.5,0.801781400886784
thyroid-allbp,0,1,-NoiseGate,RF,0,1.407838199986145,0.0,6525,0.4574221378943077,0.6730296943637337,0.5097493943365502,0.4778725802178005,0.4254424954922903,0.1666666666666666,0.8406843164307871
thyroid-allbp,0,1,-NoiseGate,LGBM,0,1.407838199986145,0.0,6525,0.0,0.6559625066494064,0.4824568092458,0.4636096539929292,0.4443121427280613,0.0,0.8485555160571107
thyroid-allbp,0,1,-ConfSteer,KNN,0,1.3869504999602214,0.0,6525,0.554449778039449,0.7051222755132133,0.5598101592597006,0.4412871022440287,0.394539376693549,0.487012987012987,0.7515180567922027
thyroid-allbp,0,1,-ConfSteer,CART,0,1.3869504999602214,0.0,6525,0.4749213667023179,0.6477243277214558,0.4868120258945946,0.4185224775957866,0.2970025612133058,0.3333333333333333,0.6743185442793119
thyroid-allbp,0,1,-ConfSteer,SVM,0,1.3869504999602214,0.0,6525,0.5647532273470361,0.7111235354780293,0.5696389848683426,0.4352069303357846,0.3956622337699491,0.5,0.8018613823544772
thyroid-allbp,0,1,-ConfSteer,RF,0,1.3869504999602214,0.0,6525,0.5129538058040994,0.6893291061884096,0.5320804374015383,0.4882334857684405,0.4393319908913325,0.3333333333333333,0.8492858681309334
thyroid-allbp,0,1,-ConfSteer,LGBM,0,1.3869504999602214,0.0,6525,0.0,0.639720763175599,0.462087189059666,0.4556129118740931,0.4228413030980338,0.0,0.8454218758525341
thyroid-allbp,0,2,Full,KNN,0,1.3488771999254825,0.0,6530,0.5191201574103123,0.6757992106661056,0.5211474731482648,0.4132242116588205,0.3413895119497158,0.4727272727272727,0.7653594935525974
thyroid-allbp,0,2,Full,CART,0,1.3488771999254825,0.0,6530,0.4169945913322883,0.6320233354026178,0.4579856750765122,0.4203683754084128,0.3404923845510552,0.1666666666666666,0.665091080596531
thyroid-allbp,0,2,Full,SVM,0,1.3488771999254825,0.0,6530,0.5758642737521894,0.7196621974475256,0.5778834855581343,0.4461599185185303,0.4241019983182146,0.5,0.8321014789730172
thyroid-allbp,0,2,Full,RF,0,1.3488771999254825,0.0,6530,0.4829890029959526,0.668347413203864,0.5029094427352888,0.4617900598974768,0.4158440900269335,0.3333333333333333,0.8508786060976294
thyroid-allbp,0,2,Full,LGBM,0,1.3488771999254825,0.0,6530,0.495153333984711,0.6712037390936232,0.5116595601772724,0.4644977063021381,0.3853704485807465,0.3333333333333333,0.8159740884330372
thyroid-allbp,0,2,-FeatWeights,KNN,0,0.7557403999380767,0.0,6530,0.5014012281012268,0.66449766954637,0.5040726681019576,0.3923988709602113,0.3341238681235527,0.4444444444444444,0.7425169660125656
thyroid-allbp,0,2,-FeatWeights,CART,0,0.7557403999380767,0.0,6530,0.4416422817365006,0.6288034824391128,0.4558157470209716,0.3983639032997129,0.3136231074542734,0.3333333333333333,0.6616289791454827
thyroid-allbp,0,2,-FeatWeights,SVM,0,0.7557403999380767,0.0,6530,0.5364884431069787,0.7025405101700477,0.5514301135239192,0.4298877648924659,0.4168246650770121,0.3333333333333333,0.8204877920549162
thyroid-allbp,0,2,-FeatWeights,RF,0,0.7557403999380767,0.0,6530,0.4804117017107923,0.6659521160819021,0.4996519719258686,0.4522642383895509,0.4107308781472654,0.3333333333333333,0.8307668779251735
thyroid-allbp,0,2,-FeatWeights,LGBM,0,0.7557403999380767,0.0,6530,0.5461368885948058,0.7057403899349128,0.5569352339944067,0.5025072474919533,0.4512418210832146,0.4444444444444444,0.80925733614893
thyroid-allbp,0,2,-Subgroups,KNN,0,0.8048944999463856,0.0,6530,0.5196408406614542,0.6763496474697644,0.52176097008078,0.4141767725444637,0.3430993812033814,0.4727272727272727,0.7651873700354408
thyroid-allbp,0,2,-Subgroups,CART,0,0.8048944999463856,0.0,6530,0.394870570775981,0.6146098836971281,0.4356742169368331,0.3968477131993381,0.3163679285596454,0.1666666666666666,0.6513551988824808
thyroid-allbp,0,2,-Subgroups,SVM,0,0.8048944999463856,0.0,6530,0.5758642737521894,0.7196621974475256,0.5778834855581343,0.4461599185185303,0.4241019983182146,0.5,0.8321734948154476
thyroid-allbp,0,2,-Subgroups,RF,0,0.8048944999463856,0.0,6530,0.4936436920538759,0.6738485576567815,0.5113132512538806,0.4648826973390093,0.4157613858787953,0.3333333333333333,0.846715349144822
thyroid-allbp,0,2,-Subgroups,LGBM,0,0.8048944999463856,0.0,6530,0.4560327972134003,0.6504522768742137,0.4796611673833126,0.4481208623252787,0.3942146639571066,0.3333333333333333,0.81476563616632
thyroid-allbp,0,2,-Mahalanobis,KNN,0,1.454907099949196,0.0,6530,0.5196408406614542,0.6763496474697644,0.52176097008078,0.4141767725444637,0.3430993812033814,0.4727272727272727,0.7653455277866997
thyroid-allbp,0,2,-Mahalanobis,CART,0,1.454907099949196,0.0,6530,0.3503703164454471,0.5835135716263459,0.3951445985683072,0.3667891571629438,0.2889572047008359,0.1666666666666666,0.62841216082572
thyroid-allbp,0,2,-Mahalanobis,SVM,0,1.454907099949196,0.0,6530,0.5758642737521894,0.7196621974475256,0.5778834855581343,0.4461599185185303,0.4241019983182146,0.5,0.8321727951038993
thyroid-allbp,0,2,-Mahalanobis,RF,0,1.454907099949196,0.0,6530,0.4622533754261247,0.6558206734178312,0.4854546653952947,0.4449346201013062,0.4053786154630897,0.3333333333333333,0.8400123015091374
thyroid-allbp,0,2,-Mahalanobis,LGBM,0,1.454907099949196,0.0,6530,0.4540099006870869,0.650231566274184,0.4786054489082393,0.4493511469373539,0.3978567735266297,0.3333333333333333,0.8115179636666987
thyroid-allbp,0,2,-NoiseGate,KNN,0,1.4514508999418467,0.0,6530,0.5188170721810994,0.6750858747436698,0.5205973049313639,0.4129648710226986,0.3381599017161486,0.4727272727272727,0.765095776060941
thyroid-allbp,0,2,-NoiseGate,CART,0,1.4514508999418467,0.0,6530,0.3828481164388581,0.6039906031582855,0.4210021049601497,0.391572082638282,0.305797300580673,0.1666666666666666,0.6437585640286694
thyroid-allbp,0,2,-NoiseGate,SVM,0,1.4514508999418467,0.0,6530,0.5758642737521894,0.7196621974475256,0.5778834855581343,0.4461599185185303,0.4241019983182146,0.5,0.8321249078692221
thyroid-allbp,0,2,-NoiseGate,RF,0,1.4514508999418467,0.0,6530,0.4618576099694486,0.6555977279457318,0.4848411684627793,0.4434511969038823,0.4046595022751476,0.3333333333333333,0.8542785836507294
thyroid-allbp,0,2,-NoiseGate,LGBM,0,1.4514508999418467,0.0,6530,0.4649864828536609,0.6592492343044447,0.489749143922902,0.4587213225129673,0.4164204347740664,0.3333333333333333,0.8064593392871762
thyroid-allbp,0,2,-ConfSteer,KNN,0,1.5245867000194266,0.0,6530,0.5196408406614542,0.6763496474697644,0.52176097008078,0.4141767725444637,0.3430993812033814,0.4727272727272727,0.7658302759030884
thyroid-allbp,0,2,-ConfSteer,CART,0,1.5245867000194266,0.0,6530,0.391057447911313,0.6129983028238806,0.4317035784322544,0.3969163966759104,0.3277893396410207,0.1666666666666666,0.6510658319506903
thyroid-allbp,0,2,-ConfSteer,SVM,0,1.5245867000194266,0.0,6530,0.5758642737521894,0.7196621974475256,0.5778834855581343,0.4461599185185303,0.4241019983182146,0.5,0.8322831779583965
thyroid-allbp,0,2,-ConfSteer,RF,0,1.5245867000194266,0.0,6530,0.4858040941929242,0.6676646865495492,0.5031290942274516,0.4566341389495393,0.4032438899520872,0.3333333333333333,0.8645650673918611
thyroid-allbp,0,2,-ConfSteer,LGBM,0,1.5245867000194266,0.0,6530,0.4714843653575189,0.6615544411187545,0.4936508564769004,0.4615437975667734,0.4117671543881395,0.3333333333333333,0.8170419968742018
thyroid-allbp,0,3,Full,KNN,0,1.412055799970403,0.0,6530,0.5035305465838952,0.6699399150627033,0.5139216977189208,0.4285876053928792,0.3458344280721417,0.3333333333333333,0.7412161240230821
thyroid-allbp,0,3,Full,CART,0,1.412055799970403,0.0,6530,0.0,0.5974141454237188,0.4149153139401766,0.3802878232359957,0.29213909400064,0.0,0.6375498338086267
thyroid-allbp,0,3,Full,SVM,0,1.412055799970403,0.0,6530,0.6512201065768383,0.7639021715006231,0.6531103274080348,0.4857684172926766,0.4311622309727018,0.5828220858895705,0.8360220924317859
thyroid-allbp,0,3,Full,RF,0,1.412055799970403,0.0,6530,0.5207579073468527,0.6911785039565593,0.5380428203805666,0.523702108525328,0.4296222225313337,0.3333333333333333,0.8426964259330825
thyroid-allbp,0,3,Full,LGBM,0,1.412055799970403,0.0,6530,0.4655730051810219,0.6786592602166641,0.5195012629174721,0.5186988134884074,0.430403952898718,0.1666666666666666,0.8515549878719473
thyroid-allbp,0,3,-FeatWeights,KNN,0,0.7522297999821603,0.0,6530,0.5210872024607338,0.6830627607161568,0.5331182389884359,0.4345245704107183,0.353767822496484,0.3333333333333333,0.7708073428136917
thyroid-allbp,0,3,-FeatWeights,CART,0,0.7522297999821603,0.0,6530,0.0,0.5924964554653926,0.4083656995248858,0.3703111520473222,0.2816845942543108,0.0,0.6340084327478486
thyroid-allbp,0,3,-FeatWeights,SVM,0,0.7522297999821603,0.0,6530,0.6547519003558014,0.7661554607080144,0.6574589848855267,0.481762189226985,0.4296715628549545,0.5552147239263804,0.8362179737499037
thyroid-allbp,0,3,-FeatWeights,RF,0,0.7522297999821603,0.0,6530,0.5481083991552033,0.7081088412992512,0.5643444361042036,0.5268885637966865,0.4315370972871331,0.3333333333333333,0.8437921718494088
thyroid-allbp,0,3,-FeatWeights,LGBM,0,0.7522297999821603,0.0,6530,0.4831507472360268,0.6920657002043048,0.5398530906183473,0.5296141614055,0.4367221372457748,0.1666666666666666,0.851283812670102
thyroid-allbp,0,3,-Subgroups,KNN,0,0.8021321999840438,0.0,6530,0.5035305465838952,0.6699399150627033,0.5139216977189208,0.4285876053928792,0.3458344280721417,0.3333333333333333,0.7412604913028783
thyroid-allbp,0,3,-Subgroups,CART,0,0.8021321999840438,0.0,6530,0.4015513726206589,0.6120509396007475,0.4367483684112679,0.3940250745218099,0.277321347978385,0.1666666666666666,0.6472325151810189
thyroid-allbp,0,3,-Subgroups,SVM,0,0.8021321999840438,0.0,6530,0.6512201065768383,0.7639021715006231,0.6531103274080348,0.4857684172926766,0.4311622309727018,0.5828220858895705,0.8360536047291447
thyroid-allbp,0,3,-Subgroups,RF,0,0.8021321999840438,0.0,6530,0.5241743951658745,0.6946124973813471,0.542010631710341,0.518341610868999,0.4399621663747532,0.3333333333333333,0.8419677832015328
thyroid-allbp,0,3,-Subgroups,LGBM,0,0.8021321999840438,0.0,6530,0.4647912159556054,0.6786208099055603,0.5191475062446972,0.5248971300465398,0.4333193332980353,0.1666666666666666,0.8522657664356913
thyroid-allbp,0,3,-Mahalanobis,KNN,0,1.3953828000230717,0.0,6530,0.5035305465838952,0.6699399150627033,0.5139216977189208,0.4285876053928792,0.3458344280721417,0.3333333333333333,0.7412604913028783
thyroid-allbp,0,3,-Mahalanobis,CART,0,1.3953828000230717,0.0,6530,0.4145187698225687,0.6276275656918968,0.4540967868639809,0.4257576079130613,0.3210183165770686,0.1666666666666666,0.6607845182092056
thyroid-allbp,0,3,-Mahalanobis,SVM,0,1.3953828000230717,0.0,6530,0.6512201065768383,0.7639021715006231,0.6531103274080348,0.4857684172926766,0.4311622309727018,0.5828220858895705,0.8360332951002583
thyroid-allbp,0,3,-Mahalanobis,RF,0,1.3953828000230717,0.0,6530,0.5116731668753071,0.6871859776510152,0.5309425264220227,0.5114937564073405,0.4337897092555124,0.3333333333333333,0.8450505114122221
thyroid-allbp,0,3,-Mahalanobis,LGBM,0,1.3953828000230717,0.0,6530,0.4742302754050674,0.6869575534813384,0.5302446299798577,0.5396333765746648,0.4506284547396218,0.1666666666666666,0.8501508325568693
thyroid-allbp,0,3,-NoiseGate,KNN,0,1.4553377999691293,0.0,6530,0.503020899236949,0.6696286846890878,0.5133082007864055,0.4275448126813493,0.345106231425007,0.3333333333333333,0.7413835861300194
thyroid-allbp,0,3,-NoiseGate,CART,0,1.4553377999691293,0.0,6530,0.0,0.6014937512644345,0.4201926455849607,0.389477317044947,0.296464960085435,0.0,0.6406068714796163
thyroid-allbp,0,3,-NoiseGate,SVM,0,1.4553377999691293,0.0,6530,0.6512201065768383,0.7639021715006231,0.6531103274080348,0.4857684172926766,0.4311622309727018,0.5828220858895705,0.8367022426229092
thyroid-allbp,0,3,-NoiseGate,RF,0,1.4553377999691293,0.0,6530,0.5280656217320797,0.702765514539544,0.5505839892536696,0.5330669904054803,0.4735838655252847,0.3333333333333333,0.8456177120830078
thyroid-allbp,0,3,-NoiseGate,LGBM,0,1.4553377999691293,0.0,6530,0.47265168176003,0.6874701709524143,0.5291339615072259,0.5354460346632972,0.4594124585566329,0.1666666666666666,0.8513623538108976
thyroid-allbp,0,3,-ConfSteer,KNN,0,1.5568687999621034,0.0,6530,0.5067380069593663,0.6726347939685972,0.5175580613552844,0.4309841793222826,0.3497942103774115,0.3333333333333333,0.7416256955911222
thyroid-allbp,0,3,-ConfSteer,CART,0,1.5568687999621034,0.0,6530,0.4003145379073201,0.6100238017375166,0.4353062522452255,0.3995663926246536,0.2683806865398991,0.1666666666666666,0.6450867280602408
thyroid-allbp,0,3,-ConfSteer,SVM,0,1.5568687999621034,0.0,6530,0.6512201065768383,0.7638608878280472,0.6531103274080348,0.4861797877649209,0.4308559234734301,0.5828220858895705,0.8360436123051768
thyroid-allbp,0,3,-ConfSteer,RF,0,1.5568687999621034,0.0,6530,0.5062919688832026,0.68031486021285,0.5241175722351052,0.5100810919999657,0.4082105895714885,0.3333333333333333,0.8415966815780763
thyroid-allbp,0,3,-ConfSteer,LGBM,0,1.5568687999621034,0.0,6530,0.4639315719283285,0.6787826317865353,0.5178061159591673,0.526993596821183,0.4443176674390998,0.1666666666666666,0.84843200149341
thyroid-allbp,0,4,Full,KNN,0,1.3829283999511972,0.0,6530,0.0,0.6631584300562801,0.4951909985038819,0.4268834588705876,0.4000464629946356,0.0,0.745683344215783
thyroid-allbp,0,4,Full,CART,0,1.3829283999511972,0.0,6530,0.0,0.6350014704895294,0.4636229074265884,0.4095953101391168,0.3384359766057244,0.0,0.6666765790821403
thyroid-allbp,0,4,Full,SVM,0,1.3829283999511972,0.0,6530,0.6139547170834108,0.7526789378795369,0.6295094680370754,0.497392659945331,0.4628670413641309,0.4285714285714285,0.8482018009728476
thyroid-allbp,0,4,Full,RF,0,1.3829283999511972,0.0,6530,0.0,0.661162858271015,0.4893674696128684,0.4506604993668436,0.4423320723901514,0.0,0.8345840843193182
thyroid-allbp,0,4,Full,LGBM,0,1.3829283999511972,0.0,6530,0.0,0.651470797120941,0.4756895864871325,0.4681627374557257,0.4486949846584112,0.0,0.83092648997779
thyroid-allbp,0,4,-FeatWeights,KNN,0,0.7452963000396267,0.0,6530,0.0,0.6646486290637307,0.4972019936437115,0.4270109087387457,0.4000751941608183,0.0,0.7569851230339145
thyroid-allbp,0,4,-FeatWeights,CART,0,0.7452963000396267,0.0,6530,0.0,0.6076298788188498,0.4259278145167716,0.3891349513049268,0.3264798037873668,0.0,0.646387197601956
thyroid-allbp,0,4,-FeatWeights,SVM,0,0.7452963000396267,0.0,6530,0.6198356527783144,0.7579459562661087,0.638851795784311,0.5012667794553739,0.4606264832598016,0.4285714285714285,0.8480036376268512
thyroid-allbp,0,4,-FeatWeights,RF,0,0.7452963000396267,0.0,6530,0.0,0.6602940935275646,0.4877998211740543,0.4491479405192961,0.4452476615191672,0.0,0.8194965357602676
thyroid-allbp,0,4,-FeatWeights,LGBM,0,0.7452963000396267,0.0,6530,0.4452717616549191,0.6722751069627809,0.5081264883718871,0.4831625694595834,0.4371272050670434,0.1428571428571428,0.8352709391918502
thyroid-allbp,0,4,-Subgroups,KNN,0,0.783364399918355,0.0,6530,0.0,0.6638244948006108,0.4958762028700679,0.4266890304289065,0.4021672313294618,0.0,0.7457693959947658
thyroid-allbp,0,4,-Subgroups,CART,0,0.783364399918355,0.0,6530,0.0,0.6383332932382977,0.4664800502837313,0.4169826186833685,0.353500054755079,0.0,0.6699890276003972
thyroid-allbp,0,4,-Subgroups,SVM,0,0.783364399918355,0.0,6530,0.6139547170834108,0.7526789378795369,0.6295094680370754,0.497392659945331,0.4628670413641309,0.4285714285714285,0.8483883124782018
thyroid-allbp,0,4,-Subgroups,RF,0,0.783364399918355,0.0,6530,0.0,0.6635929461917941,0.4933623704175852,0.4542759610865617,0.4393268936871534,0.0,0.8418990075487208
thyroid-allbp,0,4,-Subgroups,LGBM,0,0.783364399918355,0.0,6530,0.0,0.6506918412991719,0.4739654210819854,0.4627437062411957,0.4517529966638067,0.0,0.835600759434665
thyroid-allbp,0,4,-Mahalanobis,KNN,0,1.550684400019236,0.0,6530,0.0,0.6637884245154645,0.4958762028700679,0.426952218471832,0.4018369173607778,0.0,0.7457462223191996
thyroid-allbp,0,4,-Mahalanobis,CART,0,1.550684400019236,0.0,6530,0.0,0.6452295351410643,0.4783703821740631,0.4205552169193035,0.3442194381811295,0.0,0.6743303929349049
thyroid-allbp,0,4,-Mahalanobis,SVM,0,1.550684400019236,0.0,6530,0.6139547170834108,0.7526789378795369,0.6295094680370754,0.497392659945331,0.4628670413641309,0.4285714285714285,0.8482656684049156
thyroid-allbp,0,4,-Mahalanobis,RF,0,1.550684400019236,0.0,6530,0.0,0.6611352021368803,0.4905498455191707,0.4585212234649587,0.4338699782832921,0.0,0.8394505013120673
thyroid-allbp,0,4,-Mahalanobis,LGBM,0,1.550684400019236,0.0,6530,0.0,0.6506543490627671,0.4740371285156561,0.4611346447277689,0.4506739057914969,0.0,0.8338934831328428
thyroid-allbp,0,4,-NoiseGate,KNN,0,1.383121700026095,0.0,6530,0.0,0.6619694831497691,0.4938922972051807,0.4257512143207342,0.3964462245526187,0.0,0.7408009133531027
thyroid-allbp,0,4,-NoiseGate,CART,0,1.383121700026095,0.0,6530,0.0,0.6409686374608443,0.470313653626537,0.4180196997276119,0.3516064015885622,0.0,0.6719300217231579
thyroid-allbp,0,4,-NoiseGate,SVM,0,1.383121700026095,0.0,6530,0.6139547170834108,0.7526385527075087,0.6295094680370754,0.4978890545323188,0.4626371305646589,0.4285714285714285,0.8481901861043497
thyroid-allbp,0,4,-NoiseGate,RF,0,1.383121700026095,0.0,6530,0.0,0.6543244583165109,0.4802402641666445,0.4514830798660927,0.4388172726833378,0.0,0.8372612485257026
thyroid-allbp,0,4,-NoiseGate,LGBM,0,1.383121700026095,0.0,6530,0.0,0.647113249858975,0.4702127320532229,0.4557141052707555,0.4391503379681937,0.0,0.8233047837929053
thyroid-allbp,0,4,-ConfSteer,KNN,0,1.3630434999940917,0.0,6530,0.0,0.665048875010175,0.4971749041687691,0.4275630251917509,0.4060963278203435,0.0,0.7454928859716128
thyroid-allbp,0,4,-ConfSteer,CART,0,1.3630434999940917,0.0,6530,0.0,0.6326583239885529,0.460246284049965,0.4137089740878375,0.3388334237827214,0.0,0.6649518074407281
thyroid-allbp,0,4,-ConfSteer,SVM,0,1.3630434999940917,0.0,6530,0.6139547170834108,0.7526789378795369,0.6295094680370754,0.497392659945331,0.4628670413641309,0.4285714285714285,0.8484254191421753
thyroid-allbp,0,4,-ConfSteer,RF,0,1.3630434999940917,0.0,6530,0.0,0.6605751931019558,0.4895108844802096,0.4500374143846921,0.4373765612136983,0.0,0.8365611387825354
thyroid-allbp,0,4,-ConfSteer,LGBM,0,1.3630434999940917,0.0,6530,0.0,0.6457472428362623,0.4688423233208509,0.4580081354825516,0.4352273604631156,0.0,0.8331819419144406
user-knowledge,0,0,Full,KNN,0,0.5464691000524908,0.0,520,0.5866500408516121,0.7908858255575882,0.6624761904761904,0.6462604752045746,0.7029234228676058,0.2,0.8550664160401003
user-knowledge,0,0,Full,CART,0,0.5464691000524908,0.0,520,0.7187219716966233,0.8551848982344565,0.7569523809523809,0.7870588235294118,0.8319425915921296,0.4,0.8615588972431076
user-knowledge,0,0,Full,SVM,0,0.5464691000524908,0.0,520,0.5784583537782736,0.8087352048593824,0.6799999999999999,0.687037037037037,0.7985359123327056,0.2,0.948360902255639
user-knowledge,0,0,Full,RF,0,0.5464691000524908,0.0,520,0.5836239805561186,0.8153840370154108,0.688,0.6896960167714885,0.8155773052043381,0.2,0.973906015037594
user-knowledge,0,0,Full,LGBM,0,0.5464691000524908,0.0,520,0.5886129455925376,0.821226846757086,0.696,0.7022205108458477,0.8316263734597864,0.2,0.9666766917293236
user-knowledge,0,0,-FeatWeights,KNN,0,0.206910999957472,0.0,520,0.5806625624613435,0.7839862154176643,0.652952380952381,0.6441684284707541,0.685919311767303,0.2,0.871610275689223
user-knowledge,0,0,-FeatWeights,CART,0,0.206910999957472,0.0,520,0.6868527500201222,0.8253723568123077,0.716952380952381,0.7254860825449061,0.7475644080770765,0.4,0.8335701754385966
user-knowledge,0,0,-FeatWeights,SVM,0,0.206910999957472,0.0,520,0.5784583537782736,0.8087352048593824,0.6799999999999999,0.687037037037037,0.7985359123327056,0.2,0.946639097744361
user-knowledge,0,0,-FeatWeights,RF,0,0.206910999957472,0.0,520,0.6875087710349915,0.8812021863528725,0.792,0.7982464096749811,0.9004646012965125,0.2,0.978984962406015
user-knowledge,0,0,-FeatWeights,LGBM,0,0.206910999957472,0.0,520,0.6437907647998604,0.8517862699199019,0.744,0.7466153846153847,0.8651958462464604,0.2,0.9638045112781954
user-knowledge,0,0,-Subgroups,KNN,0,0.4029195999028161,0.0,520,0.5866500408516121,0.7908858255575882,0.6624761904761904,0.6462604752045746,0.7029234228676058,0.2,0.8550664160401003
user-knowledge,0,0,-Subgroups,CART,0,0.4029195999028161,0.0,520,0.7187219716966233,0.8551848982344565,0.7569523809523809,0.7870588235294118,0.8319425915921296,0.4,0.8615588972431076
user-knowledge,0,0,-Subgroups,SVM,0,0.4029195999028161,0.0,520,0.5784583537782736,0.8087352048593824,0.6799999999999999,0.687037037037037,0.7985359123327056,0.2,0.948360902255639
user-knowledge,0,0,-Subgroups,RF,0,0.4029195999028161,0.0,520,0.5836239805561186,0.8153840370154108,0.688,0.6896960167714885,0.8155773052043381,0.2,0.973906015037594
user-knowledge,0,0,-Subgroups,LGBM,0,0.4029195999028161,0.0,520,0.5886129455925376,0.821226846757086,0.696,0.7022205108458477,0.8316263734597864,0.2,0.9666766917293236
user-knowledge,0,0,-Mahalanobis,KNN,0,0.5600581000326201,0.0,520,0.5866500408516121,0.7908858255575882,0.6624761904761904,0.6462604752045746,0.7029234228676058,0.2,0.8550664160401003
user-knowledge,0,0,-Mahalanobis,CART,0,0.5600581000326201,0.0,520,0.7187219716966233,0.8551848982344565,0.7569523809523809,0.7870588235294118,0.8319425915921296,0.4,0.8615588972431076
user-knowledge,0,0,-Mahalanobis,SVM,0,0.5600581000326201,0.0,520,0.5784583537782736,0.8087352048593824,0.6799999999999999,0.687037037037037,0.7985359123327056,0.2,0.948360902255639
user-knowledge,0,0,-Mahalanobis,RF,0,0.5600581000326201,0.0,520,0.5836239805561186,0.8153840370154108,0.688,0.6896960167714885,0.8155773052043381,0.2,0.973906015037594
user-knowledge,0,0,-Mahalanobis,LGBM,0,0.5600581000326201,0.0,520,0.5886129455925376,0.821226846757086,0.696,0.7022205108458477,0.8316263734597864,0.2,0.9666766917293236
user-knowledge,0,0,-NoiseGate,KNN,0,0.6318947999970987,0.0,520,0.5866500408516121,0.7908858255575882,0.6624761904761904,0.6462604752045746,0.7029234228676058,0.2,0.8555438596491228
user-knowledge,0,0,-NoiseGate,CART,0,0.6318947999970987,0.0,520,0.7187219716966233,0.8551848982344565,0.7569523809523809,0.7870588235294118,0.8319425915921296,0.4,0.8615588972431076
user-knowledge,0,0,-NoiseGate,SVM,0,0.6318947999970987,0.0,520,0.5784583537782736,0.8087352048593824,0.6799999999999999,0.687037037037037,0.7985359123327056,0.2,0.948360902255639
user-knowledge,0,0,-NoiseGate,RF,0,0.6318947999970987,0.0,520,0.5784583537782736,0.8091302301380836,0.6799999999999999,0.6814303157160301,0.7980079218918238,0.2,0.9723308270676692
user-knowledge,0,0,-NoiseGate,LGBM,0,0.6318947999970987,0.0,520,0.5886129455925376,0.821226846757086,0.696,0.7022205108458477,0.8316263734597864,0.2,0.9628947368421052
user-knowledge,0,0,-ConfSteer,KNN,0,0.5585177999455482,0.0,520,0.5866500408516121,0.7908858255575882,0.6624761904761904,0.6462604752045746,0.7029234228676058,0.2,0.8550664160401003
user-knowledge,0,0,-ConfSteer,CART,0,0.5585177999455482,0.0,520,0.7187219716966233,0.8551848982344565,0.7569523809523809,0.7870588235294118,0.8319425915921296,0.4,0.8615588972431076
user-knowledge,0,0,-ConfSteer,SVM,0,0.5585177999455482,0.0,520,0.5784583537782736,0.8087352048593824,0.6799999999999999,0.687037037037037,0.7985359123327056,0.2,0.948360902255639
user-knowledge,0,0,-ConfSteer,RF,0,0.5585177999455482,0.0,520,0.5836239805561186,0.8153840370154108,0.688,0.6896960167714885,0.8155773052043381,0.2,0.973906015037594
user-knowledge,0,0,-ConfSteer,LGBM,0,0.5585177999455482,0.0,520,0.5886129455925376,0.821226846757086,0.696,0.7022205108458477,0.8316263734597864,0.2,0.9666766917293236
user-knowledge,0,1,Full,KNN,0,0.5628952000988647,0.0,515,0.5823111500282979,0.7770667415514161,0.6587692307692309,0.6141150749213459,0.5741266877362813,0.2,0.9028108578220744
user-knowledge,0,1,Full,CART,0,0.5628952000988647,0.0,515,0.7809268685816975,0.8678473793735637,0.7889230769230768,0.7730981390555859,0.7677572019655693,0.6,0.8717951948827704
user-knowledge,0,1,Full,SVM,0,0.5628952000988647,0.0,515,0.6856477377712329,0.8270756908574253,0.7186153846153847,0.7109463051568314,0.753344212834594,0.4,0.9385048799345606
user-knowledge,0,1,Full,RF,0,0.5628952000988647,0.0,515,0.7478010080578443,0.8686139527849681,0.7823076923076923,0.7758178053830227,0.8180211502613731,0.4,0.9640316947935584
user-knowledge,0,1,Full,LGBM,0,0.5628952000988647,0.0,515,0.7633557819236353,0.8673610629479208,0.78,0.7805424362871172,0.8166335161540201,0.6,0.966380463367521
user-knowledge,0,1,-FeatWeights,KNN,0,0.2142085999948904,0.0,515,0.6397040533482972,0.777066741551416,0.6587692307692308,0.6284007892070601,0.5741266877362813,0.4,0.894171021816837
user-knowledge,0,1,-FeatWeights,CART,0,0.2142085999948904,0.0,515,0.7809268685816975,0.8678473793735637,0.788923076923077,0.7700212159786628,0.7672829361721605,0.6,0.8717951948827704
user-knowledge,0,1,-FeatWeights,SVM,0,0.2142085999948904,0.0,515,0.679836325336875,0.8210924641111269,0.7109230769230769,0.7031746031746031,0.734958098898083,0.4,0.9373949898246704
user-knowledge,0,1,-FeatWeights,RF,0,0.2142085999948904,0.0,515,0.8109690837119149,0.8917577230062943,0.8223076923076924,0.8212723508375681,0.8344202170406059,0.6,0.9614879068300122
user-knowledge,0,1,-FeatWeights,LGBM,0,0.2142085999948904,0.0,515,0.7633557819236353,0.8673610629479208,0.78,0.7805424362871172,0.8166335161540201,0.6,0.9644364048376128
user-knowledge,0,1,-Subgroups,KNN,0,0.3953872000565752,0.0,515,0.5823111500282979,0.7770667415514161,0.6587692307692309,0.6141150749213459,0.5741266877362813,0.2,0.9028108578220744
user-knowledge,0,1,-Subgroups,CART,0,0.3953872000565752,0.0,515,0.7809268685816975,0.8678473793735637,0.7889230769230768,0.7730981390555859,0.7677572019655693,0.6,0.8717951948827704
user-knowledge,0,1,-Subgroups,SVM,0,0.3953872000565752,0.0,515,0.6856477377712329,0.8270756908574253,0.7186153846153847,0.7109463051568314,0.753344212834594,0.4,0.9385048799345606
user-knowledge,0,1,-Subgroups,RF,0,0.3953872000565752,0.0,515,0.7478010080578443,0.8686139527849681,0.7823076923076923,0.7758178053830227,0.8180211502613731,0.4,0.9640316947935584
user-knowledge,0,1,-Subgroups,LGBM,0,0.3953872000565752,0.0,515,0.7633557819236353,0.8673610629479208,0.78,0.7805424362871172,0.8166335161540201,0.6,0.966380463367521
user-knowledge,0,1,-Mahalanobis,KNN,0,0.5694067000877112,0.0,515,0.5823111500282979,0.7770667415514161,0.6587692307692309,0.6141150749213459,0.5741266877362813,0.2,0.9028108578220744
user-knowledge,0,1,-Mahalanobis,CART,0,0.5694067000877112,0.0,515,0.7809268685816975,0.8678473793735637,0.7889230769230768,0.7730981390555859,0.7677572019655693,0.6,0.8717951948827704
user-knowledge,0,1,-Mahalanobis,SVM,0,0.5694067000877112,0.0,515,0.6856477377712329,0.8270756908574253,0.7186153846153847,0.7109463051568314,0.753344212834594,0.4,0.9385048799345606
user-knowledge,0,1,-Mahalanobis,RF,0,0.5694067000877112,0.0,515,0.7478010080578443,0.8686139527849681,0.7823076923076923,0.7758178053830227,0.8180211502613731,0.4,0.9640316947935584
user-knowledge,0,1,-Mahalanobis,LGBM,0,0.5694067000877112,0.0,515,0.7633557819236353,0.8673610629479208,0.78,0.7805424362871172,0.8166335161540201,0.6,0.966380463367521
user-knowledge,0,1,-NoiseGate,KNN,0,0.5502901999279857,0.0,515,0.5823111500282979,0.7770667415514161,0.6587692307692309,0.6141150749213459,0.5741266877362813,0.2,0.9037935593310916
user-knowledge,0,1,-NoiseGate,CART,0,0.5502901999279857,0.0,515,0.749661232564072,0.8553776398951507,0.7643076923076924,0.7648889408463877,0.7827985725179712,0.6,0.8608032920487624
user-knowledge,0,1,-NoiseGate,SVM,0,0.5502901999279857,0.0,515,0.6856477377712329,0.8270756908574253,0.7186153846153847,0.7109463051568314,0.753344212834594,0.4,0.938924460354141
user-knowledge,0,1,-NoiseGate,RF,0,0.5502901999279857,0.0,515,0.8109690837119149,0.8917577230062942,0.8223076923076922,0.8212723508375683,0.8344202170406059,0.6,0.9635957812679125
user-knowledge,0,1,-NoiseGate,LGBM,0,0.5502901999279857,0.0,515,0.7633557819236353,0.8673610629479208,0.78,0.7805424362871172,0.8166335161540201,0.6,0.966896502979333
user-knowledge,0,1,-ConfSteer,KNN,0,0.55952500004787,0.0,515,0.5823111500282979,0.7770667415514161,0.6587692307692309,0.6141150749213459,0.5741266877362813,0.2,0.9028108578220744
user-knowledge,0,1,-ConfSteer,CART,0,0.55952500004787,0.0,515,0.7809268685816975,0.8678473793735637,0.7889230769230768,0.7730981390555859,0.7677572019655693,0.6,0.8717951948827704
user-knowledge,0,1,-ConfSteer,SVM,0,0.55952500004787,0.0,515,0.6856477377712329,0.8270756908574253,0.7186153846153847,0.7109463051568314,0.753344212834594,0.4,0.9385048799345606
user-knowledge,0,1,-ConfSteer,RF,0,0.55952500004787,0.0,515,0.7478010080578443,0.8686139527849681,0.7823076923076923,0.7758178053830227,0.8180211502613731,0.4,0.9640316947935584
user-knowledge,0,1,-ConfSteer,LGBM,0,0.55952500004787,0.0,515,0.7633557819236353,0.8673610629479208,0.78,0.7805424362871172,0.8166335161540201,0.6,0.9720771437363328
user-knowledge,0,2,Full,KNN,0,0.541043100063689,0.0,515,0.6352137665911768,0.8366179092211248,0.7258974358974359,0.7116462281679674,0.8021051035236073,0.2,0.8880446979920664
user-knowledge,0,2,Full,CART,0,0.541043100063689,0.0,515,0.7531360569942117,0.8698298794239917,0.7815384615384615,0.7851348651348651,0.8347613700266402,0.5,0.8748170776591829
user-knowledge,0,2,Full,SVM,0,0.541043100063689,0.0,515,0.6574828035144674,0.8601353658020194,0.7573076923076923,0.7482600732600734,0.8669977742753594,0.2,0.9795400155400156
user-knowledge,0,2,Full,RF,0,0.541043100063689,0.0,515,0.7555119277303444,0.8841176088881227,0.7979487179487179,0.7961194734303978,0.8834330701737044,0.4,0.987931807958124
user-knowledge,0,2,Full,LGBM,0,0.541043100063689,0.0,515,0.8567252750493096,0.9264060158282884,0.8712820512820514,0.8711794871794872,0.9174577752054076,0.6,0.9888976812661022
user-knowledge,0,2,-FeatWeights,KNN,0,0.2119869999587535,0.0,515,0.7229116500046426,0.8555616529717435,0.7575641025641026,0.736,0.8056302585088176,0.4,0.8787900871058765
user-knowledge,0,2,-FeatWeights,CART,0,0.2119869999587535,0.0,515,0.674940313042482,0.827863011609954,0.7178205128205128,0.7208071278825996,0.7689123226191678,0.4,0.8362978162188689
user-knowledge,0,2,-FeatWeights,SVM,0,0.2119869999587535,0.0,515,0.747541174427318,0.8766285431972478,0.7873076923076923,0.7869004011861155,0.8665574025191957,0.4,0.977797325481536
user-knowledge,0,2,-FeatWeights,RF,0,0.2119869999587535,0.0,515,0.7617054773863221,0.8895613385977361,0.8056410256410256,0.8113029827315543,0.8999065972948385,0.4,0.9849785711364658
user-knowledge,0,2,-FeatWeights,LGBM,0,0.2119869999587535,0.0,515,0.6818999326224547,0.8745976569991655,0.7835897435897436,0.7664665866346538,0.8696503710546082,0.2,0.9854527460843252
user-knowledge,0,2,-Subgroups,KNN,0,0.3886317999567836,0.0,515,0.6352137665911768,0.8366179092211248,0.7258974358974359,0.7116462281679674,0.8021051035236073,0.2,0.8880446979920664
user-knowledge,0,2,-Subgroups,CART,0,0.3886317999567836,0.0,515,0.7531360569942117,0.8698298794239917,0.7815384615384615,0.7851348651348651,0.8347613700266402,0.5,0.8748170776591829
user-knowledge,0,2,-Subgroups,SVM,0,0.3886317999567836,0.0,515,0.6574828035144674,0.8601353658020194,0.7573076923076923,0.7482600732600734,0.8669977742753594,0.2,0.9795400155400156
user-knowledge,0,2,-Subgroups,RF,0,0.3886317999567836,0.0,515,0.7555119277303444,0.8841176088881227,0.7979487179487179,0.7961194734303978,0.8834330701737044,0.4,0.987931807958124
user-knowledge,0,2,-Subgroups,LGBM,0,0.3886317999567836,0.0,515,0.8567252750493096,0.9264060158282884,0.8712820512820514,0.8711794871794872,0.9174577752054076,0.6,0.9888976812661022
user-knowledge,0,2,-Mahalanobis,KNN,0,0.5619249999290332,0.0,515,0.6352137665911768,0.8366179092211248,0.7258974358974359,0.7116462281679674,0.8021051035236073,0.2,0.8880446979920664
user-knowledge,0,2,-Mahalanobis,CART,0,0.5619249999290332,0.0,515,0.7531360569942117,0.8698298794239917,0.7815384615384615,0.7851348651348651,0.8347613700266402,0.5,0.8748170776591829
user-knowledge,0,2,-Mahalanobis,SVM,0,0.5619249999290332,0.0,515,0.6574828035144674,0.8601353658020194,0.7573076923076923,0.7482600732600734,0.8669977742753594,0.2,0.9795400155400156
user-knowledge,0,2,-Mahalanobis,RF,0,0.5619249999290332,0.0,515,0.7555119277303444,0.8841176088881227,0.7979487179487179,0.7961194734303978,0.8834330701737044,0.4,0.987931807958124
user-knowledge,0,2,-Mahalanobis,LGBM,0,0.5619249999290332,0.0,515,0.8567252750493096,0.9264060158282884,0.8712820512820514,0.8711794871794872,0.9174577752054076,0.6,0.9888976812661022
user-knowledge,0,2,-NoiseGate,KNN,0,0.5508252999279648,0.0,515,0.6352137665911768,0.8366179092211248,0.7258974358974359,0.7116462281679674,0.8021051035236073,0.2,0.8880446979920664
user-knowledge,0,2,-NoiseGate,CART,0,0.5508252999279648,0.0,515,0.640378786263413,0.8537143058292918,0.7548717948717948,0.7291208791208791,0.8201284734443383,0.1666666666666666,0.8601854987118145
user-knowledge,0,2,-NoiseGate,SVM,0,0.5508252999279648,0.0,515,0.6574828035144674,0.8601353658020194,0.7573076923076923,0.7482600732600734,0.8669977742753594,0.2,0.979153559890402
user-knowledge,0,2,-NoiseGate,RF,0,0.5508252999279648,0.0,515,0.7555119277303444,0.8841176088881227,0.7979487179487179,0.7961194734303978,0.8834330701737044,0.4,0.9864010959800432
user-knowledge,0,2,-NoiseGate,LGBM,0,0.5508252999279648,0.0,515,0.8422639589618138,0.9145116979054212,0.8552564102564103,0.8551794871794872,0.8840281396716072,0.6,0.9865633664581032
user-knowledge,0,2,-ConfSteer,KNN,0,0.549447700032033,0.0,515,0.6352137665911768,0.8366179092211248,0.7258974358974359,0.7116462281679674,0.8021051035236073,0.2,0.8880446979920664
user-knowledge,0,2,-ConfSteer,CART,0,0.549447700032033,0.0,515,0.7531360569942117,0.8698298794239917,0.7815384615384615,0.7851348651348651,0.8347613700266402,0.5,0.8748170776591829
user-knowledge,0,2,-ConfSteer,SVM,0,0.549447700032033,0.0,515,0.6574828035144674,0.8601353658020194,0.7573076923076923,0.7482600732600734,0.8669977742753594,0.2,0.9795400155400156
user-knowledge,0,2,-ConfSteer,RF,0,0.549447700032033,0.0,515,0.7555119277303444,0.8841176088881227,0.7979487179487179,0.7961194734303978,0.8834330701737044,0.4,0.987931807958124
user-knowledge,0,2,-ConfSteer,LGBM,0,0.549447700032033,0.0,515,0.8567252750493096,0.9264060158282884,0.8712820512820514,0.8711794871794872,0.9174577752054076,0.6,0.9888976812661022
user-knowledge,0,3,Full,KNN,0,0.5443897000513971,0.0,515,0.7487823775882237,0.8468689357285426,0.7601282051282052,0.7207239568941695,0.7067171544450327,0.6,0.9320856125356126
user-knowledge,0,3,Full,CART,0,0.5443897000513971,0.0,515,0.7817244319721275,0.8830021080567831,0.800897435897436,0.7862103865936618,0.8503560317550666,0.6,0.8872106227106228
user-knowledge,0,3,Full,SVM,0,0.5443897000513971,0.0,515,0.7824782659983073,0.8991397809456616,0.8233333333333333,0.8172302737520128,0.8992773831294923,0.4,0.9799066035816036
user-knowledge,0,3,Full,RF,0,0.5443897000513971,0.0,515,0.8082836966339406,0.9053813056618604,0.8316666666666667,0.8319710959454035,0.9150161612379946,0.6,0.985777207977208
user-knowledge,0,3,Full,LGBM,0,0.5443897000513971,0.0,515,0.8151931096059227,0.9116139533815836,0.8400000000000001,0.8400000000000001,0.9318859088974032,0.6,0.9509333333333334
user-knowledge,0,3,-FeatWeights,KNN,0,0.2094441999215632,0.0,515,0.7219703555998301,0.830371798637408,0.737051282051282,0.6810606060606059,0.6653365190951505,0.5769230769230769,0.9542736263736264
user-knowledge,0,3,-FeatWeights,CART,0,0.2094441999215632,0.0,515,0.7887052226069512,0.8888583621894931,0.8085897435897437,0.7945437199269952,0.8664599444099274,0.6,0.8928424908424908
user-knowledge,0,3,-FeatWeights,SVM,0,0.2094441999215632,0.0,515,0.8485755910508882,0.9219715857542854,0.8633333333333333,0.8626848192065582,0.9157619768947912,0.6,0.9808863654863657
user-knowledge,0,3,-FeatWeights,RF,0,0.2094441999215632,0.0,515,0.8082836966339406,0.9053813056618604,0.8316666666666667,0.8319710959454035,0.9150161612379946,0.6,0.9817097883597884
user-knowledge,0,3,-FeatWeights,LGBM,0,0.2094441999215632,0.0,515,0.7377178438528492,0.8758284966564832,0.7816666666666666,0.7724346575410406,0.8820497840984889,0.4,0.9584
user-knowledge,0,3,-Subgroups,KNN,0,0.3992004999890923,0.0,515,0.7487823775882237,0.8468689357285426,0.7601282051282052,0.7207239568941695,0.7067171544450327,0.6,0.9320856125356126
user-knowledge,0,3,-Subgroups,CART,0,0.3992004999890923,0.0,515,0.7817244319721275,0.8830021080567831,0.800897435897436,0.7862103865936618,0.8503560317550666,0.6,0.8872106227106228
user-knowledge,0,3,-Subgroups,SVM,0,0.3992004999890923,0.0,515,0.7824782659983073,0.8991397809456616,0.8233333333333333,0.8172302737520128,0.8992773831294923,0.4,0.9799066035816036
user-knowledge,0,3,-Subgroups,RF,0,0.3992004999890923,0.0,515,0.8082836966339406,0.9053813056618604,0.8316666666666667,0.8319710959454035,0.9150161612379946,0.6,0.985777207977208
user-knowledge,0,3,-Subgroups,LGBM,0,0.3992004999890923,0.0,515,0.8151931096059227,0.9116139533815836,0.8400000000000001,0.8400000000000001,0.9318859088974032,0.6,0.9509333333333334
user-knowledge,0,3,-Mahalanobis,KNN,0,0.5541442000539973,0.0,515,0.7487823775882237,0.8468689357285426,0.7601282051282052,0.7207239568941695,0.7067171544450327,0.6,0.9320856125356126
user-knowledge,0,3,-Mahalanobis,CART,0,0.5541442000539973,0.0,515,0.7817244319721275,0.8830021080567831,0.800897435897436,0.7862103865936618,0.8503560317550666,0.6,0.8872106227106228
user-knowledge,0,3,-Mahalanobis,SVM,0,0.5541442000539973,0.0,515,0.7824782659983073,0.8991397809456616,0.8233333333333333,0.8172302737520128,0.8992773831294923,0.4,0.9799066035816036
user-knowledge,0,3,-Mahalanobis,RF,0,0.5541442000539973,0.0,515,0.8082836966339406,0.9053813056618604,0.8316666666666667,0.8319710959454035,0.9150161612379946,0.6,0.985777207977208
user-knowledge,0,3,-Mahalanobis,LGBM,0,0.5541442000539973,0.0,515,0.8151931096059227,0.9116139533815836,0.8400000000000001,0.8400000000000001,0.9318859088974032,0.6,0.9509333333333334
user-knowledge,0,3,-NoiseGate,KNN,0,0.5604790999786928,0.0,515,0.7487823775882237,0.8468689357285426,0.7601282051282052,0.7207239568941695,0.7067171544450327,0.6,0.931267378917379
user-knowledge,0,3,-NoiseGate,CART,0,0.5604790999786928,0.0,515,0.7817244319721275,0.8830021080567831,0.800897435897436,0.7862103865936618,0.8503560317550666,0.6,0.8872106227106228
user-knowledge,0,3,-NoiseGate,SVM,0,0.5604790999786928,0.0,515,0.8485755910508882,0.9219715857542854,0.8633333333333333,0.8626848192065582,0.9157619768947912,0.6,0.9805887464387464
user-knowledge,0,3,-NoiseGate,RF,0,0.5604790999786928,0.0,515,0.8082836966339406,0.9053813056618604,0.8316666666666667,0.8319710959454035,0.9150161612379946,0.6,0.9858736518111518
user-knowledge,0,3,-NoiseGate,LGBM,0,0.5604790999786928,0.0,515,0.808823632784743,0.9057909340003444,0.8323076923076924,0.8319967987194878,0.9150883373846652,0.6,0.952384523809524
user-knowledge,0,3,-ConfSteer,KNN,0,0.5620441000210121,0.0,515,0.7487823775882237,0.8468689357285426,0.7601282051282052,0.7207239568941695,0.7067171544450327,0.6,0.9320856125356126
user-knowledge,0,3,-ConfSteer,CART,0,0.5620441000210121,0.0,515,0.7817244319721275,0.8830021080567831,0.800897435897436,0.7862103865936618,0.8503560317550666,0.6,0.8872106227106228
user-knowledge,0,3,-ConfSteer,SVM,0,0.5620441000210121,0.0,515,0.7824782659983073,0.8991397809456616,0.8233333333333333,0.8172302737520128,0.8992773831294923,0.4,0.9799066035816036
user-knowledge,0,3,-ConfSteer,RF,0,0.5620441000210121,0.0,515,0.8082836966339406,0.9053813056618604,0.8316666666666667,0.8319710959454035,0.9150161612379946,0.6,0.9860438746438746
user-knowledge,0,3,-ConfSteer,LGBM,0,0.5620441000210121,0.0,515,0.7516960157530126,0.8884443332777431,0.8,0.797979797979798,0.9150521816921764,0.4,0.9541333333333334
user-knowledge,0,4,Full,KNN,0,0.5806050999090075,0.0,515,0.7355551389742049,0.837115102613424,0.7423443223443223,0.6944936604511073,0.705607229317587,0.6,0.9205547673008756
user-knowledge,0,4,Full,CART,0,0.5806050999090075,0.0,515,0.9589438658896732,0.97145444653386,0.9602564102564102,0.9455436720142604,0.9148610855197834,0.8846153846153846,0.9715197395197396
user-knowledge,0,4,Full,SVM,0,0.5806050999090075,0.0,515,0.9028804514474345,0.9509126630703392,0.91,0.9240041928721172,0.9657731108872532,0.75,0.9959260308891889
user-knowledge,0,4,Full,RF,0,0.5806050999090075,0.0,515,0.8637485533560989,0.940342424143394,0.8923076923076924,0.8923076923076924,0.9493570100956576,0.5,0.9984433573249362
user-knowledge,0,4,Full,LGBM,0,0.5806050999090075,0.0,515,0.944087511294902,0.9728727982020472,0.95,0.9676549865229108,0.9829971999170428,0.75,0.9995726495726496
user-knowledge,0,4,-FeatWeights,KNN,0,0.2210386999649927,0.0,515,0.6553454048152115,0.7899466680326761,0.6692673992673993,0.636039396039396,0.6446203344994866,0.5,0.896961760746027
user-knowledge,0,4,-FeatWeights,CART,0,0.2210386999649927,0.0,515,0.925277952364252,0.9562795494099054,0.9285897435897436,0.8956666666666667,0.9158851889931884,0.8,0.956692393376604
user-knowledge,0,4,-FeatWeights,SVM,0,0.2210386999649927,0.0,515,0.845737981510287,0.923187961032861,0.8623076923076922,0.8589743589743589,0.9316330904414916,0.6,0.990427560353876
user-knowledge,0,4,-FeatWeights,RF,0,0.2210386999649927,0.0,515,0.8705505632961241,0.9456567382865024,0.9,0.9113779302458548,0.9661789615716272,0.5,0.9967545733993102
user-knowledge,0,4,-FeatWeights,LGBM,0,0.2210386999649927,0.0,515,0.9367109235275384,0.9676284634635564,0.9423076923076924,0.9455544455544456,0.9659091797165053,0.75,0.9986663217873744
user-knowledge,0,4,-Subgroups,KNN,0,0.3816455999622121,0.0,515,0.7355551389742049,0.837115102613424,0.7423443223443223,0.6944936604511073,0.705607229317587,0.6,0.9205547673008756
user-knowledge,0,4,-Subgroups,CART,0,0.3816455999622121,0.0,515,0.9589438658896732,0.97145444653386,0.9602564102564102,0.9455436720142604,0.9148610855197834,0.8846153846153846,0.9715197395197396
user-knowledge,0,4,-Subgroups,SVM,0,0.3816455999622121,0.0,515,0.9028804514474345,0.9509126630703392,0.91,0.9240041928721172,0.9657731108872532,0.75,0.9959260308891889
user-knowledge,0,4,-Subgroups,RF,0,0.3816455999622121,0.0,515,0.8637485533560989,0.940342424143394,0.8923076923076924,0.8923076923076924,0.9493570100956576,0.5,0.9984433573249362
user-knowledge,0,4,-Subgroups,LGBM,0,0.3816455999622121,0.0,515,0.944087511294902,0.9728727982020472,0.95,0.9676549865229108,0.9829971999170428,0.75,0.9995726495726496
user-knowledge,0,4,-Mahalanobis,KNN,0,0.5628307999577373,0.0,515,0.7355551389742049,0.837115102613424,0.7423443223443223,0.6944936604511073,0.705607229317587,0.6,0.9205547673008756
user-knowledge,0,4,-Mahalanobis,CART,0,0.5628307999577373,0.0,515,0.9589438658896732,0.97145444653386,0.9602564102564102,0.9455436720142604,0.9148610855197834,0.8846153846153846,0.9715197395197396
user-knowledge,0,4,-Mahalanobis,SVM,0,0.5628307999577373,0.0,515,0.9028804514474345,0.9509126630703392,0.91,0.9240041928721172,0.9657731108872532,0.75,0.9959260308891889
user-knowledge,0,4,-Mahalanobis,RF,0,0.5628307999577373,0.0,515,0.8637485533560989,0.940342424143394,0.8923076923076924,0.8923076923076924,0.9493570100956576,0.5,0.9984433573249362
user-knowledge,0,4,-Mahalanobis,LGBM,0,0.5628307999577373,0.0,515,0.944087511294902,0.9728727982020472,0.95,0.9676549865229108,0.9829971999170428,0.75,0.9995726495726496
user-knowledge,0,4,-NoiseGate,KNN,0,0.5654337999876589,0.0,515,0.7431397858658362,0.8426131357441696,0.75003663003663,0.7071505071505071,0.7198116117216776,0.6,0.9198378666089748
user-knowledge,0,4,-NoiseGate,CART,0,0.5654337999876589,0.0,515,0.9500632259758371,0.9666496324230952,0.953205128205128,0.9185959595959596,0.9002815978207137,0.8076923076923077,0.9667444465865518
user-knowledge,0,4,-NoiseGate,SVM,0,0.5654337999876589,0.0,515,0.9028804514474345,0.9509126630703392,0.91,0.9240041928721172,0.9657731108872532,0.75,0.9959260308891889
user-knowledge,0,4,-NoiseGate,RF,0,0.5654337999876589,0.0,515,0.8637485533560989,0.940342424143394,0.8923076923076924,0.8923076923076924,0.9493570100956576,0.5,0.9981326435747488
user-knowledge,0,4,-NoiseGate,LGBM,0,0.5654337999876589,0.0,515,0.9287715499855476,0.9616956803558384,0.9339743589743592,0.9366479636148116,0.9489927132447492,0.75,0.99956629019129
user-knowledge,0,4,-ConfSteer,KNN,0,0.5504486999707296,0.0,515,0.7355551389742049,0.837115102613424,0.7423443223443223,0.6944936604511073,0.705607229317587,0.6,0.9205547673008756
user-knowledge,0,4,-ConfSteer,CART,0,0.5504486999707296,0.0,515,0.9589438658896732,0.97145444653386,0.9602564102564102,0.9455436720142604,0.9148610855197834,0.8846153846153846,0.9715197395197396
user-knowledge,0,4,-ConfSteer,SVM,0,0.5504486999707296,0.0,515,0.9028804514474345,0.9509126630703392,0.91,0.9240041928721172,0.9657731108872532,0.75,0.9959260308891889
user-knowledge,0,4,-ConfSteer,RF,0,0.5504486999707296,0.0,515,0.8637485533560989,0.940342424143394,0.8923076923076924,0.8923076923076924,0.9493570100956576,0.5,0.9981144099565152
user-knowledge,0,4,-ConfSteer,LGBM,0,0.5504486999707296,0.0,515,0.9367109235275384,0.9676284634635564,0.9423076923076924,0.9455544455544456,0.9659091797165053,0.75,0.9989147548358076
wall-robot-nav,0,0,Full,KNN,0,1.5037478000158444,0.0,5172,0.8727215475421133,0.9076474053235328,0.875301689292507,0.8338602481523103,0.7597898014736193,0.8080495356037152,0.9589991496381058
wall-robot-nav,0,0,Full,CART,0,1.5037478000158444,0.0,5172,0.9940149674325338,0.9957769429318049,0.994026220753634,0.9905686190032654,0.9887112124229236,0.9876160990712074,0.9957784846557962
wall-robot-nav,0,0,Full,SVM,0,1.5037478000158444,0.0,5172,0.899123524026357,0.9285776996489048,0.8999648984213084,0.8800210013035292,0.8268146232062356,0.8359133126934984,0.9729570366553254
wall-robot-nav,0,0,Full,RF,0,1.5037478000158444,0.0,5172,0.9924325939361912,0.9954240974224404,0.992469685242518,0.9927356027120904,0.9924802381654342,0.9791666666666666,0.999956734745122
wall-robot-nav,0,0,Full,LGBM,0,1.5037478000158444,0.0,5172,0.9984484049470226,0.998857735246306,0.9984520123839008,0.9971744221566032,0.9962386163585538,0.9938080495356038,0.9999983773714716
wall-robot-nav,0,0,-FeatWeights,KNN,0,0.8791300000157207,0.0,5172,0.8730808312897724,0.9078603940824244,0.8758952063861647,0.8328829528725772,0.7586189019828047,0.7956656346749226,0.9592275467350968
wall-robot-nav,0,0,-FeatWeights,CART,0,0.8791300000157207,0.0,5172,0.9945144546704388,0.995834746460624,0.9945443488400144,0.9913974737390042,0.9868802813082768,0.9814241486068112,0.9958355835907232
wall-robot-nav,0,0,-FeatWeights,SVM,0,0.8791300000157207,0.0,5172,0.9011417713452772,0.929897226970714,0.9020310141237878,0.8814650570748132,0.8288742464258497,0.8359133126934984,0.9736008058298302
wall-robot-nav,0,0,-FeatWeights,RF,0,0.8791300000157207,0.0,5172,0.9903757277638454,0.9941343451446746,0.9904035695400386,0.991294591443213,0.990587592526948,0.9791666666666666,0.9999441295700956
wall-robot-nav,0,0,-FeatWeights,LGBM,0,0.8791300000157207,0.0,5172,0.9968895424183604,0.9977153052488422,0.9969040247678018,0.9943773269508396,0.9925038573125776,0.9876160990712074,1.0
wall-robot-nav,0,0,-Subgroups,KNN,0,0.8917528999736533,0.0,5172,0.8727215475421133,0.9076474053235328,0.875301689292507,0.8338602481523103,0.7597898014736193,0.8080495356037152,0.9589991496381058
wall-robot-nav,0,0,-Subgroups,CART,0,0.8917528999736533,0.0,5172,0.9940149674325338,0.9957769429318049,0.994026220753634,0.9905686190032654,0.9887112124229236,0.9876160990712074,0.9957784846557962
wall-robot-nav,0,0,-Subgroups,SVM,0,0.8917528999736533,0.0,5172,0.899123524026357,0.9285776996489048,0.8999648984213084,0.8800210013035292,0.8268146232062356,0.8359133126934984,0.97295544117126
wall-robot-nav,0,0,-Subgroups,RF,0,0.8917528999736533,0.0,5172,0.9924325939361912,0.9954240974224404,0.992469685242518,0.9927356027120904,0.9924802381654342,0.9791666666666666,0.999956734745122
wall-robot-nav,0,0,-Subgroups,LGBM,0,0.8917528999736533,0.0,5172,0.9984484049470226,0.998857735246306,0.9984520123839008,0.9971744221566032,0.9962386163585538,0.9938080495356038,0.9999983773714716
wall-robot-nav,0,0,-Mahalanobis,KNN,0,1.3191079000243917,0.0,5172,0.8727215475421133,0.9076474053235328,0.875301689292507,0.8338602481523103,0.7597898014736193,0.8080495356037152,0.9589991496381058
wall-robot-nav,0,0,-Mahalanobis,CART,0,1.3191079000243917,0.0,5172,0.9940149674325338,0.9957769429318049,0.994026220753634,0.9905686190032654,0.9887112124229236,0.9876160990712074,0.9957784846557962
wall-robot-nav,0,0,-Mahalanobis,SVM,0,1.3191079000243917,0.0,5172,0.899123524026357,0.9285776996489048,0.8999648984213084,0.8800210013035292,0.8268146232062356,0.8359133126934984,0.9729623671464372
wall-robot-nav,0,0,-Mahalanobis,RF,0,1.3191079000243917,0.0,5172,0.9924325939361912,0.9954240974224404,0.992469685242518,0.9927356027120904,0.9924802381654342,0.9791666666666666,0.999956734745122
wall-robot-nav,0,0,-Mahalanobis,LGBM,0,1.3191079000243917,0.0,5172,0.9984484049470226,0.998857735246306,0.9984520123839008,0.9971744221566032,0.9962386163585538,0.9938080495356038,0.9999967547429433
wall-robot-nav,0,0,-NoiseGate,KNN,0,1.3503913999302313,0.0,5172,0.8727215475421133,0.9076474053235328,0.875301689292507,0.8338602481523103,0.7597898014736193,0.8080495356037152,0.9590416772914554
wall-robot-nav,0,0,-NoiseGate,CART,0,1.3503913999302313,0.0,5172,0.9880210290864296,0.9923576159530691,0.9880438936122512,0.9846176728260324,0.9849522221010436,0.9791666666666666,0.9923670326401992
wall-robot-nav,0,0,-NoiseGate,SVM,0,1.3503913999302313,0.0,5172,0.899123524026357,0.9285776996489048,0.8999648984213084,0.8800210013035292,0.8268146232062356,0.8359133126934984,0.9729649474211794
wall-robot-nav,0,0,-NoiseGate,RF,0,1.3503913999302313,0.0,5172,0.9924325939361912,0.9954240974224404,0.992469685242518,0.9927356027120904,0.9924802381654342,0.9791666666666666,0.9999593421643272
wall-robot-nav,0,0,-NoiseGate,LGBM,0,1.3503913999302313,0.0,5172,0.999225105966008,0.9994288882432112,0.9992260061919505,0.998583596516413,0.998115958114398,0.9969040247678018,1.0
wall-robot-nav,0,0,-ConfSteer,KNN,0,1.3133335000602528,0.0,5172,0.8727215475421133,0.9076474053235328,0.875301689292507,0.8338602481523103,0.7597898014736193,0.8080495356037152,0.9589991496381058
wall-robot-nav,0,0,-ConfSteer,CART,0,1.3133335000602528,0.0,5172,0.9940149674325338,0.9957769429318049,0.994026220753634,0.9905686190032654,0.9887112124229236,0.9876160990712074,0.9957784846557962
wall-robot-nav,0,0,-ConfSteer,SVM,0,1.3133335000602528,0.0,5172,0.899123524026357,0.9285776996489048,0.8999648984213084,0.8800210013035292,0.8268146232062356,0.8359133126934984,0.9729623671464372
wall-robot-nav,0,0,-ConfSteer,RF,0,1.3133335000602528,0.0,5172,0.9924325939361912,0.9954240974224404,0.992469685242518,0.9927356027120904,0.9924802381654342,0.9791666666666666,0.999956734745122
wall-robot-nav,0,0,-ConfSteer,LGBM,0,1.3133335000602528,0.0,5172,0.9984484049470226,0.998857735246306,0.9984520123839008,0.9971744221566032,0.9962386163585538,0.9938080495356038,0.9999967547429433
wall-robot-nav,0,1,Full,KNN,0,1.582340499968268,0.0,5172,0.8797000413733383,0.9135673493497564,0.8823504662848176,0.8379370986169721,0.7775176428963471,0.7770897832817337,0.9533313098976008
wall-robot-nav,0,1,Full,CART,0,1.582340499968268,0.0,5172,0.9837387944217374,0.9904660305588692,0.9838654198086368,0.9872285499098884,0.9886760815855832,0.9583333333333334,0.990488171830124
wall-robot-nav,0,1,Full,SVM,0,1.582340499968268,0.0,5172,0.8989664787779844,0.9279086453730366,0.9012358695109188,0.8740262399158031,0.8170009395386345,0.7956656346749226,0.9695330789229636
wall-robot-nav,0,1,Full,RF,0,1.582340499968268,0.0,5172,0.9915907347740284,0.9946670974097328,0.991620302427191,0.9925330734037116,0.990572890142485,0.9791666666666666,0.9999067488998246
wall-robot-nav,0,1,Full,LGBM,0,1.582340499968268,0.0,5172,0.9947504748695322,0.9971389988844112,0.9947916666666666,0.9969632346668942,0.9981139805038052,0.9791666666666666,0.9999983502270088
wall-robot-nav,0,1,-FeatWeights,KNN,0,0.8764553000219166,0.0,5172,0.8810529586670584,0.9143896315216684,0.8841230217619889,0.8374705279334834,0.7766139272212998,0.7708978328173375,0.9532409105247286
wall-robot-nav,0,1,-FeatWeights,CART,0,0.8764553000219166,0.0,5172,0.98583389276056,0.991820887851272,0.9859692300147548,0.9896412573089068,0.9905628745892914,0.9583333333333334,0.9918382524395336
wall-robot-nav,0,1,-FeatWeights,SVM,0,0.8764553000219166,0.0,5172,0.8958506115267255,0.9260206750475624,0.8975378292900457,0.8753492941007037,0.818020625647771,0.804953560371517,0.9687907786358982
wall-robot-nav,0,1,-FeatWeights,RF,0,0.8764553000219166,0.0,5172,0.9895356133968888,0.9933693113431332,0.9895541867247116,0.9911106370600696,0.9886759568171244,0.9791666666666666,0.9999450444546948
wall-robot-nav,0,1,-FeatWeights,LGBM,0,0.8764553000219166,0.0,5172,0.9947504748695322,0.9971389988844112,0.9947916666666666,0.9969632346668942,0.9981139805038052,0.9791666666666666,0.9999983502270088
wall-robot-nav,0,1,-Subgroups,KNN,0,0.8373597000027075,0.0,5172,0.8797000413733383,0.9135673493497564,0.8823504662848176,0.8379370986169721,0.7775176428963471,0.7770897832817337,0.9533313098976008
wall-robot-nav,0,1,-Subgroups,CART,0,0.8373597000027075,0.0,5172,0.9837387944217374,0.9904660305588692,0.9838654198086368,0.9872285499098884,0.9886760815855832,0.9583333333333334,0.990488171830124
wall-robot-nav,0,1,-Subgroups,SVM,0,0.8373597000027075,0.0,5172,0.8989664787779844,0.9279086453730366,0.9012358695109188,0.8740262399158031,0.8170009395386345,0.7956656346749226,0.969541273498994
wall-robot-nav,0,1,-Subgroups,RF,0,0.8373597000027075,0.0,5172,0.9915907347740284,0.9946670974097328,0.991620302427191,0.9925330734037116,0.990572890142485,0.9791666666666666,0.9999067488998246
wall-robot-nav,0,1,-Subgroups,LGBM,0,0.8373597000027075,0.0,5172,0.9947504748695322,0.9971389988844112,0.9947916666666666,0.9969632346668942,0.9981139805038052,0.9791666666666666,0.9999983502270088
wall-robot-nav,0,1,-Mahalanobis,KNN,0,1.7716179999988526,0.0,5172,0.8797000413733383,0.9135673493497564,0.8823504662848176,0.8379370986169721,0.7775176428963471,0.7770897832817337,0.9533313098976008
wall-robot-nav,0,1,-Mahalanobis,CART,0,1.7716179999988526,0.0,5172,0.9837387944217374,0.9904660305588692,0.9838654198086368,0.9872285499098884,0.9886760815855832,0.9583333333333334,0.990488171830124
wall-robot-nav,0,1,-Mahalanobis,SVM,0,1.7716179999988526,0.0,5172,0.8989664787779844,0.9279086453730366,0.9012358695109188,0.8740262399158031,0.8170009395386345,0.7956656346749226,0.9695314562944352
wall-robot-nav,0,1,-Mahalanobis,RF,0,1.7716179999988526,0.0,5172,0.9915907347740284,0.9946670974097328,0.991620302427191,0.9925330734037116,0.990572890142485,0.9791666666666666,0.9999083851005844
wall-robot-nav,0,1,-Mahalanobis,LGBM,0,1.7716179999988526,0.0,5172,0.9947504748695322,0.9971389988844112,0.9947916666666666,0.9969632346668942,0.9981139805038052,0.9791666666666666,0.9999983502270088
wall-robot-nav,0,1,-NoiseGate,KNN,0,1.5421667000046,0.0,5172,0.8797000413733383,0.9135673493497564,0.8823504662848176,0.8379370986169721,0.7775176428963471,0.7770897832817337,0.9534178223800244
wall-robot-nav,0,1,-NoiseGate,CART,0,1.5421667000046,0.0,5172,0.9829741309645436,0.9898935483375142,0.9830914260005872,0.985811053158576,0.9867891842365556,0.9583333333333334,0.98991708066984
wall-robot-nav,0,1,-NoiseGate,SVM,0,1.5421667000046,0.0,5172,0.8989664787779844,0.9279086453730366,0.9012358695109188,0.8740262399158031,0.8170009395386345,0.7956656346749226,0.9695335379654656
wall-robot-nav,0,1,-NoiseGate,RF,0,1.5421667000046,0.0,5172,0.9915907347740284,0.9946670974097328,0.991620302427191,0.9925330734037116,0.990572890142485,0.9791666666666666,0.9999249890461808
wall-robot-nav,0,1,-NoiseGate,LGBM,0,1.5421667000046,0.0,5172,0.9947504748695322,0.9971389988844112,0.9947916666666666,0.9969632346668942,0.9981139805038052,0.9791666666666666,0.9999983502270088
wall-robot-nav,0,1,-ConfSteer,KNN,0,1.6250297999940813,0.0,5172,0.8797000413733383,0.9135673493497564,0.8823504662848176,0.8379370986169721,0.7775176428963471,0.7770897832817337,0.9533313098976008
wall-robot-nav,0,1,-ConfSteer,CART,0,1.6250297999940813,0.0,5172,0.9837387944217374,0.9904660305588692,0.9838654198086368,0.9872285499098884,0.9886760815855832,0.9583333333333334,0.990488171830124
wall-robot-nav,0,1,-ConfSteer,SVM,0,1.6250297999940813,0.0,5172,0.8989664787779844,0.9279086453730366,0.9012358695109188,0.8740262399158031,0.8170009395386345,0.7956656346749226,0.9695314562944352
wall-robot-nav,0,1,-ConfSteer,RF,0,1.6250297999940813,0.0,5172,0.9915907347740284,0.9946670974097328,0.991620302427191,0.9925330734037116,0.990572890142485,0.9791666666666666,0.9999083851005844
wall-robot-nav,0,1,-ConfSteer,LGBM,0,1.6250297999940813,0.0,5172,0.9947504748695322,0.9971389988844112,0.9947916666666666,0.9969632346668942,0.9981139805038052,0.9791666666666666,0.9999983502270088
wall-robot-nav,0,2,Full,KNN,0,1.3470703000202775,0.0,5168,0.8485695439050304,0.8915649951084809,0.8505785956910599,0.8151393006981904,0.7335625414225919,0.7746913580246914,0.9474158103375904
wall-robot-nav,0,2,Full,CART,0,1.3470703000202775,0.0,5168,0.9830872080153104,0.9882965167529238,0.9832051555598096,0.9807533285286196,0.9717918486953436,0.9669421487603306,0.9883096991282664
wall-robot-nav,0,2,Full,SVM,0,1.3470703000202775,0.0,5168,0.8633233162892645,0.90287495691789,0.8665993218218443,0.8384255900804818,0.7594559218405286,0.7438271604938271,0.954199272286998
wall-robot-nav,0,2,Full,RF,0,1.3470703000202775,0.0,5168,0.9854523760140012,0.9901087789452124,0.9855626976839098,0.9842840249557996,0.9774010413680436,0.9669421487603306,0.9993660209743216
wall-robot-nav,0,2,Full,LGBM,0,1.3470703000202775,0.0,5168,0.9947976192225504,0.9962543641289991,0.994804737235149,0.9941672541817368,0.9905692203903024,0.9907407407407408,0.999925910535284
wall-robot-nav,0,2,-FeatWeights,KNN,0,0.8861418000888079,0.0,5168,0.855156440056482,0.8960351575109837,0.8570256419108335,0.8212849089413511,0.7427938952201906,0.7839506172839507,0.9470548317834302
wall-robot-nav,0,2,-FeatWeights,CART,0,0.8861418000888079,0.0,5168,0.983868987724912,0.9888674417237008,0.9839767604980812,0.982121215400264,0.97364411945731,0.9669421487603306,0.9888795958536616
wall-robot-nav,0,2,-FeatWeights,SVM,0,0.8861418000888079,0.0,5168,0.8642174897469003,0.9033697361415154,0.8673709267601158,0.8415004693248969,0.7609052569467448,0.7469135802469136,0.9543951589364044
wall-robot-nav,0,2,-FeatWeights,RF,0,0.8861418000888079,0.0,5168,0.9867691085146338,0.990837005053148,0.9868572084481176,0.9843528128660338,0.9774607912913112,0.9722222222222222,0.9994925928868872
wall-robot-nav,0,2,-FeatWeights,LGBM,0,0.8861418000888079,0.0,5168,0.9927186159707814,0.9949663133234572,0.9927386215326696,0.9927162625822996,0.9886774920574386,0.9834710743801652,0.999965041903722
wall-robot-nav,0,2,-Subgroups,KNN,0,0.839350700029172,0.0,5168,0.8485695439050304,0.8915649951084809,0.8505785956910599,0.8151393006981904,0.7335625414225919,0.7746913580246914,0.9474158103375904
wall-robot-nav,0,2,-Subgroups,CART,0,0.839350700029172,0.0,5168,0.9830872080153104,0.9882965167529238,0.9832051555598096,0.9807533285286196,0.9717918486953436,0.9669421487603306,0.9883096991282664
wall-robot-nav,0,2,-Subgroups,SVM,0,0.839350700029172,0.0,5168,0.8633233162892645,0.90287495691789,0.8665993218218443,0.8384255900804818,0.7594559218405286,0.7438271604938271,0.95419765126822
wall-robot-nav,0,2,-Subgroups,RF,0,0.839350700029172,0.0,5168,0.9854523760140012,0.9901087789452124,0.9855626976839098,0.9842840249557996,0.9774010413680436,0.9669421487603306,0.9993660209743216
wall-robot-nav,0,2,-Subgroups,LGBM,0,0.839350700029172,0.0,5168,0.9968636690195593,0.99755085129393,0.9968708529376282,0.9955884998084752,0.99246683190274,0.9907407407407408,0.9999194264601724
wall-robot-nav,0,2,-Mahalanobis,KNN,0,1.3910360999871043,0.0,5168,0.8485695439050304,0.8915649951084809,0.8505785956910599,0.8151393006981904,0.7335625414225919,0.7746913580246914,0.9474158103375904
wall-robot-nav,0,2,-Mahalanobis,CART,0,1.3910360999871043,0.0,5168,0.9830872080153104,0.9882965167529238,0.9832051555598096,0.9807533285286196,0.9717918486953436,0.9669421487603306,0.9883096991282664
wall-robot-nav,0,2,-Mahalanobis,SVM,0,1.3910360999871043,0.0,5168,0.8633233162892645,0.90287495691789,0.8665993218218443,0.8384255900804818,0.7594559218405286,0.7438271604938271,0.9541975897266782
wall-robot-nav,0,2,-Mahalanobis,RF,0,1.3910360999871043,0.0,5168,0.9854523760140012,0.9901087789452124,0.9855626976839098,0.9842840249557996,0.9774010413680436,0.9669421487603306,0.9993660209743216
wall-robot-nav,0,2,-Mahalanobis,LGBM,0,1.3910360999871043,0.0,5168,0.9968636690195593,0.99755085129393,0.9968708529376282,0.9955884998084752,0.99246683190274,0.9907407407407408,0.9999194264601724
wall-robot-nav,0,2,-NoiseGate,KNN,0,1.3597657999489456,0.0,5168,0.849413472888149,0.8921449899207431,0.8513502006293314,0.8163344541773996,0.7351932775915981,0.7777777777777778,0.947471749365668
wall-robot-nav,0,2,-NoiseGate,CART,0,1.3597657999489456,0.0,5168,0.9830872080153104,0.9882965167529238,0.9832051555598096,0.9807533285286196,0.9717918486953436,0.9669421487603306,0.9883096991282664
wall-robot-nav,0,2,-NoiseGate,SVM,0,1.3597657999489456,0.0,5168,0.8633233162892645,0.90287495691789,0.8665993218218443,0.8384255900804818,0.7594559218405286,0.7438271604938271,0.9541903735742496
wall-robot-nav,0,2,-NoiseGate,RF,0,1.3597657999489456,0.0,5168,0.9854523760140012,0.9901087789452124,0.9855626976839098,0.9842840249557996,0.9774010413680436,0.9669421487603306,0.9993630719115102
wall-robot-nav,0,2,-NoiseGate,LGBM,0,1.3597657999489456,0.0,5168,0.9960863868153484,0.9969113999667654,0.9960992479993566,0.9947933229808852,0.9905884841286444,0.9876543209876544,0.9999743697018152
wall-robot-nav,0,2,-ConfSteer,KNN,0,1.3773712000111118,0.0,5168,0.8485695439050304,0.8915649951084809,0.8505785956910599,0.8151393006981904,0.7335625414225919,0.7746913580246914,0.9474158103375904
wall-robot-nav,0,2,-ConfSteer,CART,0,1.3773712000111118,0.0,5168,0.9830872080153104,0.9882965167529238,0.9832051555598096,0.9807533285286196,0.9717918486953436,0.9669421487603306,0.9883096991282664
wall-robot-nav,0,2,-ConfSteer,SVM,0,1.3773712000111118,0.0,5168,0.8633233162892645,0.90287495691789,0.8665993218218443,0.8384255900804818,0.7594559218405286,0.7438271604938271,0.9541975897266782
wall-robot-nav,0,2,-ConfSteer,RF,0,1.3773712000111118,0.0,5168,0.9854523760140012,0.9901087789452124,0.9855626976839098,0.9842840249557996,0.9774010413680436,0.9669421487603306,0.9993660209743216
wall-robot-nav,0,2,-ConfSteer,LGBM,0,1.3773712000111118,0.0,5168,0.9968636690195593,0.99755085129393,0.9968708529376282,0.9955884998084752,0.99246683190274,0.9907407407407408,0.9999194264601724
wall-robot-nav,0,3,Full,KNN,0,1.3147264999570325,0.0,5172,0.8714260937854756,0.9088407476821858,0.8727825127058445,0.8334190097249798,0.778119399688062,0.7956656346749226,0.9604465197508606
wall-robot-nav,0,3,Full,CART,0,1.3147264999570325,0.0,5172,0.9858826390236256,0.9907632406291346,0.9858944570948884,0.986554062005672,0.9829934362755598,0.9791666666666666,0.9907752627340022
wall-robot-nav,0,3,Full,SVM,0,1.3147264999570325,0.0,5172,0.8876218894726186,0.921579013616996,0.8897629672699124,0.8681601191448124,0.8148359460186745,0.7894736842105263,0.9692849824148264
wall-robot-nav,0,3,Full,RF,0,1.3147264999570325,0.0,5172,0.9809016065797092,0.9889423468893612,0.9812386863282944,0.9847914019240268,0.9867708873188474,0.9375,0.9995655778116016
wall-robot-nav,0,3,Full,LGBM,0,1.3147264999570325,0.0,5172,0.9915424100965712,0.9944786006341624,0.991574676115946,0.9938083940628936,0.9905626498305622,0.9791666666666666,0.9999248130306706
wall-robot-nav,0,3,-FeatWeights,KNN,0,0.9318718999857084,0.0,5172,0.8817282225808342,0.9152320524954556,0.8834147066546729,0.8403155263742446,0.7853330223178095,0.8080495356037152,0.9587560020131584
wall-robot-nav,0,3,-FeatWeights,CART,0,0.9318718999857084,0.0,5172,0.9843385737703167,0.9896184196410904,0.9843464694787892,0.9837385129917208,0.9792277736621812,0.9791666666666666,0.989632537362531
wall-robot-nav,0,3,-FeatWeights,SVM,0,0.9318718999857084,0.0,5172,0.8869334345015394,0.9208828392309084,0.888908296582848,0.8674171787808153,0.8127561777390757,0.7925696594427245,0.969246896871587
wall-robot-nav,0,3,-FeatWeights,RF,0,0.9318718999857084,0.0,5172,0.985534771287043,0.991252206607973,0.9856730258535782,0.98650737808832,0.986790214271814,0.9583333333333334,0.9997373467203072
wall-robot-nav,0,3,-FeatWeights,LGBM,0,0.9318718999857084,0.0,5172,0.9923972346149296,0.9951775281789648,0.9924293468030104,0.9946009212414104,0.9924401690724316,0.9791666666666666,0.9997884916015544
wall-robot-nav,0,3,-Subgroups,KNN,0,0.8140472000231966,0.0,5172,0.8714260937854756,0.9088407476821858,0.8727825127058445,0.8334190097249798,0.778119399688062,0.7956656346749226,0.9604465197508606
wall-robot-nav,0,3,-Subgroups,CART,0,0.8140472000231966,0.0,5172,0.9858826390236256,0.9907632406291346,0.9858944570948884,0.986554062005672,0.9829934362755598,0.9791666666666666,0.9907752627340022
wall-robot-nav,0,3,-Subgroups,SVM,0,0.8140472000231966,0.0,5172,0.8876218894726186,0.921579013616996,0.8897629672699124,0.8681601191448124,0.8148359460186745,0.7894736842105263,0.9692850115242592
wall-robot-nav,0,3,-Subgroups,RF,0,0.8140472000231966,0.0,5172,0.9809016065797092,0.9889423468893612,0.9812386863282944,0.9847914019240268,0.9867708873188474,0.9375,0.9995655778116016
wall-robot-nav,0,3,-Subgroups,LGBM,0,0.8140472000231966,0.0,5172,0.9923568193334524,0.9951487866206598,0.9923890083635032,0.994601720148356,0.9924443459716428,0.9791666666666666,0.9999137453789234
wall-robot-nav,0,3,-Mahalanobis,KNN,0,1.300547100021504,0.0,5172,0.8714260937854756,0.9088407476821858,0.8727825127058445,0.8334190097249798,0.778119399688062,0.7956656346749226,0.9604465197508606
wall-robot-nav,0,3,-Mahalanobis,CART,0,1.300547100021504,0.0,5172,0.9858826390236256,0.9907632406291346,0.9858944570948884,0.986554062005672,0.9829934362755598,0.9791666666666666,0.9907752627340022
wall-robot-nav,0,3,-Mahalanobis,SVM,0,1.300547100021504,0.0,5172,0.8876218894726186,0.921579013616996,0.8897629672699124,0.8681601191448124,0.8148359460186745,0.7894736842105263,0.9692849824148264
wall-robot-nav,0,3,-Mahalanobis,RF,0,1.300547100021504,0.0,5172,0.9809016065797092,0.9889423468893612,0.9812386863282944,0.9847914019240268,0.9867708873188474,0.9375,0.9995655778116016
wall-robot-nav,0,3,-Mahalanobis,LGBM,0,1.300547100021504,0.0,5172,0.9915424100965712,0.9944786006341624,0.991574676115946,0.9938083940628936,0.9905626498305622,0.9791666666666666,0.9999248130306706
wall-robot-nav,0,3,-NoiseGate,KNN,0,1.3209242000011727,0.0,5172,0.8714260937854756,0.9088407476821858,0.8727825127058445,0.8334190097249798,0.778119399688062,0.7956656346749226,0.9604465197508606
wall-robot-nav,0,3,-NoiseGate,CART,0,1.3209242000011727,0.0,5172,0.9858826390236256,0.9907632406291346,0.9858944570948884,0.986554062005672,0.9829934362755598,0.9791666666666666,0.9907752627340022
wall-robot-nav,0,3,-NoiseGate,SVM,0,1.3209242000011727,0.0,5172,0.8876218894726186,0.921579013616996,0.8897629672699124,0.8681601191448124,0.8148359460186745,0.7894736842105263,0.9692916903305032
wall-robot-nav,0,3,-NoiseGate,RF,0,1.3209242000011727,0.0,5172,0.985534771287043,0.991252206607973,0.9856730258535782,0.98650737808832,0.986790214271814,0.9583333333333334,0.9995949575182224
wall-robot-nav,0,3,-NoiseGate,LGBM,0,1.3209242000011727,0.0,5172,0.9891839984926486,0.9925254097822884,0.98921235625229,0.9914271889015028,0.9848813507482704,0.9791666666666666,0.9998220360505804
wall-robot-nav,0,3,-ConfSteer,KNN,0,1.3315400999272242,0.0,5172,0.8714260937854756,0.9088407476821858,0.8727825127058445,0.8334190097249798,0.778119399688062,0.7956656346749226,0.9604465197508606
wall-robot-nav,0,3,-ConfSteer,CART,0,1.3315400999272242,0.0,5172,0.9858826390236256,0.9907632406291346,0.9858944570948884,0.986554062005672,0.9829934362755598,0.9791666666666666,0.9907752627340022
wall-robot-nav,0,3,-ConfSteer,SVM,0,1.3315400999272242,0.0,5172,0.8876218894726186,0.921579013616996,0.8897629672699124,0.8681601191448124,0.8148359460186745,0.7894736842105263,0.9692849824148264
wall-robot-nav,0,3,-ConfSteer,RF,0,1.3315400999272242,0.0,5172,0.9809016065797092,0.9889423468893612,0.9812386863282944,0.9847914019240268,0.9867708873188474,0.9375,0.9995655778116016
wall-robot-nav,0,3,-ConfSteer,LGBM,0,1.3315400999272242,0.0,5172,0.9915424100965712,0.9944786006341624,0.991574676115946,0.9938083940628936,0.9905626498305622,0.9791666666666666,0.9999248130306706
wall-robot-nav,0,4,Full,KNN,0,1.4064285000786183,0.0,5172,0.8646679525587374,0.9028602044787458,0.8659451472093287,0.8303673053505306,0.7618853838611153,0.8175895765472313,0.9506545170908788
wall-robot-nav,0,4,Full,CART,0,1.4064285000786183,0.0,5172,0.9938901111074504,0.9955665781316412,0.9939025614992432,0.9902952304614048,0.9887062522899556,0.986970684039088,0.995567971100862
wall-robot-nav,0,4,Full,SVM,0,1.4064285000786183,0.0,5172,0.8802385898658861,0.9151796575718988,0.8812821168258715,0.8537035143990142,0.7951096629261024,0.8173374613003096,0.9674771187565292
wall-robot-nav,0,4,Full,RF,0,1.4064285000786183,0.0,5172,0.9971541619728564,0.998071398556748,0.9971598904894712,0.9977633703907468,0.9962267663457496,0.9917355371900828,0.9999628033764284
wall-robot-nav,0,4,Full,LGBM,0,1.4064285000786183,0.0,5172,0.994752323940966,0.9962738353853284,0.9947572321863076,0.9910691595925448,0.990567949499604,0.9917355371900828,0.9998978287243732
wall-robot-nav,0,4,-FeatWeights,KNN,0,0.8559786999830976,0.0,5172,0.862125086412936,0.901178029984944,0.8635424889061651,0.824136711033215,0.7571131738305985,0.8110749185667753,0.949261021341028
wall-robot-nav,0,4,-FeatWeights,CART,0,0.8559786999830976,0.0,5172,0.993199232048177,0.9949912689382496,0.9932092445702084,0.9894815374085886,0.9868071996753144,0.9876160990712074,0.9949928675997934
wall-robot-nav,0,4,-FeatWeights,SVM,0,0.8559786999830976,0.0,5172,0.8831223691824153,0.9171513456578448,0.8841222263364005,0.8559976190418348,0.7989869642309295,0.8204334365325078,0.9674213056080442
wall-robot-nav,0,4,-FeatWeights,RF,0,0.8559786999830976,0.0,5172,0.9950702338399392,0.9967832580581087,0.9950937747869918,0.9963135106102295,0.9943437630667248,0.9834710743801652,0.999974890496334
wall-robot-nav,0,4,-FeatWeights,LGBM,0,0.8559786999830976,0.0,5172,0.989487388874742,0.9933804752223584,0.9895085604134668,0.988032348835314,0.9886696085093776,0.9791666666666666,0.9998715684245638
wall-robot-nav,0,4,-Subgroups,KNN,0,0.85959439992439,0.0,5172,0.8646679525587374,0.9028602044787458,0.8659451472093287,0.8303673053505306,0.7618853838611153,0.8175895765472313,0.9506545170908788
wall-robot-nav,0,4,-Subgroups,CART,0,0.85959439992439,0.0,5172,0.9938901111074504,0.9955665781316412,0.9939025614992432,0.9902952304614048,0.9887062522899556,0.986970684039088,0.995567971100862
wall-robot-nav,0,4,-Subgroups,SVM,0,0.85959439992439,0.0,5172,0.8802385898658861,0.9151796575718988,0.8812821168258715,0.8537035143990142,0.7951096629261024,0.8173374613003096,0.9674708484228454
wall-robot-nav,0,4,-Subgroups,RF,0,0.85959439992439,0.0,5172,0.9971541619728564,0.998071398556748,0.9971598904894712,0.9977633703907468,0.9962267663457496,0.9917355371900828,0.9999628033764284
wall-robot-nav,0,4,-Subgroups,LGBM,0,0.85959439992439,0.0,5172,0.994752323940966,0.9962738353853284,0.9947572321863076,0.9910691595925448,0.990567949499604,0.9917355371900828,0.9998978287243732
wall-robot-nav,0,4,-Mahalanobis,KNN,0,1.3989553999854252,0.0,5172,0.8646679525587374,0.9028602044787458,0.8659451472093287,0.8303673053505306,0.7618853838611153,0.8175895765472313,0.9506545170908788
wall-robot-nav,0,4,-Mahalanobis,CART,0,1.3989553999854252,0.0,5172,0.9938901111074504,0.9955665781316412,0.9939025614992432,0.9902952304614048,0.9887062522899556,0.986970684039088,0.995567971100862
wall-robot-nav,0,4,-Mahalanobis,SVM,0,1.3989553999854252,0.0,5172,0.8802385898658861,0.9151796575718988,0.8812821168258715,0.8537035143990142,0.7951096629261024,0.8173374613003096,0.9674787739033736
wall-robot-nav,0,4,-Mahalanobis,RF,0,1.3989553999854252,0.0,5172,0.9971541619728564,0.998071398556748,0.9971598904894712,0.9977633703907468,0.9962267663457496,0.9917355371900828,0.9999628033764284
wall-robot-nav,0,4,-Mahalanobis,LGBM,0,1.3989553999854252,0.0,5172,0.9939359487569158,0.9956038325689802,0.9939428999387504,0.9902734754563468,0.988679597535506,0.990228013029316,0.9998888073321474
wall-robot-nav,0,4,-NoiseGate,KNN,0,1.3943097000010312,0.0,5172,0.8646679525587374,0.9028602044787458,0.8659451472093287,0.8303673053505306,0.7618853838611153,0.8175895765472313,0.9507225885333922
wall-robot-nav,0,4,-NoiseGate,CART,0,1.3943097000010312,0.0,5172,0.9938901111074504,0.9955665781316412,0.9939025614992432,0.9902952304614048,0.9887062522899556,0.986970684039088,0.995567971100862
wall-robot-nav,0,4,-NoiseGate,SVM,0,1.3943097000010312,0.0,5172,0.8802385898658861,0.9151796575718988,0.8812821168258715,0.8537035143990142,0.7951096629261024,0.8173374613003096,0.9674430126951488
wall-robot-nav,0,4,-NoiseGate,RF,0,1.3943097000010312,0.0,5172,0.9963411534193322,0.99740148446276,0.996345558241914,0.9969691495984884,0.9943316539274896,0.9917355371900828,0.9999451274788472
wall-robot-nav,0,4,-NoiseGate,LGBM,0,1.3943097000010312,0.0,5172,0.9939359487569158,0.9956038325689802,0.9939428999387504,0.9902734754563468,0.988679597535506,0.990228013029316,0.9999157733547694
wall-robot-nav,0,4,-ConfSteer,KNN,0,1.4757516999961808,0.0,5172,0.8646679525587374,0.9028602044787458,0.8659451472093287,0.8303673053505306,0.7618853838611153,0.8175895765472313,0.9506545170908788
wall-robot-nav,0,4,-ConfSteer,CART,0,1.4757516999961808,0.0,5172,0.9938901111074504,0.9955665781316412,0.9939025614992432,0.9902952304614048,0.9887062522899556,0.986970684039088,0.995567971100862
wall-robot-nav,0,4,-ConfSteer,SVM,0,1.4757516999961808,0.0,5172,0.8802385898658861,0.9151796575718988,0.8812821168258715,0.8537035143990142,0.7951096629261024,0.8173374613003096,0.9674787739033736
wall-robot-nav,0,4,-ConfSteer,RF,0,1.4757516999961808,0.0,5172,0.9971541619728564,0.998071398556748,0.9971598904894712,0.9977633703907468,0.9962267663457496,0.9917355371900828,0.9999628033764284
wall-robot-nav,0,4,-ConfSteer,LGBM,0,1.4757516999961808,0.0,5172,0.9939359487569158,0.9956038325689802,0.9939428999387504,0.9902734754563468,0.988679597535506,0.990228013029316,0.9998888073321474
winequality-red,0,0,Full,KNN,0,0.8640581000363454,0.0,2720,0.418690424778276,0.6041005277016028,0.4284042273415226,0.3457847853427702,0.2471168410223146,0.3333333333333333,0.6773390856064128
winequality-red,0,0,Full,CART,0,0.8640581000363454,0.0,2720,0.0,0.6188253779086503,0.4384038006364002,0.4056154750599194,0.3576143850430502,0.0,0.6559509063577116
winequality-red,0,0,Full,SVM,0,0.8640581000363454,0.0,2720,0.459749889123978,0.6358688125093305,0.4702750767633807,0.3830620808317856,0.2860309112184203,0.3333333333333333,0.7406725830238508
winequality-red,0,0,Full,RF,0,0.8640581000363454,0.0,2720,0.0,0.6226631873681258,0.4347104065541907,0.4218125960061444,0.445299280887436,0.0,0.8131909152911738
winequality-red,0,0,Full,LGBM,0,0.8640581000363454,0.0,2720,0.0,0.6074555817258285,0.417411136481198,0.4102267041181256,0.4094029219946152,0.0,0.8077020099825658
winequality-red,0,0,-FeatWeights,KNN,0,0.5609600000316277,0.0,2720,0.0,0.5688504863552367,0.3779218241382733,0.3368983825244415,0.2672357142610607,0.0,0.7241037023790333
winequality-red,0,0,-FeatWeights,CART,0,0.5609600000316277,0.0,2720,0.0,0.6019884469626962,0.4137621284399834,0.3793500550364843,0.3570864719687099,0.0,0.6448018710890089
winequality-red,0,0,-FeatWeights,SVM,0,0.5609600000316277,0.0,2720,0.4590531032283225,0.6362573723903133,0.4698845370771918,0.3844418590375498,0.2932147617021181,0.3333333333333333,0.7458422219198908
winequality-red,0,0,-FeatWeights,RF,0,0.5609600000316277,0.0,2720,0.0,0.6346328606606113,0.4504670853601826,0.4380216186170418,0.45553534143915,0.0,0.8216126298109291
winequality-red,0,0,-FeatWeights,LGBM,0,0.5609600000316277,0.0,2720,0.0,0.6329576234218897,0.4483411011082142,0.4440811326277518,0.4599666199510795,0.0,0.818409760720115
winequality-red,0,0,-Subgroups,KNN,0,0.5759953999659047,0.0,2720,0.418690424778276,0.6039843220113306,0.4284042273415226,0.3464396979693714,0.2459898451939714,0.3333333333333333,0.7088665778982935
winequality-red,0,0,-Subgroups,CART,0,0.5759953999659047,0.0,2720,0.0,0.580528453472752,0.3870536446713238,0.371163095233346,0.3419817232538423,0.0,0.6288841557844249
winequality-red,0,0,-Subgroups,SVM,0,0.5759953999659047,0.0,2720,0.459749889123978,0.6358688125093305,0.4702750767633807,0.3830620808317856,0.2860309112184203,0.3333333333333333,0.7406461728187972
winequality-red,0,0,-Subgroups,RF,0,0.5759953999659047,0.0,2720,0.0,0.6178968433328166,0.4278600128534032,0.4178375120668597,0.4446713848523499,0.0,0.8098680540203755
winequality-red,0,0,-Subgroups,LGBM,0,0.5759953999659047,0.0,2720,0.0,0.6293371632333136,0.4424694731672144,0.4379107510494371,0.4650674258951917,0.0,0.8222313812219083
winequality-red,0,0,-Mahalanobis,KNN,0,0.9274478000588716,0.0,2720,0.418690424778276,0.6041005277016028,0.4284042273415226,0.3457847853427702,0.2471168410223146,0.3333333333333333,0.6773390856064128
winequality-red,0,0,-Mahalanobis,CART,0,0.9274478000588716,0.0,2720,0.0,0.6188253779086503,0.4384038006364002,0.4056154750599194,0.3576143850430502,0.0,0.6559509063577116
winequality-red,0,0,-Mahalanobis,SVM,0,0.9274478000588716,0.0,2720,0.459749889123978,0.6358688125093305,0.4702750767633807,0.3830620808317856,0.2860309112184203,0.3333333333333333,0.7406888935583122
winequality-red,0,0,-Mahalanobis,RF,0,0.9274478000588716,0.0,2720,0.0,0.6228214743665931,0.4347104065541907,0.4208882690288845,0.4464397020826423,0.0,0.8134069436294021
winequality-red,0,0,-Mahalanobis,LGBM,0,0.9274478000588716,0.0,2720,0.0,0.6240369109527152,0.4357797208826003,0.4281493108033227,0.4561233493150539,0.0,0.8221563894071611
winequality-red,0,0,-NoiseGate,KNN,0,0.8777857000241056,0.0,2720,0.418690424778276,0.6039843220113306,0.4284042273415226,0.3464396979693714,0.2459898451939714,0.3333333333333333,0.7099031267218098
winequality-red,0,0,-NoiseGate,CART,0,0.8777857000241056,0.0,2720,0.0,0.6127379049511587,0.4283715887537947,0.4031290723945611,0.370135757235391,0.0,0.6524124999062907
winequality-red,0,0,-NoiseGate,SVM,0,0.8777857000241056,0.0,2720,0.459749889123978,0.6358688125093305,0.4702750767633807,0.3830620808317856,0.2860309112184203,0.3333333333333333,0.7404546607249396
winequality-red,0,0,-NoiseGate,RF,0,0.8777857000241056,0.0,2720,0.0,0.6479286060269446,0.4689937509470241,0.4478726058398189,0.4617383627313198,0.0,0.8022609113179803
winequality-red,0,0,-NoiseGate,LGBM,0,0.8777857000241056,0.0,2720,0.0,0.6125171718461603,0.4202742320614037,0.416925914665045,0.4480165112883794,0.0,0.807519861865497
winequality-red,0,0,-ConfSteer,KNN,0,0.882035099901259,0.0,2720,0.418690424778276,0.6041005277016028,0.4284042273415226,0.3457847853427702,0.2471168410223146,0.3333333333333333,0.6773390856064128
winequality-red,0,0,-ConfSteer,CART,0,0.882035099901259,0.0,2720,0.0,0.5889076189582997,0.3970536446713238,0.3782218172637239,0.3556276101962966,0.0,0.6352589721616895
winequality-red,0,0,-ConfSteer,SVM,0,0.882035099901259,0.0,2720,0.459749889123978,0.6358688125093305,0.4702750767633807,0.3830620808317856,0.2860309112184203,0.3333333333333333,0.7406480274467213
winequality-red,0,0,-ConfSteer,RF,0,0.882035099901259,0.0,2720,0.0,0.6239067602393884,0.436285209703797,0.4249259702977011,0.4485156302964592,0.0,0.8140009014044377
winequality-red,0,0,-ConfSteer,LGBM,0,0.882035099901259,0.0,2720,0.0,0.6137264524466127,0.4225844223022221,0.4175420078005721,0.4438745120909028,0.0,0.8212621124562466
winequality-red,0,1,Full,KNN,0,0.8752485999139026,0.0,2725,0.435879307679219,0.6238889062011753,0.4572610294117646,0.3606265297861267,0.2483147788892749,0.25,0.7168205195862468
winequality-red,0,1,Full,CART,0,0.8752485999139026,0.0,2725,0.3664321483888185,0.6074978411192622,0.4287132352941176,0.3787350999449844,0.2910313144454394,0.1,0.6447767640082693
winequality-red,0,1,Full,SVM,0,0.8752485999139026,0.0,2725,0.5291389039480985,0.680335269025506,0.5326838235294118,0.414660607444179,0.3300971345965878,0.453125,0.8181457011015022
winequality-red,0,1,Full,RF,0,0.8752485999139026,0.0,2725,0.4900696511089845,0.6978914432760129,0.5386580882352942,0.5230963766252172,0.5115116959544868,0.2,0.8607262352910157
winequality-red,0,1,Full,LGBM,0,0.8752485999139026,0.0,2725,0.4853107916770405,0.6939065132147205,0.533658088235294,0.5083313249272884,0.5049373365407787,0.2,0.8605875660873865
winequality-red,0,1,-FeatWeights,KNN,0,0.4516115000005811,0.0,2725,0.4476768549813111,0.6351257515791111,0.4722610294117647,0.3711687393480604,0.2647601278898686,0.25,0.7213493973732075
winequality-red,0,1,-FeatWeights,CART,0,0.4516115000005811,0.0,2725,0.4524769193833398,0.6504275192975235,0.4860661764705882,0.4359745463561806,0.3437400196987046,0.2,0.6782165862225578
winequality-red,0,1,-FeatWeights,SVM,0,0.4516115000005811,0.0,2725,0.5393221168014043,0.6872089787145963,0.5426838235294118,0.4249042984358748,0.3390431623370829,0.453125,0.8196485632272081
winequality-red,0,1,-FeatWeights,RF,0,0.4516115000005811,0.0,2725,0.4991848464282826,0.7046634836341766,0.54875,0.5358627858627858,0.5201243251138465,0.2,0.8687561315636788
winequality-red,0,1,-FeatWeights,LGBM,0,0.4516115000005811,0.0,2725,0.4117055927888916,0.6672478416602369,0.4978125,0.4678768185221411,0.4619897480722603,0.1,0.8593891518674106
winequality-red,0,1,-Subgroups,KNN,0,0.6288786000804976,0.0,2725,0.4328291235685569,0.6214123251732828,0.4542279411764706,0.3559013983211597,0.242672824984403,0.25,0.7165293557009361
winequality-red,0,1,-Subgroups,CART,0,0.6288786000804976,0.0,2725,0.3730665857936973,0.615994871965976,0.4382720588235294,0.3920942070275403,0.3150102467350725,0.1,0.6520288806089761
winequality-red,0,1,-Subgroups,SVM,0,0.6288786000804976,0.0,2725,0.5291389039480985,0.6804657025316748,0.5326838235294118,0.4140817986664207,0.331184273161719,0.453125,0.8183049432218059
winequality-red,0,1,-Subgroups,RF,0,0.6288786000804976,0.0,2725,0.4866229682488373,0.6937949184467909,0.5338786764705883,0.5165249992263038,0.4978321494216191,0.2,0.8570256153026958
winequality-red,0,1,-Subgroups,LGBM,0,0.6288786000804976,0.0,2725,0.4249204939452211,0.6846641139896184,0.5180698529411765,0.4916213329505684,0.514679385239243,0.1,0.8590753793715302
winequality-red,0,1,-Mahalanobis,KNN,0,0.8875430000480264,0.0,2725,0.4328291235685569,0.6214123251732828,0.4542279411764706,0.3559013983211597,0.242672824984403,0.25,0.7166372693700009
winequality-red,0,1,-Mahalanobis,CART,0,0.8875430000480264,0.0,2725,0.3743506965598967,0.6157208351823636,0.4386764705882353,0.393319724650994,0.3079849057816248,0.1,0.6514472863782843
winequality-red,0,1,-Mahalanobis,SVM,0,0.8875430000480264,0.0,2725,0.5291389039480985,0.6804657025316748,0.5326838235294118,0.4140817986664207,0.331184273161719,0.453125,0.8182543499315962
winequality-red,0,1,-Mahalanobis,RF,0,0.8875430000480264,0.0,2725,0.5400817913678087,0.7151992864382773,0.5660294117647059,0.5513172235584373,0.51054909652277,0.3,0.8874432258271792
winequality-red,0,1,-Mahalanobis,LGBM,0,0.8875430000480264,0.0,2725,0.4231794675881107,0.678765351512208,0.5126838235294118,0.4879834164383332,0.4859691837545524,0.1,0.858680010957318
winequality-red,0,1,-NoiseGate,KNN,0,0.8871483999537304,0.0,2725,0.4377185262289597,0.6252179727794233,0.4588235294117647,0.362933464815924,0.2517550432281407,0.25,0.7173440182713241
winequality-red,0,1,-NoiseGate,CART,0,0.8871483999537304,0.0,2725,0.0,0.6044558436190159,0.4210845588235294,0.3756485671191553,0.3235590008619784,0.0,0.6443825369433835
winequality-red,0,1,-NoiseGate,SVM,0,0.8871483999537304,0.0,2725,0.5237383967764966,0.6767245044641953,0.5276838235294118,0.4105631710468446,0.3243817462098971,0.453125,0.8177919502155356
winequality-red,0,1,-NoiseGate,RF,0,0.8871483999537304,0.0,2725,0.537721793097091,0.7165332055254043,0.5653125,0.5449956439296878,0.5295234904716396,0.3,0.8589779305576842
winequality-red,0,1,-NoiseGate,LGBM,0,0.8871483999537304,0.0,2725,0.4262199692656934,0.6834645382930082,0.5183823529411764,0.5017320725875793,0.5017543216793025,0.1,0.8569035511753518
winequality-red,0,1,-ConfSteer,KNN,0,0.8686011999379843,0.0,2725,0.4328291235685569,0.6214123251732828,0.4542279411764706,0.3559013983211597,0.242672824984403,0.25,0.7165293557009361
winequality-red,0,1,-ConfSteer,CART,0,0.8686011999379843,0.0,2725,0.3720528029049829,0.6146403115560075,0.4367095588235294,0.3899394953171032,0.3111925011398181,0.1,0.6508879183787604
winequality-red,0,1,-ConfSteer,SVM,0,0.8686011999379843,0.0,2725,0.5291389039480985,0.6804657025316748,0.5326838235294118,0.4140817986664207,0.331184273161719,0.453125,0.818303404978716
winequality-red,0,1,-ConfSteer,RF,0,0.8686011999379843,0.0,2725,0.4845618517001666,0.6909953608141008,0.5308455882352942,0.513490342062099,0.4879832864431398,0.2,0.8556968412880949
winequality-red,0,1,-ConfSteer,LGBM,0,0.8686011999379843,0.0,2725,0.4239558015385257,0.6777196269200628,0.5128125000000001,0.4950544137220581,0.4749661751881465,0.1,0.8596242414859588
winequality-red,0,2,Full,KNN,0,0.8715368000557646,0.0,2725,0.3750544504161189,0.5966357920459349,0.4131066176470588,0.3560011036394436,0.2908662833131413,0.2,0.7142347651714448
winequality-red,0,2,Full,CART,0,0.8715368000557646,0.0,2725,0.4935106558599902,0.667620143796669,0.5088786764705883,0.4534937646499536,0.3691816217909471,0.3,0.6923793394694056
winequality-red,0,2,Full,SVM,0,0.8715368000557646,0.0,2725,0.4194438527297058,0.6155782924826301,0.4350183823529412,0.3657190829889207,0.3232845420421579,0.25,0.7820059298867176
winequality-red,0,2,Full,RF,0,0.8715368000557646,0.0,2725,0.4324281934713905,0.6697640153956462,0.4954779411764706,0.4759727484255786,0.5067672123969337,0.2,0.8508985134954663
winequality-red,0,2,Full,LGBM,0,0.8715368000557646,0.0,2725,0.4265410734912242,0.6608834406888605,0.4861580882352941,0.4773407126328244,0.4807898001957564,0.2,0.8077757441599307
winequality-red,0,2,-FeatWeights,KNN,0,0.4517019999912008,0.0,2725,0.4077735693713974,0.6123858505578471,0.4339889705882352,0.369629466441606,0.3027288397299923,0.25,0.7149318724794937
winequality-red,0,2,-FeatWeights,CART,0,0.4517019999912008,0.0,2725,0.4550258685602933,0.6587507347827368,0.4922426470588236,0.4376314308229202,0.3897107691236902,0.2,0.6869126011337452
winequality-red,0,2,-FeatWeights,SVM,0,0.4517019999912008,0.0,2725,0.4205138764673036,0.6166162541075141,0.4364889705882353,0.3678556612300445,0.3241188103427049,0.25,0.7801081102511117
winequality-red,0,2,-FeatWeights,RF,0,0.4517019999912008,0.0,2725,0.496116614554393,0.7033699749207213,0.5452941176470588,0.4980483187224759,0.5153415926453427,0.2,0.8521539028667664
winequality-red,0,2,-FeatWeights,LGBM,0,0.4517019999912008,0.0,2725,0.4312363328862728,0.6677627541589887,0.4937867647058823,0.4866982099322585,0.5037599492503362,0.2,0.8088316447653059
winequality-red,0,2,-Subgroups,KNN,0,0.5848355999914929,0.0,2725,0.3750544504161189,0.5966357920459349,0.4131066176470588,0.3560011036394436,0.2908662833131413,0.2,0.7139503697620265
winequality-red,0,2,-Subgroups,CART,0,0.5848355999914929,0.0,2725,0.48910831995162,0.6651657548869276,0.5049448529411764,0.4556978321198366,0.3718503721409568,0.3,0.6905851024362536
winequality-red,0,2,-Subgroups,SVM,0,0.5848355999914929,0.0,2725,0.4194438527297058,0.6155782924826301,0.4350183823529412,0.3657190829889207,0.3232845420421579,0.25,0.7818258105311533
winequality-red,0,2,-Subgroups,RF,0,0.5848355999914929,0.0,2725,0.4915953167450699,0.6981730337057854,0.5390073529411765,0.4949132521225544,0.5024588252238704,0.2,0.8450669728191583
winequality-red,0,2,-Subgroups,LGBM,0,0.5848355999914929,0.0,2725,0.4606660904168819,0.674098556093254,0.5042830882352941,0.4944490458409238,0.4923514898618353,0.25,0.8099951652343467
winequality-red,0,2,-Mahalanobis,KNN,0,0.8544933999655768,0.0,2725,0.3750544504161189,0.5966357920459349,0.4131066176470588,0.3560011036394436,0.2908662833131413,0.2,0.7142347651714448
winequality-red,0,2,-Mahalanobis,CART,0,0.8544933999655768,0.0,2725,0.4935106558599902,0.667620143796669,0.5088786764705883,0.4534937646499536,0.3691816217909471,0.3,0.6923793394694056
winequality-red,0,2,-Mahalanobis,SVM,0,0.8544933999655768,0.0,2725,0.4194438527297058,0.6155782924826301,0.4350183823529412,0.3657190829889207,0.3232845420421579,0.25,0.7820059298867176
winequality-red,0,2,-Mahalanobis,RF,0,0.8544933999655768,0.0,2725,0.4324281934713905,0.6697640153956462,0.4954779411764706,0.4759727484255786,0.5067672123969337,0.2,0.8538616590549065
winequality-red,0,2,-Mahalanobis,LGBM,0,0.8544933999655768,0.0,2725,0.4282305300811769,0.6656390857172791,0.4902573529411764,0.4823565950523588,0.5045134118434254,0.2,0.8168801032146661
winequality-red,0,2,-NoiseGate,KNN,0,0.8639638999011368,0.0,2725,0.3736283465521282,0.5951425515341994,0.4115441176470588,0.3542153893537293,0.286295897005523,0.2,0.7127128535936289
winequality-red,0,2,-NoiseGate,CART,0,0.8639638999011368,0.0,2725,0.4947665862201477,0.6706395586181386,0.5115441176470588,0.4428548056960551,0.3821935009820726,0.3,0.6953797114853113
winequality-red,0,2,-NoiseGate,SVM,0,0.8639638999011368,0.0,2725,0.4194438527297058,0.6154605454081888,0.4350183823529412,0.3660309837049153,0.3221993212854316,0.25,0.7818058375028396
winequality-red,0,2,-NoiseGate,RF,0,0.8639638999011368,0.0,2725,0.4888616476007495,0.6959796371946567,0.5357904411764706,0.4907175410532808,0.496905713582415,0.2,0.8547971340462738
winequality-red,0,2,-NoiseGate,LGBM,0,0.8639638999011368,0.0,2725,0.4316367387136637,0.6693915942572582,0.4950735294117647,0.485305770838244,0.5103627753284546,0.2,0.8216809402102541
winequality-red,0,2,-ConfSteer,KNN,0,0.8674601999809965,0.0,2725,0.3750544504161189,0.5966357920459349,0.4131066176470588,0.3560011036394436,0.2908662833131413,0.2,0.7142347651714448
winequality-red,0,2,-ConfSteer,CART,0,0.8674601999809965,0.0,2725,0.4935106558599902,0.667620143796669,0.5088786764705883,0.4534937646499536,0.3691816217909471,0.3,0.6923793394694056
winequality-red,0,2,-ConfSteer,SVM,0,0.8674601999809965,0.0,2725,0.4194438527297058,0.6155782924826301,0.4350183823529412,0.3657190829889207,0.3232845420421579,0.25,0.7820306009393492
winequality-red,0,2,-ConfSteer,RF,0,0.8674601999809965,0.0,2725,0.4334777888171863,0.6712262309163879,0.4970404411764706,0.4776510928684842,0.5117072046688198,0.2,0.8487690622029929
winequality-red,0,2,-ConfSteer,LGBM,0,0.8674601999809965,0.0,2725,0.4914319299525641,0.6987531104253814,0.5400735294117647,0.5122777611493564,0.5086220319191381,0.2,0.8084361852326255
winequality-red,0,3,Full,KNN,0,0.9686739000026136,0.0,2725,0.0,0.5574625350504689,0.3614249108734403,0.3394214633103522,0.2818705376262381,0.0,0.681917333876048
winequality-red,0,3,Full,CART,0,0.9686739000026136,0.0,2725,0.0,0.6175751239972522,0.4314220399698341,0.4121428241702441,0.4055302880162984,0.0,0.65773645962969
winequality-red,0,3,Full,SVM,0,0.9686739000026136,0.0,2725,0.5047227693228696,0.6857525081447932,0.5319587275469628,0.4502602121634115,0.4050680599443673,0.2727272727272727,0.801818389653157
winequality-red,0,3,Full,RF,0,0.9686739000026136,0.0,2725,0.3909449800235809,0.6833406483700832,0.5139208830385301,0.5005227978037718,0.5387885962314044,0.0909090909090909,0.8620248896080313
winequality-red,0,3,Full,LGBM,0,0.9686739000026136,0.0,2725,0.0,0.6143566726642324,0.4225817993281229,0.4166973716062124,0.4622093996013253,0.0,0.8516813405546658
winequality-red,0,3,-FeatWeights,KNN,0,0.5756614999845624,0.0,2725,0.3726429817415431,0.6005965248975259,0.4179317924722337,0.3603012796574487,0.2985511715765568,0.1818181818181818,0.6835347873111297
winequality-red,0,3,-FeatWeights,CART,0,0.5756614999845624,0.0,2725,0.0,0.5704829232834123,0.3706495098039215,0.36151221685624,0.3702290787900675,0.0,0.6243524038662821
winequality-red,0,3,-FeatWeights,SVM,0,0.5756614999845624,0.0,2725,0.503945367288826,0.6856892854432163,0.5324913444398739,0.4485141483903094,0.4002154852637609,0.2727272727272727,0.7998984817598288
winequality-red,0,3,-FeatWeights,RF,0,0.5756614999845624,0.0,2725,0.4400571724279888,0.6828598663867387,0.5165884666803785,0.4945722423586395,0.5068205634296177,0.1818181818181818,0.8549216294986163
winequality-red,0,3,-FeatWeights,LGBM,0,0.5756614999845624,0.0,2725,0.0,0.600453484591574,0.4051164215686274,0.3936528719084032,0.4472102313046731,0.0,0.8391269614998691
winequality-red,0,3,-Subgroups,KNN,0,0.6714777000015602,0.0,2725,0.0,0.5574625350504689,0.3614249108734403,0.3394214633103522,0.2818705376262381,0.0,0.681917333876048
winequality-red,0,3,-Subgroups,CART,0,0.6714777000015602,0.0,2725,0.0,0.624693706238666,0.4398402149321267,0.4138895944458555,0.4171590177657177,0.0,0.6635382821643688
winequality-red,0,3,-Subgroups,SVM,0,0.6714777000015602,0.0,2725,0.5047227693228696,0.6857525081447932,0.5319587275469628,0.4502602121634115,0.4050680599443673,0.2727272727272727,0.801826756866439
winequality-red,0,3,-Subgroups,RF,0,0.6714777000015602,0.0,2725,0.3872084068995658,0.6772656280775693,0.5059434132044427,0.4863279673824811,0.5244693118883116,0.0909090909090909,0.8612379231627593
winequality-red,0,3,-Subgroups,LGBM,0,0.6714777000015602,0.0,2725,0.0,0.6039634153033134,0.4075249811463046,0.3956132715332545,0.4677316228439702,0.0,0.8486260331151316
winequality-red,0,3,-Mahalanobis,KNN,0,0.9331021000398324,0.0,2725,0.0,0.5574625350504689,0.3614249108734403,0.3394214633103522,0.2818705376262381,0.0,0.681917333876048
winequality-red,0,3,-Mahalanobis,CART,0,0.9331021000398324,0.0,2725,0.0,0.6175751239972522,0.4314220399698341,0.4121428241702441,0.4055302880162984,0.0,0.65773645962969
winequality-red,0,3,-Mahalanobis,SVM,0,0.9331021000398324,0.0,2725,0.5047227693228696,0.6857525081447932,0.5319587275469628,0.4502602121634115,0.4050680599443673,0.2727272727272727,0.8018264698082959
winequality-red,0,3,-Mahalanobis,RF,0,0.9331021000398324,0.0,2725,0.3905457685397017,0.6823898605623291,0.5120095896750309,0.5014902269447724,0.5412953361502096,0.0909090909090909,0.8616283859514547
winequality-red,0,3,-Mahalanobis,LGBM,0,0.9331021000398324,0.0,2725,0.0,0.6012913952641182,0.4031509238310709,0.3941946302869671,0.4756475042770477,0.0,0.8551793035607604
winequality-red,0,3,-NoiseGate,KNN,0,0.9116162999998778,0.0,2725,0.0,0.5573963554325068,0.3613329991087344,0.3396110632161503,0.2818561945294731,0.0,0.683603370047823
winequality-red,0,3,-NoiseGate,CART,0,0.9116162999998778,0.0,2725,0.0,0.5829582614209884,0.3836821266968325,0.3718336834671024,0.4034561333739767,0.0,0.6347081021191683
winequality-red,0,3,-NoiseGate,SVM,0,0.9116162999998778,0.0,2725,0.5082775063962788,0.6895908820574371,0.5370869326751679,0.4529549380773788,0.4118910675901366,0.2727272727272727,0.8012204839266689
winequality-red,0,3,-NoiseGate,RF,0,0.9116162999998778,0.0,2725,0.3872721239355815,0.67720346135162,0.5083873234608529,0.4985614416274602,0.5100949816761463,0.0909090909090909,0.8705749975996591
winequality-red,0,3,-NoiseGate,LGBM,0,0.9116162999998778,0.0,2725,0.0,0.6401186100375348,0.4582414215686274,0.4484784766253734,0.4649106542533797,0.0,0.8514959331821181
winequality-red,0,3,-ConfSteer,KNN,0,0.8815366999479011,0.0,2725,0.0,0.5574625350504689,0.3614249108734403,0.3394214633103522,0.2818705376262381,0.0,0.681917333876048
winequality-red,0,3,-ConfSteer,CART,0,0.8815366999479011,0.0,2725,0.0,0.6175751239972522,0.4314220399698341,0.4121428241702441,0.4055302880162984,0.0,0.65773645962969
winequality-red,0,3,-ConfSteer,SVM,0,0.8815366999479011,0.0,2725,0.5047227693228696,0.6857525081447932,0.5319587275469628,0.4502602121634115,0.4050680599443673,0.2727272727272727,0.8018101659689464
winequality-red,0,3,-ConfSteer,RF,0,0.8815366999479011,0.0,2725,0.3838166626401238,0.6731078009421341,0.5005394727821199,0.4844671802006628,0.5196134724385144,0.0909090909090909,0.8640260358010776
winequality-red,0,3,-ConfSteer,LGBM,0,0.8815366999479011,0.0,2725,0.0,0.6041153736812419,0.4071761877828054,0.3979958607561945,0.4740178455842442,0.0,0.8541362168760678
winequality-red,0,4,Full,KNN,0,0.8416559000033885,0.0,2725,0.0,0.5709949994169053,0.3835235167796539,0.3251671256610741,0.2368608284114885,0.0,0.6772327931321165
winequality-red,0,4,Full,CART,0,0.8416559000033885,0.0,2725,0.0,0.6207326770349958,0.4354254915996463,0.4173126941659211,0.4130868895105035,0.0,0.6601639386818723
winequality-red,0,4,Full,SVM,0,0.8416559000033885,0.0,2725,0.0,0.6162982721925532,0.4377961177312729,0.3709061844790552,0.3199505910311874,0.0,0.8067611834745083
winequality-red,0,4,Full,RF,0,0.8416559000033885,0.0,2725,0.0,0.6315858147400127,0.4438856372899911,0.433051825559888,0.4794002031497885,0.0,0.8658194829328287
winequality-red,0,4,Full,LGBM,0,0.8416559000033885,0.0,2725,0.0,0.6243930532247597,0.4346871447218831,0.4293716965046888,0.4789609758670672,0.0,0.848049342522833
winequality-red,0,4,-FeatWeights,KNN,0,0.4644453999353573,0.0,2725,0.0,0.5711912298415742,0.3836948924165228,0.3215865943776213,0.2373257056875708,0.0,0.6841459377957275
winequality-red,0,4,-FeatWeights,CART,0,0.4644453999353573,0.0,2725,0.0,0.621036658351348,0.4355297065139584,0.415421149279417,0.4157777046642031,0.0,0.6605435262702379
winequality-red,0,4,-FeatWeights,SVM,0,0.4644453999353573,0.0,2725,0.0,0.5989235361133507,0.4146142995494546,0.359567195512219,0.3070722706425061,0.0,0.8061836910158175
winequality-red,0,4,-FeatWeights,RF,0,0.4644453999353573,0.0,2725,0.0,0.6300584966977906,0.4433159290917512,0.4292036639100282,0.4654880925924249,0.0,0.8369418051876192
winequality-red,0,4,-FeatWeights,LGBM,0,0.4644453999353573,0.0,2725,0.0,0.6310224730333326,0.4423156764495347,0.4371835121400339,0.4946934420815403,0.0,0.84205603051624
winequality-red,0,4,-Subgroups,KNN,0,0.5991528000449762,0.0,2725,0.0,0.5710235714494026,0.3835235167796539,0.3260822480586948,0.2372846970987263,0.0,0.6773140205689396
winequality-red,0,4,-Subgroups,CART,0,0.5991528000449762,0.0,2725,0.0,0.6166634419861717,0.4304254915996462,0.4158481459870992,0.4064367652275764,0.0,0.6569544735829196
winequality-red,0,4,-Subgroups,SVM,0,0.5991528000449762,0.0,2725,0.0,0.6162982721925532,0.4377961177312729,0.3709061844790552,0.3199505910311874,0.0,0.806743132932992
winequality-red,0,4,-Subgroups,RF,0,0.5991528000449762,0.0,2725,0.0,0.6437119201989744,0.461013726893764,0.444849538030264,0.4802423686350963,0.0,0.864199172426012
winequality-red,0,4,-Subgroups,LGBM,0,0.5991528000449762,0.0,2725,0.0,0.6372915452089665,0.4489275337908965,0.4456320776730263,0.514772777149544,0.0,0.8380486290215862
winequality-red,0,4,-Mahalanobis,KNN,0,0.846249199938029,0.0,2725,0.0,0.5709949994169053,0.3835235167796539,0.3251671256610741,0.2368608284114885,0.0,0.6772327931321165
winequality-red,0,4,-Mahalanobis,CART,0,0.846249199938029,0.0,2725,0.0,0.6207326770349958,0.4354254915996463,0.4173126941659211,0.4130868895105035,0.0,0.6601639386818723
winequality-red,0,4,-Mahalanobis,SVM,0,0.846249199938029,0.0,2725,0.0,0.6162982721925532,0.4377961177312729,0.3709061844790552,0.3199505910311874,0.0,0.8067348444953625
winequality-red,0,4,-Mahalanobis,RF,0,0.846249199938029,0.0,2725,0.0,0.6408463747433495,0.4555646553539096,0.4432522484869056,0.4947460640561796,0.0,0.8669856650217979
winequality-red,0,4,-Mahalanobis,LGBM,0,0.846249199938029,0.0,2725,0.0,0.6271734651222074,0.4375241062781591,0.4338439654695133,0.4890164907585388,0.0,0.8341596272473009
winequality-red,0,4,-NoiseGate,KNN,0,0.8526788000017405,0.0,2725,0.0,0.5775899666569181,0.3919487136300476,0.3307453262777757,0.2436379395909746,0.0,0.6770605836351229
winequality-red,0,4,-NoiseGate,CART,0,0.8526788000017405,0.0,2725,0.0,0.6291237037249919,0.4449414712198408,0.4234637131066653,0.4340147106213756,0.0,0.6672445544040473
winequality-red,0,4,-NoiseGate,SVM,0,0.8526788000017405,0.0,2725,0.0,0.6162982721925532,0.4377961177312729,0.3709061844790552,0.3199505910311874,0.0,0.8070569347362578
winequality-red,0,4,-NoiseGate,RF,0,0.8526788000017405,0.0,2725,0.0,0.6434738162954671,0.4564840624868415,0.4468245176054506,0.5171656536276511,0.0,0.8770273387480211
winequality-red,0,4,-NoiseGate,LGBM,0,0.8526788000017405,0.0,2725,0.0,0.6360251761660778,0.4465560655185481,0.4418574386276249,0.519286164358118,0.0,0.8264971197614799
winequality-red,0,4,-ConfSteer,KNN,0,0.8678407000843436,0.0,2725,0.0,0.5709949994169053,0.3835235167796539,0.3251671256610741,0.2368608284114885,0.0,0.6772327931321165
winequality-red,0,4,-ConfSteer,CART,0,0.8678407000843436,0.0,2725,0.0,0.6207326770349958,0.4354254915996463,0.4173126941659211,0.4130868895105035,0.0,0.6601639386818723
winequality-red,0,4,-ConfSteer,SVM,0,0.8678407000843436,0.0,2725,0.0,0.6162982721925532,0.4377961177312729,0.3709061844790552,0.3199505910311874,0.0,0.8067597098082511
winequality-red,0,4,-ConfSteer,RF,0,0.8678407000843436,0.0,2725,0.0,0.6316282517605881,0.4438856372899911,0.433436947124813,0.4795205127876953,0.0,0.8626919395336827
winequality-red,0,4,-ConfSteer,LGBM,0,0.8678407000843436,0.0,2725,0.0,0.6328474231931154,0.4435106741336477,0.4409245144091686,0.5079766645086258,0.0,0.837097488843815
winequality-white,0,0,Full,KNN,0,1.787432700046338,0.0,8616,0.4099341360962515,0.6218895238616412,0.4376424238838215,0.3402535382708131,0.2984534081405354,0.25,0.7074156519468873
winequality-white,0,0,Full,CART,0,1.787432700046338,0.0,8616,0.0,0.6106828801492126,0.4163903981070402,0.3789970421653723,0.3639630266873389,0.0,0.6560124179456192
winequality-white,0,0,Full,SVM,0,1.787432700046338,0.0,8616,0.374819773522033,0.5888427898447192,0.3964115448614192,0.3128652789976356,0.2462431237822095,0.25,0.7704410848946295
winequality-white,0,0,Full,RF,0,1.787432700046338,0.0,8616,0.0,0.6405262950563323,0.4525628767446317,0.4341849339217356,0.4377400149938165,0.0,0.8403371096372759
winequality-white,0,0,Full,LGBM,0,1.787432700046338,0.0,8616,0.0,0.6377291724277706,0.449103514303689,0.4371013611355638,0.4362179482147558,0.0,0.8464910958721998
winequality-white,0,0,-FeatWeights,KNN,0,1.253559400094673,0.0,8616,0.408145098489834,0.6187904629722466,0.4334692442436584,0.3372589961699239,0.2942001189675895,0.25,0.7016929838050321
winequality-white,0,0,-FeatWeights,CART,0,1.253559400094673,0.0,8616,0.4396479514194404,0.6377019538934782,0.4569119843336076,0.3904356433670913,0.3367431877681422,0.25,0.6734692506750771
winequality-white,0,0,-FeatWeights,SVM,0,1.253559400094673,0.0,8616,0.3735323468922116,0.5872084092313972,0.3945538573419669,0.3120131969291089,0.2419093048110852,0.25,0.7695804056539627
winequality-white,0,0,-FeatWeights,RF,0,1.253559400094673,0.0,8616,0.0,0.6504489817281726,0.4663111117757739,0.4442397625405454,0.4419731645731825,0.0,0.8524018349543869
winequality-white,0,0,-FeatWeights,LGBM,0,1.253559400094673,0.0,8616,0.4624527938255748,0.670989532962936,0.4965500927493663,0.4909459497286495,0.4454002221942653,0.25,0.8547364157059723
winequality-white,0,0,-Subgroups,KNN,0,1.2484813999617472,0.0,8616,0.4099341360962515,0.6218895238616412,0.4376424238838215,0.3402535382708131,0.2984534081405354,0.25,0.707805914891213
winequality-white,0,0,-Subgroups,CART,0,1.2484813999617472,0.0,8616,0.0,0.6040007539474472,0.4087820855155226,0.3700960751334279,0.3484422519757088,0.0,0.6506152337090446
winequality-white,0,0,-Subgroups,SVM,0,1.2484813999617472,0.0,8616,0.374819773522033,0.5888427898447192,0.3964115448614192,0.3128652789976356,0.2462431237822095,0.25,0.7704433836715294
winequality-white,0,0,-Subgroups,RF,0,1.2484813999617472,0.0,8616,0.0,0.632059868703178,0.441926428830069,0.4223656685954927,0.419982887903068,0.0,0.8415210471321308
winequality-white,0,0,-Subgroups,LGBM,0,1.2484813999617472,0.0,8616,0.4579235444828697,0.669132960579544,0.4922692124409858,0.4898630955138942,0.4602080719393642,0.25,0.8501912315625003
winequality-white,0,0,-Mahalanobis,KNN,0,1.7824823999544606,0.0,8616,0.4099341360962515,0.6218895238616412,0.4376424238838215,0.3402535382708131,0.2984534081405354,0.25,0.707805914891213
winequality-white,0,0,-Mahalanobis,CART,0,1.7824823999544606,0.0,8616,0.0,0.6082576552015774,0.4142681819968263,0.3773503662361306,0.3524855226996372,0.0,0.6536774066447925
winequality-white,0,0,-Mahalanobis,SVM,0,1.7824823999544606,0.0,8616,0.374819773522033,0.5888427898447192,0.3964115448614192,0.3128652789976356,0.2462431237822095,0.25,0.7704440497521219
winequality-white,0,0,-Mahalanobis,RF,0,1.7824823999544606,0.0,8616,0.0,0.6372895934942315,0.4481926462424441,0.4268615074383906,0.4321800376733277,0.0,0.8539085503162188
winequality-white,0,0,-Mahalanobis,LGBM,0,1.7824823999544606,0.0,8616,0.4536740553409743,0.6641941748490521,0.4862481797629812,0.4836522179493266,0.4440324947352119,0.25,0.8472861567614173
winequality-white,0,0,-NoiseGate,KNN,0,1.799769600038417,0.0,8616,0.4099341360962515,0.6219331057196563,0.4376424238838215,0.3401367497290139,0.2989346636814699,0.25,0.7078728141301321
winequality-white,0,0,-NoiseGate,CART,0,1.799769600038417,0.0,8616,0.4401138421702398,0.6401802878334449,0.4590933066716834,0.3885335308498545,0.3502996160434925,0.25,0.675894699555125
winequality-white,0,0,-NoiseGate,SVM,0,1.799769600038417,0.0,8616,0.3743262624358154,0.5882499351536976,0.3957112647493744,0.3119879628966872,0.2448937834942398,0.25,0.7704555992583768
winequality-white,0,0,-NoiseGate,RF,0,1.799769600038417,0.0,8616,0.0,0.6366594579221313,0.4479189604759679,0.4324609464222945,0.4290235454989002,0.0,0.8446346159867514
winequality-white,0,0,-NoiseGate,LGBM,0,1.799769600038417,0.0,8616,0.0,0.639319083946032,0.4505176477379355,0.4418178089379408,0.4455393799011703,0.0,0.8448066246725813
winequality-white,0,0,-ConfSteer,KNN,0,1.9099452000809836,0.0,8616,0.4099341360962515,0.6218895238616412,0.4376424238838215,0.3402535382708131,0.2984534081405354,0.25,0.7072376083567322
winequality-white,0,0,-ConfSteer,CART,0,1.9099452000809836,0.0,8616,0.0,0.6206559150708747,0.429324881711686,0.3906260345589379,0.3760828298525608,0.0,0.6632897873267097
winequality-white,0,0,-ConfSteer,SVM,0,1.9099452000809836,0.0,8616,0.374819773522033,0.5888427898447192,0.3964115448614192,0.3128652789976356,0.2462431237822095,0.25,0.7704599389753897
winequality-white,0,0,-ConfSteer,RF,0,1.9099452000809836,0.0,8616,0.0,0.6434562792528694,0.4568702261674297,0.43216562959432,0.4368392933363373,0.0,0.8433906920584701
winequality-white,0,0,-ConfSteer,LGBM,0,1.9099452000809836,0.0,8616,0.0,0.6432984682105143,0.4566769140339515,0.4453496771981251,0.4410053758983177,0.0,0.8425106075261127
winequality-white,0,1,Full,KNN,0,1.9709151999559251,0.0,8616,0.4572709040864868,0.6484331503052863,0.4753555837892775,0.3744237107250707,0.3029029466756521,0.25,0.7301861470081504
winequality-white,0,1,Full,CART,0,1.9709151999559251,0.0,8616,0.4843046213689678,0.6617597905179781,0.4899332385899784,0.4075772933864399,0.3530038569718736,0.3703703703703703,0.6918907977879035
winequality-white,0,1,Full,SVM,0,1.9709151999559251,0.0,8616,0.4600288079777742,0.6399535961553278,0.4654323841369829,0.3517780628628309,0.272060544168022,0.3899721448467966,0.7662281738918955
winequality-white,0,1,Full,RF,0,1.9709151999559251,0.0,8616,0.0,0.6354888441456846,0.4444790141373788,0.449457774953188,0.4540213625956554,0.0,0.8643577693605063
winequality-white,0,1,Full,LGBM,0,1.9709151999559251,0.0,8616,0.0,0.6314069237251814,0.4402610149083878,0.4576296064333855,0.4448094670328782,0.0,0.8152838723454557
winequality-white,0,1,-FeatWeights,KNN,0,1.3202679998939857,0.0,8616,0.4592314668908987,0.6498261647048119,0.4767405388855222,0.3758855583774524,0.3085693954506114,0.25,0.7297674513073712
winequality-white,0,1,-FeatWeights,CART,0,1.3202679998939857,0.0,8616,0.4418391074559914,0.6378250245502189,0.4568826253807001,0.401729953138588,0.3382698805444683,0.25,0.673654962042305
winequality-white,0,1,-FeatWeights,SVM,0,1.3202679998939857,0.0,8616,0.407671694857428,0.6085354289589047,0.4218224546085844,0.3314073548032049,0.2591221231126308,0.25,0.75781689912408
winequality-white,0,1,-FeatWeights,RF,0,1.3202679998939857,0.0,8616,0.0,0.6359457009915903,0.4457933217132928,0.4513616094050875,0.4481226278836026,0.0,0.8624174373769996
winequality-white,0,1,-FeatWeights,LGBM,0,1.3202679998939857,0.0,8616,0.0,0.6285686892784323,0.4365598903855363,0.4518587098606028,0.440938533924992,0.0,0.8225381809968998
winequality-white,0,1,-Subgroups,KNN,0,1.253180600004271,0.0,8616,0.4572709040864868,0.6484331503052863,0.4753555837892775,0.3744237107250707,0.3029029466756521,0.25,0.7301152373999744
winequality-white,0,1,-Subgroups,CART,0,1.253180600004271,0.0,8616,0.4850049938539121,0.6615737144034617,0.4901784233243488,0.4060099522167883,0.348363440374915,0.3703703703703703,0.691538666353882
winequality-white,0,1,-Subgroups,SVM,0,1.253180600004271,0.0,8616,0.4600288079777742,0.6399535961553278,0.4654323841369829,0.3517780628628309,0.272060544168022,0.3899721448467966,0.7662277872456095
winequality-white,0,1,-Subgroups,RF,0,1.253180600004271,0.0,8616,0.0,0.6248825750899367,0.4315692567133115,0.4356841565989233,0.4328535721954513,0.0,0.8607143982313513
winequality-white,0,1,-Subgroups,LGBM,0,1.253180600004271,0.0,8616,0.0,0.6376739041362411,0.4482844166759864,0.4601616763402394,0.4513761202108868,0.0,0.8196385334588698
winequality-white,0,1,-Mahalanobis,KNN,0,1.8246562000131237,0.0,8616,0.4572709040864868,0.6484331503052863,0.4753555837892775,0.3744237107250707,0.3029029466756521,0.25,0.730112927859767
winequality-white,0,1,-Mahalanobis,CART,0,1.8246562000131237,0.0,8616,0.4850049938539121,0.6615737144034617,0.4901784233243488,0.4060099522167883,0.348363440374915,0.3703703703703703,0.691538666353882
winequality-white,0,1,-Mahalanobis,SVM,0,1.8246562000131237,0.0,8616,0.4600288079777742,0.6399535961553278,0.4654323841369829,0.3517780628628309,0.272060544168022,0.3899721448467966,0.7662233830149529
winequality-white,0,1,-Mahalanobis,RF,0,1.8246562000131237,0.0,8616,0.46240078504108,0.6668323288397291,0.4902105547160575,0.4982588602128786,0.4489698771082522,0.25,0.8632419279824429
winequality-white,0,1,-Mahalanobis,LGBM,0,1.8246562000131237,0.0,8616,0.0,0.6322409300583544,0.4412129277069334,0.4555289269746885,0.4452066028237328,0.0,0.8131781670353427
winequality-white,0,1,-NoiseGate,KNN,0,1.8274976999964565,0.0,8616,0.4556616447293802,0.6469038545310202,0.4734978962698253,0.3727482205450381,0.2988805917215947,0.25,0.7297252999242215
winequality-white,0,1,-NoiseGate,CART,0,1.8274976999964565,0.0,8616,0.4431426724067711,0.6447894540874874,0.4627060021367465,0.4107660620088126,0.3811399855778626,0.25,0.6806160732810929
winequality-white,0,1,-NoiseGate,SVM,0,1.8274976999964565,0.0,8616,0.4605709773007679,0.6406040852422111,0.4661326642490278,0.3514975260251269,0.2744538414443808,0.3899721448467966,0.766435092202142
winequality-white,0,1,-NoiseGate,RF,0,1.8274976999964565,0.0,8616,0.0,0.6398734052209271,0.4508813971270959,0.4582105115082755,0.4531862968872463,0.0,0.8576664042829636
winequality-white,0,1,-NoiseGate,LGBM,0,1.8274976999964565,0.0,8616,0.0,0.6269192497765157,0.4351308291293408,0.446831642674147,0.4305827008442441,0.0,0.8218805369633673
winequality-white,0,1,-ConfSteer,KNN,0,1.8368924000533295,0.0,8616,0.4572709040864868,0.6484331503052863,0.4753555837892775,0.3744237107250707,0.3029029466756521,0.25,0.7302134440541334
winequality-white,0,1,-ConfSteer,CART,0,1.8368924000533295,0.0,8616,0.459514176622498,0.6482702889111694,0.471007614074207,0.3947950830675464,0.345855260576984,0.2962962962962963,0.6816264969123039
winequality-white,0,1,-ConfSteer,SVM,0,1.8368924000533295,0.0,8616,0.4594795175633518,0.639526552906023,0.4649681315835939,0.3511408231684239,0.2705946530299062,0.3871866295264624,0.7660539410918378
winequality-white,0,1,-ConfSteer,RF,0,1.8368924000533295,0.0,8616,0.4585610161504664,0.663181741100291,0.4855737998284014,0.4898861830236427,0.4400152512928031,0.25,0.8647254667235629
winequality-white,0,1,-ConfSteer,LGBM,0,1.8368924000533295,0.0,8616,0.0,0.6380305257836705,0.4485424973146176,0.4599592302718547,0.4533784993051513,0.0,0.8187990815490327
winequality-white,0,2,Full,KNN,0,1.8023429999593643,0.0,8616,0.0,0.6378807637644955,0.457568068466044,0.3714682233052211,0.3315555001001813,0.0,0.7280027048305474
winequality-white,0,2,Full,CART,0,1.8023429999593643,0.0,8616,0.4656835709303609,0.6600485847601034,0.4851212775445911,0.4241169856917409,0.3818577725949522,0.25,0.6915866394961766
winequality-white,0,2,Full,SVM,0,1.8023429999593643,0.0,8616,0.0,0.6223161231293487,0.4361895691965132,0.3446505070610765,0.3161406971670283,0.0,0.7644189941741469
winequality-white,0,2,Full,RF,0,1.8023429999593643,0.0,8616,0.0,0.6763994343347979,0.4994423372849471,0.4734431768979416,0.4886819867633356,0.0,0.8700443677584135
winequality-white,0,2,Full,LGBM,0,1.8023429999593643,0.0,8616,0.0,0.6534165416581527,0.468887599976324,0.4572422691340586,0.4630973670364151,0.0,0.8246891742105333
winequality-white,0,2,-FeatWeights,KNN,0,1.2610205999808386,0.0,8616,0.0,0.6391761408052841,0.458093221282043,0.3765807741856783,0.3444936966502364,0.0,0.7279758127410941
winequality-white,0,2,-FeatWeights,CART,0,1.2610205999808386,0.0,8616,0.0,0.6231825123431488,0.4307097092668914,0.3939332450375798,0.3962848866214123,0.0,0.6661880206088983
winequality-white,0,2,-FeatWeights,SVM,0,1.2610205999808386,0.0,8616,0.0,0.6243282291284598,0.438718480447534,0.3471559212715991,0.3197091745034014,0.0,0.7534437748916005
winequality-white,0,2,-FeatWeights,RF,0,1.2610205999808386,0.0,8616,0.0,0.6721384593652175,0.4937645397424928,0.4692296175524828,0.4824091131454447,0.0,0.8477050651558157
winequality-white,0,2,-FeatWeights,LGBM,0,1.2610205999808386,0.0,8616,0.0,0.6607278173327248,0.4800813388972407,0.4738024401136251,0.4609675734577181,0.0,0.8186561841291219
winequality-white,0,2,-Subgroups,KNN,0,1.3020969999488443,0.0,8616,0.0,0.6378807637644955,0.457568068466044,0.3714682233052211,0.3315555001001813,0.0,0.727997582614472
winequality-white,0,2,-Subgroups,CART,0,1.3020969999488443,0.0,8616,0.4656835709303609,0.6600485847601034,0.4851212775445911,0.4241169856917409,0.3818577725949522,0.25,0.6915866394961766
winequality-white,0,2,-Subgroups,SVM,0,1.3020969999488443,0.0,8616,0.0,0.6223161231293487,0.4361895691965132,0.3446505070610765,0.3161406971670283,0.0,0.7644178863115707
winequality-white,0,2,-Subgroups,RF,0,1.3020969999488443,0.0,8616,0.0,0.6757455790250623,0.4978900574565792,0.4778484348311296,0.4959781478582257,0.0,0.8611341074783171
winequality-white,0,2,-Subgroups,LGBM,0,1.3020969999488443,0.0,8616,0.0,0.6683278275061817,0.489193751417813,0.4827182117854905,0.4825790274245713,0.0,0.8264772357356011
winequality-white,0,2,-Mahalanobis,KNN,0,1.858259900007397,0.0,8616,0.0,0.6378807637644955,0.457568068466044,0.3714682233052211,0.3315555001001813,0.0,0.727997582614472
winequality-white,0,2,-Mahalanobis,CART,0,1.858259900007397,0.0,8616,0.4663367850883993,0.6628195587227851,0.48794588000363,0.4243106748267454,0.3928722312793342,0.25,0.6941558244460891
winequality-white,0,2,-Mahalanobis,SVM,0,1.858259900007397,0.0,8616,0.0,0.6223161231293487,0.4361895691965132,0.3446505070610765,0.3161406971670283,0.0,0.7644395230849118
winequality-white,0,2,-Mahalanobis,RF,0,1.858259900007397,0.0,8616,0.0,0.6787522431297315,0.5029525089091611,0.4830896252813496,0.4919614411789976,0.0,0.8615144416275703
winequality-white,0,2,-Mahalanobis,LGBM,0,1.858259900007397,0.0,8616,0.0,0.6559400391326788,0.4726074314038401,0.4658745037735701,0.4652695404893937,0.0,0.8232476490353848
winequality-white,0,2,-NoiseGate,KNN,0,1.941275599994697,0.0,8616,0.0,0.6382371964434012,0.458032321019433,0.3726554445274257,0.3321961909514205,0.0,0.7280960393572528
winequality-white,0,2,-NoiseGate,CART,0,1.941275599994697,0.0,8616,0.4634837526100515,0.6570099405228031,0.4812634887153073,0.4144844124728011,0.3722523208023477,0.25,0.6890992388460294
winequality-white,0,2,-NoiseGate,SVM,0,1.941275599994697,0.0,8616,0.0,0.6230819485184959,0.4371180743032912,0.3458926648456287,0.3178854385212986,0.0,0.7648862121471002
winequality-white,0,2,-NoiseGate,RF,0,1.941275599994697,0.0,8616,0.0,0.6774224743422289,0.5019270507837464,0.4816544432490382,0.483489099410082,0.0,0.8599124434870733
winequality-white,0,2,-NoiseGate,LGBM,0,1.941275599994697,0.0,8616,0.0,0.6587596200584488,0.4756133691549851,0.4694281305447667,0.4779979439313399,0.0,0.8183246678401256
winequality-white,0,2,-ConfSteer,KNN,0,2.227504499955103,0.0,8616,0.0,0.6378807637644955,0.457568068466044,0.3714682233052211,0.3315555001001813,0.0,0.7279016600039457
winequality-white,0,2,-ConfSteer,CART,0,2.227504499955103,0.0,8616,0.4661021638902478,0.6605039404064929,0.4855855300979801,0.4226828721737531,0.3838128602507473,0.25,0.6920086376929663
winequality-white,0,2,-ConfSteer,SVM,0,2.227504499955103,0.0,8616,0.0,0.6223161231293487,0.4361895691965132,0.3446505070610765,0.3161406971670283,0.0,0.764441158264412
winequality-white,0,2,-ConfSteer,RF,0,2.227504499955103,0.0,8616,0.0,0.6823467678546224,0.5074253757151371,0.4813481516579338,0.4994522706490499,0.0,0.8514705254262296
winequality-white,0,2,-ConfSteer,LGBM,0,2.227504499955103,0.0,8616,0.0,0.6577130850645666,0.4736270785288509,0.4690878049256872,0.4818095930095235,0.0,0.8121340805812087
winequality-white,0,3,Full,KNN,0,1.89348319999408,0.0,8616,0.3947580948220546,0.6048803952891545,0.4163667818392458,0.3299110364571188,0.2686070247517945,0.25,0.7080398639931104
winequality-white,0,3,Full,CART,0,1.89348319999408,0.0,8616,0.0,0.6188869960088544,0.428204151144254,0.3926087934925864,0.3596487288093054,0.0,0.6613433188031287
winequality-white,0,3,Full,SVM,0,1.89348319999408,0.0,8616,0.0,0.6083457639072514,0.4190341667275001,0.3436415993729094,0.2951532730017729,0.0,0.7263871866564883
winequality-white,0,3,Full,RF,0,1.89348319999408,0.0,8616,0.4425025185647571,0.6594469696133006,0.4780015075806574,0.4512306215255082,0.4518542557525623,0.25,0.8821035076067926
winequality-white,0,3,Full,LGBM,0,1.89348319999408,0.0,8616,0.0,0.6312234133829877,0.4394309719390092,0.4442856761422855,0.443369848916386,0.0,0.8394454151170817
winequality-white,0,3,-FeatWeights,KNN,0,1.270954600069672,0.0,8616,0.4050175304284,0.6102669384286418,0.4227585276214554,0.3346243717977461,0.2780543582065016,0.25,0.70998191275647
winequality-white,0,3,-FeatWeights,CART,0,1.270954600069672,0.0,8616,0.0,0.5979615502258996,0.3986645063291935,0.3751770873320444,0.3696407705990037,0.0,0.6477770104379104
winequality-white,0,3,-FeatWeights,SVM,0,1.270954600069672,0.0,8616,0.0,0.5994161933162653,0.4071147484392525,0.3374855786874786,0.290778546435907,0.0,0.7252426375670432
winequality-white,0,3,-FeatWeights,RF,0,1.270954600069672,0.0,8616,0.0,0.6473613631591781,0.459577184460933,0.4460382293959631,0.4656420919368507,0.0,0.8679808182190092
winequality-white,0,3,-FeatWeights,LGBM,0,1.270954600069672,0.0,8616,0.0,0.6354660134774873,0.4443251301594004,0.4556194363999701,0.4564590072023057,0.0,0.8356972819481886
winequality-white,0,3,-Subgroups,KNN,0,1.267527100048028,0.0,8616,0.3947580948220546,0.6048803952891545,0.4163667818392458,0.3299110364571188,0.2686070247517945,0.25,0.7081338858650658
winequality-white,0,3,-Subgroups,CART,0,1.267527100048028,0.0,8616,0.0,0.6188869960088544,0.428204151144254,0.3926087934925864,0.3596487288093054,0.0,0.6613433188031287
winequality-white,0,3,-Subgroups,SVM,0,1.267527100048028,0.0,8616,0.0,0.6083457639072514,0.4190341667275001,0.3436415993729094,0.2951532730017729,0.0,0.7263806610926627
winequality-white,0,3,-Subgroups,RF,0,1.267527100048028,0.0,8616,0.0,0.6397756833648381,0.4496479853624728,0.4437957379544523,0.4571822472508064,0.0,0.8778787316688105
winequality-white,0,3,-Subgroups,LGBM,0,1.267527100048028,0.0,8616,0.0,0.6332317320207118,0.4415386463389989,0.4451999033282987,0.4502160668314552,0.0,0.8435069478586797
winequality-white,0,3,-Mahalanobis,KNN,0,1.813556700013578,0.0,8616,0.3947580948220546,0.6048803952891545,0.4163667818392458,0.3299110364571188,0.2686070247517945,0.25,0.7081338858650658
winequality-white,0,3,-Mahalanobis,CART,0,1.813556700013578,0.0,8616,0.0,0.6188869960088544,0.428204151144254,0.3926087934925864,0.3596487288093054,0.0,0.6613433188031287
winequality-white,0,3,-Mahalanobis,SVM,0,1.813556700013578,0.0,8616,0.0,0.6083457639072514,0.4190341667275001,0.3436415993729094,0.2951532730017729,0.0,0.7263786912623519
winequality-white,0,3,-Mahalanobis,RF,0,1.813556700013578,0.0,8616,0.0,0.6411745887547124,0.4510788616612773,0.4413946111008535,0.4629945452609986,0.0,0.8727575103091043
winequality-white,0,3,-Mahalanobis,LGBM,0,1.813556700013578,0.0,8616,0.0,0.6323770731291241,0.4410763307857445,0.448969300260192,0.4435621759959256,0.0,0.842582451150102
winequality-white,0,3,-NoiseGate,KNN,0,1.8677783000748605,0.0,8616,0.3961365739980694,0.6060670749991035,0.4177605079994803,0.3316015314811565,0.2713410437981403,0.25,0.707223336487988
winequality-white,0,3,-NoiseGate,CART,0,1.8677783000748605,0.0,8616,0.0,0.6143784784375115,0.4203809575588293,0.3887082945646223,0.3755155436196583,0.0,0.659141493305767
winequality-white,0,3,-NoiseGate,SVM,0,1.8677783000748605,0.0,8616,0.0,0.6083328090505903,0.4190341667275001,0.3439423377308264,0.2949710374872307,0.0,0.726390433820773
winequality-white,0,3,-NoiseGate,RF,0,1.8677783000748605,0.0,8616,0.0,0.6370672135745559,0.4460280867728872,0.4408406463311249,0.4564959251379975,0.0,0.8529483855169969
winequality-white,0,3,-NoiseGate,LGBM,0,1.8677783000748605,0.0,8616,0.0,0.6329098400945555,0.4415561884669784,0.4473122195904453,0.4446194990667148,0.0,0.8475504473142452
winequality-white,0,3,-ConfSteer,KNN,0,1.8387205000035465,0.0,8616,0.3947580948220546,0.6048523520037435,0.4163667818392458,0.3299605885531395,0.2682350414747463,0.25,0.7076428168661028
winequality-white,0,3,-ConfSteer,CART,0,1.8387205000035465,0.0,8616,0.0,0.6120762032945197,0.4181388375693607,0.388002174537996,0.365480564713975,0.0,0.6570513388775364
winequality-white,0,3,-ConfSteer,SVM,0,1.8387205000035465,0.0,8616,0.0,0.6083457639072514,0.4190341667275001,0.3436415993729094,0.2951532730017729,0.0,0.7263739806903938
winequality-white,0,3,-ConfSteer,RF,0,1.8387205000035465,0.0,8616,0.5219783367000864,0.699253077012754,0.5361909763673735,0.4872968853907375,0.4661003069739608,0.3461538461538461,0.8710691073018983
winequality-white,0,3,-ConfSteer,LGBM,0,1.8387205000035465,0.0,8616,0.0,0.6280344254889666,0.4359529790705527,0.442643213154031,0.4307595072065674,0.0,0.8479552235674813
winequality-white,0,4,Full,KNN,0,1.8032506000017747,0.0,8616,0.0,0.6123045268619444,0.4234714560080673,0.3526303825204285,0.3038907690162396,0.0,0.7080334119686862
winequality-white,0,4,Full,CART,0,1.8032506000017747,0.0,8616,0.4440048964481166,0.6386934614658106,0.4589851847592084,0.3923126386448376,0.3274297583896466,0.25,0.6738744060684119
winequality-white,0,4,Full,SVM,0,1.8032506000017747,0.0,8616,0.4084348276332238,0.6070233443899057,0.4191182157671497,0.3238148311340457,0.2640723880435555,0.25,0.7584923035493442
winequality-white,0,4,Full,RF,0,1.8032506000017747,0.0,8616,0.4868258342339676,0.6826365776723282,0.5118205459754299,0.4729115401257129,0.458416676863362,0.25,0.846568975723435
winequality-white,0,4,Full,LGBM,0,1.8032506000017747,0.0,8616,0.0,0.6346234698997516,0.4455516771453856,0.4395063592645193,0.4285531955726291,0.0,0.8086088900808815
winequality-white,0,4,-FeatWeights,KNN,0,1.265929999994114,0.0,8616,0.0,0.6075535270235786,0.4175073587496603,0.3491404269859452,0.298134151532205,0.0,0.7032112180807101
winequality-white,0,4,-FeatWeights,CART,0,1.265929999994114,0.0,8616,0.4349817279190505,0.6335387820052695,0.4508801575144146,0.3956554470995636,0.3365939257676784,0.25,0.6705377190230563
winequality-white,0,4,-FeatWeights,SVM,0,1.265929999994114,0.0,8616,0.3945373279006204,0.5955074400384927,0.4035070609856407,0.3146681233595174,0.2591445677544846,0.25,0.757818271411403
winequality-white,0,4,-FeatWeights,RF,0,1.265929999994114,0.0,8616,0.4678825572974899,0.6680078957914845,0.4920359298859557,0.4588612439489701,0.4364930758641728,0.25,0.8548525622263261
winequality-white,0,4,-FeatWeights,LGBM,0,1.265929999994114,0.0,8616,0.0,0.6292730168760292,0.4388764551072973,0.4361456796736323,0.4201941709053943,0.0,0.8249049783901135
winequality-white,0,4,-Subgroups,KNN,0,1.2433121999492869,0.0,8616,0.0,0.6123045268619444,0.4234714560080673,0.3526303825204285,0.3038907690162396,0.0,0.7080334119686862
winequality-white,0,4,-Subgroups,CART,0,1.2433121999492869,0.0,8616,0.4485325949146089,0.6451050986003831,0.4666953400374001,0.4007277365426198,0.3442473726298815,0.25,0.6792066196782999
winequality-white,0,4,-Subgroups,SVM,0,1.2433121999492869,0.0,8616,0.4084348276332238,0.6070517308071232,0.4191182157671497,0.3237576240411458,0.2643375820678185,0.25,0.7585369679749984
winequality-white,0,4,-Subgroups,RF,0,1.2433121999492869,0.0,8616,0.4828967294047619,0.6785848409922707,0.5067177633642145,0.4730641682120038,0.4496915466588857,0.25,0.8382487521760718
winequality-white,0,4,-Subgroups,LGBM,0,1.2433121999492869,0.0,8616,0.0,0.6418899302467945,0.4556038809940148,0.4508705844530372,0.4345490792945184,0.0,0.8179770941332345
winequality-white,0,4,-Mahalanobis,KNN,0,1.800323799951002,0.0,8616,0.0,0.6123045268619444,0.4234714560080673,0.3526303825204285,0.3038907690162396,0.0,0.7080334119686862
winequality-white,0,4,-Mahalanobis,CART,0,1.800323799951002,0.0,8616,0.4246978634263686,0.6285689208526867,0.4448573135432584,0.3880256874163726,0.324912152765294,0.25,0.6665023813497136
winequality-white,0,4,-Mahalanobis,SVM,0,1.800323799951002,0.0,8616,0.4084348276332238,0.6070517308071232,0.4191182157671497,0.3237576240411458,0.2643375820678185,0.25,0.75853203558247
winequality-white,0,4,-Mahalanobis,RF,0,1.800323799951002,0.0,8616,0.4870667347178533,0.6808372470120518,0.5103351694489172,0.4734227747524992,0.4458729478052569,0.25,0.8410635174621635
winequality-white,0,4,-Mahalanobis,LGBM,0,1.800323799951002,0.0,8616,0.0,0.633482952255787,0.4437361666357911,0.4412258856037694,0.431595172282939,0.0,0.8088891188692116
winequality-white,0,4,-NoiseGate,KNN,0,1.803705199970864,0.0,8616,0.0,0.6117936172646409,0.4227682211276172,0.3518754593039017,0.3032593925747272,0.0,0.7087724621100993
winequality-white,0,4,-NoiseGate,CART,0,1.803705199970864,0.0,8616,0.4375183153547484,0.6350794005144555,0.4533603162445734,0.3914476535439853,0.33398169511111,0.25,0.671498363979787
winequality-white,0,4,-NoiseGate,SVM,0,1.803705199970864,0.0,8616,0.4089338338699096,0.6075189675064079,0.4195824683205387,0.3240476783215162,0.2662137176658968,0.25,0.7586149481456336
winequality-white,0,4,-NoiseGate,RF,0,1.803705199970864,0.0,8616,0.0,0.6388851966488389,0.4503454710921243,0.4286007551213546,0.4337305810103231,0.0,0.8373186839362381
winequality-white,0,4,-NoiseGate,LGBM,0,1.803705199970864,0.0,8616,0.0,0.6348500796606688,0.4457769473717136,0.4426295011483094,0.4299119187537172,0.0,0.8085313265751486
winequality-white,0,4,-ConfSteer,KNN,0,1.8043330000946296,0.0,8616,0.0,0.612915352892754,0.4241746908885173,0.3533760946755366,0.3056169546558862,0.0,0.7075073992567873
winequality-white,0,4,-ConfSteer,CART,0,1.8043330000946296,0.0,8616,0.4320925334167728,0.6357860916928956,0.4548913531337312,0.3901324839800331,0.327299516310956,0.25,0.6717539180902995
winequality-white,0,4,-ConfSteer,SVM,0,1.8043330000946296,0.0,8616,0.4078702981169533,0.6063831999019826,0.4184149808866996,0.3231343030439694,0.2620887419341248,0.25,0.7583760700669943
winequality-white,0,4,-ConfSteer,RF,0,1.8043330000946296,0.0,8616,0.4751838782330384,0.6730143930459267,0.4991731424472101,0.4604536722041835,0.4390540251002593,0.25,0.8513478556243683
winequality-white,0,4,-ConfSteer,LGBM,0,1.8043330000946296,0.0,8616,0.0,0.6330820019129452,0.4437148269846929,0.439724255351675,0.4246926333854585,0.0,0.8101938630889753
wine,0,0,Full,KNN,0,0.4794699000194669,0.0,171,0.9755999563475574,0.9816696051499272,0.9761904761904764,0.9717813051146384,0.9592607977258564,0.9285714285714286,0.9816849816849818
wine,0,0,Full,CART,0,0.4794699000194669,0.0,171,0.9419314014752824,0.9573314559145734,0.942857142857143,0.942857142857143,0.9158878504672896,0.9,0.9574425574425574
wine,0,0,Full,SVM,0,0.4794699000194669,0.0,171,0.947710266292146,0.9601477344053216,0.9484126984126984,0.945824706694272,0.9171534831920224,0.9166666666666666,0.9989177489177488
wine,0,0,Full,RF,0,0.4794699000194669,0.0,171,0.9755999563475574,0.9816696051499272,0.9761904761904764,0.9717813051146384,0.9592607977258564,0.9285714285714286,0.9989177489177488
wine,0,0,Full,LGBM,0,0.4794699000194669,0.0,171,0.9755999563475574,0.9816696051499272,0.9761904761904764,0.9717813051146384,0.9592607977258564,0.9285714285714286,1.0
wine,0,0,-FeatWeights,KNN,0,0.1669296999461949,0.0,171,0.9755999563475574,0.9816696051499272,0.9761904761904764,0.9717813051146384,0.9592607977258564,0.9285714285714286,0.9816849816849818
wine,0,0,-FeatWeights,CART,0,0.1669296999461949,0.0,171,0.9755999563475574,0.9816696051499272,0.9761904761904764,0.9717813051146384,0.9592607977258564,0.9285714285714286,0.9816849816849818
wine,0,0,-FeatWeights,SVM,0,0.1669296999461949,0.0,171,0.947710266292146,0.9601477344053216,0.9484126984126984,0.945824706694272,0.9171534831920224,0.9166666666666666,0.9989177489177488
wine,0,0,-FeatWeights,RF,0,0.1669296999461949,0.0,171,0.9755999563475574,0.9816696051499272,0.9761904761904764,0.9717813051146384,0.9592607977258564,0.9285714285714286,0.9994588744588744
wine,0,0,-FeatWeights,LGBM,0,0.1669296999461949,0.0,171,0.9755999563475574,0.9816696051499272,0.9761904761904764,0.9717813051146384,0.9592607977258564,0.9285714285714286,1.0
wine,0,0,-Subgroups,KNN,0,0.3499769000336528,0.0,171,0.9755999563475574,0.9816696051499272,0.9761904761904764,0.9717813051146384,0.9592607977258564,0.9285714285714286,0.9816849816849818
wine,0,0,-Subgroups,CART,0,0.3499769000336528,0.0,171,0.9419314014752824,0.9573314559145734,0.942857142857143,0.942857142857143,0.9158878504672896,0.9,0.9574425574425574
wine,0,0,-Subgroups,SVM,0,0.3499769000336528,0.0,171,0.947710266292146,0.9601477344053216,0.9484126984126984,0.945824706694272,0.9171534831920224,0.9166666666666666,0.9989177489177488
wine,0,0,-Subgroups,RF,0,0.3499769000336528,0.0,171,0.9755999563475574,0.9816696051499272,0.9761904761904764,0.9717813051146384,0.9592607977258564,0.9285714285714286,0.9989177489177488
wine,0,0,-Subgroups,LGBM,0,0.3499769000336528,0.0,171,0.9755999563475574,0.9816696051499272,0.9761904761904764,0.9717813051146384,0.9592607977258564,0.9285714285714286,1.0
wine,0,0,-Mahalanobis,KNN,0,0.4952857999596745,0.0,171,0.9755999563475574,0.9816696051499272,0.9761904761904764,0.9717813051146384,0.9592607977258564,0.9285714285714286,0.9816849816849818
wine,0,0,-Mahalanobis,CART,0,0.4952857999596745,0.0,171,0.9419314014752824,0.9573314559145734,0.942857142857143,0.942857142857143,0.9158878504672896,0.9,0.9574425574425574
wine,0,0,-Mahalanobis,SVM,0,0.4952857999596745,0.0,171,0.947710266292146,0.9601477344053216,0.9484126984126984,0.945824706694272,0.9171534831920224,0.9166666666666666,0.9989177489177488
wine,0,0,-Mahalanobis,RF,0,0.4952857999596745,0.0,171,0.9755999563475574,0.9816696051499272,0.9761904761904764,0.9717813051146384,0.9592607977258564,0.9285714285714286,0.9989177489177488
wine,0,0,-Mahalanobis,LGBM,0,0.4952857999596745,0.0,171,0.9755999563475574,0.9816696051499272,0.9761904761904764,0.9717813051146384,0.9592607977258564,0.9285714285714286,1.0
wine,0,0,-NoiseGate,KNN,0,0.5127589000621811,0.0,171,0.9755999563475574,0.9816696051499272,0.9761904761904764,0.9717813051146384,0.9592607977258564,0.9285714285714286,0.9816849816849818
wine,0,0,-NoiseGate,CART,0,0.5127589000621811,0.0,171,0.9419314014752824,0.9573314559145734,0.942857142857143,0.942857142857143,0.9158878504672896,0.9,0.9574425574425574
wine,0,0,-NoiseGate,SVM,0,0.5127589000621811,0.0,171,0.947710266292146,0.9601477344053216,0.9484126984126984,0.945824706694272,0.9171534831920224,0.9166666666666666,0.9989177489177488
wine,0,0,-NoiseGate,RF,0,0.5127589000621811,0.0,171,0.9755999563475574,0.9816696051499272,0.9761904761904764,0.9717813051146384,0.9592607977258564,0.9285714285714286,0.9989177489177488
wine,0,0,-NoiseGate,LGBM,0,0.5127589000621811,0.0,171,0.9755999563475574,0.9816696051499272,0.9761904761904764,0.9717813051146384,0.9592607977258564,0.9285714285714286,1.0
wine,0,0,-ConfSteer,KNN,0,0.4831768000731244,0.0,171,0.9755999563475574,0.9816696051499272,0.9761904761904764,0.9717813051146384,0.9592607977258564,0.9285714285714286,0.9816849816849818
wine,0,0,-ConfSteer,CART,0,0.4831768000731244,0.0,171,0.9419314014752824,0.9573314559145734,0.942857142857143,0.942857142857143,0.9158878504672896,0.9,0.9574425574425574
wine,0,0,-ConfSteer,SVM,0,0.4831768000731244,0.0,171,0.947710266292146,0.9601477344053216,0.9484126984126984,0.945824706694272,0.9171534831920224,0.9166666666666666,0.9989177489177488
wine,0,0,-ConfSteer,RF,0,0.4831768000731244,0.0,171,0.9755999563475574,0.9816696051499272,0.9761904761904764,0.9717813051146384,0.9592607977258564,0.9285714285714286,0.9989177489177488
wine,0,0,-ConfSteer,LGBM,0,0.4831768000731244,0.0,171,0.9755999563475574,0.9816696051499272,0.9761904761904764,0.9717813051146384,0.9592607977258564,0.9285714285714286,1.0
wine,0,1,Full,KNN,0,0.4814492999576032,0.0,171,0.9755999563475574,0.9811382548511068,0.9761904761904764,0.974320987654321,0.9591605129565426,0.9285714285714286,1.0
wine,0,1,Full,CART,0,0.4814492999576032,0.0,171,0.9171321261986396,0.9378664908149532,0.919047619047619,0.9197780776728144,0.8769104644242891,0.8571428571428571,0.938059163059163
wine,0,1,Full,SVM,0,0.4814492999576032,0.0,171,1.0,1.0,1.0,1.0,1.0,1.0,1.0
wine,0,1,Full,RF,0,0.4814492999576032,0.0,171,1.0,1.0,1.0,1.0,1.0,1.0,1.0
wine,0,1,Full,LGBM,0,0.4814492999576032,0.0,171,1.0,1.0,1.0,1.0,1.0,1.0,1.0
wine,0,1,-FeatWeights,KNN,0,0.1533349999226629,0.0,171,0.9499142515929964,0.9622504486493764,0.9523809523809524,0.9487179487179488,0.9205607476635514,0.8571428571428571,1.0
wine,0,1,-FeatWeights,CART,0,0.1533349999226629,0.0,171,0.9171321261986396,0.9378664908149532,0.919047619047619,0.9197780776728144,0.8769104644242891,0.8571428571428571,0.938059163059163
wine,0,1,-FeatWeights,SVM,0,0.1533349999226629,0.0,171,1.0,1.0,1.0,1.0,1.0,1.0,1.0
wine,0,1,-FeatWeights,RF,0,0.1533349999226629,0.0,171,1.0,1.0,1.0,1.0,1.0,1.0,1.0
wine,0,1,-FeatWeights,LGBM,0,0.1533349999226629,0.0,171,0.9755999563475574,0.9811382548511068,0.9761904761904764,0.974320987654321,0.9591605129565426,0.9285714285714286,1.0
wine,0,1,-Subgroups,KNN,0,0.3585173999890685,0.0,171,0.9755999563475574,0.9811382548511068,0.9761904761904764,0.974320987654321,0.9591605129565426,0.9285714285714286,1.0
wine,0,1,-Subgroups,CART,0,0.3585173999890685,0.0,171,0.9171321261986396,0.9378664908149532,0.919047619047619,0.9197780776728144,0.8769104644242891,0.8571428571428571,0.938059163059163
wine,0,1,-Subgroups,SVM,0,0.3585173999890685,0.0,171,1.0,1.0,1.0,1.0,1.0,1.0,1.0
wine,0,1,-Subgroups,RF,0,0.3585173999890685,0.0,171,1.0,1.0,1.0,1.0,1.0,1.0,1.0
wine,0,1,-Subgroups,LGBM,0,0.3585173999890685,0.0,171,1.0,1.0,1.0,1.0,1.0,1.0,1.0
wine,0,1,-Mahalanobis,KNN,0,0.5018482999876142,0.0,171,0.9755999563475574,0.9811382548511068,0.9761904761904764,0.974320987654321,0.9591605129565426,0.9285714285714286,1.0
wine,0,1,-Mahalanobis,CART,0,0.5018482999876142,0.0,171,0.9171321261986396,0.9378664908149532,0.919047619047619,0.9197780776728144,0.8769104644242891,0.8571428571428571,0.938059163059163
wine,0,1,-Mahalanobis,SVM,0,0.5018482999876142,0.0,171,1.0,1.0,1.0,1.0,1.0,1.0,1.0
wine,0,1,-Mahalanobis,RF,0,0.5018482999876142,0.0,171,1.0,1.0,1.0,1.0,1.0,1.0,1.0
wine,0,1,-Mahalanobis,LGBM,0,0.5018482999876142,0.0,171,1.0,1.0,1.0,1.0,1.0,1.0,1.0
wine,0,1,-NoiseGate,KNN,0,0.4812881000107154,0.0,171,0.9755999563475574,0.9811382548511068,0.9761904761904764,0.974320987654321,0.9591605129565426,0.9285714285714286,1.0
wine,0,1,-NoiseGate,CART,0,0.4812881000107154,0.0,171,0.9171321261986396,0.9378664908149532,0.919047619047619,0.9197780776728144,0.8769104644242891,0.8571428571428571,0.938059163059163
wine,0,1,-NoiseGate,SVM,0,0.4812881000107154,0.0,171,1.0,1.0,1.0,1.0,1.0,1.0,1.0
wine,0,1,-NoiseGate,RF,0,0.4812881000107154,0.0,171,1.0,1.0,1.0,1.0,1.0,1.0,1.0
wine,0,1,-NoiseGate,LGBM,0,0.4812881000107154,0.0,171,1.0,1.0,1.0,1.0,1.0,1.0,1.0
wine,0,1,-ConfSteer,KNN,0,0.4772845000261441,0.0,171,0.9755999563475574,0.9811382548511068,0.9761904761904764,0.974320987654321,0.9591605129565426,0.9285714285714286,1.0
wine,0,1,-ConfSteer,CART,0,0.4772845000261441,0.0,171,0.9171321261986396,0.9378664908149532,0.919047619047619,0.9197780776728144,0.8769104644242891,0.8571428571428571,0.938059163059163
wine,0,1,-ConfSteer,SVM,0,0.4772845000261441,0.0,171,1.0,1.0,1.0,1.0,1.0,1.0,1.0
wine,0,1,-ConfSteer,RF,0,0.4772845000261441,0.0,171,1.0,1.0,1.0,1.0,1.0,1.0,1.0
wine,0,1,-ConfSteer,LGBM,0,0.4772845000261441,0.0,171,1.0,1.0,1.0,1.0,1.0,1.0,1.0
wine,0,2,Full,KNN,0,0.4917748000007123,0.0,171,1.0,1.0,1.0,1.0,1.0,1.0,1.0
wine,0,2,Full,CART,0,0.4917748000007123,0.0,171,0.8434326653017492,0.8893085956909325,0.8523809523809524,0.8551213282247764,0.7910718144222748,0.7,0.8901085026085026
wine,0,2,Full,SVM,0,0.4917748000007123,0.0,171,0.9654893846056296,0.9757152258831476,0.9666666666666668,0.970961887477314,0.958888466336381,0.9,1.0
wine,0,2,Full,RF,0,0.4917748000007123,0.0,171,1.0,1.0,1.0,1.0,1.0,1.0,1.0
wine,0,2,Full,LGBM,0,0.4917748000007123,0.0,171,0.9755999563475574,0.9816696051499272,0.9761904761904764,0.9717813051146384,0.9592607977258564,0.9285714285714286,1.0
wine,0,2,-FeatWeights,KNN,0,0.1501206000102684,0.0,171,1.0,1.0,1.0,1.0,1.0,1.0,1.0
wine,0,2,-FeatWeights,CART,0,0.1501206000102684,0.0,171,0.8434326653017492,0.8893085956909325,0.8523809523809524,0.8551213282247764,0.7910718144222748,0.7,0.8901085026085026
wine,0,2,-FeatWeights,SVM,0,0.1501206000102684,0.0,171,0.9654893846056296,0.9757152258831476,0.9666666666666668,0.970961887477314,0.958888466336381,0.9,1.0
wine,0,2,-FeatWeights,RF,0,0.1501206000102684,0.0,171,0.9755999563475574,0.9816696051499272,0.9761904761904764,0.9717813051146384,0.9592607977258564,0.9285714285714286,1.0
wine,0,2,-FeatWeights,LGBM,0,0.1501206000102684,0.0,171,0.9755999563475574,0.9816696051499272,0.9761904761904764,0.9717813051146384,0.9592607977258564,0.9285714285714286,1.0
wine,0,2,-Subgroups,KNN,0,0.3690561999101192,0.0,171,1.0,1.0,1.0,1.0,1.0,1.0,1.0
wine,0,2,-Subgroups,CART,0,0.3690561999101192,0.0,171,0.8434326653017492,0.8893085956909325,0.8523809523809524,0.8551213282247764,0.7910718144222748,0.7,0.8901085026085026
wine,0,2,-Subgroups,SVM,0,0.3690561999101192,0.0,171,0.9654893846056296,0.9757152258831476,0.9666666666666668,0.970961887477314,0.958888466336381,0.9,1.0
wine,0,2,-Subgroups,RF,0,0.3690561999101192,0.0,171,1.0,1.0,1.0,1.0,1.0,1.0,1.0
wine,0,2,-Subgroups,LGBM,0,0.3690561999101192,0.0,171,0.9755999563475574,0.9816696051499272,0.9761904761904764,0.9717813051146384,0.9592607977258564,0.9285714285714286,1.0
wine,0,2,-Mahalanobis,KNN,0,0.4817731000948697,0.0,171,1.0,1.0,1.0,1.0,1.0,1.0,1.0
wine,0,2,-Mahalanobis,CART,0,0.4817731000948697,0.0,171,0.8434326653017492,0.8893085956909325,0.8523809523809524,0.8551213282247764,0.7910718144222748,0.7,0.8901085026085026
wine,0,2,-Mahalanobis,SVM,0,0.4817731000948697,0.0,171,0.9654893846056296,0.9757152258831476,0.9666666666666668,0.970961887477314,0.958888466336381,0.9,1.0
wine,0,2,-Mahalanobis,RF,0,0.4817731000948697,0.0,171,1.0,1.0,1.0,1.0,1.0,1.0,1.0
wine,0,2,-Mahalanobis,LGBM,0,0.4817731000948697,0.0,171,0.9755999563475574,0.9816696051499272,0.9761904761904764,0.9717813051146384,0.9592607977258564,0.9285714285714286,1.0
wine,0,2,-NoiseGate,KNN,0,0.4780529000563547,0.0,171,1.0,1.0,1.0,1.0,1.0,1.0,1.0
wine,0,2,-NoiseGate,CART,0,0.4780529000563547,0.0,171,0.8434326653017492,0.8893085956909325,0.8523809523809524,0.8551213282247764,0.7910718144222748,0.7,0.8901085026085026
wine,0,2,-NoiseGate,SVM,0,0.4780529000563547,0.0,171,0.9654893846056296,0.9757152258831476,0.9666666666666668,0.970961887477314,0.958888466336381,0.9,1.0
wine,0,2,-NoiseGate,RF,0,0.4780529000563547,0.0,171,1.0,1.0,1.0,1.0,1.0,1.0,1.0
wine,0,2,-NoiseGate,LGBM,0,0.4780529000563547,0.0,171,0.9755999563475574,0.9816696051499272,0.9761904761904764,0.9717813051146384,0.9592607977258564,0.9285714285714286,1.0
wine,0,2,-ConfSteer,KNN,0,0.4790606999304145,0.0,171,1.0,1.0,1.0,1.0,1.0,1.0,1.0
wine,0,2,-ConfSteer,CART,0,0.4790606999304145,0.0,171,0.8434326653017492,0.8893085956909325,0.8523809523809524,0.8551213282247764,0.7910718144222748,0.7,0.8901085026085026
wine,0,2,-ConfSteer,SVM,0,0.4790606999304145,0.0,171,0.9654893846056296,0.9757152258831476,0.9666666666666668,0.970961887477314,0.958888466336381,0.9,1.0
wine,0,2,-ConfSteer,RF,0,0.4790606999304145,0.0,171,1.0,1.0,1.0,1.0,1.0,1.0,1.0
wine,0,2,-ConfSteer,LGBM,0,0.4790606999304145,0.0,171,0.9755999563475574,0.9816696051499272,0.9761904761904764,0.9717813051146384,0.9592607977258564,0.9285714285714286,1.0
wine,0,3,Full,KNN,0,0.4897379000904038,0.0,171,0.9499142515929964,0.9624802946931774,0.9523809523809524,0.9434817813765184,0.9170904457414064,0.8571428571428571,0.9625338429686257
wine,0,3,Full,CART,0,0.4897379000904038,0.0,171,0.9180747086978102,0.9370516955516774,0.9206349206349206,0.9220389805097452,0.8701684002542596,0.8333333333333334,0.9371980676328504
wine,0,3,Full,SVM,0,0.4897379000904038,0.0,171,1.0,1.0,1.0,1.0,1.0,1.0,1.0
wine,0,3,Full,RF,0,0.4897379000904038,0.0,171,0.9755999563475574,0.9808377990930736,0.9761904761904764,0.974320987654321,0.9577647141430374,0.9285714285714286,0.9964507542147292
wine,0,3,Full,LGBM,0,0.4897379000904038,0.0,171,0.9180747086978102,0.9370516955516774,0.9206349206349206,0.9220389805097452,0.8701684002542596,0.8333333333333334,0.9930493936705116
wine,0,3,-FeatWeights,KNN,0,0.1400521000614389,0.0,171,0.9499142515929964,0.9624802946931774,0.9523809523809524,0.9434817813765184,0.9170904457414064,0.8571428571428571,0.9607961913862536
wine,0,3,-FeatWeights,CART,0,0.1400521000614389,0.0,171,0.844299503183481,0.8834828542563042,0.8465608465608465,0.8610916316035531,0.7862175878366402,0.7777777777777778,0.8842880147227974
wine,0,3,-FeatWeights,SVM,0,0.1400521000614389,0.0,171,1.0,1.0,1.0,1.0,1.0,1.0,1.0
wine,0,3,-FeatWeights,RF,0,0.1400521000614389,0.0,171,0.9499142515929964,0.9624802946931774,0.9523809523809524,0.9434817813765184,0.9170904457414064,0.8571428571428571,0.9953169673666568
wine,0,3,-FeatWeights,LGBM,0,0.1400521000614389,0.0,171,0.9180747086978102,0.9370516955516774,0.9206349206349206,0.9220389805097452,0.8701684002542596,0.8333333333333334,0.9953169673666568
wine,0,3,-Subgroups,KNN,0,0.3562496000668034,0.0,171,0.9499142515929964,0.9624802946931774,0.9523809523809524,0.9434817813765184,0.9170904457414064,0.8571428571428571,0.9625338429686257
wine,0,3,-Subgroups,CART,0,0.3562496000668034,0.0,171,0.9180747086978102,0.9370516955516774,0.9206349206349206,0.9220389805097452,0.8701684002542596,0.8333333333333334,0.9371980676328504
wine,0,3,-Subgroups,SVM,0,0.3562496000668034,0.0,171,1.0,1.0,1.0,1.0,1.0,1.0,1.0
wine,0,3,-Subgroups,RF,0,0.3562496000668034,0.0,171,0.9755999563475574,0.9808377990930736,0.9761904761904764,0.974320987654321,0.9577647141430374,0.9285714285714286,0.9964507542147292
wine,0,3,-Subgroups,LGBM,0,0.3562496000668034,0.0,171,0.9180747086978102,0.9370516955516774,0.9206349206349206,0.9220389805097452,0.8701684002542596,0.8333333333333334,0.9930493936705116
wine,0,3,-Mahalanobis,KNN,0,0.4833108999300748,0.0,171,0.9499142515929964,0.9624802946931774,0.9523809523809524,0.9434817813765184,0.9170904457414064,0.8571428571428571,0.9625338429686257
wine,0,3,-Mahalanobis,CART,0,0.4833108999300748,0.0,171,0.9180747086978102,0.9370516955516774,0.9206349206349206,0.9220389805097452,0.8701684002542596,0.8333333333333334,0.9371980676328504
wine,0,3,-Mahalanobis,SVM,0,0.4833108999300748,0.0,171,1.0,1.0,1.0,1.0,1.0,1.0,1.0
wine,0,3,-Mahalanobis,RF,0,0.4833108999300748,0.0,171,0.9755999563475574,0.9808377990930736,0.9761904761904764,0.974320987654321,0.9577647141430374,0.9285714285714286,0.9964507542147292
wine,0,3,-Mahalanobis,LGBM,0,0.4833108999300748,0.0,171,0.9180747086978102,0.9370516955516774,0.9206349206349206,0.9220389805097452,0.8701684002542596,0.8333333333333334,0.9930493936705116
wine,0,3,-NoiseGate,KNN,0,0.4975654000882059,0.0,171,0.9499142515929964,0.9624802946931774,0.9523809523809524,0.9434817813765184,0.9170904457414064,0.8571428571428571,0.9625338429686257
wine,0,3,-NoiseGate,CART,0,0.4975654000882059,0.0,171,0.9180747086978102,0.9370516955516774,0.9206349206349206,0.9220389805097452,0.8701684002542596,0.8333333333333334,0.9371980676328504
wine,0,3,-NoiseGate,SVM,0,0.4975654000882059,0.0,171,1.0,1.0,1.0,1.0,1.0,1.0,1.0
wine,0,3,-NoiseGate,RF,0,0.4975654000882059,0.0,171,0.9755999563475574,0.9808377990930736,0.9761904761904764,0.974320987654321,0.9577647141430374,0.9285714285714286,0.9964507542147292
wine,0,3,-NoiseGate,LGBM,0,0.4975654000882059,0.0,171,0.9180747086978102,0.9370516955516774,0.9206349206349206,0.9220389805097452,0.8701684002542596,0.8333333333333334,0.9930493936705116
wine,0,3,-ConfSteer,KNN,0,0.4873877000063658,0.0,171,0.9499142515929964,0.9624802946931774,0.9523809523809524,0.9434817813765184,0.9170904457414064,0.8571428571428571,0.9625338429686257
wine,0,3,-ConfSteer,CART,0,0.4873877000063658,0.0,171,0.9180747086978102,0.9370516955516774,0.9206349206349206,0.9220389805097452,0.8701684002542596,0.8333333333333334,0.9371980676328504
wine,0,3,-ConfSteer,SVM,0,0.4873877000063658,0.0,171,1.0,1.0,1.0,1.0,1.0,1.0,1.0
wine,0,3,-ConfSteer,RF,0,0.4873877000063658,0.0,171,0.9755999563475574,0.9808377990930736,0.9761904761904764,0.974320987654321,0.9577647141430374,0.9285714285714286,0.9964507542147292
wine,0,3,-ConfSteer,LGBM,0,0.4873877000063658,0.0,171,0.9180747086978102,0.9370516955516774,0.9206349206349206,0.9220389805097452,0.8701684002542596,0.8333333333333334,0.9930493936705116
wine,0,4,Full,KNN,0,0.5069388999836519,0.0,168,0.9772648059188253,0.9824673863503894,0.977777777777778,0.970961887477314,0.9576773448925892,0.9333333333333332,1.0
wine,0,4,Full,CART,0,0.5069388999836519,0.0,168,0.9772648059188253,0.98193560423492,0.977777777777778,0.9740129935032484,0.9575597747417748,0.9333333333333332,0.9819444444444444
wine,0,4,Full,SVM,0,0.5069388999836519,0.0,168,1.0,1.0,1.0,1.0,1.0,1.0,1.0
wine,0,4,Full,RF,0,0.5069388999836519,0.0,168,1.0,1.0,1.0,1.0,1.0,1.0,1.0
wine,0,4,Full,LGBM,0,0.5069388999836519,0.0,168,1.0,1.0,1.0,1.0,1.0,1.0,1.0
wine,0,4,-FeatWeights,KNN,0,0.1481805999064818,0.0,168,0.9772648059188253,0.9824673863503894,0.977777777777778,0.970961887477314,0.9576773448925892,0.9333333333333332,1.0
wine,0,4,-FeatWeights,CART,0,0.1481805999064818,0.0,168,0.9772648059188253,0.98193560423492,0.977777777777778,0.9740129935032484,0.9575597747417748,0.9333333333333332,0.9819444444444444
wine,0,4,-FeatWeights,SVM,0,0.1481805999064818,0.0,168,1.0,1.0,1.0,1.0,1.0,1.0,1.0
wine,0,4,-FeatWeights,RF,0,0.1481805999064818,0.0,168,1.0,1.0,1.0,1.0,1.0,1.0,1.0
wine,0,4,-FeatWeights,LGBM,0,0.1481805999064818,0.0,168,1.0,1.0,1.0,1.0,1.0,1.0,1.0
wine,0,4,-Subgroups,KNN,0,0.3531327999662608,0.0,168,0.9772648059188253,0.9824673863503894,0.977777777777778,0.970961887477314,0.9576773448925892,0.9333333333333332,1.0
wine,0,4,-Subgroups,CART,0,0.3531327999662608,0.0,168,0.9772648059188253,0.98193560423492,0.977777777777778,0.9740129935032484,0.9575597747417748,0.9333333333333332,0.9819444444444444
wine,0,4,-Subgroups,SVM,0,0.3531327999662608,0.0,168,1.0,1.0,1.0,1.0,1.0,1.0,1.0
wine,0,4,-Subgroups,RF,0,0.3531327999662608,0.0,168,1.0,1.0,1.0,1.0,1.0,1.0,1.0
wine,0,4,-Subgroups,LGBM,0,0.3531327999662608,0.0,168,1.0,1.0,1.0,1.0,1.0,1.0,1.0
wine,0,4,-Mahalanobis,KNN,0,0.5454619999509305,0.0,168,0.9772648059188253,0.9824673863503894,0.977777777777778,0.970961887477314,0.9576773448925892,0.9333333333333332,1.0
wine,0,4,-Mahalanobis,CART,0,0.5454619999509305,0.0,168,0.9772648059188253,0.98193560423492,0.977777777777778,0.9740129935032484,0.9575597747417748,0.9333333333333332,0.9819444444444444
wine,0,4,-Mahalanobis,SVM,0,0.5454619999509305,0.0,168,1.0,1.0,1.0,1.0,1.0,1.0,1.0
wine,0,4,-Mahalanobis,RF,0,0.5454619999509305,0.0,168,1.0,1.0,1.0,1.0,1.0,1.0,1.0
wine,0,4,-Mahalanobis,LGBM,0,0.5454619999509305,0.0,168,1.0,1.0,1.0,1.0,1.0,1.0,1.0
wine,0,4,-NoiseGate,KNN,0,0.5056048000697047,0.0,168,0.9772648059188253,0.9824673863503894,0.977777777777778,0.970961887477314,0.9576773448925892,0.9333333333333332,1.0
wine,0,4,-NoiseGate,CART,0,0.5056048000697047,0.0,168,0.9772648059188253,0.98193560423492,0.977777777777778,0.9740129935032484,0.9575597747417748,0.9333333333333332,0.9819444444444444
wine,0,4,-NoiseGate,SVM,0,0.5056048000697047,0.0,168,1.0,1.0,1.0,1.0,1.0,1.0,1.0
wine,0,4,-NoiseGate,RF,0,0.5056048000697047,0.0,168,1.0,1.0,1.0,1.0,1.0,1.0,1.0
wine,0,4,-NoiseGate,LGBM,0,0.5056048000697047,0.0,168,1.0,1.0,1.0,1.0,1.0,1.0,1.0
wine,0,4,-ConfSteer,KNN,0,0.5100793000310659,0.0,168,0.9772648059188253,0.9824673863503894,0.977777777777778,0.970961887477314,0.9576773448925892,0.9333333333333332,1.0
wine,0,4,-ConfSteer,CART,0,0.5100793000310659,0.0,168,0.9772648059188253,0.98193560423492,0.977777777777778,0.9740129935032484,0.9575597747417748,0.9333333333333332,0.9819444444444444
wine,0,4,-ConfSteer,SVM,0,0.5100793000310659,0.0,168,1.0,1.0,1.0,1.0,1.0,1.0,1.0
wine,0,4,-ConfSteer,RF,0,0.5100793000310659,0.0,168,1.0,1.0,1.0,1.0,1.0,1.0,1.0
wine,0,4,-ConfSteer,LGBM,0,0.5100793000310659,0.0,168,1.0,1.0,1.0,1.0,1.0,1.0,1.0
yeast,0,0,Full,KNN,0,1.0367345999693498,0.0,3330,0.4720383412037428,0.6998778687004326,0.5231721907620793,0.4703346355714893,0.4269660847806154,0.1666666666666666,0.7635613460370968
yeast,0,0,Full,CART,0,1.0367345999693498,0.0,3330,0.0,0.6372345726802995,0.4358922345640007,0.4279543985426339,0.3855576310264526,0.0,0.6837354436566853
yeast,0,0,Full,SVM,0,1.0367345999693498,0.0,3330,0.4444261461687018,0.6908117471993185,0.5065854193526738,0.5074080415233863,0.4820067258878328,0.1666666666666666,0.8163769470710192
yeast,0,0,Full,RF,0,1.0367345999693498,0.0,3330,0.0,0.7108882587878613,0.5318541647110396,0.5350595503086549,0.5544227113364701,0.0,0.8694498935179418
yeast,0,0,Full,LGBM,0,1.0367345999693498,0.0,3330,0.0,0.6884351303157981,0.5000133800972404,0.5105190987942717,0.5334307452089707,0.0,0.8357820509992269
yeast,0,0,-FeatWeights,KNN,0,0.6013580999569967,0.0,3330,0.5086340294793117,0.7094185192253231,0.5369066866025927,0.4733083347145058,0.4339717955100833,0.2727272727272727,0.7721129006403654
yeast,0,0,-FeatWeights,CART,0,0.6013580999569967,0.0,3330,0.0,0.5889661873639765,0.3727321750041715,0.3756982364091156,0.3711618766920955,0.0,0.6516883659640625
yeast,0,0,-FeatWeights,SVM,0,0.6013580999569967,0.0,3330,0.0,0.6671381878984467,0.4742176335286666,0.4603932623675868,0.4472373066735794,0.0,0.816812222929794
yeast,0,0,-FeatWeights,RF,0,0.6013580999569967,0.0,3330,0.0,0.7146698898096404,0.536964260004395,0.5265881236469472,0.5618229948912532,0.0,0.8472909475178828
yeast,0,0,-FeatWeights,LGBM,0,0.6013580999569967,0.0,3330,0.0,0.6762342481218,0.4833460188124747,0.483218236402271,0.5225453234344385,0.0,0.8277669736719342
yeast,0,0,-Subgroups,KNN,0,0.5906566999619827,0.0,3330,0.4720383412037428,0.6998534337219445,0.5231721907620793,0.4715144320919333,0.4266203148779822,0.1666666666666666,0.7635544885838893
yeast,0,0,-Subgroups,CART,0,0.5906566999619827,0.0,3330,0.0,0.6404413952011689,0.4403054693919821,0.4359629314649031,0.3879594113524928,0.0,0.6859261683687741
yeast,0,0,-Subgroups,SVM,0,0.5906566999619827,0.0,3330,0.4444261461687018,0.6908117471993185,0.5065854193526738,0.5074080415233863,0.4820067258878328,0.1666666666666666,0.8164235262429853
yeast,0,0,-Subgroups,RF,0,0.5906566999619827,0.0,3330,0.0,0.7197720287590824,0.5443446610725037,0.5473289951138052,0.567915638756048,0.0,0.8684868023342104
yeast,0,0,-Subgroups,LGBM,0,0.5906566999619827,0.0,3330,0.0,0.6851349029402456,0.496234657638848,0.5109911029655104,0.5193638122096361,0.0,0.8296159352465227
yeast,0,0,-Mahalanobis,KNN,0,0.969594500027597,0.0,3330,0.4720383412037428,0.6998534337219445,0.5231721907620793,0.4715144320919333,0.4266203148779822,0.1666666666666666,0.7635544885838893
yeast,0,0,-Mahalanobis,CART,0,0.969594500027597,0.0,3330,0.0,0.6404413952011689,0.4403054693919821,0.4359629314649031,0.3879594113524928,0.0,0.6859261683687741
yeast,0,0,-Mahalanobis,SVM,0,0.969594500027597,0.0,3330,0.4444261461687018,0.6908117471993185,0.5065854193526738,0.5074080415233863,0.4820067258878328,0.1666666666666666,0.8164235262429853
yeast,0,0,-Mahalanobis,RF,0,0.969594500027597,0.0,3330,0.0,0.7113523744252608,0.5316505153138418,0.5364390730020058,0.5676408943499239,0.0,0.8609682415227439
yeast,0,0,-Mahalanobis,LGBM,0,0.969594500027597,0.0,3330,0.0,0.6839690619696482,0.4948454214409096,0.5073853396434042,0.515002856200148,0.0,0.8368217846126763
yeast,0,0,-NoiseGate,KNN,0,1.0779668999603018,0.0,3330,0.4720383412037428,0.6998778687004326,0.5231721907620793,0.4703346355714893,0.4269660847806154,0.1666666666666666,0.7635613460370968
yeast,0,0,-NoiseGate,CART,0,1.0779668999603018,0.0,3330,0.3970688848942502,0.6491164478442711,0.452133273990524,0.4405742751837855,0.3890948073920337,0.1666666666666666,0.692026772093387
yeast,0,0,-NoiseGate,SVM,0,1.0779668999603018,0.0,3330,0.4444261461687018,0.6908117471993185,0.5065854193526738,0.5074080415233863,0.4820067258878328,0.1666666666666666,0.8164264796231344
yeast,0,0,-NoiseGate,RF,0,1.0779668999603018,0.0,3330,0.0,0.6913657875438309,0.5041102092932015,0.5103415866302465,0.5369522349825689,0.0,0.8471029866789271
yeast,0,0,-NoiseGate,LGBM,0,1.0779668999603018,0.0,3330,0.0,0.6736865116718596,0.4810629354153628,0.4928261170606786,0.4977478515944704,0.0,0.8399028606177789
yeast,0,0,-ConfSteer,KNN,0,1.0838572999928149,0.0,3330,0.4720383412037428,0.6998534337219445,0.5231721907620793,0.4715144320919333,0.4266203148779822,0.1666666666666666,0.7637586452970511
yeast,0,0,-ConfSteer,CART,0,1.0838572999928149,0.0,3330,0.4025169184691951,0.6551297476359157,0.4601060721787331,0.4576627991950032,0.3999508325175662,0.1666666666666666,0.6964617754971495
yeast,0,0,-ConfSteer,SVM,0,1.0838572999928149,0.0,3330,0.4444261461687018,0.6908117471993185,0.5065854193526738,0.5074080415233863,0.4820067258878328,0.1666666666666666,0.8164217347815309
yeast,0,0,-ConfSteer,RF,0,1.0838572999928149,0.0,3330,0.0,0.7021497468950716,0.5193883343800287,0.5222980894886783,0.5455257367820001,0.0,0.8458287301971885
yeast,0,0,-ConfSteer,LGBM,0,1.0838572999928149,0.0,3330,0.0,0.681941431439825,0.4922614421127442,0.5035897894920451,0.50812446440115,0.0,0.8416025622276562
yeast,0,1,Full,KNN,0,1.0002246000804007,0.0,3339,0.452690416322185,0.6707229749613534,0.4847478114871826,0.4007562585916002,0.3506947128205286,0.2,0.7426066298902905
yeast,0,1,Full,CART,0,1.0002246000804007,0.0,3339,0.4249316183467745,0.6751833903164924,0.4883003980360618,0.4483618353106984,0.4042783260611746,0.1666666666666666,0.7109454467720642
yeast,0,1,Full,SVM,0,1.0002246000804007,0.0,3339,0.4556160912486316,0.6964757087990785,0.5198783447904735,0.5034443222325429,0.4035560925284471,0.1666666666666666,0.8219367326871638
yeast,0,1,Full,RF,0,1.0002246000804007,0.0,3339,0.4694767456525083,0.7121415953826177,0.5381236351648986,0.5105906076641719,0.4849678233716319,0.1666666666666666,0.8475689649694647
yeast,0,1,Full,LGBM,0,1.0002246000804007,0.0,3339,0.4707020743680104,0.7105345336937539,0.5380824227639193,0.5313433539284932,0.4542058385758658,0.1666666666666666,0.8360451931038039
yeast,0,1,-FeatWeights,KNN,0,0.5908981999382377,0.0,3339,0.4420828318701533,0.6741525681268152,0.4888359566028206,0.416717930813557,0.3662483921544167,0.2,0.7579474041155022
yeast,0,1,-FeatWeights,CART,0,0.5908981999382377,0.0,3339,0.4300369825363306,0.6726672869794669,0.4871179217296026,0.4484910857560832,0.3664336204288693,0.1666666666666666,0.7080063346810815
yeast,0,1,-FeatWeights,SVM,0,0.5908981999382377,0.0,3339,0.0,0.6794919248245471,0.4945160259498938,0.4584901882064072,0.4073851925361296,0.0,0.8246667637199494
yeast,0,1,-FeatWeights,RF,0,0.5908981999382377,0.0,3339,0.0,0.6969578162806435,0.516153853083893,0.4911858443107718,0.4743137119808587,0.0,0.8664853507992841
yeast,0,1,-FeatWeights,LGBM,0,0.5908981999382377,0.0,3339,0.4401461094225911,0.6941495851765964,0.5153170375400622,0.5034480853730746,0.4243530211715474,0.1666666666666666,0.8184908301424964
yeast,0,1,-Subgroups,KNN,0,0.5720659999642521,0.0,3339,0.452690416322185,0.6707229749613534,0.4847478114871826,0.4007562585916002,0.3506947128205286,0.2,0.7426066298902905
yeast,0,1,-Subgroups,CART,0,0.5720659999642521,0.0,3339,0.4249316183467745,0.6751833903164924,0.4883003980360618,0.4483618353106984,0.4042783260611746,0.1666666666666666,0.7109454467720642
yeast,0,1,-Subgroups,SVM,0,0.5720659999642521,0.0,3339,0.4556160912486316,0.6964757087990785,0.5198783447904735,0.5034443222325429,0.4035560925284471,0.1666666666666666,0.8219384992687331
yeast,0,1,-Subgroups,RF,0,0.5720659999642521,0.0,3339,0.4691779054143085,0.7127751636083571,0.539075179594704,0.5033055571497264,0.4838605216291504,0.1666666666666666,0.8545533281139043
yeast,0,1,-Subgroups,LGBM,0,0.5720659999642521,0.0,3339,0.4440050275170075,0.6971955992351689,0.5197042996912996,0.5094625426403733,0.4283666793248911,0.1666666666666666,0.8347525710668684
yeast,0,1,-Mahalanobis,KNN,0,0.9783127000555396,0.0,3339,0.452690416322185,0.6707229749613534,0.4847478114871826,0.4007562585916002,0.3506947128205286,0.2,0.7426066298902905
yeast,0,1,-Mahalanobis,CART,0,0.9783127000555396,0.0,3339,0.4249316183467745,0.6751833903164924,0.4883003980360618,0.4483618353106984,0.4042783260611746,0.1666666666666666,0.7109454467720642
yeast,0,1,-Mahalanobis,SVM,0,0.9783127000555396,0.0,3339,0.4556160912486316,0.6964757087990785,0.5198783447904735,0.5034443222325429,0.4035560925284471,0.1666666666666666,0.8219213998951218
yeast,0,1,-Mahalanobis,RF,0,0.9783127000555396,0.0,3339,0.4714711217115324,0.714141627220469,0.5406233542975803,0.5181423235118926,0.4928966720505078,0.1666666666666666,0.8480632405745238
yeast,0,1,-Mahalanobis,LGBM,0,0.9783127000555396,0.0,3339,0.4685419737937282,0.7086031887024308,0.5355827036312375,0.5221924981570776,0.4469120333376538,0.1666666666666666,0.832504769712647
yeast,0,1,-NoiseGate,KNN,0,1.0009877999546006,0.0,3339,0.4505547665958183,0.6689615915885441,0.4824802377910375,0.3985763735756035,0.3460973340354423,0.2,0.7426507326278387
yeast,0,1,-NoiseGate,CART,0,1.0009877999546006,0.0,3339,0.4141252230204366,0.6670123023107533,0.4775320226377089,0.4508520919669851,0.3874679408017493,0.1666666666666666,0.7046043115195406
yeast,0,1,-NoiseGate,SVM,0,1.0009877999546006,0.0,3339,0.4556160912486316,0.6964757087990785,0.5198783447904735,0.5034443222325429,0.4035560925284471,0.1666666666666666,0.8218797263069445
yeast,0,1,-NoiseGate,RF,0,1.0009877999546006,0.0,3339,0.0,0.7044824908539734,0.5279871620186513,0.4948819983435368,0.465189438869419,0.0,0.8790013384232883
yeast,0,1,-NoiseGate,LGBM,0,1.0009877999546006,0.0,3339,0.4705543025857713,0.710264462254977,0.5380187977183499,0.5318374140443596,0.4496990835113544,0.1666666666666666,0.8329818348678927
yeast,0,1,-ConfSteer,KNN,0,0.9936875000130384,0.0,3339,0.452690416322185,0.6707229749613534,0.4847478114871826,0.4007562585916002,0.3506947128205286,0.2,0.7427748012030604
yeast,0,1,-ConfSteer,CART,0,0.9936875000130384,0.0,3339,0.4181478572076705,0.6694581176508502,0.4804211520615777,0.4589292856110286,0.4014364934685479,0.1666666666666666,0.7066494176236495
yeast,0,1,-ConfSteer,SVM,0,0.9936875000130384,0.0,3339,0.4556160912486316,0.6964757087990785,0.5198783447904735,0.5034443222325429,0.4035560925284471,0.1666666666666666,0.8220831983129506
yeast,0,1,-ConfSteer,RF,0,0.9936875000130384,0.0,3339,0.4686512420175286,0.7106365909887296,0.5358801010710106,0.5032905236831067,0.4841120260770332,0.1666666666666666,0.84238062894255
yeast,0,1,-ConfSteer,LGBM,0,0.9936875000130384,0.0,3339,0.5012439376429763,0.7172646582509725,0.5493132941710147,0.5355224163691671,0.4414736382520627,0.25,0.8346610719523716
yeast,0,2,Full,KNN,0,0.9628406000556424,0.0,3339,0.3636219607204605,0.6095888336677838,0.4032766325269575,0.3607227352831953,0.296875036375287,0.1666666666666666,0.7284829918218647
yeast,0,2,Full,CART,0,0.9628406000556424,0.0,3339,0.3347741121390277,0.578273399974701,0.3647173652614454,0.3708088477387953,0.2603047832234277,0.1666666666666666,0.6407960329863711
yeast,0,2,Full,SVM,0,0.9628406000556424,0.0,3339,0.0,0.6595619651371989,0.4659673921554609,0.4608883345914905,0.4110922234464862,0.0,0.8322898954752893
yeast,0,2,Full,RF,0,0.9628406000556424,0.0,3339,0.3943635606551307,0.6382736049980064,0.435798946569807,0.4459624018852762,0.4191592851136388,0.1666666666666666,0.8496857508627049
yeast,0,2,Full,LGBM,0,0.9628406000556424,0.0,3339,0.0,0.6009064360503429,0.3886884349665417,0.3939675428746467,0.3686373860092743,0.0,0.8272648213197589
yeast,0,2,-FeatWeights,KNN,0,0.5652275000466034,0.0,3339,0.365275015016921,0.61035289133233,0.4027124777184963,0.3691583006476528,0.3264989876322566,0.1666666666666666,0.7260908136404758
yeast,0,2,-FeatWeights,CART,0,0.5652275000466034,0.0,3339,0.3044548666694114,0.5612624228903282,0.3423661710363043,0.3396784668018903,0.2820208467557731,0.1,0.6312395017160564
yeast,0,2,-FeatWeights,SVM,0,0.5652275000466034,0.0,3339,0.0,0.6512931025069758,0.4554176370224325,0.4409122116752939,0.3894595838161727,0.0,0.8293798220523695
yeast,0,2,-FeatWeights,RF,0,0.5652275000466034,0.0,3339,0.41448785458164,0.6549804456802232,0.4584486730521687,0.4635757910375089,0.4278349702049906,0.1666666666666666,0.8448651237438841
yeast,0,2,-FeatWeights,LGBM,0,0.5652275000466034,0.0,3339,0.368529770402223,0.6356767112560047,0.4336421727437183,0.4380557294164532,0.3952345815326796,0.1,0.8252304385320445
yeast,0,2,-Subgroups,KNN,0,0.5752648999914527,0.0,3339,0.3636219607204605,0.6096117644088631,0.4032766325269575,0.3605245716759848,0.2973608939578654,0.1666666666666666,0.7285243038932518
yeast,0,2,-Subgroups,CART,0,0.5752648999914527,0.0,3339,0.3242339209983607,0.5881657084239208,0.3760557050388048,0.3819691244433168,0.2874130068348887,0.1,0.6479848428409767
yeast,0,2,-Subgroups,SVM,0,0.5752648999914527,0.0,3339,0.0,0.6595619651371989,0.4659673921554609,0.4608883345914905,0.4110922234464862,0.0,0.8322898954752893
yeast,0,2,-Subgroups,RF,0,0.5752648999914527,0.0,3339,0.3746489240673682,0.6259984926392689,0.4199652173820405,0.4342004571824646,0.402278037192668,0.1666666666666666,0.8491527583054441
yeast,0,2,-Subgroups,LGBM,0,0.5752648999914527,0.0,3339,0.0,0.6011766323293727,0.3889205804030784,0.3965725224824841,0.3716591912167399,0.0,0.8355889993518875
yeast,0,2,-Mahalanobis,KNN,0,0.9973871000111104,0.0,3339,0.3636219607204605,0.6095888336677838,0.4032766325269575,0.3607227352831953,0.296875036375287,0.1666666666666666,0.7284829918218647
yeast,0,2,-Mahalanobis,CART,0,0.9973871000111104,0.0,3339,0.3347741121390277,0.578273399974701,0.3647173652614454,0.3708088477387953,0.2603047832234277,0.1666666666666666,0.6407960329863711
yeast,0,2,-Mahalanobis,SVM,0,0.9973871000111104,0.0,3339,0.0,0.6595619651371989,0.4659673921554609,0.4608883345914905,0.4110922234464862,0.0,0.8322898954752893
yeast,0,2,-Mahalanobis,RF,0,0.9973871000111104,0.0,3339,0.0,0.6106150830255588,0.4001547091994393,0.4125450723388868,0.3917703122652395,0.0,0.8462514671091664
yeast,0,2,-Mahalanobis,LGBM,0,0.9973871000111104,0.0,3339,0.0,0.6121161386989024,0.4018982427259185,0.4116260216786318,0.3978335184837697,0.0,0.831014121896314
yeast,0,2,-NoiseGate,KNN,0,0.9937203999143094,0.0,3339,0.3636219607204605,0.6095888336677838,0.4032766325269575,0.3607227352831953,0.296875036375287,0.1666666666666666,0.7283319204885274
yeast,0,2,-NoiseGate,CART,0,0.9937203999143094,0.0,3339,0.0,0.535621643473028,0.3141108991318437,0.3283567465976681,0.2286297596014572,0.0,0.6137262396430422
yeast,0,2,-NoiseGate,SVM,0,0.9937203999143094,0.0,3339,0.0,0.6595619651371989,0.4659673921554609,0.4608883345914905,0.4110922234464862,0.0,0.8327482683557172
yeast,0,2,-NoiseGate,RF,0,0.9937203999143094,0.0,3339,0.0,0.6140180372935561,0.4039464179962037,0.4136482515534208,0.4047895512943744,0.0,0.8678924664203858
yeast,0,2,-NoiseGate,LGBM,0,0.9937203999143094,0.0,3339,0.0,0.612368394819328,0.4035858668074952,0.4172872200142246,0.3716473173348875,0.0,0.8286286717701592
yeast,0,2,-ConfSteer,KNN,0,0.980723400018178,0.0,3339,0.3636219607204605,0.6096117644088631,0.4032766325269575,0.3605245716759848,0.2973608939578654,0.1666666666666666,0.7285243038932518
yeast,0,2,-ConfSteer,CART,0,0.980723400018178,0.0,3339,0.3393505981840452,0.5822175596315243,0.3691229350288524,0.3803939562711492,0.2740260198336944,0.1666666666666666,0.6437273098059538
yeast,0,2,-ConfSteer,SVM,0,0.980723400018178,0.0,3339,0.0,0.6595619651371989,0.4659673921554609,0.4608883345914905,0.4110922234464862,0.0,0.8323026977694604
yeast,0,2,-ConfSteer,RF,0,0.980723400018178,0.0,3339,0.4148374042431547,0.6535640423290182,0.4568849525082372,0.4634503515288929,0.4203801103110758,0.1666666666666666,0.8653667992477374
yeast,0,2,-ConfSteer,LGBM,0,0.980723400018178,0.0,3339,0.0,0.6115395535808595,0.4024021769411532,0.4101880994900138,0.3724765380191588,0.0,0.8226865364246406
yeast,0,3,Full,KNN,0,1.0870795999653635,0.0,3330,0.5369417303211356,0.7271616174995622,0.5683033069858767,0.4469087833934327,0.3733872716562846,0.3333333333333333,0.7769501288346318
yeast,0,3,Full,CART,0,1.0870795999653635,0.0,3330,0.0,0.7017432798145081,0.5313005271620975,0.4678990257101627,0.347481296990885,0.0,0.7290825449258223
yeast,0,3,Full,SVM,0,1.0870795999653635,0.0,3330,0.6083688820457531,0.784926929554924,0.6570884419804632,0.5505010399763011,0.4454498543211023,0.3333333333333333,0.8805853134957513
yeast,0,3,Full,RF,0,1.0870795999653635,0.0,3330,0.0,0.7635481334433185,0.6199694431916353,0.5467645631325155,0.4741079053637613,0.0,0.8774460052267165
yeast,0,3,Full,LGBM,0,1.0870795999653635,0.0,3330,0.0,0.7393049381893843,0.5841246458396543,0.5122767986488397,0.4365988943045779,0.0,0.8689645040682331
yeast,0,3,-FeatWeights,KNN,0,0.6809590000193566,0.0,3330,0.5377743473365243,0.731166601474782,0.5754468269332279,0.4412605090922182,0.3626701249149372,0.3333333333333333,0.7803993513559456
yeast,0,3,-FeatWeights,CART,0,0.6809590000193566,0.0,3330,0.4787992131624071,0.705208137967678,0.5387229335092352,0.4813148634974283,0.3185954377470993,0.1666666666666666,0.7309331643026619
yeast,0,3,-FeatWeights,SVM,0,0.6809590000193566,0.0,3330,0.615000862709411,0.7891379838277252,0.6628183325029806,0.5539800076931588,0.460038938253425,0.3333333333333333,0.8794517200072192
yeast,0,3,-FeatWeights,RF,0,0.6809590000193566,0.0,3330,0.5840647264488079,0.7825196316797186,0.65050020877255,0.5762464498003863,0.4841236825728295,0.1666666666666666,0.8819178392552279
yeast,0,3,-FeatWeights,LGBM,0,0.6809590000193566,0.0,3330,0.0,0.7396112085371629,0.5851021629462038,0.5264584849707428,0.4314841505542964,0.0,0.8821867545094404
yeast,0,3,-Subgroups,KNN,0,0.5800943999784067,0.0,3330,0.5369417303211356,0.7271616174995622,0.5683033069858767,0.4469087833934327,0.3733872716562846,0.3333333333333333,0.7769501288346318
yeast,0,3,-Subgroups,CART,0,0.5800943999784067,0.0,3330,0.0,0.7017432798145081,0.5313005271620975,0.4678990257101627,0.347481296990885,0.0,0.7290825449258223
yeast,0,3,-Subgroups,SVM,0,0.5800943999784067,0.0,3330,0.6069474076300029,0.7840527720647592,0.6558936988502362,0.5491094803329256,0.4420893241648393,0.3333333333333333,0.8805044538483128
yeast,0,3,-Subgroups,RF,0,0.5800943999784067,0.0,3330,0.0,0.7654391044075577,0.622471375864346,0.5513020974409542,0.4817118923987676,0.0,0.8792919268959165
yeast,0,3,-Subgroups,LGBM,0,0.5800943999784067,0.0,3330,0.0,0.7339564642614539,0.5751075492649541,0.5095835884234917,0.4449631750579251,0.0,0.8720088195677095
yeast,0,3,-Mahalanobis,KNN,0,0.9690386999864132,0.0,3330,0.5369417303211356,0.7271616174995622,0.5683033069858767,0.4469087833934327,0.3733872716562846,0.3333333333333333,0.7774236680061395
yeast,0,3,-Mahalanobis,CART,0,0.9690386999864132,0.0,3330,0.0,0.7017432798145081,0.5313005271620975,0.4678990257101627,0.347481296990885,0.0,0.7290825449258223
yeast,0,3,-Mahalanobis,SVM,0,0.9690386999864132,0.0,3330,0.6083688820457531,0.784926929554924,0.6570884419804632,0.5505010399763011,0.4454498543211023,0.3333333333333333,0.8805827401185123
yeast,0,3,-Mahalanobis,RF,0,0.9690386999864132,0.0,3330,0.5732271686143819,0.7761168103605449,0.6398046174046896,0.5761671391469998,0.4855136845475167,0.1666666666666666,0.8781495002697619
yeast,0,3,-Mahalanobis,LGBM,0,0.9690386999864132,0.0,3330,0.0,0.7357885113085324,0.5790330686418154,0.5075444205681564,0.4297019200018516,0.0,0.8674065863699504
yeast,0,3,-NoiseGate,KNN,0,0.9509414000203832,0.0,3330,0.5369417303211356,0.7271997175051206,0.5683033069858767,0.4465944914022741,0.3738212175417795,0.3333333333333333,0.7768633902200548
yeast,0,3,-NoiseGate,CART,0,0.9509414000203832,0.0,3330,0.0,0.7274771551679948,0.569572345067059,0.5005157984899404,0.3724091385214123,0.0,0.7493654449251782
yeast,0,3,-NoiseGate,SVM,0,0.9509414000203832,0.0,3330,0.6097642724000003,0.7858607809981709,0.6582831851106902,0.5517773737175182,0.4496962070875415,0.3333333333333333,0.880706286813949
yeast,0,3,-NoiseGate,RF,0,0.9509414000203832,0.0,3330,0.5649565699391375,0.7714816553372373,0.6335201616217249,0.5558198726687582,0.4669127362264985,0.1666666666666666,0.8722682946858373
yeast,0,3,-NoiseGate,LGBM,0,0.9509414000203832,0.0,3330,0.0,0.7269507392910891,0.5655248044694146,0.5013296095713802,0.4236186299313533,0.0,0.871568945689998
yeast,0,3,-ConfSteer,KNN,0,0.9666046999627724,0.0,3330,0.5369417303211356,0.7271616174995622,0.5683033069858767,0.4469087833934327,0.3733872716562846,0.3333333333333333,0.7769501288346318
yeast,0,3,-ConfSteer,CART,0,0.9666046999627724,0.0,3330,0.0,0.7030421324612306,0.5330667338076753,0.4492446961964295,0.3489803251968275,0.0,0.7301415876655192
yeast,0,3,-ConfSteer,SVM,0,0.9666046999627724,0.0,3330,0.6069474076300029,0.7840527720647592,0.6558936988502362,0.5491094803329256,0.4420893241648393,0.3333333333333333,0.8804980885086632
yeast,0,3,-ConfSteer,RF,0,0.9666046999627724,0.0,3330,0.5681897529866345,0.7728277323036913,0.6357782691658178,0.5646380869503352,0.4665471464546305,0.1666666666666666,0.8706393402789847
yeast,0,3,-ConfSteer,LGBM,0,0.9666046999627724,0.0,3330,0.0,0.7437543743936883,0.5902184747038818,0.5226481113360789,0.4499102808915211,0.0,0.8726638483563761
yeast,0,4,Full,KNN,0,1.0039642999181524,0.0,3330,0.4840175414993029,0.7117342053155766,0.5427319958296453,0.4509504406161412,0.3975702143869726,0.1666666666666666,0.7732693983291741
yeast,0,4,Full,CART,0,1.0039642999181524,0.0,3330,0.4800038400294913,0.7007137456021882,0.5257303413154876,0.4787430376152581,0.4091295664656745,0.1428571428571428,0.7298343701595872
yeast,0,4,Full,SVM,0,1.0039642999181524,0.0,3330,0.0,0.7327994310288459,0.570487140634365,0.5211374591276551,0.4704379521106263,0.0,0.8599402593424977
yeast,0,4,Full,RF,0,1.0039642999181524,0.0,3330,0.5603561877548621,0.7750712771653049,0.6307798758552071,0.5876956183968476,0.5702995725274436,0.1666666666666666,0.86100734687867
yeast,0,4,Full,LGBM,0,1.0039642999181524,0.0,3330,0.0,0.7211508682907013,0.5521995826337537,0.5434933008667893,0.4851478799256658,0.0,0.8651905182775389
yeast,0,4,-FeatWeights,KNN,0,0.596204400062561,0.0,3330,0.4739653969710521,0.6971248387615315,0.5199276836404869,0.4469806068284273,0.4077945431646443,0.1666666666666666,0.7774602866158494
yeast,0,4,-FeatWeights,CART,0,0.596204400062561,0.0,3330,0.0,0.674988803488189,0.4903318587583403,0.4547447961648844,0.3678198647185159,0.0,0.7097593233186859
yeast,0,4,-FeatWeights,SVM,0,0.596204400062561,0.0,3330,0.0,0.7191949216965782,0.5502534942598083,0.504413852639778,0.4588501944821826,0.0,0.8461981369756166
yeast,0,4,-FeatWeights,RF,0,0.596204400062561,0.0,3330,0.541914106801378,0.7547694643427707,0.5998431486178424,0.5641140734432788,0.5437934039639524,0.1666666666666666,0.8588417816224361
yeast,0,4,-FeatWeights,LGBM,0,0.596204400062561,0.0,3330,0.0,0.7215797886352879,0.5524687471471041,0.5381938989760626,0.4895880988650705,0.0,0.8425549006224493
yeast,0,4,-Subgroups,KNN,0,0.6272427000803873,0.0,3330,0.4840175414993029,0.7117342053155766,0.5427319958296453,0.4509504406161412,0.3975702143869726,0.1666666666666666,0.7732693983291741
yeast,0,4,-Subgroups,CART,0,0.6272427000803873,0.0,3330,0.4437791177092149,0.6867273030531962,0.5048744328939379,0.4719979387400806,0.407934230646679,0.1428571428571428,0.7194784825847088
yeast,0,4,-Subgroups,SVM,0,0.6272427000803873,0.0,3330,0.0,0.7327994310288459,0.570487140634365,0.5211374591276551,0.4704379521106263,0.0,0.8599496310623957
yeast,0,4,-Subgroups,RF,0,0.6272427000803873,0.0,3330,0.5551145048020047,0.7705820301345706,0.6247835851158556,0.583965018575991,0.5535757738630674,0.1666666666666666,0.8656415527393524
yeast,0,4,-Subgroups,LGBM,0,0.6272427000803873,0.0,3330,0.0,0.7430763892061435,0.5839674783113767,0.5559018138309504,0.5173871505894834,0.0,0.8634645687895093
yeast,0,4,-Mahalanobis,KNN,0,0.9508941000094636,0.0,3330,0.4840175414993029,0.7117342053155766,0.5427319958296453,0.4509504406161412,0.3975702143869726,0.1666666666666666,0.7732693983291741
yeast,0,4,-Mahalanobis,CART,0,0.9508941000094636,0.0,3330,0.4800038400294913,0.7007137456021882,0.5257303413154876,0.4787430376152581,0.4091295664656745,0.1428571428571428,0.7298343701595872
yeast,0,4,-Mahalanobis,SVM,0,0.9508941000094636,0.0,3330,0.0,0.7327994310288459,0.570487140634365,0.5211374591276551,0.4704379521106263,0.0,0.8599402593424977
yeast,0,4,-Mahalanobis,RF,0,0.9508941000094636,0.0,3330,0.5515239429671226,0.7665731101181448,0.6188619658221434,0.5766139633605467,0.5451629543474595,0.1666666666666666,0.8670755844942452
yeast,0,4,-Mahalanobis,LGBM,0,0.9508941000094636,0.0,3330,0.0,0.7427484298914224,0.5845492209692635,0.5614840870917741,0.504882623411022,0.0,0.8633625158763323
yeast,0,4,-NoiseGate,KNN,0,0.9787607999751344,0.0,3330,0.4853810432239258,0.7127265923723893,0.544023985493728,0.4557525581699367,0.4008920628948376,0.1666666666666666,0.7738821184482254
yeast,0,4,-NoiseGate,CART,0,0.9787607999751344,0.0,3330,0.4414208329316786,0.6845974453998758,0.5016713751850661,0.4613753630404191,0.4084574734390473,0.1428571428571428,0.7179479102852695
yeast,0,4,-NoiseGate,SVM,0,0.9787607999751344,0.0,3330,0.0,0.7327994310288459,0.570487140634365,0.5211374591276551,0.4704379521106263,0.0,0.8595851927569722
yeast,0,4,-NoiseGate,RF,0,0.9787607999751344,0.0,3330,0.5587876811672423,0.7723751785868118,0.6286663266345687,0.578742022267972,0.5399506326246389,0.1666666666666666,0.8538210339567478
yeast,0,4,-NoiseGate,LGBM,0,0.9787607999751344,0.0,3330,0.0,0.7442711957487894,0.58522213225264,0.5545385897324869,0.5237449533954246,0.0,0.8675152544038812
yeast,0,4,-ConfSteer,KNN,0,0.9713489999994636,0.0,3330,0.4840175414993029,0.7117342053155766,0.5427319958296453,0.4509504406161412,0.3975702143869726,0.1666666666666666,0.7731278731536578
yeast,0,4,-ConfSteer,CART,0,0.9713489999994636,0.0,3330,0.4805370715526711,0.6998000096788494,0.5249212352691347,0.4764005711158117,0.4019897558613465,0.1666666666666666,0.7289306522250246
yeast,0,4,-ConfSteer,SVM,0,0.9713489999994636,0.0,3330,0.0,0.7327994310288459,0.570487140634365,0.5211374591276551,0.4704379521106263,0.0,0.8599600869763383
yeast,0,4,-ConfSteer,RF,0,0.9713489999994636,0.0,3330,0.5464609210537488,0.7626389837581695,0.6130150179740702,0.5678529466028722,0.5367656217711999,0.1666666666666666,0.864341908271485
yeast,0,4,-ConfSteer,LGBM,0,0.9713489999994636,0.0,3330,0.0,0.7436384084677234,0.5852447073408563,0.5691818431730713,0.5130781611713987,0.0,0.864721637760948
