,Class,height,lenght,area,eccen,p_black,p_and,mean_tr,blackpix,blackand,wb_trans
0,1,7,35,245,5.0,0.408,0.755,2.38,100,185,42
1,1,7,197,1379,28.143,0.072,0.326,1.5,99,450,66
2,1,7,100,700,14.286,0.279,0.98,1.63,195,686,120
3,1,7,35,245,5.0,0.445,0.771,2.48,109,189,44
4,1,7,38,266,5.429,0.414,0.846,2.44,110,225,45
5,1,6,6,36,1.0,0.417,0.944,1.5,15,34,10
6,1,10,22,220,2.2,0.323,0.814,2.09,71,179,34
7,1,7,100,700,14.286,0.411,0.849,1.83,288,594,157
8,1,7,16,112,2.286,0.286,0.955,1.68,32,107,19
9,1,12,22,264,1.833,0.538,0.852,8.35,142,225,17
10,1,23,198,4554,8.609,0.924,0.999,14.93,210,548,282
11,1,8,40,320,5.0,0.281,0.872,1.45,90,279,62
12,1,11,272,2992,24.727,0.26,0.681,1.82,778,38,428
13,1,9,457,4113,50.778,0.173,0.63,1.28,712,590,555
14,1,9,33,297,3.667,0.33,0.845,1.81,98,251,54
15,1,9,38,342,4.222,0.371,0.874,1.87,127,299,68
16,1,7,11,77,1.571,0.416,0.961,1.6,32,74,20
17,1,9,245,2205,27.222,0.16,0.607,1.39,353,338,254
18,1,9,42,378,4.667,0.198,0.563,1.15,75,213,65
19,1,7,5,35,0.714,0.486,0.943,4.25,17,33,4
20,1,7,6,42,0.857,0.333,0.762,4.67,14,32,3
21,1,11,44,484,4.0,0.314,0.75,1.92,152,363,79
22,1,5,14,70,2.8,0.386,0.857,1.69,27,60,16
23,1,8,35,280,4.375,0.321,0.775,1.76,90,217,51
24,1,12,71,852,5.917,0.481,0.757,5.86,410,645,70
25,1,8,18,144,2.25,0.354,0.757,1.65,51,109,31
26,1,7,32,224,4.571,0.272,0.862,1.53,61,193,40
27,1,9,109,981,12.111,0.219,0.779,1.67,215,764,129
28,1,8,75,600,9.375,0.373,0.955,1.95,224,573,115
29,1,6,13,78,2.167,0.295,1.0,1.53,23,78,15
30,1,9,268,2412,29.778,0.132,0.534,1.24,319,288,258
31,1,6,19,114,3.167,0.289,0.789,1.38,33,90,24
32,1,5,28,140,5.6,0.307,0.814,1.3,43,114,33
33,1,8,48,384,6.0,0.396,0.924,2.03,152,355,75
34,1,5,75,375,15.0,0.259,0.867,1.18,97,325,82
35,1,9,164,1476,18.222,0.189,0.65,1.26,279,959,221
36,1,7,62,434,8.857,0.392,0.871,1.87,170,378,91
37,1,8,126,1008,15.75,0.209,0.573,1.45,211,578,146
38,1,5,19,95,3.8,0.505,0.8,2.18,48,76,22
39,1,9,535,4815,59.444,0.192,0.658,1.42,926,167,654
40,1,7,28,196,4.0,0.306,0.847,1.58,60,166,38
41,1,8,4,32,0.5,0.469,0.719,5.0,15,23,3
42,1,5,31,155,6.2,0.355,0.974,1.49,55,151,37
43,1,10,61,610,6.1,0.487,0.834,3.13,297,509,95
44,1,11,102,1122,9.273,0.289,0.829,1.87,324,930,173
45,1,12,142,1704,11.833,0.337,0.759,3.04,575,293,189
46,1,11,54,594,4.909,0.316,0.697,2.07,188,414,91
47,1,7,72,504,10.286,0.236,0.651,1.7,119,328,70
48,1,11,63,693,5.727,0.332,0.724,2.77,230,502,83
49,1,12,10,120,0.833,0.675,0.783,11.57,81,94,7
50,1,11,85,935,7.727,0.25,0.664,1.73,234,621,135
51,1,7,38,266,5.429,0.327,0.951,1.38,87,253,63
52,1,10,21,210,2.1,0.348,0.757,3.17,73,159,23
53,1,5,39,195,7.8,0.328,0.744,2.06,64,145,31
54,1,25,203,5075,8.12,0.837,0.929,15.22,246,713,279
55,1,7,5,35,0.714,0.2,0.429,7.0,7,15,1
56,1,12,73,876,6.083,0.257,0.591,2.14,225,518,105
57,1,8,20,160,2.5,0.394,0.863,2.1,63,138,30
58,1,7,41,287,5.857,0.345,0.777,1.55,99,223,64
59,1,8,22,176,2.75,0.398,0.818,2.06,70,144,34
60,1,11,8,88,0.727,0.705,1.0,7.75,62,88,8
61,1,6,40,240,6.667,0.221,0.983,1.26,53,236,42
62,1,7,240,1680,34.286,0.215,0.538,1.64,362,904,221
63,1,8,61,488,7.625,0.342,0.875,1.94,167,427,86
64,1,1,14,14,14.0,0.571,1.0,2.67,8,14,3
65,1,8,4,32,0.5,0.594,1.0,2.71,19,32,7
66,1,8,168,1344,21.0,0.32,0.909,1.76,430,222,245
67,1,9,61,549,6.778,0.213,0.683,1.6,117,375,73
68,1,10,32,320,3.2,0.338,0.816,1.83,108,261,59
69,1,6,13,78,2.167,0.308,0.872,1.6,24,68,15
70,1,10,29,290,2.9,0.303,0.731,2.1,88,212,42
71,1,7,6,42,0.857,0.452,1.0,1.9,19,42,10
72,1,9,27,243,3.0,0.346,0.975,1.87,84,237,45
73,1,7,15,105,2.143,0.4,0.924,1.5,42,97,28
74,1,5,29,145,5.8,0.4,0.966,1.61,58,140,36
75,1,12,129,1548,10.75,0.303,0.711,2.51,469,100,187
76,1,11,102,1122,9.273,0.289,0.829,1.87,324,930,173
77,1,1,7,7,7.0,1.0,1.0,7.0,7,7,1
78,1,5,6,30,1.2,0.233,1.0,1.4,7,30,5
79,1,3,4,12,1.333,0.667,0.667,8.0,8,8,1
80,1,6,49,294,8.167,0.32,0.527,2.94,94,155,32
81,1,5,26,130,5.2,0.492,0.785,2.37,64,102,27
82,1,8,28,224,3.5,0.259,0.844,1.93,58,189,30
83,1,10,261,2610,26.1,0.269,0.713,1.81,701,860,388
84,1,14,227,3178,16.214,0.237,0.839,3.34,754,667,226
85,1,8,65,520,8.125,0.302,0.908,1.74,157,472,90
86,1,7,15,105,2.143,0.181,0.61,2.71,19,64,7
87,1,9,41,369,4.556,0.244,0.661,1.32,90,244,68
88,1,9,36,324,4.0,0.552,0.926,3.51,179,300,51
89,1,7,26,182,3.714,0.374,0.846,1.66,68,154,41
90,1,8,42,336,5.25,0.259,0.756,1.74,87,254,50
91,1,7,105,735,15.0,0.127,0.41,1.39,93,301,67
92,1,10,119,1190,11.9,0.39,0.81,2.75,464,964,169
93,1,11,54,594,4.909,0.258,0.736,1.99,153,437,77
94,1,9,8,72,0.889,0.222,0.736,1.78,16,53,9
95,1,7,49,343,7.0,0.297,0.641,2.08,102,220,49
96,1,9,13,117,1.444,0.53,0.88,3.26,62,103,19
97,1,8,12,96,1.5,0.396,0.99,1.9,38,95,20
98,1,9,306,2754,34.0,0.213,0.807,1.38,587,222,424
99,1,13,57,741,4.385,0.745,1.0,11.5,552,741,48
100,1,9,46,414,5.111,0.242,0.737,1.47,100,305,68
101,1,9,99,891,11.0,0.189,0.745,1.4,168,664,120
102,1,3,3,9,1.0,0.889,0.889,8.0,8,8,1
103,1,6,14,84,2.333,0.274,0.893,1.64,23,75,14
104,1,7,18,126,2.571,0.262,0.873,1.94,33,110,17
105,1,10,127,1270,12.7,0.388,0.798,2.35,493,14,210
106,1,8,83,664,10.375,0.398,0.94,2.15,264,624,123
107,1,7,91,637,13.0,0.163,0.535,1.46,104,341,71
108,1,16,44,704,2.75,0.376,0.744,2.39,265,524,111
109,1,7,48,336,6.857,0.268,0.652,1.61,90,219,56
110,1,6,96,576,16.0,0.267,0.939,1.51,154,541,102
111,1,10,155,1550,15.5,0.35,0.678,2.78,542,51,195
112,1,11,79,869,7.182,0.342,0.841,2.2,297,731,135
113,1,5,34,170,6.8,0.141,0.594,1.26,24,101,19
114,1,8,19,152,2.375,0.178,0.724,1.5,27,110,18
115,1,11,8,88,0.727,0.545,1.0,3.2,48,88,15
116,1,7,13,91,1.857,0.286,0.923,2.6,26,84,10
117,1,8,92,736,11.5,0.359,0.913,1.75,264,672,151
118,1,9,108,972,12.0,0.389,0.88,2.22,378,855,170
119,1,9,198,1782,22.0,0.289,0.681,1.88,515,213,274
120,1,8,13,104,1.625,0.365,0.808,1.9,38,84,20
121,1,10,100,1000,10.0,0.444,0.924,2.64,444,924,168
122,1,11,98,1078,8.909,0.397,0.778,2.61,428,839,164
123,1,8,41,328,5.125,0.232,0.527,1.55,76,173,49
124,1,10,41,410,4.1,0.463,0.968,2.79,190,397,68
125,1,11,43,473,3.909,0.336,0.753,2.74,159,356,58
126,1,24,157,3768,6.542,0.905,0.958,18.34,411,609,186
127,1,5,82,410,16.4,0.361,0.802,2.11,148,329,70
128,1,8,4,32,0.5,0.469,0.719,3.75,15,23,4
129,1,10,147,1470,14.7,0.168,0.55,1.29,247,809,191
130,1,5,21,105,4.2,0.333,0.79,1.46,35,83,24
131,1,10,48,480,4.8,0.579,0.706,6.04,278,339,46
132,1,9,120,1080,13.333,0.176,0.752,1.29,190,812,147
133,1,7,109,763,15.571,0.283,0.543,1.93,216,414,112
134,1,9,102,918,11.333,0.386,0.895,2.77,354,822,128
135,1,9,25,225,2.778,0.378,0.938,2.13,85,211,40
136,1,9,37,333,4.111,0.538,0.901,2.8,179,300,64
137,1,1,65,65,65.0,0.2,1.0,1.08,13,65,12
138,1,9,283,2547,31.444,0.186,0.727,1.22,474,852,389
139,1,8,48,384,6.0,0.221,0.557,1.37,85,214,62
140,1,9,40,360,4.444,0.344,0.683,2.07,124,246,60
141,1,10,48,480,4.8,0.331,0.742,2.37,159,356,67
142,1,10,499,4990,49.9,0.147,0.631,1.27,733,150,575
143,1,7,41,287,5.857,0.254,0.697,1.43,73,200,51
144,1,9,34,306,3.778,0.225,0.755,1.57,69,231,44
145,1,9,217,1953,24.111,0.168,0.686,1.4,329,339,235
146,1,9,23,207,2.556,0.362,0.831,1.92,75,172,39
147,1,16,309,4944,19.313,0.382,0.549,5.38,890,713,351
148,1,8,8,64,1.0,0.344,0.922,1.83,22,59,12
149,1,7,9,63,1.286,0.349,0.746,1.69,22,47,13
150,1,8,15,120,1.875,0.425,0.925,1.96,51,111,26
151,1,9,20,180,2.222,0.294,0.578,1.51,53,104,35
152,1,7,40,280,5.714,0.229,0.686,1.28,64,192,50
153,1,13,390,5070,30.0,0.182,0.735,1.56,924,727,593
154,1,10,80,800,8.0,0.279,0.8,1.92,223,640,116
155,1,11,7,77,0.636,0.597,1.0,5.75,46,77,8
156,1,9,166,1494,18.444,0.336,0.723,2.38,502,80,211
157,1,11,272,2992,24.727,0.168,0.595,1.43,504,781,352
158,1,7,50,350,7.143,0.214,0.96,1.23,75,336,61
159,1,9,73,657,8.111,0.298,0.627,2.55,196,412,77
160,1,5,13,65,2.6,0.292,0.892,1.46,19,58,13
161,1,8,141,1128,17.625,0.447,0.932,2.45,504,51,206
162,1,5,19,95,3.8,0.316,0.916,1.5,30,87,20
163,1,11,272,2992,24.727,0.281,0.68,2.0,840,36,420
164,1,5,12,60,2.4,0.267,0.733,1.78,16,44,9
165,1,9,91,819,10.111,0.233,0.789,1.71,191,646,112
166,1,11,118,1298,10.727,0.348,0.797,2.71,452,35,167
167,1,8,11,88,1.375,0.25,0.83,1.29,22,73,17
168,1,8,8,64,1.0,0.438,0.813,4.67,28,52,6
169,1,6,96,576,16.0,0.335,0.703,2.44,193,405,79
170,1,11,24,264,2.182,0.53,0.727,10.0,140,192,14
171,1,8,70,560,8.75,0.332,0.896,1.66,186,502,112
172,1,10,249,2490,24.9,0.294,0.636,2.32,731,584,315
173,1,5,75,375,15.0,0.269,0.979,1.22,101,367,83
174,1,8,8,64,1.0,0.359,0.969,1.53,23,62,15
175,1,10,50,500,5.0,0.602,0.746,5.57,301,373,54
176,1,10,189,1890,18.9,0.263,0.515,2.34,498,973,213
177,1,7,219,1533,31.286,0.195,0.617,1.44,299,946,207
178,1,10,26,260,2.6,0.312,0.577,2.03,81,150,40
179,1,33,180,5940,5.455,0.236,0.611,1.68,400,627,835
180,1,12,128,1536,10.667,0.339,0.737,2.91,520,132,179
181,1,8,6,48,0.75,0.375,1.0,1.64,18,48,11
182,1,8,25,200,3.125,0.515,0.815,2.64,103,163,39
183,1,11,221,2431,20.091,0.25,0.544,1.95,607,323,312
184,1,14,265,3710,18.929,0.354,0.565,4.47,315,97,294
185,1,11,207,2277,18.818,0.268,0.723,1.84,610,647,332
186,1,10,18,180,1.8,0.294,0.883,1.96,53,159,27
187,1,8,21,168,2.625,0.339,0.673,1.97,57,113,29
188,1,12,122,1464,10.167,0.26,0.881,2.3,381,290,166
189,1,9,46,414,5.111,0.242,0.575,1.43,100,238,70
190,1,7,23,161,3.286,0.093,0.54,1.36,15,87,11
191,1,6,14,84,2.333,0.298,0.619,1.79,25,52,14
192,1,9,175,1575,19.444,0.177,0.624,1.26,279,983,222
193,1,9,9,81,1.0,0.728,0.889,7.38,59,72,8
194,1,7,20,140,2.857,0.25,0.657,1.46,35,92,24
195,1,8,83,664,10.375,0.357,0.979,1.98,237,650,120
196,1,8,47,376,5.875,0.362,0.88,2.0,136,331,68
197,1,14,253,3542,18.071,0.372,0.826,4.36,317,924,302
198,1,13,297,3861,22.846,0.409,0.6,4.97,579,318,318
199,1,8,148,1184,18.5,0.196,0.718,1.28,232,850,181
200,1,5,39,195,7.8,0.344,0.728,2.09,67,142,32
201,1,7,7,49,1.0,0.245,0.878,1.71,12,43,7
202,1,7,10,70,1.429,0.286,0.886,1.82,20,62,11
203,1,11,25,275,2.273,0.298,0.811,2.05,82,223,40
204,1,10,83,830,8.3,0.295,0.725,2.02,245,602,121
205,1,9,81,729,9.0,0.337,0.918,1.97,246,669,125
206,1,7,15,105,2.143,0.181,0.61,2.71,19,64,7
207,1,9,7,63,0.778,0.349,0.683,2.2,22,43,10
208,1,10,83,830,8.3,0.357,0.813,2.28,296,675,130
209,1,9,92,828,10.222,0.365,0.954,2.2,302,790,137
210,1,9,168,1512,18.667,0.268,0.661,1.89,405,0,214
211,1,9,35,315,3.889,0.59,0.86,3.88,186,271,48
212,1,8,24,192,3.0,0.328,0.625,1.75,63,120,36
213,1,7,346,2422,49.429,0.185,0.731,1.26,448,771,355
214,1,10,31,310,3.1,0.645,0.774,6.67,200,240,30
215,1,10,271,2710,27.1,0.173,0.557,1.47,469,510,318
216,1,36,186,6696,5.167,0.318,0.654,7.28,126,382,292
217,1,9,30,270,3.333,0.27,0.796,1.4,73,215,52
218,1,10,38,380,3.8,0.434,0.892,2.89,165,339,57
219,1,7,51,357,7.286,0.283,0.91,1.35,101,325,75
220,1,6,14,84,2.333,0.536,1.0,2.05,45,84,22
221,1,12,83,996,6.917,0.253,0.756,1.75,252,753,144
222,1,9,21,189,2.333,0.206,0.778,1.22,39,147,32
223,1,8,32,256,4.0,0.402,0.898,1.81,103,230,57
224,1,8,62,496,7.75,0.214,0.645,1.43,106,320,74
225,1,8,190,1520,23.75,0.118,0.62,1.21,179,943,148
226,1,7,11,77,1.571,0.403,0.974,1.48,31,75,21
227,1,8,5,40,0.625,0.525,1.0,3.0,21,40,7
228,1,14,300,4200,21.429,0.263,0.607,2.39,106,550,462
229,1,9,111,999,12.333,0.218,0.81,1.7,218,809,128
230,1,28,82,2296,2.929,0.271,0.39,8.9,623,895,70
231,1,7,30,210,4.286,0.305,0.871,1.64,64,183,39
232,1,7,105,735,15.0,0.127,0.41,1.39,93,301,67
233,1,1,91,91,91.0,0.352,1.0,1.03,32,91,31
234,1,10,11,110,1.1,0.382,1.0,1.5,42,110,28
235,1,6,17,102,2.833,0.451,0.745,2.56,46,76,18
236,1,7,108,756,15.429,0.362,0.807,2.11,274,610,130
237,1,9,96,864,10.667,0.281,0.815,1.96,243,704,124
238,1,9,50,450,5.556,0.32,0.716,2.67,144,322,54
239,1,7,15,105,2.143,0.314,1.0,1.57,33,105,21
240,1,9,20,180,2.222,0.461,1.0,2.59,83,180,32
241,1,6,11,66,1.833,0.303,0.712,1.54,20,47,13
242,1,7,33,231,4.714,0.368,0.896,1.57,85,207,54
243,1,6,20,120,3.333,0.367,0.967,1.38,44,116,32
244,1,5,13,65,2.6,0.154,0.662,10.0,10,43,1
245,1,10,261,2610,26.1,0.264,0.679,1.77,689,771,390
246,1,10,116,1160,11.6,0.273,0.797,1.7,317,925,186
247,1,9,100,900,11.111,0.463,0.908,2.92,417,817,143
248,1,10,285,2850,28.5,0.175,0.598,1.58,499,703,315
249,1,11,13,143,1.182,0.42,0.979,2.22,60,140,27
250,1,4,6,24,1.5,0.458,0.792,5.5,11,19,2
251,1,8,175,1400,21.875,0.156,0.882,1.2,219,235,183
252,1,9,10,90,1.111,0.344,0.533,3.88,31,48,8
253,1,10,508,5080,50.8,0.131,0.51,1.27,667,593,527
254,1,22,71,1562,3.227,0.499,0.836,10.99,780,306,71
255,1,10,12,120,1.2,0.333,0.958,1.82,40,115,22
256,1,9,82,738,9.111,0.312,0.669,2.74,230,494,84
257,1,9,352,3168,39.111,0.205,0.692,1.34,651,193,486
258,1,8,398,3184,49.75,0.279,0.664,1.7,887,113,521
259,1,10,76,760,7.6,0.474,0.799,3.03,360,607,119
260,1,9,508,4572,56.444,0.16,0.52,1.3,732,379,563
261,1,19,28,532,1.474,0.588,0.912,13.04,313,485,24
262,1,1,167,167,167.0,0.192,1.0,1.03,32,167,31
263,1,5,94,470,18.8,0.313,0.751,1.91,147,353,77
264,1,9,24,216,2.667,0.213,0.468,1.28,46,101,36
265,1,8,35,280,4.375,0.357,0.921,1.64,100,258,61
266,1,11,262,2882,23.818,0.259,0.788,1.94,747,271,386
267,1,9,37,333,4.111,0.532,0.913,3.22,177,304,55
268,1,5,15,75,3.0,0.4,0.947,1.67,30,71,18
269,1,11,29,319,2.636,0.298,0.752,2.21,95,240,43
270,1,9,20,180,2.222,0.3,0.972,1.74,54,175,31
271,1,7,22,154,3.143,0.156,0.519,1.6,24,80,15
272,1,12,11,132,0.917,0.371,1.0,1.63,49,132,30
273,1,8,41,328,5.125,0.363,0.942,1.63,119,309,73
274,1,7,125,875,17.857,0.27,0.858,1.4,236,751,168
275,1,9,39,351,4.333,0.308,0.709,1.69,108,249,64
276,1,6,11,66,1.833,0.364,0.955,1.33,24,63,18
277,1,14,253,3542,18.071,0.372,0.826,4.36,317,924,302
278,1,8,103,824,12.875,0.425,0.933,2.71,350,769,129
279,1,11,38,418,3.455,0.328,0.852,1.96,137,356,70
280,1,14,203,2842,14.5,0.362,0.67,4.36,28,904,236
281,1,11,183,2013,16.636,0.481,0.747,4.66,969,503,208
282,1,4,12,48,3.0,0.146,1.0,1.0,7,48,7
283,1,9,60,540,6.667,0.413,0.822,2.75,223,444,81
284,1,6,6,36,1.0,0.528,0.917,3.17,19,33,6
285,1,10,259,2590,25.9,0.351,0.779,2.51,908,18,362
286,1,10,330,3300,33.0,0.225,0.771,1.44,744,545,518
287,1,8,120,960,15.0,0.25,0.748,1.66,240,718,145
288,1,7,6,42,0.857,0.333,1.0,1.4,14,42,10
289,1,7,14,98,2.0,0.367,0.786,1.57,36,77,23
290,1,9,44,396,4.889,0.465,0.944,3.35,184,374,55
291,1,9,110,990,12.222,0.311,0.627,2.08,308,621,148
292,1,8,12,96,1.5,0.479,1.0,2.19,46,96,21
293,1,11,74,814,6.727,0.267,0.628,2.21,217,511,98
294,1,6,31,186,5.167,0.5,1.0,1.94,93,186,48
295,1,10,12,120,1.2,0.367,1.0,1.69,44,120,26
296,1,10,271,2710,27.1,0.193,0.693,1.37,522,878,380
297,1,9,82,738,9.111,0.37,0.924,2.39,273,682,114
298,1,9,40,360,4.444,0.275,0.875,1.6,99,315,62
299,1,7,26,182,3.714,0.33,0.786,2.07,60,143,29
300,1,8,344,2752,43.0,0.216,0.838,1.22,595,307,486
301,1,4,69,276,17.25,0.377,0.96,1.82,104,265,57
302,1,7,34,238,4.857,0.252,1.0,1.43,60,238,42
303,1,11,84,924,7.636,0.251,0.681,1.77,232,629,131
304,1,8,14,112,1.75,0.446,0.973,2.27,50,109,22
305,1,7,36,252,5.143,0.409,0.861,1.84,103,217,56
306,1,8,523,4184,65.375,0.06,0.305,1.2,250,277,209
307,1,7,47,329,6.714,0.258,0.763,1.29,85,251,66
308,1,10,80,800,8.0,0.314,0.799,2.06,251,639,122
309,1,12,84,1008,7.0,0.282,0.778,1.91,284,784,149
310,1,10,33,330,3.3,0.345,0.779,1.9,114,257,60
311,1,7,16,112,2.286,0.313,0.973,1.75,35,109,20
312,1,10,34,340,3.4,0.356,0.803,1.83,121,273,66
313,1,10,63,630,6.3,0.233,0.705,1.69,147,444,87
314,1,10,37,370,3.7,0.327,0.954,1.83,121,353,66
315,1,2,19,38,9.5,0.237,1.0,1.8,9,38,5
316,1,1,14,14,14.0,0.571,1.0,2.67,8,14,3
317,1,9,343,3087,38.111,0.162,0.677,1.24,499,91,401
318,1,9,13,117,1.444,0.564,0.863,3.88,66,101,17
319,1,5,13,65,2.6,0.246,0.831,1.33,16,54,12
320,1,11,436,4796,39.636,0.336,0.755,2.86,612,623,564
321,1,17,34,578,2.0,0.123,0.156,17.75,71,90,4
322,1,10,16,160,1.6,0.444,1.0,2.22,71,160,32
323,1,8,25,200,3.125,0.285,0.88,1.36,57,176,42
324,1,9,510,4590,56.667,0.149,0.541,1.22,686,484,561
325,1,12,72,864,6.0,0.623,0.86,6.73,538,743,80
326,1,7,14,98,2.0,0.327,0.939,1.88,32,92,17
327,1,23,118,2714,5.13,0.293,0.784,2.06,795,129,385
328,1,9,67,603,7.444,0.468,0.823,3.76,282,496,75
329,1,8,162,1296,20.25,0.327,0.79,2.85,424,24,149
330,1,8,51,408,6.375,0.306,0.637,1.95,125,260,64
331,1,7,40,280,5.714,0.336,0.782,1.47,94,219,64
332,1,11,34,374,3.091,0.364,0.642,2.78,136,240,49
333,1,5,2,10,0.4,0.7,0.7,7.0,7,7,1
334,1,12,8,96,0.667,0.479,0.5,46.0,46,48,1
335,1,7,36,252,5.143,0.262,0.671,1.27,66,169,52
336,1,6,96,576,16.0,0.318,0.575,3.0,183,331,61
337,1,10,319,3190,31.9,0.239,0.674,1.67,764,149,458
338,1,12,91,1092,7.583,0.281,0.59,2.46,307,644,125
339,1,6,39,234,6.5,0.226,0.705,1.66,53,165,32
340,1,11,92,1012,8.364,0.361,0.851,2.3,365,861,159
341,1,6,16,96,2.667,0.49,0.938,2.14,47,90,22
342,1,7,37,259,5.286,0.282,0.772,1.35,73,200,54
343,1,1,42,42,42.0,0.381,1.0,1.07,16,42,15
344,1,8,48,384,6.0,0.354,0.901,1.68,136,346,81
345,1,12,43,516,3.583,0.31,0.793,2.32,160,409,69
346,1,7,7,49,1.0,0.327,1.0,2.0,16,49,8
347,1,9,46,414,5.111,0.242,0.575,1.43,100,238,70
348,1,8,74,592,9.25,0.412,0.845,2.14,244,500,114
349,1,8,110,880,13.75,0.23,0.872,1.66,202,767,122
350,1,9,107,963,11.889,0.375,0.861,1.94,361,829,186
351,1,11,8,88,0.727,0.716,1.0,7.88,63,88,8
352,1,7,40,280,5.714,0.186,0.754,2.26,52,211,23
353,1,59,84,4956,1.424,0.659,0.71,148.36,264,517,22
354,1,12,497,5964,41.417,0.297,0.733,2.25,773,374,789
355,1,7,26,182,3.714,0.374,0.846,1.66,68,154,41
356,1,8,5,40,0.625,0.45,1.0,3.0,18,40,6
357,1,8,14,112,1.75,0.482,0.679,3.0,54,76,18
358,1,9,18,162,2.0,0.352,0.901,1.84,57,146,31
359,1,6,57,342,9.5,0.453,0.906,2.46,155,310,63
360,1,12,72,864,6.0,0.615,0.862,6.4,531,745,83
361,1,7,19,133,2.714,0.346,1.0,1.44,46,133,32
362,1,6,17,102,2.833,0.314,0.686,2.29,32,70,14
363,1,11,119,1309,10.818,0.268,0.678,1.72,351,887,204
364,1,7,105,735,15.0,0.127,0.41,1.39,93,301,67
365,1,9,9,81,1.0,0.383,0.802,2.38,31,65,13
366,1,7,37,259,5.286,0.521,0.954,3.14,135,247,43
367,1,11,272,2992,24.727,0.26,0.681,1.82,778,38,428
368,1,8,41,328,5.125,0.265,0.616,2.35,87,202,37
369,1,12,73,876,6.083,0.259,0.743,2.1,227,651,108
370,1,6,19,114,3.167,0.184,0.781,1.24,21,89,17
371,1,9,95,855,10.556,0.284,0.849,1.91,243,726,127
372,1,11,104,1144,9.455,0.367,0.747,2.56,420,854,164
373,1,7,13,91,1.857,0.341,0.846,1.82,31,77,17
374,1,9,171,1539,19.0,0.4,0.778,2.87,615,198,214
375,1,5,3,15,0.6,0.467,1.0,7.0,7,15,1
376,1,5,10,50,2.0,0.5,0.84,2.08,25,42,12
377,1,1,12,12,12.0,0.583,1.0,3.5,7,12,2
378,1,8,18,144,2.25,0.396,0.882,1.84,57,127,31
379,1,1,95,95,95.0,0.379,1.0,1.03,36,95,35
380,1,6,8,48,1.333,0.313,0.875,1.07,15,42,14
381,1,13,441,5733,33.923,0.374,0.625,4.63,144,582,463
382,1,8,25,200,3.125,0.24,0.91,1.45,48,182,33
383,1,8,12,96,1.5,0.458,0.667,3.67,44,64,12
384,1,7,125,875,17.857,0.29,0.735,1.59,254,643,160
385,1,9,68,612,7.556,0.335,0.789,2.33,205,483,88
386,1,11,24,264,2.182,0.307,0.795,2.08,81,210,39
387,1,7,8,56,1.143,0.429,0.964,1.85,24,54,13
388,1,5,7,35,1.4,0.314,0.857,1.83,11,30,6
389,1,7,28,196,4.0,0.306,0.847,1.58,60,166,38
390,1,9,53,477,5.889,0.335,0.602,2.42,160,287,66
391,1,38,127,4826,3.342,0.464,0.87,3.41,238,199,657
392,1,8,5,40,0.625,0.4,1.0,2.67,16,40,6
393,1,9,32,288,3.556,0.333,0.861,1.68,96,248,57
394,1,10,336,3360,33.6,0.163,0.623,1.32,549,94,415
395,1,7,343,2401,49.0,0.213,0.772,1.45,512,854,352
396,1,9,55,495,6.111,0.259,0.699,1.47,128,346,87
397,1,9,306,2754,34.0,0.192,0.751,1.4,530,69,378
398,1,10,271,2710,27.1,0.176,0.574,1.39,476,556,342
399,1,8,21,168,2.625,0.411,0.786,2.23,69,132,31
400,1,7,14,98,2.0,0.347,0.949,1.79,34,93,19
401,1,9,99,891,11.0,0.21,0.778,1.39,187,693,135
402,1,6,6,36,1.0,0.528,0.917,3.17,19,33,6
403,1,7,32,224,4.571,0.308,0.777,1.25,69,174,55
404,1,7,25,175,3.571,0.434,1.0,1.81,76,175,42
405,1,10,88,880,8.8,0.257,0.668,1.82,226,588,124
406,1,6,31,186,5.167,0.301,0.844,1.65,56,157,34
407,1,11,337,3707,30.636,0.175,0.637,2.2,650,361,296
408,1,6,45,270,7.5,0.422,0.881,1.73,114,238,66
409,1,6,4,24,0.667,0.417,0.5,5.0,10,12,2
410,1,7,4,28,0.571,0.25,0.893,1.75,7,25,4
411,1,10,19,190,1.9,0.605,0.816,8.85,115,155,13
412,1,10,44,440,4.4,0.318,0.87,1.75,140,383,80
413,1,10,49,490,4.9,0.529,0.939,3.01,259,460,86
414,1,8,69,552,8.625,0.312,0.842,1.91,172,465,90
415,1,5,7,35,1.4,0.429,0.886,2.5,15,31,6
416,1,6,11,66,1.833,0.303,0.712,1.54,20,47,13
417,1,8,110,880,13.75,0.23,0.872,1.66,202,767,122
418,1,11,193,2123,17.545,0.243,0.683,1.59,516,451,325
419,1,14,314,4396,22.429,0.379,0.721,4.66,664,168,357
420,1,7,101,707,14.429,0.501,0.973,3.19,354,688,111
421,1,3,4,12,1.333,1.0,1.0,12.0,12,12,1
422,1,7,20,140,2.857,0.25,0.657,1.46,35,92,24
423,1,25,410,250,16.4,0.272,0.67,2.29,792,872,218
424,1,10,25,250,2.5,0.384,0.836,2.46,96,209,39
425,1,5,14,70,2.8,0.329,0.5,2.56,23,35,9
426,1,8,27,216,3.375,0.343,0.778,1.76,74,168,42
427,1,9,34,306,3.778,0.225,0.755,1.57,69,231,44
428,1,8,263,2104,32.875,0.154,0.549,1.19,325,156,274
429,1,10,83,830,8.3,0.208,0.667,1.44,173,554,120
430,1,9,331,2979,36.778,0.126,0.527,1.21,374,570,308
431,1,13,33,429,2.538,0.245,0.534,3.89,105,229,27
432,1,10,506,5060,50.6,0.15,0.589,1.34,758,980,564
433,1,8,27,216,3.375,0.218,0.852,2.24,47,184,21
434,1,9,133,1197,14.778,0.236,0.718,1.89,283,859,150
435,1,7,7,49,1.0,0.327,1.0,2.0,16,49,8
436,1,11,189,2079,17.182,0.174,0.613,1.41,361,275,256
437,1,4,2,8,0.5,0.875,0.875,7.0,7,7,1
438,1,8,95,760,11.875,0.303,0.937,1.77,230,712,130
439,1,8,21,168,2.625,0.482,0.827,13.5,81,139,6
440,1,6,189,1134,31.5,0.324,0.83,1.62,367,941,227
441,1,9,79,711,8.778,0.323,0.873,2.19,230,621,105
442,1,2,69,138,34.5,0.087,0.507,1.2,12,70,10
443,1,8,21,168,2.625,0.208,0.762,2.92,35,128,12
444,1,7,4,28,0.571,0.393,0.679,3.67,11,19,3
445,1,8,10,80,1.25,0.363,0.913,3.22,29,73,9
446,1,8,4,32,0.5,0.375,1.0,1.5,12,32,8
447,1,7,15,105,2.143,0.324,0.762,3.09,34,80,11
448,1,14,186,2604,13.286,0.307,0.652,2.5,799,698,319
449,1,33,160,5280,4.848,0.219,0.389,6.34,154,54,182
450,1,5,14,70,2.8,0.329,0.5,2.56,23,35,9
451,1,9,92,828,10.222,0.292,0.843,2.05,242,698,118
452,1,7,45,315,6.429,0.254,0.708,1.29,80,223,62
453,1,8,41,328,5.125,0.335,0.933,2.08,110,306,53
454,1,8,132,1056,16.5,0.36,0.921,2.1,380,973,181
455,1,8,45,360,5.625,0.206,0.789,1.8,74,284,41
456,1,6,17,102,2.833,0.382,0.951,1.63,39,97,24
457,1,7,19,133,2.714,0.406,0.94,1.74,54,125,31
458,1,11,184,2024,16.727,0.455,0.76,4.72,920,539,195
459,1,10,10,100,1.0,0.57,0.91,3.17,57,91,18
460,1,6,97,582,16.167,0.266,0.72,1.82,155,419,85
461,1,18,48,864,2.667,0.264,0.524,4.3,228,453,53
462,1,7,14,98,2.0,0.337,0.898,1.94,33,88,17
463,1,10,26,260,2.6,0.3,0.954,1.59,78,248,49
464,1,6,72,432,12.0,0.604,0.991,4.08,261,428,64
465,1,6,20,120,3.333,0.367,0.967,1.38,44,116,32
466,1,7,6,42,0.857,0.476,0.881,1.82,20,37,11
467,1,10,318,3180,31.8,0.128,0.511,1.18,406,625,344
468,1,9,81,729,9.0,0.332,0.974,2.09,242,710,116
469,1,8,19,152,2.375,0.309,0.98,1.52,47,149,31
470,1,8,132,1056,16.5,0.311,0.873,2.01,328,922,163
471,1,10,318,3180,31.8,0.128,0.511,1.18,406,625,344
472,1,8,7,56,0.875,0.411,1.0,1.92,23,56,12
473,1,7,53,371,7.571,0.342,0.58,2.4,127,215,53
474,1,5,19,95,3.8,0.316,0.916,1.5,30,87,20
475,1,7,11,77,1.571,0.143,0.558,1.57,11,43,7
476,1,7,3,21,0.429,0.571,1.0,4.0,12,21,3
477,1,9,465,4185,51.667,0.157,0.644,1.24,658,694,532
478,1,10,30,300,3.0,0.333,0.93,1.79,100,279,56
479,1,9,5,45,0.556,0.244,0.867,2.2,11,39,5
480,1,8,15,120,1.875,0.467,0.783,2.24,56,94,25
481,1,5,20,100,4.0,0.17,0.48,1.55,17,48,11
482,1,10,20,200,2.0,0.54,0.78,9.0,108,156,12
483,1,12,26,312,2.167,0.276,0.83,2.21,86,259,39
484,1,14,217,3038,15.5,0.268,0.632,2.12,813,919,383
485,1,9,41,369,4.556,0.201,0.653,1.3,74,241,57
486,1,9,35,315,3.889,0.362,0.825,1.97,114,260,58
487,1,10,327,3270,32.7,0.379,0.767,2.75,239,508,450
488,1,7,22,154,3.143,0.247,0.883,1.19,38,136,32
489,1,38,69,2622,1.816,0.476,0.839,4.27,247,201,292
490,1,10,20,200,2.0,0.385,0.87,2.14,77,174,36
491,1,9,267,2403,29.667,0.164,0.73,1.28,393,754,307
492,1,9,21,189,2.333,0.175,0.513,1.65,33,97,20
493,1,5,26,130,5.2,0.492,0.785,2.37,64,102,27
494,1,5,96,480,19.2,0.329,0.717,2.14,158,344,74
495,1,6,32,192,5.333,0.365,0.958,1.67,70,184,42
496,1,24,124,2976,5.167,0.902,0.961,16.66,683,859,161
497,1,11,30,330,2.727,0.379,0.739,3.05,125,244,41
498,1,10,35,350,3.5,0.337,0.711,2.62,118,249,45
499,1,10,57,570,5.7,0.326,0.695,1.98,186,396,94
500,1,9,47,423,5.222,0.333,0.757,2.39,141,320,59
501,1,12,8,96,0.667,0.198,1.0,2.11,19,96,9
502,1,9,125,1125,13.889,0.21,0.601,1.69,236,676,140
503,1,7,16,112,2.286,0.339,1.0,1.41,38,112,27
504,1,9,16,144,1.778,0.16,0.5,1.92,23,72,12
505,1,9,508,4572,56.444,0.164,0.69,1.22,748,154,614
506,1,9,41,369,4.556,0.298,0.775,1.9,110,286,58
507,1,4,16,64,4.0,0.391,0.938,1.67,25,60,15
508,1,8,6,48,0.75,0.375,0.896,1.8,18,43,10
509,1,13,267,3471,20.538,0.401,0.662,4.87,392,299,286
510,1,6,94,564,15.667,0.326,0.862,2.02,184,486,91
511,1,25,178,4450,7.12,0.49,0.896,7.9,181,988,276
512,1,8,273,2184,34.125,0.215,0.808,1.27,469,764,369
513,1,6,19,114,3.167,0.289,0.789,1.38,33,90,24
514,1,8,18,144,2.25,0.438,0.979,2.74,63,141,23
515,1,11,288,3168,26.182,0.248,0.5,2.04,787,584,386
516,1,8,5,40,0.625,0.475,1.0,2.38,19,40,8
517,1,8,6,48,0.75,0.375,0.792,3.0,18,38,6
518,1,8,123,984,15.375,0.255,0.827,1.71,251,814,147
519,1,9,172,1548,19.111,0.171,0.731,1.31,265,131,202
520,1,9,169,1521,18.778,0.353,0.742,2.53,537,129,212
521,1,9,25,225,2.778,0.249,0.911,1.51,56,205,37
522,1,7,13,91,1.857,0.209,0.846,2.71,19,77,7
523,1,8,12,96,1.5,0.427,0.75,2.05,41,72,20
524,1,9,82,738,9.111,0.32,0.947,2.13,236,699,111
525,1,8,29,232,3.625,0.453,0.996,2.1,105,231,50
526,1,10,34,340,3.4,0.426,0.656,3.02,145,223,48
527,1,10,29,290,2.9,0.383,0.834,2.47,111,242,45
528,1,7,20,140,2.857,0.464,0.9,2.71,65,126,24
529,1,14,44,616,3.143,0.398,0.766,2.5,245,472,98
530,1,7,11,77,1.571,0.247,0.61,1.36,19,47,14
531,1,12,271,3252,22.583,0.246,0.615,1.95,799,999,410
532,1,11,134,1474,12.182,0.286,0.777,2.36,422,145,179
533,1,6,32,192,5.333,0.365,0.958,1.67,70,184,42
534,1,10,54,540,5.4,0.306,0.689,1.94,165,372,85
535,1,6,94,564,15.667,0.188,0.874,1.63,106,493,65
536,1,8,535,4280,66.875,0.164,0.6,1.35,704,566,520
537,1,8,18,144,2.25,0.438,0.979,2.74,63,141,23
538,1,5,4,20,0.8,0.5,0.8,10.0,10,16,1
539,1,28,32,896,1.143,0.501,0.744,7.02,449,667,64
540,1,8,114,912,14.25,0.116,0.408,1.45,106,372,73
541,1,8,14,112,1.75,0.321,0.938,1.71,36,105,21
542,1,7,6,42,0.857,0.452,0.976,1.73,19,41,11
543,1,12,8,96,0.667,0.448,0.656,4.3,43,63,10
544,1,23,271,6233,11.783,0.126,0.359,1.87,786,239,420
545,1,6,6,36,1.0,0.417,1.0,1.88,15,36,8
546,1,8,135,1080,16.875,0.077,0.294,1.54,83,317,54
547,1,7,44,308,6.286,0.169,0.455,1.58,52,140,33
548,1,9,49,441,5.444,0.231,0.685,1.46,102,302,70
549,1,16,181,2896,11.313,0.4,0.759,5.1,157,198,227
550,1,7,46,322,6.571,0.304,0.745,1.53,98,240,64
551,1,22,71,1562,3.227,0.536,0.876,11.64,838,368,72
552,1,7,24,168,3.429,0.232,0.851,1.22,39,143,32
553,1,9,97,873,10.778,0.455,0.939,2.28,397,820,174
554,1,13,121,1573,9.308,0.376,0.69,3.72,591,86,159
555,1,9,12,108,1.333,0.37,1.0,2.0,40,108,20
556,1,5,7,35,1.4,0.571,1.0,2.5,20,35,8
557,1,7,11,77,1.571,0.364,0.922,2.0,28,71,14
558,1,6,11,66,1.833,0.394,0.955,1.53,26,63,17
559,1,9,28,252,3.111,0.258,0.607,1.51,65,153,43
560,1,25,187,4675,7.48,0.472,0.943,7.28,207,408,303
561,1,8,46,368,5.75,0.391,0.951,1.85,144,350,78
562,1,10,31,310,3.1,0.329,0.952,2.08,102,295,49
563,1,14,34,476,2.429,0.279,0.851,3.09,133,405,43
564,1,9,299,2691,33.222,0.226,0.705,1.58,607,896,385
565,1,7,521,3647,74.429,0.091,0.386,1.28,333,409,260
566,1,6,14,84,2.333,0.571,1.0,2.29,48,84,21
567,1,8,84,672,10.5,0.36,0.954,1.94,242,641,125
568,1,8,71,568,8.875,0.407,0.903,2.06,231,513,112
569,1,8,20,160,2.5,0.506,1.0,2.45,81,160,33
570,1,8,12,96,1.5,0.448,0.896,2.05,43,86,21
571,1,9,16,144,1.778,0.222,0.479,1.33,32,69,24
572,1,7,21,147,3.0,0.388,0.912,1.84,57,134,31
573,1,9,101,909,11.222,0.211,0.816,1.37,192,742,140
574,1,8,21,168,2.625,0.339,0.673,1.97,57,113,29
575,1,6,29,174,4.833,0.339,0.874,1.51,59,152,39
576,1,23,132,3036,5.739,0.95,1.0,20.76,885,36,139
577,1,5,11,55,2.2,0.6,0.818,2.75,33,45,12
578,1,9,194,1746,21.556,0.191,0.691,1.4,333,207,238
579,1,79,159,2561,2.013,0.319,0.368,51.4,9,623,78
580,1,9,97,873,10.778,0.466,0.973,2.42,407,849,168
581,1,9,295,2655,32.778,0.2,0.559,1.5,531,483,354
582,1,7,214,1498,30.571,0.449,0.899,2.77,672,346,243
583,1,8,7,56,0.875,0.375,1.0,2.1,21,56,10
584,1,7,17,119,2.429,0.387,0.857,2.71,46,102,17
585,1,7,21,147,3.0,0.313,0.966,1.48,46,142,31
586,1,11,64,704,5.818,0.395,0.558,3.35,278,393,83
587,1,10,83,830,8.3,0.295,0.725,2.02,245,602,121
588,1,8,35,280,4.375,0.418,0.929,2.39,117,260,49
589,1,10,126,1260,12.6,0.425,0.862,2.68,536,86,200
590,1,8,22,176,2.75,0.324,0.909,1.78,57,160,32
591,1,5,43,215,8.6,0.233,0.8,1.35,50,172,37
592,1,10,35,350,3.5,0.331,0.686,1.93,116,240,60
593,1,11,245,2695,22.273,0.252,0.829,1.86,678,235,365
594,1,15,294,4410,19.6,0.395,0.651,5.28,743,872,330
595,1,6,11,66,1.833,0.394,0.955,1.53,26,63,17
596,1,9,49,441,5.444,0.272,0.791,1.38,120,349,87
597,1,6,9,54,1.5,0.352,0.87,1.58,19,47,12
598,1,9,34,306,3.778,0.379,0.961,1.71,116,294,68
599,1,6,10,60,1.667,0.333,0.75,1.54,20,45,13
600,1,13,228,2964,17.538,0.264,0.942,3.29,783,791,238
601,1,9,37,333,4.111,0.444,0.898,2.08,148,299,71
602,1,13,25,325,1.923,0.351,0.68,6.0,114,221,19
603,1,7,20,140,2.857,0.421,0.829,2.46,59,116,24
604,1,11,378,4158,34.364,0.33,0.684,2.95,371,846,465
605,1,8,9,72,1.125,0.361,0.722,1.86,26,52,14
606,1,9,17,153,1.889,0.523,0.869,7.27,80,133,11
607,1,13,267,3471,20.538,0.401,0.662,4.87,392,299,286
608,1,12,83,996,6.917,0.253,0.756,1.75,252,753,144
609,1,6,94,564,15.667,0.188,0.874,1.63,106,493,65
610,1,9,20,180,2.222,0.361,0.872,1.86,65,157,35
611,1,8,92,736,11.5,0.359,0.913,1.75,264,672,151
612,1,8,21,168,2.625,0.208,0.762,2.92,35,128,12
613,1,8,52,416,6.5,0.45,0.921,2.88,187,383,65
614,1,25,491,2275,19.64,0.454,0.937,7.21,572,502,773
615,1,8,12,96,1.5,0.396,0.969,1.81,38,93,21
616,1,14,385,5390,27.5,0.369,0.561,4.83,990,22,412
617,1,10,236,2360,23.6,0.183,0.572,1.31,432,349,330
618,1,7,8,56,1.143,0.357,0.786,1.54,20,44,13
619,1,10,127,1270,12.7,0.388,0.798,2.35,493,14,210
620,1,7,23,161,3.286,0.28,0.783,1.29,45,126,35
621,1,8,48,384,6.0,0.31,0.807,1.92,119,310,62
622,1,7,116,812,16.571,0.262,0.788,1.84,213,640,116
623,1,3,4,12,1.333,0.75,0.75,9.0,9,9,1
624,1,7,109,763,15.571,0.283,0.543,1.93,216,414,112
625,1,10,252,2520,25.2,0.377,0.775,2.88,950,953,330
626,1,7,16,112,2.286,0.295,0.92,1.18,33,103,28
627,1,8,36,288,4.5,0.299,0.531,2.21,86,153,39
628,1,7,12,84,1.714,0.226,0.607,2.38,19,51,8
629,1,11,125,1375,11.364,0.432,0.804,3.03,594,105,196
630,1,6,96,576,16.0,0.293,0.724,2.09,169,417,81
631,1,6,19,114,3.167,0.289,0.789,1.38,33,90,24
632,1,5,96,480,19.2,0.323,0.838,1.78,155,402,87
633,1,10,17,170,1.7,0.382,1.0,2.41,65,170,27
634,1,9,197,1773,21.889,0.274,0.699,1.74,485,240,278
635,1,11,288,3168,26.182,0.248,0.5,2.04,787,584,386
636,1,9,272,2448,30.222,0.277,0.67,1.86,679,640,365
637,1,9,64,576,7.111,0.307,0.842,1.99,177,485,89
638,1,9,21,189,2.333,0.365,0.905,2.3,69,171,30
639,1,9,82,738,9.111,0.374,0.866,2.3,276,639,120
640,1,9,161,1449,17.889,0.273,0.521,2.41,396,755,164
641,1,8,150,1200,18.75,0.205,0.628,1.32,246,753,187
642,1,9,16,144,1.778,0.278,0.917,1.48,40,132,27
643,1,10,22,220,2.2,0.491,0.932,3.72,108,205,29
644,1,7,5,35,0.714,0.2,0.429,7.0,7,15,1
645,1,6,6,36,1.0,0.528,0.917,3.17,19,33,6
646,1,9,86,774,9.556,0.3,0.677,2.13,232,524,109
647,1,10,19,190,1.9,0.379,0.816,2.12,72,155,34
648,1,10,19,190,1.9,0.568,0.774,9.82,108,147,11
649,1,9,272,2448,30.222,0.137,0.532,1.33,336,303,252
650,1,16,121,1936,7.563,0.396,0.611,5.6,767,182,137
651,1,12,8,96,0.667,0.792,1.0,15.2,76,96,5
652,1,9,15,135,1.667,0.244,0.83,1.57,33,112,21
653,1,13,104,1352,8.0,0.198,0.639,3.44,268,864,78
654,1,11,51,561,4.636,0.294,0.824,2.06,165,462,80
655,1,7,7,49,1.0,0.347,0.633,2.83,17,31,6
656,1,9,37,333,4.111,0.526,0.898,3.18,175,299,55
657,1,5,13,65,2.6,0.154,0.662,10.0,10,43,1
658,1,9,11,99,1.222,0.283,0.939,1.56,28,93,18
659,1,9,42,378,4.667,0.235,0.603,1.37,89,228,65
660,1,11,49,539,4.455,0.343,0.666,4.3,185,359,43
661,1,10,77,770,7.7,0.469,0.905,2.64,361,697,137
662,1,14,57,798,4.071,0.727,0.951,11.84,580,759,49
663,1,9,75,675,8.333,0.369,0.936,2.09,249,632,119
664,1,11,25,275,2.273,0.327,0.84,1.96,90,231,46
665,1,12,67,804,5.583,0.35,0.693,2.84,281,557,99
666,1,10,151,1510,15.1,0.381,0.785,3.48,575,186,165
667,1,10,83,830,8.3,0.357,0.813,2.28,296,675,130
668,1,7,162,1134,23.143,0.096,0.235,1.49,109,266,73
669,1,6,94,564,15.667,0.188,0.874,1.63,106,493,65
670,1,9,47,423,5.222,0.371,0.825,2.75,157,349,57
671,1,9,100,900,11.111,0.276,0.847,1.91,248,762,130
672,1,9,95,855,10.556,0.284,0.849,1.91,243,726,127
673,1,10,47,470,4.7,0.338,0.698,2.3,159,328,69
674,1,8,398,3184,49.75,0.279,0.664,1.7,887,113,521
675,1,11,22,242,2.0,0.417,0.694,4.04,101,168,25
676,1,8,49,392,6.125,0.413,0.76,1.93,162,298,84
677,1,6,32,192,5.333,0.292,0.698,1.37,56,134,41
678,1,5,3,15,0.6,0.6,1.0,4.5,9,15,2
679,1,8,16,128,2.0,0.328,0.969,1.91,42,124,22
680,1,7,125,875,17.857,0.29,0.735,1.59,254,643,160
681,1,9,21,189,2.333,0.365,0.82,2.88,69,155,24
682,1,8,29,232,3.625,0.453,0.996,2.1,105,231,50
683,1,7,36,252,5.143,0.456,0.98,2.05,115,247,56
684,1,9,17,153,1.889,0.333,0.895,2.13,51,137,24
685,1,10,124,1240,12.4,0.473,0.814,3.43,587,9,171
686,1,20,19,380,0.95,0.495,0.713,12.53,188,271,15
687,1,9,49,441,5.444,0.265,0.744,1.6,117,328,73
688,1,9,36,324,4.0,0.577,0.948,3.02,187,307,62
689,1,6,90,540,15.0,0.298,0.77,1.55,161,416,104
690,1,9,121,1089,13.444,0.356,0.817,2.2,388,890,176
691,1,7,158,1106,22.571,0.211,0.552,1.6,233,610,146
692,1,8,31,248,3.875,0.415,1.0,1.87,103,248,55
693,1,7,219,1533,31.286,0.195,0.617,1.44,299,946,207
694,1,3,3,9,1.0,0.778,0.778,7.0,7,7,1
695,1,10,317,3170,31.7,0.124,0.484,1.32,392,535,298
696,1,16,227,3632,14.188,0.41,0.731,4.97,490,654,300
697,1,7,13,91,1.857,0.198,0.846,2.25,18,77,8
698,1,7,111,777,15.857,0.254,0.883,1.5,197,686,131
699,1,8,14,112,1.75,0.286,0.884,2.67,32,99,12
700,1,6,33,198,5.5,0.303,0.874,1.46,60,173,41
701,1,8,62,496,7.75,0.308,0.948,1.91,153,470,80
702,1,8,35,280,4.375,0.418,0.929,2.39,117,260,49
703,1,10,42,420,4.2,0.355,0.862,2.13,149,362,70
704,1,8,39,312,4.875,0.205,0.712,1.36,64,222,47
705,1,14,203,2842,14.5,0.362,0.67,4.36,28,904,236
706,1,5,9,45,1.8,0.333,1.0,1.88,15,45,8
707,1,11,122,1342,11.091,0.256,0.656,1.94,344,881,177
708,1,3,90,270,30.0,0.511,0.907,2.34,138,245,59
709,1,8,16,128,2.0,0.258,0.945,1.18,33,121,28
710,1,6,96,576,16.0,0.309,0.644,2.44,178,371,73
711,1,17,382,6494,22.471,0.363,0.567,5.46,355,680,431
712,1,9,33,297,3.667,0.259,0.774,1.67,77,230,46
713,1,8,31,248,3.875,0.375,0.722,2.02,93,179,46
714,1,6,20,120,3.333,0.258,0.975,1.29,31,117,24
715,1,7,135,945,19.286,0.114,0.528,1.09,108,499,99
716,1,5,33,165,6.6,0.315,0.909,1.27,52,150,41
717,1,6,106,636,17.667,0.129,0.835,1.14,82,531,72
718,1,9,44,396,4.889,0.341,0.677,2.55,135,268,53
719,1,9,44,396,4.889,0.465,0.944,3.35,184,374,55
720,1,9,23,207,2.556,0.169,0.319,2.92,35,66,12
721,1,10,280,2800,28.0,0.356,0.77,2.63,998,157,380
722,1,7,38,266,5.429,0.338,0.729,1.55,90,194,58
723,1,9,18,162,2.0,0.623,0.864,7.77,101,140,13
724,1,10,18,180,1.8,0.539,0.811,8.82,97,146,11
725,1,8,19,152,2.375,0.401,0.98,1.97,61,149,31
726,1,11,64,704,5.818,0.395,0.558,3.35,278,393,83
727,1,17,21,357,1.235,0.373,0.613,16.63,133,219,8
728,1,8,13,104,1.625,0.413,1.0,1.95,43,104,22
729,1,7,9,63,1.286,0.444,0.825,3.11,28,52,9
730,1,11,9,99,0.818,0.343,0.626,3.4,34,62,10
731,1,10,80,800,8.0,0.308,0.838,2.02,246,670,122
732,1,9,37,333,4.111,0.453,0.964,2.7,151,321,56
733,1,12,8,96,0.667,0.792,1.0,15.2,76,96,5
734,1,1,89,89,89.0,0.191,1.0,1.06,17,89,16
735,1,11,26,286,2.364,0.297,0.941,2.02,85,269,42
736,1,8,14,112,1.75,0.42,0.759,2.04,47,85,23
737,1,13,375,4875,28.846,0.154,0.519,1.44,751,531,521
738,1,8,48,384,6.0,0.354,0.865,1.89,136,332,72
739,1,8,7,56,0.875,0.268,0.786,1.67,15,44,9
740,1,7,23,161,3.286,0.373,0.851,1.71,60,137,35
741,1,10,250,2500,25.0,0.12,0.603,1.19,301,507,253
742,1,6,27,162,4.5,0.475,0.809,2.33,77,131,33
743,1,6,4,24,0.667,0.417,0.708,2.5,10,17,4
744,1,11,71,781,6.455,0.461,0.659,5.54,360,515,65
745,1,7,21,147,3.0,0.259,0.837,1.46,38,123,26
746,1,9,59,531,6.556,0.348,0.829,2.26,185,440,82
747,1,10,162,1620,16.2,0.454,0.573,5.93,735,928,124
748,1,7,151,1057,21.571,0.077,0.434,1.33,81,459,61
749,1,7,41,287,5.857,0.22,0.756,1.47,63,217,43
750,1,12,311,3732,25.917,0.195,0.781,1.64,727,914,443
751,1,8,36,288,4.5,0.615,0.938,3.22,177,270,55
752,1,9,121,1089,13.444,0.356,0.817,2.2,388,890,176
753,1,9,95,855,10.556,0.284,0.849,1.91,243,726,127
754,1,8,62,496,7.75,0.361,0.877,3.03,179,435,59
755,1,7,70,490,10.0,0.371,0.971,1.9,182,476,96
756,1,8,45,360,5.625,0.367,0.897,2.44,132,323,54
757,1,7,18,126,2.571,0.286,0.627,1.57,36,79,23
758,1,7,18,126,2.571,0.286,0.627,1.57,36,79,23
759,1,7,17,119,2.429,0.227,0.58,2.7,27,69,10
760,1,8,43,344,5.375,0.398,0.945,1.69,137,325,81
761,1,8,12,96,1.5,0.521,0.958,2.5,50,92,20
762,1,7,43,301,6.143,0.246,0.947,1.32,74,285,56
763,1,9,126,1134,14.0,0.484,0.953,2.83,549,81,194
764,1,10,4,40,0.4,0.35,0.9,1.75,14,36,8
765,1,6,17,102,2.833,0.275,0.824,2.0,28,84,14
766,1,12,216,2592,18.0,0.507,0.764,5.3,315,981,248
767,1,9,232,2088,25.778,0.274,0.782,1.76,573,633,326
768,1,7,112,784,16.0,0.168,0.667,1.25,132,523,106
769,1,8,129,1032,16.125,0.232,0.823,1.46,239,849,164
770,1,9,19,171,2.111,0.55,0.86,7.23,94,147,13
771,1,7,211,1477,30.143,0.257,0.653,1.7,380,965,223
772,1,5,98,490,19.6,0.341,0.639,2.14,167,313,78
773,1,8,21,168,2.625,0.381,0.845,1.88,64,142,34
774,1,2,19,38,9.5,0.237,1.0,1.8,9,38,5
775,1,14,185,2590,13.214,0.254,0.651,2.27,657,687,289
776,1,7,2,14,0.286,0.5,0.929,7.0,7,13,1
777,1,8,12,96,1.5,0.208,0.771,1.11,20,74,18
778,1,12,43,516,3.583,0.357,0.849,2.71,184,438,68
779,1,7,243,1701,34.714,0.198,0.48,1.48,336,817,227
780,1,8,13,104,1.625,0.452,0.971,1.96,47,101,24
781,1,8,28,224,3.5,0.46,0.79,2.58,103,177,40
782,1,22,70,1540,3.182,0.525,0.838,11.54,808,290,70
783,1,9,194,1746,21.556,0.191,0.691,1.4,333,207,238
784,1,14,153,2142,10.929,0.38,0.643,4.44,813,378,183
785,1,7,43,301,6.143,0.246,0.947,1.32,74,285,56
786,1,15,121,1815,8.067,0.428,0.761,5.35,776,381,145
787,1,8,3,24,0.375,0.5,1.0,3.0,12,24,4
788,1,10,38,380,3.8,0.432,0.939,2.78,164,357,59
789,1,6,16,96,2.667,0.281,0.542,2.45,27,52,11
790,1,10,51,510,5.1,0.337,0.773,2.12,172,394,81
791,1,8,26,208,3.25,0.24,0.563,2.5,50,117,20
792,1,8,112,896,14.0,0.17,0.786,1.27,152,704,120
793,1,8,27,216,3.375,0.269,0.764,1.29,58,165,45
794,1,11,84,924,7.636,0.291,0.843,1.74,269,779,155
795,1,7,38,266,5.429,0.286,0.748,1.69,76,199,45
796,1,8,12,96,1.5,0.406,0.896,1.86,39,86,21
797,1,9,83,747,9.222,0.356,0.914,2.77,266,683,96
798,1,8,25,200,3.125,0.37,0.73,2.06,74,146,36
799,1,11,104,1144,9.455,0.367,0.747,2.56,420,854,164
800,1,8,139,1112,17.375,0.16,0.692,2.17,178,769,82
801,1,4,65,260,16.25,0.296,0.631,2.66,77,164,29
802,1,12,11,132,0.917,0.371,1.0,1.63,49,132,30
803,1,7,100,700,14.286,0.294,0.633,1.67,206,443,123
804,1,5,13,65,2.6,0.338,0.723,2.2,22,47,10
805,1,5,7,35,1.4,0.429,0.857,5.0,15,30,3
806,1,11,118,1298,10.727,0.459,0.742,4.81,596,963,124
807,1,7,11,77,1.571,0.377,0.961,1.45,29,74,20
808,1,7,39,273,5.571,0.293,0.733,1.43,80,200,56
809,1,10,151,1510,15.1,0.381,0.785,3.48,575,186,165
810,1,11,98,1078,8.909,0.276,0.602,2.15,297,649,138
811,1,9,172,1548,19.111,0.353,0.799,2.43,546,237,225
812,1,7,41,287,5.857,0.185,0.638,1.51,53,183,35
813,1,5,52,260,10.4,0.208,0.542,1.35,54,141,40
814,1,9,25,225,2.778,0.378,0.938,2.13,85,211,40
815,1,8,3,24,0.375,0.5,0.667,3.0,12,16,4
816,1,2,31,62,15.5,0.194,0.516,2.0,12,32,6
817,1,8,61,488,7.625,0.342,0.875,1.94,167,427,86
818,1,9,93,837,10.333,0.259,0.895,1.74,217,749,125
819,1,10,271,2710,27.1,0.193,0.769,1.28,524,84,409
820,1,10,101,1010,10.1,0.45,0.869,2.95,455,878,154
821,1,11,9,99,0.818,0.465,0.687,5.75,46,68,8
822,1,8,22,176,2.75,0.398,0.784,1.94,70,138,36
823,1,5,3,15,0.6,0.6,0.6,9.0,9,9,1
824,1,7,7,49,1.0,0.265,0.796,1.44,13,39,9
825,1,6,4,24,0.667,0.417,0.583,5.0,10,14,2
826,1,10,55,550,5.5,0.295,0.756,1.98,162,416,82
827,1,6,82,492,13.667,0.104,0.303,1.31,51,149,39
828,1,11,71,781,6.455,0.461,0.659,5.54,360,515,65
829,1,5,6,30,1.2,0.333,0.967,2.5,10,29,4
830,1,7,9,63,1.286,0.365,0.698,1.64,23,44,14
831,1,7,18,126,2.571,0.262,0.873,1.94,33,110,17
832,1,6,19,114,3.167,0.316,0.886,1.8,36,101,20
833,1,26,412,712,15.846,0.32,0.664,3.0,424,118,142
834,1,5,18,90,3.6,0.467,0.867,1.91,42,78,22
835,1,14,253,3542,18.071,0.372,0.826,4.36,317,924,302
836,1,8,108,864,13.5,0.235,0.618,1.41,203,534,144
837,1,8,80,640,10.0,0.184,0.544,1.4,118,348,84
838,1,6,217,1302,36.167,0.25,0.684,1.52,326,890,214
839,1,10,127,1270,12.7,0.388,0.798,2.35,493,14,210
840,1,10,35,350,3.5,0.331,0.686,1.93,116,240,60
841,1,5,33,165,6.6,0.315,0.909,1.27,52,150,41
842,1,6,2,12,0.333,0.667,1.0,8.0,8,12,1
843,1,7,28,196,4.0,0.27,0.75,1.36,53,147,39
844,1,7,23,161,3.286,0.093,0.54,1.36,15,87,11
845,1,10,34,340,3.4,0.421,0.906,2.01,143,308,71
846,1,8,82,656,10.25,0.418,0.753,2.51,274,494,109
847,1,10,75,750,7.5,0.428,0.909,2.28,321,682,141
848,1,8,208,1664,26.0,0.194,0.491,1.65,323,817,196
849,1,7,14,98,2.0,0.5,1.0,2.72,49,98,18
850,1,14,433,6062,30.929,0.355,0.572,4.44,152,467,485
851,1,11,30,330,2.727,0.379,0.739,3.05,125,244,41
852,1,6,13,78,2.167,0.538,0.923,2.63,42,72,16
853,1,10,205,2050,20.5,0.381,0.708,3.04,781,451,257
854,1,10,18,180,1.8,0.522,0.772,8.55,94,139,11
855,1,7,11,77,1.571,0.364,0.935,1.4,28,72,20
856,1,10,508,5080,50.8,0.131,0.51,1.27,667,593,527
857,1,8,24,192,3.0,0.26,0.672,1.85,50,129,27
858,1,11,97,1067,8.818,0.297,0.666,2.4,317,711,132
859,1,7,28,196,4.0,0.27,0.75,1.36,53,147,39
860,1,7,37,259,5.286,0.521,0.954,3.14,135,247,43
861,1,10,47,470,4.7,0.336,0.628,2.26,158,295,70
862,1,7,16,112,2.286,0.313,0.973,1.75,35,109,20
863,1,28,171,4788,6.107,0.258,0.912,1.99,235,369,621
864,1,8,12,96,1.5,0.417,0.927,1.74,40,89,23
865,1,9,183,1647,20.333,0.218,0.6,1.42,359,989,252
866,1,5,40,200,8.0,0.44,0.935,1.4,88,187,63
867,1,5,19,95,3.8,0.211,0.779,1.33,20,74,15
868,1,13,218,2834,16.769,0.216,0.737,1.78,612,90,344
869,1,6,57,342,9.5,0.453,0.906,2.46,155,310,63
870,1,3,56,168,18.667,0.065,0.5,1.38,11,84,8
871,1,5,28,140,5.6,0.321,0.95,1.45,45,133,31
872,1,38,52,1976,1.368,0.452,0.911,3.49,894,801,256
873,1,9,43,387,4.778,0.388,0.886,2.73,150,343,55
874,1,11,8,88,0.727,0.705,1.0,8.86,62,88,7
875,1,8,71,568,8.875,0.238,0.701,1.47,135,398,92
876,1,14,417,5838,29.786,0.359,0.559,4.48,94,262,467
877,1,8,30,240,3.75,0.242,0.667,1.35,58,160,43
878,1,5,5,25,1.0,0.52,1.0,2.17,13,25,6
879,1,9,35,315,3.889,0.273,0.654,1.65,86,206,52
880,1,7,41,287,5.857,0.307,0.808,1.52,88,232,58
881,1,8,62,496,7.75,0.363,0.925,2.12,180,459,85
882,1,7,15,105,2.143,0.333,0.838,1.46,35,88,24
883,1,8,10,80,1.25,0.425,0.913,2.0,34,73,17
884,1,6,9,54,1.5,0.296,0.796,2.0,16,43,8
885,1,9,33,297,3.667,0.354,0.781,1.84,105,232,57
886,1,8,17,136,2.125,0.529,0.853,2.88,72,116,25
887,1,11,24,264,2.182,0.53,0.727,10.0,140,192,14
888,1,7,162,1134,23.143,0.096,0.235,1.49,109,266,73
889,1,7,15,105,2.143,0.343,1.0,1.64,36,105,22
890,1,12,43,516,3.583,0.293,0.791,2.29,151,408,66
891,1,7,13,91,1.857,0.242,0.912,1.47,22,83,15
892,1,7,346,2422,49.429,0.185,0.731,1.26,448,771,355
893,1,8,271,2168,33.875,0.314,0.819,1.82,681,775,375
894,1,6,69,414,11.5,0.28,0.744,1.4,116,308,83
895,1,10,271,2710,27.1,0.193,0.769,1.28,524,84,409
896,1,8,9,72,1.125,0.528,0.958,3.17,38,69,12
897,1,9,23,207,2.556,0.362,0.831,1.92,75,172,39
898,1,8,10,80,1.25,0.45,0.988,1.71,36,79,21
899,1,7,13,91,1.857,0.363,0.934,2.2,33,85,15
900,1,11,101,1111,9.182,0.398,0.888,2.76,442,987,160
901,1,6,13,78,2.167,0.372,0.987,1.71,29,77,17
902,1,7,41,287,5.857,0.341,0.721,1.58,98,207,62
903,1,7,178,1246,25.429,0.242,0.795,1.41,301,990,213
904,1,9,20,180,2.222,0.233,0.5,1.62,42,90,26
905,1,10,271,2710,27.1,0.199,0.717,1.42,540,942,381
906,1,9,17,153,1.889,0.608,0.856,7.15,93,131,13
907,1,7,23,161,3.286,0.373,0.851,1.71,60,137,35
908,1,10,13,130,1.3,0.231,0.8,1.76,30,104,17
909,1,8,109,872,13.625,0.219,0.595,1.61,191,519,119
910,1,7,65,455,9.286,0.404,0.925,2.07,184,421,89
911,1,8,62,496,7.75,0.218,0.629,1.57,108,312,69
912,1,11,20,220,1.818,0.568,0.895,8.93,125,197,14
913,1,8,101,808,12.625,0.222,0.834,1.29,179,674,139
914,1,9,108,972,12.0,0.247,0.855,1.69,240,831,142
915,1,10,116,1160,11.6,0.273,0.797,1.7,317,925,186
916,1,7,172,1204,24.571,0.294,0.967,2.07,354,164,171
917,1,7,4,28,0.571,0.321,0.679,9.0,9,19,1
918,1,10,18,180,1.8,0.511,0.872,2.97,92,157,31
919,1,9,81,729,9.0,0.357,0.863,2.22,260,629,117
920,1,10,40,400,4.0,0.333,0.783,1.82,133,313,73
921,1,11,61,671,5.545,0.361,0.614,5.04,242,412,48
922,1,10,119,1190,11.9,0.39,0.81,2.75,464,964,169
923,1,9,38,342,4.222,0.211,0.561,2.25,72,192,32
924,1,7,18,126,2.571,0.167,0.437,2.63,21,55,8
925,1,5,10,50,2.0,0.56,0.96,2.33,28,48,12
926,1,5,7,35,1.4,0.371,0.743,4.33,13,26,3
927,1,8,7,56,0.875,0.411,1.0,2.09,23,56,11
928,1,7,4,28,0.571,0.25,0.893,1.75,7,25,4
929,1,12,8,96,0.667,0.292,1.0,3.11,28,96,9
930,1,8,398,3184,49.75,0.279,0.664,1.7,887,113,521
931,1,10,80,800,8.0,0.553,0.719,5.08,442,575,87
932,1,10,248,2480,24.8,0.356,0.729,2.6,883,807,340
933,1,7,27,189,3.857,0.238,0.741,2.81,45,140,16
934,1,8,40,320,5.0,0.363,0.806,1.68,116,258,69
935,1,7,63,441,9.0,0.338,0.941,1.94,149,415,77
936,1,8,19,152,2.375,0.309,0.98,1.52,47,149,31
937,1,12,56,672,4.667,0.256,0.827,2.02,172,556,85
938,1,8,30,240,3.75,0.296,0.863,2.09,71,207,34
939,1,12,271,3252,22.583,0.246,0.615,1.95,799,999,410
940,1,7,11,77,1.571,0.351,0.87,1.5,27,67,18
941,1,25,169,4225,6.76,0.218,0.971,1.58,923,101,586
942,1,9,42,378,4.667,0.312,0.889,1.97,118,336,60
943,1,7,10,70,1.429,0.329,1.0,1.77,23,70,13
944,1,10,96,960,9.6,0.418,0.886,2.49,401,851,161
945,1,11,23,253,2.091,0.415,0.858,3.5,105,217,30
946,1,5,16,80,3.2,0.563,0.925,2.65,45,74,17
947,1,7,5,35,0.714,0.2,0.429,7.0,7,15,1
948,1,5,12,60,2.4,0.483,1.0,1.38,29,60,21
949,1,10,17,170,1.7,0.382,1.0,2.41,65,170,27
950,1,8,21,168,2.625,0.31,0.744,1.68,52,125,31
951,1,8,16,128,2.0,0.211,0.672,1.42,27,86,19
952,1,14,410,5740,29.286,0.241,0.592,2.4,382,400,576
953,1,12,245,2940,20.417,0.204,0.797,1.7,599,342,353
954,1,11,104,1144,9.455,0.367,0.747,2.56,420,854,164
955,1,9,88,792,9.778,0.263,0.726,1.59,208,575,131
956,1,3,3,9,1.0,0.778,0.778,7.0,7,7,1
957,1,9,103,927,11.444,0.164,0.771,1.22,152,715,125
958,1,7,100,700,14.286,0.279,0.98,1.63,195,686,120
959,1,8,10,80,1.25,0.438,0.988,1.94,35,79,18
960,1,7,262,1834,37.429,0.152,0.684,1.28,279,254,218
961,1,1,14,14,14.0,0.571,1.0,2.67,8,14,3
962,1,7,13,91,1.857,0.363,0.934,2.2,33,85,15
963,1,8,41,328,5.125,0.232,0.527,1.55,76,173,49
964,1,7,31,217,4.429,0.415,0.783,2.31,90,170,39
965,1,9,151,1359,16.778,0.139,0.549,1.17,189,746,162
966,1,8,21,168,2.625,0.357,0.964,2.07,60,162,29
967,1,10,17,170,1.7,0.506,0.771,7.82,86,131,11
968,1,9,61,549,6.778,0.213,0.683,1.6,117,375,73
969,1,12,69,828,5.75,0.4,0.74,3.48,331,613,95
970,1,8,8,64,1.0,0.25,0.672,1.6,16,43,10
971,1,8,45,360,5.625,0.156,0.725,1.87,56,261,30
972,1,7,155,1085,22.143,0.178,0.614,1.46,193,666,132
973,1,8,14,112,1.75,0.143,1.0,2.67,16,112,6
974,1,11,228,2508,20.727,0.282,0.621,2.96,708,558,239
975,1,3,4,12,1.333,0.667,0.667,8.0,8,8,1
976,1,17,24,408,1.412,0.426,0.792,4.46,174,323,39
977,1,10,29,290,2.9,0.29,0.803,1.83,84,233,46
978,1,9,47,423,5.222,0.274,0.747,2.42,116,316,48
979,1,13,121,1573,9.308,0.376,0.69,3.72,591,86,159
980,1,10,19,190,1.9,0.3,0.905,1.68,57,172,34
981,1,10,23,230,2.3,0.248,0.678,2.19,57,156,26
982,1,8,35,280,4.375,0.418,0.929,2.39,117,260,49
983,1,11,43,473,3.909,0.336,0.753,2.74,159,356,58
984,1,7,7,49,1.0,0.327,0.898,2.29,16,44,7
985,1,2,47,94,23.5,0.17,0.511,1.14,16,48,14
986,1,8,10,80,1.25,0.438,0.988,1.94,35,79,18
987,1,5,10,50,2.0,0.28,0.74,7.0,14,37,2
988,1,11,100,1100,9.091,0.473,0.882,3.29,520,970,158
989,1,6,14,84,2.333,0.286,1.0,1.2,24,84,20
990,1,7,29,203,4.143,0.281,0.783,1.33,57,159,43
991,1,13,409,5317,31.462,0.277,0.573,2.65,475,49,556
992,1,10,88,880,8.8,0.248,0.49,2.16,218,431,101
993,1,5,107,535,21.4,0.247,0.91,1.43,132,487,92
994,1,10,130,1300,13.0,0.453,0.822,2.78,589,69,212
995,1,9,123,1107,13.667,0.39,0.996,2.82,432,103,153
996,1,8,18,144,2.25,0.403,0.931,1.81,58,134,32
997,1,9,42,378,4.667,0.325,0.823,1.71,123,311,72
998,1,7,11,77,1.571,0.286,0.909,1.29,22,70,17
999,1,11,90,990,8.182,0.362,0.808,2.82,358,800,127
1000,1,16,439,7024,27.438,0.384,0.724,5.09,696,84,530
1001,1,8,16,128,2.0,0.258,0.945,1.18,33,121,28
1002,1,7,30,210,4.286,0.271,0.871,1.33,57,183,43
1003,1,10,125,1250,12.5,0.456,0.862,2.92,570,78,195
1004,1,10,126,1260,12.6,0.425,0.862,2.68,536,86,200
1005,1,7,56,392,8.0,0.319,0.829,1.45,125,325,86
1006,1,9,48,432,5.333,0.273,0.685,1.42,118,296,83
1007,1,7,19,133,2.714,0.331,0.767,1.42,44,102,31
1008,1,11,90,990,8.182,0.362,0.808,2.82,358,800,127
1009,1,9,12,108,1.333,0.444,0.981,1.71,48,106,28
1010,1,10,82,820,8.2,0.362,0.69,2.75,297,566,108
1011,1,4,31,124,7.75,0.419,0.944,1.58,52,117,33
1012,1,8,183,1464,22.875,0.288,0.664,2.08,421,972,202
1013,1,7,34,238,4.857,0.282,0.782,1.49,67,186,45
1014,1,7,24,168,3.429,0.196,0.762,1.38,33,128,24
1015,1,13,116,1508,8.923,0.292,0.703,2.49,441,60,177
1016,1,12,117,1404,9.75,0.251,0.635,1.86,353,891,190
1017,1,8,19,152,2.375,0.395,0.704,1.94,60,107,31
1018,1,4,18,72,4.5,0.25,0.528,2.57,18,38,7
1019,1,6,11,66,1.833,0.364,0.955,1.33,24,63,18
1020,1,9,93,837,10.333,0.229,0.734,1.57,192,614,122
1021,1,6,184,1104,30.667,0.323,0.752,1.99,357,830,179
1022,1,10,52,520,5.2,0.319,0.802,1.87,166,417,89
1023,1,7,7,49,1.0,0.327,1.0,1.33,16,49,12
1024,1,6,32,192,5.333,0.292,0.698,1.37,56,134,41
1025,1,5,31,155,6.2,0.361,0.974,1.56,56,151,36
1026,1,8,109,872,13.625,0.109,0.508,1.25,95,443,76
1027,1,7,20,140,2.857,0.25,0.593,1.35,35,83,26
1028,1,7,11,77,1.571,0.416,0.961,1.6,32,74,20
1029,1,10,79,790,7.9,0.163,0.42,1.25,129,332,103
1030,1,7,18,126,2.571,0.302,0.984,1.36,38,124,28
1031,1,5,39,195,7.8,0.395,0.826,3.67,77,161,21
1032,1,10,61,610,6.1,0.487,0.834,3.13,297,509,95
1033,1,11,32,352,2.909,0.264,0.5,3.1,93,176,30
1034,1,6,13,78,2.167,0.128,0.577,1.67,10,45,6
1035,1,8,26,208,3.25,0.37,0.654,2.41,77,136,32
1036,1,6,32,192,5.333,0.286,0.76,1.41,55,146,39
1037,1,7,19,133,2.714,0.662,0.91,5.18,88,121,17
1038,1,9,184,1656,20.444,0.214,0.798,1.46,354,322,242
1039,1,6,7,42,1.167,0.476,0.976,2.22,20,41,9
1040,1,1,9,9,9.0,0.778,1.0,7.0,7,9,1
1041,1,6,6,36,1.0,0.528,0.917,3.17,19,33,6
1042,1,8,62,496,7.75,0.308,0.948,1.91,153,470,80
1043,1,7,33,231,4.714,0.351,0.987,1.53,81,228,53
1044,1,10,8,80,0.8,0.525,0.875,7.0,42,70,6
1045,1,8,42,336,5.25,0.375,0.899,2.07,126,302,61
1046,1,11,123,1353,11.182,0.25,0.514,1.95,338,695,173
1047,1,9,100,900,11.111,0.463,0.908,2.92,417,817,143
1048,1,6,96,576,16.0,0.259,0.74,1.69,149,426,88
1049,1,8,10,80,1.25,0.425,0.925,2.13,34,74,16
1050,1,1,47,47,47.0,0.34,1.0,1.14,16,47,14
1051,1,11,261,2871,23.727,0.251,0.661,2.0,722,898,361
1052,1,9,92,828,10.222,0.287,0.694,1.93,238,575,123
1053,1,8,86,688,10.75,0.494,0.945,2.64,340,650,129
1054,1,11,44,484,4.0,0.308,0.818,2.01,149,396,74
1055,1,8,9,72,1.125,0.431,0.903,2.07,31,65,15
1056,1,5,5,25,1.0,0.52,1.0,2.17,13,25,6
1057,1,8,6,48,0.75,0.5,0.854,3.0,24,41,8
1058,1,10,85,850,8.5,0.333,0.696,2.28,283,592,124
1059,1,11,32,352,2.909,0.344,0.767,2.69,121,270,45
1060,1,8,4,32,0.5,0.469,0.719,5.0,15,23,3
1061,1,7,346,2422,49.429,0.159,0.749,1.17,386,813,329
1062,1,10,511,5110,51.1,0.141,0.542,1.36,721,772,532
1063,1,7,169,1183,24.143,0.167,0.785,1.28,197,929,154
1064,1,9,101,909,11.222,0.442,0.861,2.68,402,783,150
1065,1,8,9,72,1.125,0.431,0.958,2.07,31,69,15
1066,1,10,31,310,3.1,0.281,0.606,1.98,87,188,44
1067,1,7,36,252,5.143,0.456,0.98,2.05,115,247,56
1068,1,10,284,2840,28.4,0.202,0.709,1.43,575,13,402
1069,1,5,31,155,6.2,0.355,0.974,1.49,55,151,37
1070,1,11,261,2871,23.727,0.233,0.637,1.75,668,830,381
1071,1,14,402,5628,28.714,0.399,0.631,4.75,248,554,473
1072,1,10,38,380,3.8,0.308,0.632,2.13,117,240,55
1073,1,8,16,128,2.0,0.344,0.742,1.52,44,95,29
1074,1,5,19,95,3.8,0.389,0.895,1.32,37,85,28
1075,1,13,38,494,2.923,0.285,0.907,3.62,141,448,39
1076,1,6,96,576,16.0,0.217,0.797,1.45,125,459,86
1077,1,3,104,312,34.667,0.606,0.683,9.95,189,213,19
1078,1,8,15,120,1.875,0.458,0.908,2.5,55,109,22
1079,1,7,57,399,8.143,0.321,0.952,1.47,128,380,87
1080,1,9,82,738,9.111,0.383,0.641,2.62,283,473,108
1081,1,7,346,2422,49.429,0.167,0.707,1.19,404,712,339
1082,1,12,72,864,6.0,0.635,0.94,5.97,549,812,92
1083,1,9,108,972,12.0,0.364,0.794,2.15,354,772,165
1084,1,6,17,102,2.833,0.255,0.745,1.18,26,76,22
1085,1,12,122,1464,10.167,0.26,0.881,2.3,381,290,166
1086,1,1,118,118,118.0,0.186,1.0,1.05,22,118,21
1087,1,8,75,600,9.375,0.328,0.888,1.86,197,533,106
1088,1,7,19,133,2.714,0.278,0.662,1.37,37,88,27
1089,1,7,14,98,2.0,0.337,0.786,1.38,33,77,24
1090,1,8,19,152,2.375,0.401,0.98,1.97,61,149,31
1091,1,8,74,592,9.25,0.568,0.983,3.11,336,582,108
1092,1,5,69,345,13.8,0.249,0.632,1.51,86,218,57
1093,1,10,52,520,5.2,0.294,0.675,2.13,153,351,72
1094,1,6,94,564,15.667,0.287,0.713,2.45,162,402,66
1095,1,12,72,864,6.0,0.635,0.94,5.97,549,812,92
1096,1,9,535,4815,59.444,0.173,0.667,1.36,832,214,613
1097,1,10,119,1190,11.9,0.392,0.891,2.46,467,60,190
1098,1,9,34,306,3.778,0.386,0.706,2.41,118,216,49
1099,1,9,126,1134,14.0,0.484,0.953,2.83,549,81,194
1100,1,14,402,5628,28.714,0.399,0.631,4.75,248,554,473
1101,1,9,91,819,10.111,0.302,0.956,1.98,247,783,125
1102,1,12,71,852,5.917,0.481,0.757,5.86,410,645,70
1103,1,8,14,112,1.75,0.339,0.884,1.73,38,99,22
1104,1,11,190,2090,17.273,0.239,0.457,2.11,500,955,237
1105,1,8,62,496,7.75,0.308,0.948,1.91,153,470,80
1106,1,10,61,610,6.1,0.29,0.657,2.16,177,401,82
1107,1,7,36,252,5.143,0.456,0.98,2.05,115,247,56
1108,1,6,16,96,2.667,0.198,0.76,2.38,19,73,8
1109,1,12,27,324,2.25,0.318,0.898,2.64,103,291,39
1110,1,10,47,470,4.7,0.481,0.991,2.97,226,466,76
1111,1,5,7,35,1.4,0.314,0.857,1.83,11,30,6
1112,1,7,53,371,7.571,0.342,0.58,2.4,127,215,53
1113,1,9,120,1080,13.333,0.331,0.859,1.98,358,928,181
1114,1,7,7,49,1.0,0.306,0.959,1.67,15,47,9
1115,1,9,111,999,12.333,0.218,0.81,1.7,218,809,128
1116,1,11,24,264,2.182,0.53,0.727,10.0,140,192,14
1117,1,10,19,190,1.9,0.611,0.874,8.92,116,166,13
1118,1,11,8,88,0.727,0.25,1.0,2.44,22,88,9
1119,1,9,272,2448,30.222,0.269,0.763,1.87,659,868,353
1120,1,28,82,2296,2.929,0.271,0.39,8.9,623,895,70
1121,1,8,19,152,2.375,0.184,0.849,1.47,28,129,19
1122,1,8,24,192,3.0,0.26,0.672,1.85,50,129,27
1123,1,10,23,230,2.3,0.313,0.891,2.4,72,205,30
1124,1,8,39,312,4.875,0.224,0.824,1.21,70,257,58
1125,1,8,41,328,5.125,0.393,0.976,2.19,129,320,59
1126,1,18,168,3024,9.333,0.187,0.73,2.34,564,207,241
1127,1,9,278,2502,30.889,0.258,0.798,1.62,645,997,398
1128,1,11,433,4763,39.364,0.449,0.706,4.65,137,365,460
1129,1,9,464,4176,51.556,0.158,0.55,1.3,658,297,505
1130,1,12,67,804,5.583,0.376,0.751,2.99,302,604,101
1131,1,14,91,1274,6.5,0.389,0.628,5.05,495,800,98
1132,1,6,17,102,2.833,0.245,0.598,1.56,25,61,16
1133,1,8,263,2104,32.875,0.154,0.549,1.19,325,156,274
1134,1,7,9,63,1.286,0.333,0.492,21.0,21,31,1
1135,1,9,49,441,5.444,0.594,0.998,3.05,262,440,86
1136,1,11,37,407,3.364,0.371,0.899,2.01,151,366,75
1137,1,8,14,112,1.75,0.42,0.759,2.04,47,85,23
1138,1,6,19,114,3.167,0.36,0.711,1.58,41,81,26
1139,1,10,33,330,3.3,0.282,0.839,1.82,93,277,51
1140,1,25,198,4950,7.92,0.869,0.932,15.94,304,611,270
1141,1,10,18,180,1.8,0.311,0.706,1.93,56,127,29
1142,1,9,112,1008,12.444,0.213,0.835,1.59,215,842,135
1143,1,10,162,1620,16.2,0.454,0.573,5.93,735,928,124
1144,1,8,13,104,1.625,0.663,0.817,6.9,69,85,10
1145,1,7,34,238,4.857,0.298,0.937,1.31,71,223,54
1146,1,9,102,918,11.333,0.166,0.56,1.58,152,514,96
1147,1,5,5,25,1.0,0.4,0.56,5.0,10,14,2
1148,1,8,32,256,4.0,0.207,0.797,1.23,53,204,43
1149,1,11,261,2871,23.727,0.257,0.644,2.01,738,849,368
1150,1,5,29,145,5.8,0.4,0.966,1.61,58,140,36
1151,1,11,11,121,1.0,0.388,0.818,2.24,47,99,21
1152,1,28,45,1260,1.607,0.368,0.54,7.86,464,680,59
1153,1,8,44,352,5.5,0.284,0.673,1.43,100,237,70
1154,1,9,27,243,3.0,0.346,0.975,1.87,84,237,45
1155,1,8,24,192,3.0,0.438,0.839,1.95,84,161,43
1156,1,6,20,120,3.333,0.367,0.967,1.38,44,116,32
1157,1,7,9,63,1.286,0.397,0.841,2.78,25,53,9
1158,1,9,19,171,2.111,0.298,0.737,2.68,51,126,19
1159,1,9,41,369,4.556,0.507,0.992,3.28,187,366,57
1160,1,9,40,360,4.444,0.506,0.964,3.08,182,347,59
1161,1,8,14,112,1.75,0.42,0.759,2.04,47,85,23
1162,1,10,57,570,5.7,0.556,0.719,5.2,317,410,61
1163,1,10,25,250,2.5,0.332,0.772,1.89,83,193,44
1164,1,12,232,2784,19.333,0.316,0.703,2.34,879,957,375
1165,1,8,48,384,6.0,0.354,0.865,1.89,136,332,72
1166,1,12,33,396,2.75,0.391,0.793,4.08,155,314,38
1167,1,9,492,4428,54.667,0.132,0.541,1.22,583,397,476
1168,1,17,22,374,1.294,0.425,0.765,4.68,159,286,34
1169,1,6,22,132,3.667,0.197,1.0,2.89,26,132,9
1170,1,8,57,456,7.125,0.268,0.798,1.45,122,364,84
1171,1,9,14,126,1.556,0.706,0.865,7.42,89,109,12
1172,1,6,44,264,7.333,0.447,0.811,2.11,118,214,56
1173,1,9,180,1620,20.0,0.343,0.738,2.47,555,196,225
1174,1,10,46,460,4.6,0.317,0.683,1.85,146,314,79
1175,1,10,38,380,3.8,0.195,0.55,1.48,74,209,50
1176,1,13,487,6331,37.462,0.247,0.63,2.1,564,988,745
1177,1,9,65,585,7.222,0.222,0.786,1.35,130,460,96
1178,1,6,101,606,16.833,0.411,0.876,1.93,249,531,129
1179,1,41,67,2747,1.634,0.441,0.529,33.67,212,452,36
1180,1,10,18,180,1.8,0.656,0.9,6.94,118,162,17
1181,1,5,177,885,35.4,0.226,0.498,1.71,200,441,117
1182,1,77,271,867,3.519,0.478,0.744,11.28,981,523,885
1183,1,11,337,3707,30.636,0.179,0.648,2.09,664,402,318
1184,1,4,15,60,3.75,0.267,0.8,4.0,16,48,4
1185,1,9,85,765,9.444,0.302,0.812,1.82,231,621,127
1186,1,11,43,473,3.909,0.334,0.875,2.47,158,414,64
1187,1,9,18,162,2.0,0.352,0.901,1.84,57,146,31
1188,1,9,144,1296,16.0,0.123,0.612,1.33,160,793,120
1189,1,6,6,36,1.0,0.361,1.0,1.44,13,36,9
1190,1,8,27,216,3.375,0.218,0.829,2.14,47,179,22
1191,1,26,412,712,15.846,0.32,0.664,3.0,424,118,142
1192,1,11,251,2761,22.818,0.355,0.743,2.93,979,52,334
1193,1,10,63,630,6.3,0.298,0.795,1.72,188,501,109
1194,1,6,14,84,2.333,0.571,0.976,2.4,48,82,20
1195,1,5,30,150,6.0,0.36,0.947,1.26,54,142,43
1196,1,8,12,96,1.5,0.469,1.0,1.61,45,96,28
1197,1,10,61,610,6.1,0.487,0.834,3.13,297,509,95
1198,1,10,25,250,2.5,0.392,0.808,2.51,98,202,39
1199,1,8,25,200,3.125,0.415,1.0,1.89,83,200,44
1200,1,7,32,224,4.571,0.308,0.777,1.25,69,174,55
1201,1,8,80,640,10.0,0.347,0.933,1.75,222,597,127
1202,1,9,86,774,9.556,0.301,0.647,2.22,233,501,105
1203,1,1,177,177,177.0,0.203,1.0,1.03,36,177,35
1204,1,7,36,252,5.143,0.278,0.937,1.25,70,236,56
1205,1,16,359,5744,22.438,0.376,0.652,5.41,158,747,399
1206,1,9,18,162,2.0,0.321,0.654,2.26,52,106,23
1207,1,17,403,6851,23.706,0.349,0.521,5.43,388,568,440
1208,1,11,11,121,1.0,0.455,0.876,4.23,55,106,13
1209,1,8,15,120,1.875,0.375,0.85,1.88,45,102,24
1210,1,10,27,270,2.7,0.367,0.83,1.87,99,224,53
1211,1,8,10,80,1.25,0.425,0.913,2.0,34,73,17
1212,1,8,241,1928,30.125,0.119,0.498,1.26,230,960,182
1213,1,25,187,4675,7.48,0.486,0.939,7.42,272,390,306
1214,1,10,23,230,2.3,0.361,0.774,2.44,83,178,34
1215,1,10,98,980,9.8,0.3,0.781,1.72,294,765,171
1216,1,10,215,2150,21.5,0.133,0.464,1.2,287,997,239
1217,1,9,88,792,9.778,0.263,0.726,1.59,208,575,131
1218,1,7,3,21,0.429,0.571,1.0,3.0,12,21,4
1219,1,24,117,2808,4.875,0.347,0.729,2.88,975,48,338
1220,1,11,73,803,6.636,0.27,0.844,2.03,217,678,107
1221,1,8,54,432,6.75,0.537,0.951,3.36,232,411,69
1222,1,11,184,2024,16.727,0.471,0.885,4.48,954,791,213
1223,1,11,97,1067,8.818,0.266,0.635,2.04,284,678,139
1224,1,9,41,369,4.556,0.444,0.976,2.88,164,360,57
1225,1,10,33,330,3.3,0.345,0.779,1.9,114,257,60
1226,1,8,75,600,9.375,0.375,0.86,2.05,225,516,110
1227,1,10,108,1080,10.8,0.319,0.746,2.14,345,806,161
1228,1,8,30,240,3.75,0.242,0.667,1.35,58,160,43
1229,1,14,407,5698,29.071,0.353,0.574,4.54,10,273,443
1230,1,9,510,4590,56.667,0.171,0.695,1.27,787,190,618
1231,1,16,367,5872,22.938,0.385,0.575,5.29,258,377,427
1232,1,17,245,4165,14.412,0.913,0.997,12.97,801,152,293
1233,1,9,33,297,3.667,0.377,0.842,2.24,112,250,50
1234,1,10,173,1730,17.3,0.09,0.375,1.52,155,649,102
1235,1,8,108,864,13.5,0.348,0.868,1.65,301,750,182
1236,1,17,22,374,1.294,0.425,0.765,4.68,159,286,34
1237,1,7,29,203,4.143,0.286,0.67,1.71,58,136,34
1238,1,10,50,500,5.0,0.326,0.868,2.01,163,434,81
1239,1,10,80,800,8.0,0.314,0.799,2.06,251,639,122
1240,1,7,6,42,0.857,0.452,1.0,1.9,19,42,10
1241,1,10,183,1830,18.3,0.267,0.682,1.67,488,248,293
1242,1,14,58,812,4.143,0.683,0.927,12.07,555,753,46
1243,1,6,14,84,2.333,0.321,0.881,1.8,27,74,15
1244,1,7,33,231,4.714,0.368,0.896,1.57,85,207,54
1245,1,11,63,693,5.727,0.413,0.804,3.08,286,557,93
1246,1,9,108,972,12.0,0.247,0.855,1.69,240,831,142
1247,1,8,24,192,3.0,0.328,0.625,1.75,63,120,36
1248,1,9,83,747,9.222,0.376,0.687,2.49,281,513,113
1249,1,11,35,385,3.182,0.382,0.657,6.13,147,253,24
1250,1,9,41,369,4.556,0.201,0.653,1.3,74,241,57
1251,1,7,14,98,2.0,0.378,1.0,1.95,37,98,19
1252,1,6,72,432,12.0,0.604,0.991,4.08,261,428,64
1253,1,9,56,504,6.222,0.327,0.688,1.94,165,347,85
1254,1,9,27,243,3.0,0.358,0.856,1.85,87,208,47
1255,1,6,96,576,16.0,0.267,0.939,1.51,154,541,102
1256,1,7,22,154,3.143,0.156,0.519,1.6,24,80,15
1257,1,8,82,656,10.25,0.398,0.951,2.51,261,624,104
1258,1,17,96,1632,5.647,0.366,0.675,5.15,597,101,116
1259,1,7,6,42,0.857,0.548,0.952,2.56,23,40,9
1260,1,8,9,72,1.125,0.361,0.792,1.53,26,57,17
1261,1,12,7,84,0.583,0.56,1.0,5.22,47,84,9
1262,1,1,95,95,95.0,0.379,1.0,1.03,36,95,35
1263,1,7,61,427,8.714,0.321,0.965,1.78,137,412,77
1264,1,10,28,280,2.8,0.375,0.657,2.33,105,184,45
1265,1,10,21,210,2.1,0.3,0.81,1.91,63,170,33
1266,1,8,535,4280,66.875,0.171,0.697,1.27,731,984,575
1267,1,12,261,3132,21.75,0.207,0.564,1.81,649,768,358
1268,1,8,245,1960,30.625,0.198,0.555,1.36,389,88,286
1269,1,11,262,2882,23.818,0.242,0.618,1.91,697,781,364
1270,1,8,107,856,13.375,0.363,0.734,2.24,311,628,139
1271,1,10,99,990,9.9,0.473,0.917,2.93,468,908,160
1272,1,7,11,77,1.571,0.299,0.987,1.35,23,76,17
1273,1,9,9,81,1.0,0.358,0.914,1.81,29,74,16
1274,1,8,175,1400,21.875,0.156,0.882,1.2,219,235,183
1275,1,7,66,462,9.429,0.294,0.924,1.46,136,427,93
1276,1,13,38,494,2.923,0.33,0.98,3.88,163,484,42
1277,1,8,62,496,7.75,0.214,0.645,1.43,106,320,74
1278,1,8,40,320,5.0,0.213,0.659,1.24,68,211,55
1279,1,5,27,135,5.4,0.548,1.0,2.18,74,135,34
1280,1,10,83,830,8.3,0.357,0.813,2.28,296,675,130
1281,1,8,11,88,1.375,0.443,1.0,1.63,39,88,24
1282,1,5,31,155,6.2,0.361,0.974,1.56,56,151,36
1283,1,10,9,90,0.9,0.522,0.656,9.4,47,59,5
1284,1,9,22,198,2.444,0.192,0.697,1.31,38,138,29
1285,1,3,3,9,1.0,0.889,0.889,8.0,8,8,1
1286,1,9,191,1719,21.222,0.328,0.747,2.14,564,284,264
1287,1,12,67,804,5.583,0.403,0.704,3.68,324,566,88
1288,1,11,137,1507,12.455,0.317,0.652,2.7,478,982,177
1289,1,9,169,1521,18.778,0.343,0.696,2.61,522,58,200
1290,1,10,11,110,1.1,0.373,1.0,1.58,41,110,26
1291,1,8,43,344,5.375,0.343,0.977,1.71,118,336,69
1292,1,9,211,1899,23.444,0.219,0.707,1.48,416,343,282
1293,1,9,84,756,9.333,0.329,0.632,2.08,249,478,120
1294,1,9,81,729,9.0,0.332,0.974,2.09,242,710,116
1295,1,7,7,49,1.0,0.265,0.796,1.44,13,39,9
1296,1,2,7,14,3.5,0.5,0.929,3.5,7,13,2
1297,1,6,104,624,17.333,0.234,0.862,1.32,146,538,111
1298,1,9,9,81,1.0,0.63,0.802,5.1,51,65,10
1299,1,8,27,216,3.375,0.236,0.685,1.31,51,148,39
1300,1,8,21,168,2.625,0.435,1.0,1.97,73,168,37
1301,1,11,84,924,7.636,0.291,0.843,1.74,269,779,155
1302,1,10,40,400,4.0,0.428,0.895,3.05,171,358,56
1303,1,5,10,50,2.0,0.56,0.96,2.33,28,48,12
1304,1,9,11,99,1.222,0.253,0.778,1.92,25,77,13
1305,1,7,10,70,1.429,0.343,0.786,1.33,24,55,18
1306,1,7,191,1337,27.286,0.307,0.748,1.66,411,0,247
1307,1,7,17,119,2.429,0.361,0.782,1.65,43,93,26
1308,1,7,13,91,1.857,0.308,0.978,1.56,28,89,18
1309,1,9,194,1746,21.556,0.191,0.691,1.4,333,207,238
1310,1,6,12,72,2.0,0.375,0.958,1.93,27,69,14
1311,1,8,107,856,13.375,0.381,0.77,2.4,326,659,136
1312,1,8,37,296,4.625,0.264,0.676,1.86,78,200,42
1313,1,8,126,1008,15.75,0.469,0.961,2.87,473,969,165
1314,1,7,46,322,6.571,0.304,0.745,1.53,98,240,64
1315,1,7,11,77,1.571,0.364,0.948,1.47,28,73,19
1316,1,9,32,288,3.556,0.292,0.826,1.53,84,238,55
1317,1,10,61,610,6.1,0.333,0.954,1.85,203,582,110
1318,1,10,508,5080,50.8,0.16,0.628,1.41,813,189,578
1319,1,8,163,1304,20.375,0.383,0.982,2.79,500,280,179
1320,1,8,21,168,2.625,0.482,0.827,13.5,81,139,6
1321,1,77,245,8865,3.182,0.445,0.523,32.67,396,871,257
1322,1,77,245,8865,3.182,0.445,0.523,32.67,396,871,257
1323,1,3,3,9,1.0,0.889,0.889,8.0,8,8,1
1324,1,13,349,4537,26.846,0.38,0.668,4.36,724,29,395
1325,1,8,241,1928,30.125,0.119,0.498,1.26,230,960,182
1326,1,10,61,610,6.1,0.487,0.834,3.13,297,509,95
1327,1,13,38,494,2.923,0.324,0.935,3.81,160,462,42
1328,1,9,105,945,11.667,0.236,0.579,1.91,223,547,117
1329,1,10,41,410,4.1,0.356,0.956,2.15,146,392,68
1330,1,5,17,85,3.4,0.412,0.941,1.75,35,80,20
1331,1,11,94,1034,8.545,0.257,0.604,2.18,266,625,122
1332,1,16,344,5504,21.5,0.385,0.662,5.2,121,643,408
1333,1,8,15,120,1.875,0.258,0.683,3.88,31,82,8
1334,1,12,73,876,6.083,0.257,0.591,2.14,225,518,105
1335,1,8,15,120,1.875,0.375,0.85,1.88,45,102,24
1336,1,10,15,150,1.5,0.3,1.0,1.88,45,150,24
1337,1,9,82,738,9.111,0.428,0.936,2.38,316,691,133
1338,1,13,77,1001,5.923,0.298,0.7,2.4,298,701,124
1339,1,7,148,1036,21.143,0.184,0.816,1.2,191,845,159
1340,1,14,150,2100,10.714,0.225,0.681,4.14,472,430,114
1341,1,9,14,126,1.556,0.278,1.0,2.06,35,126,17
1342,1,9,164,1476,18.222,0.189,0.65,1.26,279,959,221
1343,1,8,9,72,1.125,0.528,0.958,3.17,38,69,12
1344,1,9,41,369,4.556,0.374,0.881,2.26,138,325,61
1345,1,8,15,120,1.875,0.433,0.625,2.74,52,75,19
1346,1,8,148,1184,18.5,0.182,0.625,1.2,216,740,180
1347,1,10,15,150,1.5,0.247,0.72,1.61,37,108,23
1348,1,9,29,261,3.222,0.31,0.686,2.13,81,179,38
1349,1,21,13,273,0.619,0.168,0.308,2.3,46,84,20
1350,1,8,19,152,2.375,0.355,0.954,2.0,54,145,27
1351,1,8,7,56,0.875,0.268,0.786,1.67,15,44,9
1352,1,9,44,396,4.889,0.449,0.879,2.97,178,348,60
1353,1,8,11,88,1.375,0.477,0.966,2.0,42,85,21
1354,1,12,91,1092,7.583,0.281,0.59,2.46,307,644,125
1355,1,9,45,405,5.0,0.319,0.923,2.11,129,374,61
1356,1,8,12,96,1.5,0.448,0.885,1.95,43,85,22
1357,1,10,38,380,3.8,0.187,0.463,1.37,71,176,52
1358,1,5,53,265,10.6,0.223,0.611,1.28,59,162,46
1359,1,8,157,1256,19.625,0.446,0.987,2.55,560,240,220
1360,1,1,35,35,35.0,0.2,1.0,1.17,7,35,6
1361,1,9,82,738,9.111,0.385,0.935,2.29,284,690,124
1362,1,7,14,98,2.0,0.327,1.0,1.6,32,98,20
1363,1,10,240,2400,24.0,0.383,0.821,2.75,919,971,334
1364,1,8,17,136,2.125,0.199,0.603,3.0,27,82,9
1365,1,7,4,28,0.571,0.286,0.357,8.0,8,10,1
1366,1,8,21,168,2.625,0.357,0.911,1.67,60,153,36
1367,1,8,13,104,1.625,0.663,0.817,6.9,69,85,10
1368,1,10,38,380,3.8,0.397,0.887,2.7,151,337,56
1369,1,9,102,918,11.333,0.214,0.708,1.3,196,650,151
1370,1,10,23,230,2.3,0.287,0.617,2.2,66,142,30
1371,1,1,22,22,22.0,0.591,1.0,2.6,13,22,5
1372,1,5,36,180,7.2,0.211,0.789,1.52,38,142,25
1373,1,5,7,35,1.4,0.429,0.971,1.36,15,34,11
1374,1,4,10,40,2.5,0.6,0.8,4.0,24,32,6
1375,1,12,45,540,3.75,0.467,0.694,6.63,252,375,38
1376,1,11,337,3707,30.636,0.175,0.637,2.2,650,361,296
1377,1,6,14,84,2.333,0.571,0.976,2.4,48,82,20
1378,1,10,40,400,4.0,0.295,0.683,2.07,118,273,57
1379,1,9,535,4815,59.444,0.146,0.634,1.32,704,52,534
1380,1,10,9,90,0.9,0.689,0.789,10.33,62,71,6
1381,1,11,240,2640,21.818,0.27,0.634,2.05,714,674,348
1382,1,10,50,500,5.0,0.472,0.812,2.74,236,406,86
1383,1,5,94,470,18.8,0.277,0.945,1.63,130,444,80
1384,1,24,120,2880,5.0,0.927,0.972,21.36,670,800,125
1385,1,12,245,2940,20.417,0.204,0.797,1.7,599,342,353
1386,1,9,39,351,4.333,0.308,0.709,1.69,108,249,64
1387,1,8,38,304,4.75,0.25,0.73,1.38,76,222,55
1388,1,19,130,2470,6.842,0.208,0.65,1.93,514,606,267
1389,1,8,83,664,10.375,0.404,0.741,2.58,268,492,104
1390,1,10,179,1790,17.9,0.2,0.758,1.41,358,356,254
1391,1,10,121,1210,12.1,0.268,0.664,2.47,324,804,131
1392,1,9,20,180,2.222,0.339,0.772,1.74,61,139,35
1393,1,13,369,4797,28.385,0.397,0.662,4.79,906,176,398
1394,1,10,249,2490,24.9,0.294,0.636,2.32,731,584,315
1395,1,11,26,286,2.364,0.283,0.888,2.19,81,254,37
1396,1,7,11,77,1.571,0.455,0.974,1.75,35,75,20
1397,1,7,7,49,1.0,0.306,0.592,2.14,15,29,7
1398,1,12,22,264,1.833,0.553,0.841,7.68,146,222,19
1399,1,9,63,567,7.0,0.284,0.908,1.96,161,515,82
1400,1,8,36,288,4.5,0.406,1.0,1.89,117,288,62
1401,1,6,18,108,3.0,0.315,1.0,1.62,34,108,21
1402,1,6,10,60,1.667,0.483,0.933,2.07,29,56,14
1403,1,8,12,96,1.5,0.458,0.865,2.1,44,83,21
1404,1,7,33,231,4.714,0.264,0.844,1.2,61,195,51
1405,1,8,13,104,1.625,0.587,0.837,4.69,61,87,13
1406,1,14,217,3038,15.5,0.268,0.632,2.12,813,919,383
1407,1,16,24,384,1.5,0.44,0.948,5.28,169,364,32
1408,1,9,233,2097,25.889,0.165,0.687,1.26,345,441,274
1409,1,9,34,306,3.778,0.288,0.641,2.1,88,196,42
1410,1,7,116,812,16.571,0.309,0.676,2.2,251,549,114
1411,1,17,22,374,1.294,0.409,0.757,4.5,153,283,34
1412,1,14,57,798,4.071,0.727,0.951,11.84,580,759,49
1413,1,7,15,105,2.143,0.324,0.762,3.09,34,80,11
1414,1,13,38,494,2.923,0.314,0.957,3.6,155,473,43
1415,1,7,13,91,1.857,0.374,0.901,1.7,34,82,20
1416,1,9,9,81,1.0,0.346,0.877,2.8,28,71,10
1417,1,11,86,946,7.818,0.289,0.701,1.98,273,663,138
1418,1,6,18,108,3.0,0.343,0.926,1.76,37,100,21
1419,1,10,248,2480,24.8,0.356,0.729,2.6,883,807,340
1420,1,9,18,162,2.0,0.327,0.914,1.89,53,148,28
1421,1,14,370,5180,26.429,0.175,0.648,1.64,907,357,554
1422,1,13,38,494,2.923,0.285,0.907,3.62,141,448,39
1423,1,9,232,2088,25.778,0.274,0.782,1.76,573,633,326
1424,1,9,85,765,9.444,0.302,0.812,1.82,231,621,127
1425,1,7,14,98,2.0,0.327,0.99,2.67,32,97,12
1426,1,7,21,147,3.0,0.32,0.714,1.68,47,105,28
1427,1,8,9,72,1.125,0.319,0.667,2.3,23,48,10
1428,1,9,41,369,4.556,0.298,0.775,1.9,110,286,58
1429,1,12,410,4920,34.167,0.324,0.706,2.47,595,474,645
1430,1,7,4,28,0.571,0.393,0.679,3.67,11,19,3
1431,1,7,33,231,4.714,0.346,0.879,1.36,80,203,59
1432,1,9,222,1998,24.667,0.202,0.711,1.52,403,421,266
1433,1,12,8,96,0.667,0.302,1.0,2.9,29,96,10
1434,1,5,93,465,18.6,0.351,1.0,1.66,163,465,98
1435,1,11,65,715,5.909,0.178,0.662,1.65,127,473,77
1436,1,7,23,161,3.286,0.298,0.876,1.45,48,141,33
1437,1,10,13,130,1.3,0.285,0.885,1.61,37,115,23
1438,1,8,15,120,1.875,0.433,0.625,2.74,52,75,19
1439,1,7,17,119,2.429,0.454,0.866,3.18,54,103,17
1440,1,6,9,54,1.5,0.352,0.87,1.58,19,47,12
1441,1,10,51,510,5.1,0.337,0.773,2.12,172,394,81
1442,1,4,18,72,4.5,0.333,0.667,1.71,24,48,14
1443,1,11,8,88,0.727,0.705,1.0,8.86,62,88,7
1444,1,6,18,108,3.0,0.343,0.926,1.76,37,100,21
1445,1,5,5,25,1.0,0.52,1.0,2.17,13,25,6
1446,1,24,107,2568,4.458,0.908,0.982,16.91,333,523,138
1447,1,10,262,2620,26.2,0.274,0.757,1.8,719,984,399
1448,1,8,10,80,1.25,0.388,0.913,2.21,31,73,14
1449,1,8,75,600,9.375,0.415,0.91,2.37,249,546,105
1450,1,5,7,35,1.4,0.686,1.0,3.0,24,35,8
1451,1,8,1,8,0.125,1.0,1.0,8.0,8,8,1
1452,1,10,79,790,7.9,0.347,0.784,2.25,274,619,122
1453,1,8,11,88,1.375,0.318,1.0,1.4,28,88,20
1454,1,13,349,4537,26.846,0.38,0.668,4.36,724,29,395
1455,1,4,6,24,1.5,0.417,0.5,10.0,10,12,1
1456,1,5,116,580,23.2,0.376,0.784,2.18,218,455,100
1457,1,14,11,154,0.786,0.526,0.708,8.1,81,109,10
1458,1,9,49,441,5.444,0.247,0.721,1.51,109,318,72
1459,1,7,18,126,2.571,0.119,0.452,2.14,15,57,7
1460,1,9,250,2250,27.778,0.36,0.733,2.56,810,649,316
1461,1,6,33,198,5.5,0.247,0.813,1.2,49,161,41
1462,1,10,94,940,9.4,0.25,0.721,1.7,235,678,138
1463,1,11,24,264,2.182,0.53,0.727,10.0,140,192,14
1464,1,12,98,1176,8.167,0.245,0.624,2.23,288,734,129
1465,1,8,6,48,0.75,0.375,0.792,3.0,18,38,6
1466,1,6,96,576,16.0,0.318,0.575,3.0,183,331,61
1467,1,8,34,272,4.25,0.419,0.783,2.0,114,213,57
1468,1,7,79,553,11.286,0.566,0.967,3.56,313,535,88
1469,1,10,262,2620,26.2,0.274,0.757,1.8,719,984,399
1470,1,7,54,378,7.714,0.497,0.849,3.42,188,321,55
1471,1,10,53,530,5.3,0.215,0.781,1.44,114,414,79
1472,1,17,21,357,1.235,0.373,0.613,16.63,133,219,8
1473,1,10,272,2720,27.2,0.232,0.65,1.98,631,767,319
1474,1,9,53,477,5.889,0.317,0.805,1.66,151,384,91
1475,1,10,47,470,4.7,0.481,0.991,2.97,226,466,76
1476,1,9,202,1818,22.444,0.087,0.254,1.3,158,462,122
1477,1,7,14,98,2.0,0.347,0.949,1.79,34,93,19
1478,1,8,133,1064,16.625,0.272,0.825,1.78,289,878,162
1479,1,7,38,266,5.429,0.353,0.902,2.04,94,240,46
1480,1,25,494,2350,19.76,0.462,0.93,7.35,707,482,776
1481,1,5,3,15,0.6,0.6,0.933,3.0,9,14,3
1482,1,11,23,253,2.091,0.265,0.735,2.09,67,186,32
1483,1,10,11,110,1.1,0.427,1.0,1.52,47,110,31
1484,1,10,30,300,3.0,0.367,0.783,2.29,110,235,48
1485,1,7,21,147,3.0,0.354,0.939,1.63,52,138,32
1486,1,5,29,145,5.8,0.538,0.89,2.36,78,129,33
1487,1,12,142,1704,11.833,0.337,0.759,3.04,575,293,189
1488,1,7,10,70,1.429,0.286,0.829,1.33,20,58,15
1489,1,8,27,216,3.375,0.269,0.764,1.29,58,165,45
1490,1,7,9,63,1.286,0.317,0.81,1.54,20,51,13
1491,1,12,72,864,6.0,0.623,0.86,6.73,538,743,80
1492,1,12,124,1488,10.333,0.3,0.869,1.96,447,293,228
1493,1,8,37,296,4.625,0.182,0.649,1.35,54,192,40
1494,1,7,30,210,4.286,0.305,0.871,1.64,64,183,39
1495,1,14,422,5908,30.143,0.18,0.58,1.7,62,426,624
1496,1,24,309,7416,12.875,0.921,0.984,17.51,828,295,390
1497,1,7,56,392,8.0,0.329,0.791,1.65,129,310,78
1498,1,8,98,784,12.25,0.221,0.874,1.42,173,685,122
1499,1,8,23,184,2.875,0.255,1.0,2.14,47,184,22
1500,1,7,11,77,1.571,0.364,0.935,1.4,28,72,20
1501,1,16,44,704,2.75,0.376,0.744,2.39,265,524,111
1502,1,8,27,216,3.375,0.407,1.0,2.05,88,216,43
1503,1,9,272,2448,30.222,0.269,0.696,1.93,659,704,342
1504,1,7,4,28,0.571,0.393,0.679,3.67,11,19,3
1505,1,10,79,790,7.9,0.347,0.784,2.25,274,619,122
1506,1,10,51,510,5.1,0.28,0.814,1.66,143,415,86
1507,1,5,15,75,3.0,0.547,0.947,2.05,41,71,20
1508,1,8,12,96,1.5,0.385,0.698,2.47,37,67,15
1509,1,8,47,376,5.875,0.221,0.702,1.26,83,264,66
1510,1,9,123,1107,13.667,0.346,0.74,2.21,383,819,173
1511,1,10,35,350,3.5,0.38,0.829,2.02,133,290,66
1512,1,7,183,1281,26.143,0.265,0.664,1.88,340,850,181
1513,1,7,11,77,1.571,0.364,0.948,1.47,28,73,19
1514,1,8,7,56,0.875,0.482,0.946,2.7,27,53,10
1515,1,10,261,2610,26.1,0.183,0.515,1.49,477,343,321
1516,1,9,172,1548,19.111,0.167,0.678,1.28,258,50,202
1517,1,7,38,266,5.429,0.226,0.639,1.4,60,170,43
1518,1,10,51,510,5.1,0.337,0.773,2.12,172,394,81
1519,1,6,14,84,2.333,0.321,0.881,1.8,27,74,15
1520,1,11,30,330,2.727,0.297,0.6,2.39,98,198,41
1521,1,7,8,56,1.143,0.375,1.0,1.62,21,56,13
1522,1,9,28,252,3.111,0.25,0.77,1.47,63,194,43
1523,1,10,272,2720,27.2,0.211,0.772,1.43,573,101,401
1524,1,6,9,54,1.5,0.296,0.796,2.0,16,43,8
1525,1,11,9,99,0.818,0.545,0.818,9.0,54,81,6
1526,1,15,419,6285,27.933,0.345,0.526,4.5,170,309,482
1527,1,24,178,4272,7.417,0.483,0.933,8.0,63,987,258
1528,1,9,86,774,9.556,0.337,0.757,2.19,261,586,119
1529,1,10,121,1210,12.1,0.415,0.879,2.61,502,63,192
1530,1,9,12,108,1.333,0.444,0.981,1.71,48,106,28
1531,1,13,433,5629,33.308,0.375,0.605,4.82,109,404,438
1532,1,19,201,3819,10.579,0.238,0.567,2.07,909,164,439
1533,1,6,8,48,1.333,0.458,0.729,2.44,22,35,9
1534,1,8,275,2200,34.375,0.209,0.737,1.31,460,621,351
1535,1,7,35,245,5.0,0.453,0.873,2.47,111,214,45
1536,1,9,534,4806,59.333,0.14,0.518,1.32,671,491,507
1537,1,10,37,370,3.7,0.154,0.457,1.39,57,169,41
1538,1,6,32,192,5.333,0.292,0.698,1.37,56,134,41
1539,1,7,10,70,1.429,0.329,1.0,1.77,23,70,13
1540,1,7,133,931,19.0,0.211,0.559,1.75,196,520,112
1541,1,7,34,238,4.857,0.282,0.782,1.49,67,186,45
1542,1,8,18,144,2.25,0.215,0.813,2.38,31,117,13
1543,1,6,7,42,1.167,0.405,0.833,1.89,17,35,9
1544,1,7,25,175,3.571,0.331,0.891,1.41,58,156,41
1545,1,9,175,1575,19.444,0.19,0.568,1.35,299,894,221
1546,1,10,261,2610,26.1,0.183,0.515,1.49,477,343,321
1547,1,9,110,990,12.222,0.311,0.627,2.08,308,621,148
1548,1,27,267,7209,9.889,0.362,0.674,4.36,610,860,599
1549,1,7,215,1505,30.714,0.538,0.993,3.2,810,495,253
1550,1,9,103,927,11.444,0.383,0.825,2.75,355,765,129
1551,1,9,102,918,11.333,0.183,0.804,1.27,168,738,132
1552,1,12,101,1212,8.417,0.292,0.792,1.99,354,960,178
1553,1,7,38,266,5.429,0.252,0.628,1.4,67,167,48
1554,1,8,11,88,1.375,0.159,0.477,1.75,14,42,8
1555,1,12,252,3024,21.0,0.416,0.682,4.75,259,62,265
1556,1,11,101,1111,9.182,0.33,0.734,2.68,367,815,137
1557,1,7,346,2422,49.429,0.159,0.749,1.17,386,813,329
1558,1,8,50,400,6.25,0.428,0.74,2.31,171,296,74
1559,1,7,140,980,20.0,0.253,0.886,1.49,248,868,167
1560,1,8,76,608,9.5,0.232,0.51,1.88,141,310,75
1561,1,9,21,189,2.333,0.206,0.778,1.22,39,147,32
1562,1,13,291,3783,22.385,0.285,0.627,2.68,80,371,403
1563,1,7,11,77,1.571,0.221,0.922,1.21,17,71,14
1564,1,9,37,333,4.111,0.453,0.964,2.7,151,321,56
1565,1,10,48,480,4.8,0.579,0.706,6.04,278,339,46
1566,1,6,21,126,3.5,0.349,1.0,1.33,44,126,33
1567,1,7,14,98,2.0,0.316,0.908,1.94,31,89,16
1568,1,8,36,288,4.5,0.406,1.0,1.89,117,288,62
1569,1,6,18,108,3.0,0.444,0.991,1.71,48,107,28
1570,1,8,12,96,1.5,0.427,0.927,2.05,41,89,20
1571,1,7,343,2401,49.0,0.213,0.772,1.45,512,854,352
1572,1,10,15,150,1.5,0.247,0.72,1.61,37,108,23
1573,1,8,12,96,1.5,0.438,1.0,1.91,42,96,22
1574,1,9,535,4815,59.444,0.157,0.594,1.23,757,861,617
1575,1,8,82,656,10.25,0.402,0.991,2.1,264,650,126
1576,1,9,13,117,1.444,0.368,1.0,2.69,43,117,16
1577,1,6,14,84,2.333,0.274,1.0,1.28,23,84,18
1578,1,8,83,664,10.375,0.325,0.908,1.76,216,603,123
1579,1,12,410,4920,34.167,0.333,0.661,2.69,636,254,608
1580,1,12,245,2940,20.417,0.204,0.797,1.7,599,342,353
1581,1,8,82,656,10.25,0.396,0.713,2.63,260,468,99
1582,1,8,13,104,1.625,0.49,0.913,2.68,51,95,19
1583,1,14,187,2618,13.357,0.265,0.477,2.31,693,248,300
1584,1,10,46,460,4.6,0.3,0.604,2.09,138,278,66
1585,1,9,129,1161,14.333,0.169,0.647,1.41,196,751,139
1586,1,10,19,190,1.9,0.6,0.768,9.5,114,146,12
1587,1,7,71,497,10.143,0.394,0.958,1.87,196,476,105
1588,1,11,82,902,7.455,0.236,0.814,1.97,213,734,108
1589,1,10,125,1250,12.5,0.456,0.862,2.92,570,78,195
1590,1,7,5,35,0.714,0.514,0.8,9.0,18,28,2
1591,1,12,58,696,4.833,0.343,0.803,3.85,239,559,62
1592,1,24,84,2016,3.5,0.474,0.872,8.69,956,758,110
1593,1,7,189,1323,27.0,0.339,0.704,1.89,449,932,237
1594,1,8,12,96,1.5,0.385,0.802,2.18,37,77,17
1595,1,7,11,77,1.571,0.416,0.818,2.0,32,63,16
1596,1,10,12,120,1.2,0.183,0.392,2.2,22,47,10
1597,1,6,44,264,7.333,0.254,0.689,1.68,67,182,40
1598,1,11,261,2871,23.727,0.231,0.596,1.87,662,711,354
1599,1,7,14,98,2.0,0.296,0.786,2.9,29,77,10
1600,1,12,404,4848,33.667,0.334,0.674,2.82,617,267,573
1601,1,9,250,2250,27.778,0.305,0.711,2.18,686,600,314
1602,1,9,82,738,9.111,0.335,0.73,2.47,247,539,100
1603,1,10,19,190,1.9,0.142,0.326,3.0,27,62,9
1604,1,11,20,220,1.818,0.568,0.895,8.93,125,197,14
1605,1,7,7,49,1.0,0.327,0.898,2.29,16,44,7
1606,1,7,14,98,2.0,0.316,0.827,1.94,31,81,16
1607,1,12,71,852,5.917,0.631,0.904,6.64,538,770,81
1608,1,8,20,160,2.5,0.394,0.944,2.25,63,151,28
1609,1,8,8,64,1.0,0.234,0.328,5.0,15,21,3
1610,1,9,101,909,11.222,0.442,0.861,2.68,402,783,150
1611,1,17,24,408,1.412,0.426,0.792,4.46,174,323,39
1612,1,7,7,49,1.0,0.592,0.959,2.42,29,47,12
1613,1,16,382,6112,23.875,0.375,0.6,5.16,292,670,444
1614,1,8,4,32,0.5,0.375,1.0,1.5,12,32,8
1615,1,7,7,49,1.0,0.347,1.0,1.42,17,49,12
1616,1,9,20,180,2.222,0.55,0.783,8.25,99,141,12
1617,1,1,12,12,12.0,0.583,1.0,1.75,7,12,4
1618,1,10,52,520,5.2,0.269,0.85,2.0,140,442,70
1619,1,13,38,494,2.923,0.324,0.935,3.81,160,462,42
1620,1,8,9,72,1.125,0.528,0.958,3.17,38,69,12
1621,1,9,37,333,4.111,0.396,0.85,2.03,132,283,65
1622,1,8,27,216,3.375,0.236,0.685,1.31,51,148,39
1623,1,4,18,72,4.5,0.25,0.528,2.57,18,38,7
1624,1,7,29,203,4.143,0.36,0.936,1.4,73,190,52
1625,1,10,29,290,2.9,0.307,0.855,1.85,89,248,48
1626,1,9,132,1188,14.667,0.189,0.588,1.54,225,698,146
1627,1,5,5,25,1.0,0.36,0.56,3.0,9,14,3
1628,1,9,53,477,5.889,0.335,0.602,2.42,160,287,66
1629,1,17,266,4522,15.647,0.921,1.0,12.82,167,522,325
1630,1,10,18,180,1.8,0.522,0.772,8.55,94,139,11
1631,1,1,118,118,118.0,0.186,1.0,1.05,22,118,21
1632,1,25,185,4625,7.4,0.479,0.95,7.24,214,395,306
1633,1,13,239,3107,18.385,0.239,0.615,2.16,742,912,343
1634,1,5,44,220,8.8,0.241,0.791,2.52,53,174,21
1635,1,13,84,1092,6.462,0.35,0.59,3.16,382,644,121
1636,1,7,15,105,2.143,0.4,0.924,1.5,42,97,28
1637,1,11,245,2695,22.273,0.252,0.829,1.86,678,235,365
1638,1,9,4,36,0.444,0.444,1.0,8.0,16,36,2
1639,1,9,129,1161,14.333,0.169,0.647,1.41,196,751,139
1640,1,9,52,468,5.778,0.37,0.996,1.71,173,466,101
1641,1,6,32,192,5.333,0.292,0.698,1.37,56,134,41
1642,1,9,349,3141,38.778,0.125,0.453,1.29,394,422,306
1643,1,11,70,770,6.364,0.381,0.639,3.53,293,492,83
1644,1,9,175,1575,19.444,0.177,0.624,1.26,279,983,222
1645,1,9,21,189,2.333,0.302,0.614,1.9,57,116,30
1646,1,9,163,1467,18.111,0.264,0.51,2.98,387,748,130
1647,1,7,21,147,3.0,0.327,0.728,1.41,48,107,34
1648,1,7,11,77,1.571,0.299,0.779,1.64,23,60,14
1649,1,6,59,354,9.833,0.268,0.692,1.27,95,245,75
1650,1,4,11,44,2.75,0.364,0.955,1.33,16,42,12
1651,1,8,15,120,1.875,0.458,0.95,2.2,55,114,25
1652,1,10,58,580,5.8,0.3,0.84,2.17,174,487,80
1653,1,8,8,64,1.0,0.359,0.766,1.64,23,49,14
1654,1,9,21,189,2.333,0.302,0.614,1.9,57,116,30
1655,1,6,13,78,2.167,0.295,1.0,1.53,23,78,15
1656,1,12,271,3252,22.583,0.246,0.615,1.95,799,999,410
1657,1,8,4,32,0.5,0.406,1.0,2.17,13,32,6
1658,1,13,25,325,1.923,0.234,0.286,10.86,76,93,7
1659,1,8,41,328,5.125,0.424,0.966,2.53,139,317,55
1660,1,7,7,49,1.0,0.306,0.959,1.67,15,47,9
1661,1,9,535,4815,59.444,0.088,0.318,1.37,425,530,310
1662,1,11,87,957,7.909,0.253,0.662,1.89,242,634,128
1663,1,5,23,115,4.6,0.504,0.783,2.42,58,90,24
1664,1,9,52,468,5.778,0.203,0.626,1.38,95,293,69
1665,1,9,47,423,5.222,0.333,0.757,2.39,141,320,59
1666,1,7,7,49,1.0,0.286,0.633,1.56,14,31,9
1667,1,8,117,936,14.625,0.201,0.698,1.45,188,653,130
1668,1,9,15,135,1.667,0.378,0.963,2.43,51,130,21
1669,1,11,10,110,0.909,0.436,0.927,4.36,48,102,11
1670,1,6,39,234,6.5,0.466,0.889,2.1,109,208,52
1671,1,7,12,84,1.714,0.405,0.988,1.62,34,83,21
1672,1,8,9,72,1.125,0.361,0.972,1.73,26,70,15
1673,1,14,234,3276,16.714,0.383,0.634,4.2,256,77,299
1674,1,8,46,368,5.75,0.291,0.886,2.23,107,326,48
1675,1,5,20,100,4.0,0.17,0.48,1.55,17,48,11
1676,1,8,190,1520,23.75,0.118,0.62,1.21,179,943,148
1677,1,12,7,84,0.583,0.214,0.583,3.6,18,49,5
1678,1,5,5,25,1.0,0.44,1.0,1.57,11,25,7
1679,1,8,16,128,2.0,0.359,0.781,2.0,46,100,23
1680,1,5,6,30,1.2,0.333,0.333,10.0,10,10,1
1681,1,23,371,8533,16.13,0.941,1.0,16.83,27,533,477
1682,1,31,322,9982,10.387,0.689,0.753,16.87,881,519,408
1683,1,14,284,3976,20.286,0.365,0.54,5.1,453,147,285
1684,1,7,6,42,0.857,0.452,1.0,1.9,19,42,10
1685,1,8,16,128,2.0,0.344,0.742,1.52,44,95,29
1686,1,4,6,24,1.5,0.417,0.5,10.0,10,12,1
1687,1,16,417,6672,26.063,0.381,0.652,5.29,543,349,481
1688,1,6,32,192,5.333,0.286,0.891,1.41,55,171,39
1689,1,12,332,3984,27.667,0.402,0.659,4.5,602,626,356
1690,1,11,101,1111,9.182,0.398,0.888,2.76,442,987,160
1691,1,8,263,2104,32.875,0.154,0.549,1.19,325,156,274
1692,1,9,47,423,5.222,0.307,0.872,2.03,130,369,64
1693,1,9,44,396,4.889,0.46,0.937,2.84,182,371,64
1694,1,9,99,891,11.0,0.464,0.942,2.52,413,839,164
1695,1,10,49,490,4.9,0.52,0.961,2.97,255,471,86
1696,1,7,5,35,0.714,0.371,0.829,1.86,13,29,7
1697,1,8,7,56,0.875,0.482,0.946,2.45,27,53,11
1698,1,7,21,147,3.0,0.327,0.912,1.71,48,134,28
1699,1,28,333,9324,11.893,0.351,0.65,4.55,270,57,718
1700,1,7,207,1449,29.571,0.249,0.771,1.29,361,117,279
1701,1,5,13,65,2.6,0.554,0.8,2.57,36,52,14
1702,1,24,187,4488,7.792,0.485,0.918,8.16,178,122,267
1703,1,7,30,210,4.286,0.352,0.79,1.54,74,166,48
1704,1,8,62,496,7.75,0.218,0.629,1.57,108,312,69
1705,1,9,535,4815,59.444,0.191,0.788,1.36,921,793,676
1706,1,7,31,217,4.429,0.396,0.862,2.1,86,187,41
1707,1,8,121,968,15.125,0.431,0.98,3.11,417,949,134
1708,1,9,268,2412,29.778,0.465,0.694,6.3,122,675,178
1709,1,8,28,224,3.5,0.397,0.996,2.07,89,223,43
1710,1,6,4,24,0.667,0.667,1.0,4.0,16,24,4
1711,1,11,22,242,2.0,0.417,0.694,4.04,101,168,25
1712,1,11,102,1122,9.273,0.289,0.829,1.87,324,930,173
1713,1,12,22,264,1.833,0.542,0.784,8.94,143,207,16
1714,1,7,14,98,2.0,0.357,0.867,1.75,35,85,20
1715,1,7,26,182,3.714,0.346,0.725,1.5,63,132,42
1716,1,10,31,310,3.1,0.3,0.813,3.32,93,252,28
1717,1,7,116,812,16.571,0.309,0.676,2.2,251,549,114
1718,1,10,25,250,2.5,0.32,0.648,2.0,80,162,40
1719,1,9,89,801,9.889,0.3,0.559,2.18,240,448,110
1720,1,12,410,4920,34.167,0.333,0.661,2.69,636,254,608
1721,1,9,4,36,0.444,0.444,1.0,8.0,16,36,2
1722,1,8,298,2384,37.25,0.242,0.791,1.5,576,886,383
1723,1,5,75,375,15.0,0.269,0.979,1.22,101,367,83
1724,1,8,33,264,4.125,0.375,0.981,1.6,99,259,62
1725,1,8,6,48,0.75,0.375,0.792,3.0,18,38,6
1726,1,8,12,96,1.5,0.417,0.969,2.11,40,93,19
1727,1,4,4,16,1.0,0.563,0.938,4.5,9,15,2
1728,1,7,14,98,2.0,0.347,0.949,1.79,34,93,19
1729,1,5,46,230,9.2,0.174,0.804,1.43,40,185,28
1730,1,10,271,2710,27.1,0.197,0.748,1.38,533,27,386
1731,1,8,48,384,6.0,0.354,0.865,1.89,136,332,72
1732,1,9,81,729,9.0,0.337,0.918,1.97,246,669,125
1733,1,8,34,272,4.25,0.357,0.75,1.87,97,204,52
1734,1,9,18,162,2.0,0.241,0.981,1.44,39,159,27
1735,1,8,154,1232,19.25,0.424,0.87,2.75,522,72,190
1736,1,6,14,84,2.333,0.56,0.929,2.24,47,78,21
1737,1,12,271,3252,22.583,0.238,0.571,1.98,773,857,391
1738,1,9,82,738,9.111,0.374,0.866,2.3,276,639,120
1739,1,9,179,1611,19.889,0.341,0.745,2.4,550,200,229
1740,1,6,13,78,2.167,0.128,0.577,1.67,10,45,6
1741,1,7,11,77,1.571,0.299,1.0,1.77,23,77,13
1742,1,7,16,112,2.286,0.241,0.634,1.93,27,71,14
1743,1,8,12,96,1.5,0.406,0.917,1.56,39,88,25
1744,1,12,117,1404,9.75,0.231,0.712,1.68,324,0,193
1745,1,10,34,340,3.4,0.297,0.885,1.71,101,301,59
1746,1,10,35,350,3.5,0.337,0.714,1.87,118,250,63
1747,1,10,155,1550,15.5,0.314,0.631,2.64,486,978,184
1748,1,7,227,1589,32.429,0.217,0.509,1.6,345,809,215
1749,1,8,126,1008,15.75,0.188,0.685,1.27,189,690,149
1750,1,10,23,230,2.3,0.27,0.648,2.0,62,149,31
1751,1,9,64,576,7.111,0.345,0.694,2.29,199,400,87
1752,1,9,53,477,5.889,0.335,0.602,2.42,160,287,66
1753,1,8,84,672,10.5,0.229,0.689,1.4,154,463,110
1754,1,8,35,280,4.375,0.393,0.918,1.96,110,257,56
1755,1,10,272,2720,27.2,0.279,0.789,1.98,758,147,382
1756,1,7,11,77,1.571,0.377,0.961,1.45,29,74,20
1757,1,19,123,2337,6.474,0.089,0.089,207.0,207,208,1
1758,1,14,359,5026,25.643,0.368,0.615,4.56,848,93,405
1759,1,9,9,81,1.0,0.728,0.889,7.38,59,72,8
1760,1,9,82,738,9.111,0.337,0.821,2.49,249,606,100
1761,1,1,47,47,47.0,0.426,1.0,1.05,20,47,19
1762,1,36,186,6696,5.167,0.318,0.654,7.28,126,382,292
1763,1,7,15,105,2.143,0.343,1.0,1.64,36,105,22
1764,1,10,51,510,5.1,0.41,0.667,3.12,209,340,67
1765,1,8,47,376,5.875,0.362,0.88,2.0,136,331,68
1766,1,13,115,1495,8.846,0.314,0.695,2.62,469,39,179
1767,1,5,32,160,6.4,0.419,0.981,1.31,67,157,51
1768,1,7,86,602,12.286,0.244,0.831,1.27,147,500,116
1769,1,13,80,1040,6.154,0.434,0.536,5.57,451,557,81
1770,1,11,183,2013,16.636,0.465,0.841,4.53,937,693,207
1771,1,1,74,74,74.0,0.189,1.0,1.08,14,74,13
1772,1,8,70,560,8.75,0.371,0.911,1.7,208,510,122
1773,1,8,50,400,6.25,0.528,0.955,3.01,211,382,70
1774,1,13,188,2444,14.462,0.188,0.71,1.67,460,736,275
1775,1,8,309,2472,38.625,0.186,0.644,1.41,459,593,325
1776,1,9,9,81,1.0,0.346,0.877,2.8,28,71,10
1777,1,9,26,234,2.889,0.291,0.795,1.74,68,186,39
1778,1,10,126,1260,12.6,0.425,0.862,2.68,536,86,200
1779,1,4,3,12,0.75,0.667,0.917,2.67,8,11,3
1780,1,10,14,140,1.4,0.371,0.886,2.89,52,124,18
1781,1,5,43,215,8.6,0.265,0.786,1.33,57,169,43
1782,1,7,16,112,2.286,0.25,0.527,2.0,28,59,14
1783,1,8,34,272,4.25,0.371,0.765,2.1,101,208,48
1784,1,7,26,182,3.714,0.192,0.626,1.52,35,114,23
1785,1,9,166,1494,18.444,0.392,0.75,3.08,585,120,190
1786,1,10,40,400,4.0,0.428,0.895,3.05,171,358,56
1787,1,8,62,496,7.75,0.357,0.968,1.79,177,480,99
1788,1,7,198,1386,28.286,0.055,0.359,1.23,76,498,62
1789,1,8,14,112,1.75,0.384,0.795,1.72,43,89,25
1790,1,3,4,12,1.333,0.917,0.917,11.0,11,11,1
1791,1,5,7,35,1.4,0.657,0.886,3.83,23,31,6
1792,1,1,91,91,91.0,0.352,1.0,1.03,32,91,31
1793,1,8,23,184,2.875,0.255,1.0,2.14,47,184,22
1794,1,14,412,5768,29.429,0.179,0.671,1.59,32,869,651
1795,1,74,183,3542,2.473,0.544,0.612,127.0,366,289,58
1796,1,9,304,2736,33.778,0.202,0.749,1.32,554,49,419
1797,1,9,69,621,7.667,0.209,0.808,1.38,130,502,94
1798,1,8,70,560,8.75,0.298,0.914,1.76,167,512,95
1799,1,12,332,3984,27.667,0.402,0.659,4.5,602,626,356
1800,1,3,3,9,1.0,0.778,0.778,7.0,7,7,1
1801,1,8,40,320,5.0,0.463,0.969,2.47,148,310,60
1802,1,7,18,126,2.571,0.206,0.651,2.17,26,82,12
1803,1,6,31,186,5.167,0.199,0.565,1.85,37,105,20
1804,1,11,261,2871,23.727,0.231,0.596,1.87,662,711,354
1805,1,8,20,160,2.5,0.263,0.613,2.0,42,98,21
1806,1,10,99,990,9.9,0.473,0.917,2.93,468,908,160
1807,1,10,75,750,7.5,0.428,0.909,2.28,321,682,141
1808,1,12,67,804,5.583,0.376,0.751,2.99,302,604,101
1809,1,9,22,198,2.444,0.389,0.843,1.93,77,167,40
1810,1,10,131,1310,13.1,0.487,0.856,2.94,638,121,217
1811,1,7,34,238,4.857,0.282,0.782,1.49,67,186,45
1812,1,7,15,105,2.143,0.324,0.762,3.09,34,80,11
1813,1,10,37,370,3.7,0.327,0.954,1.83,121,353,66
1814,1,1,9,9,9.0,0.778,1.0,7.0,7,9,1
1815,1,9,98,882,10.889,0.185,0.662,1.58,163,584,103
1816,1,7,9,63,1.286,0.349,0.889,2.2,22,56,10
1817,1,6,6,36,1.0,0.361,1.0,1.44,13,36,9
1818,1,10,150,1500,15.0,0.252,0.585,2.07,378,878,183
1819,1,3,4,12,1.333,0.917,0.917,11.0,11,11,1
1820,1,10,10,100,1.0,0.35,0.89,1.94,35,89,18
1821,1,10,15,150,1.5,0.313,0.78,2.24,47,117,21
1822,1,3,3,9,1.0,0.889,0.889,8.0,8,8,1
1823,1,5,89,445,17.8,0.169,0.717,1.14,75,319,66
1824,1,24,186,4464,7.75,0.505,0.989,7.4,256,413,305
1825,1,13,242,3146,18.615,0.231,0.614,2.33,726,932,312
1826,1,5,11,55,2.2,0.364,1.0,1.33,20,55,15
1827,1,12,257,3084,21.417,0.283,0.615,3.0,872,898,291
1828,1,3,4,12,1.333,0.917,0.917,11.0,11,11,1
1829,1,10,271,2710,27.1,0.251,0.754,1.88,679,44,362
1830,1,11,179,1969,16.273,0.33,0.733,2.88,650,444,226
1831,1,10,44,440,4.4,0.35,0.957,1.9,154,421,81
1832,1,9,42,378,4.667,0.312,0.889,1.97,118,336,60
1833,1,10,18,180,1.8,0.294,0.911,1.89,53,164,28
1834,1,8,8,64,1.0,0.438,0.813,4.67,28,52,6
1835,1,13,45,585,3.462,0.429,0.566,6.61,251,331,38
1836,1,10,120,1200,12.0,0.279,0.765,1.7,335,918,197
1837,1,25,491,2275,19.64,0.454,0.937,7.21,572,502,773
1838,1,10,22,220,2.2,0.318,0.777,1.79,70,171,39
1839,1,7,11,77,1.571,0.234,0.675,1.29,18,52,14
1840,1,9,19,171,2.111,0.655,0.871,8.62,112,149,13
1841,1,8,24,192,3.0,0.203,0.568,1.7,39,109,23
1842,1,8,33,264,4.125,0.424,0.867,2.24,112,229,50
1843,1,2,52,104,26.0,0.144,0.702,2.5,15,73,6
1844,1,9,21,189,2.333,0.302,0.614,1.9,57,116,30
1845,1,11,127,1397,11.545,0.266,0.686,2.23,371,959,166
1846,1,10,58,580,5.8,0.3,0.84,2.17,174,487,80
1847,1,13,226,2938,17.385,0.258,0.971,3.12,759,852,243
1848,1,10,40,400,4.0,0.278,0.615,2.09,111,246,53
1849,1,10,17,170,1.7,0.482,0.759,6.83,82,129,12
1850,1,7,29,203,4.143,0.365,0.946,2.0,74,192,37
1851,1,9,102,918,11.333,0.357,0.867,2.43,328,796,135
1852,1,9,20,180,2.222,0.361,0.7,2.32,65,126,28
1853,1,11,71,781,6.455,0.69,0.95,7.0,539,742,77
1854,1,7,40,280,5.714,0.232,0.707,1.38,65,198,47
1855,1,8,69,552,8.625,0.159,0.772,1.29,88,426,68
1856,1,11,54,594,4.909,0.258,0.736,1.99,153,437,77
1857,1,6,7,42,1.167,0.333,0.952,1.4,14,40,10
1858,1,9,161,1449,17.889,0.273,0.521,2.41,396,755,164
1859,1,8,29,232,3.625,0.401,0.884,2.38,93,205,39
1860,1,11,24,264,2.182,0.307,0.795,2.08,81,210,39
1861,1,16,393,6288,24.563,0.341,0.653,5.13,145,103,418
1862,1,6,15,90,2.5,0.267,0.833,2.0,24,75,12
1863,1,2,47,94,23.5,0.17,0.511,1.14,16,48,14
1864,1,10,53,530,5.3,0.215,0.781,1.44,114,414,79
1865,1,4,96,384,24.0,0.417,0.753,2.19,160,289,73
1866,1,9,492,4428,54.667,0.132,0.541,1.22,583,397,476
1867,1,7,169,1183,24.143,0.167,0.785,1.28,197,929,154
1868,1,6,146,876,24.333,0.325,0.691,1.83,285,605,156
1869,1,10,82,820,8.2,0.362,0.69,2.75,297,566,108
1870,1,6,13,78,2.167,0.128,0.577,1.67,10,45,6
1871,1,9,13,117,1.444,0.308,0.88,1.71,36,103,21
1872,1,7,31,217,4.429,0.313,0.853,1.58,68,185,43
1873,1,9,102,918,11.333,0.386,0.895,2.77,354,822,128
1874,1,13,83,1079,6.385,0.373,0.628,3.5,403,678,115
1875,1,10,52,520,5.2,0.298,0.752,2.09,155,391,74
1876,1,11,9,99,0.818,0.465,0.768,3.83,46,76,12
1877,1,6,32,192,5.333,0.286,0.891,1.41,55,171,39
1878,1,3,4,12,1.333,0.917,0.917,11.0,11,11,1
1879,1,7,21,147,3.0,0.333,0.789,1.4,49,116,35
1880,1,3,7,21,2.333,0.619,0.619,13.0,13,13,1
1881,1,9,217,1953,24.111,0.168,0.686,1.4,329,339,235
1882,1,13,242,3146,18.615,0.231,0.614,2.33,726,932,312
1883,1,8,175,1400,21.875,0.156,0.882,1.2,219,235,183
1884,1,14,18,252,1.286,0.159,0.607,3.33,40,153,12
1885,1,10,57,570,5.7,0.556,0.719,5.2,317,410,61
1886,1,22,71,1562,3.227,0.487,0.834,10.13,760,302,75
1887,1,8,15,120,1.875,0.517,0.867,2.48,62,104,25
1888,1,9,36,324,4.0,0.611,0.926,3.36,198,300,59
1889,1,1,40,40,40.0,0.4,1.0,1.07,16,40,15
1890,1,11,30,330,2.727,0.297,0.6,2.39,98,198,41
1891,1,7,27,189,3.857,0.238,0.741,2.81,45,140,16
1892,1,8,12,96,1.5,0.427,0.719,2.73,41,69,15
1893,1,10,268,2680,26.8,0.395,0.59,5.88,58,581,180
1894,1,8,192,1536,24.0,0.207,0.579,1.57,318,889,203
1895,1,9,83,747,9.222,0.376,0.687,2.49,281,513,113
1896,1,1,104,104,104.0,0.192,1.0,1.05,20,104,19
1897,1,15,11,165,0.733,0.503,0.685,10.38,83,113,8
1898,1,10,17,170,1.7,0.535,0.853,7.58,91,145,12
1899,1,5,31,155,6.2,0.419,0.948,1.91,65,147,34
1900,1,6,54,324,9.0,0.549,0.96,3.36,178,311,53
1901,1,6,96,576,16.0,0.297,0.811,2.25,171,467,76
1902,1,9,17,153,1.889,0.307,0.987,1.38,47,151,34
1903,1,7,59,413,8.429,0.242,0.685,1.79,100,283,56
1904,1,7,13,91,1.857,0.308,0.978,1.56,28,89,18
1905,1,9,111,999,12.333,0.209,0.571,1.57,209,570,133
1906,1,9,535,4815,59.444,0.118,0.482,1.31,566,323,432
1907,1,16,417,6672,26.063,0.381,0.652,5.29,543,349,481
1908,1,6,5,30,0.833,0.333,0.833,1.67,10,25,6
1909,1,6,29,174,4.833,0.305,0.966,1.26,53,168,42
1910,1,10,33,330,3.3,0.345,0.779,1.9,114,257,60
1911,1,23,120,2760,5.217,0.942,1.0,17.44,599,760,149
1912,1,12,25,300,2.083,0.32,0.643,2.59,96,193,37
1913,1,8,6,48,0.75,0.583,0.813,7.0,28,39,4
1914,1,16,415,6640,25.938,0.389,0.675,5.17,582,480,499
1915,1,5,6,30,1.2,0.4,0.867,2.0,12,26,6
1916,1,7,7,49,1.0,0.327,1.0,2.0,16,49,8
1917,1,10,33,330,3.3,0.294,0.791,1.83,97,261,53
1918,1,7,34,238,4.857,0.252,1.0,1.43,60,238,42
1919,1,9,100,900,11.111,0.463,0.908,2.92,417,817,143
1920,1,11,19,209,1.727,0.598,0.947,7.35,125,198,17
1921,1,7,59,413,8.429,0.228,0.659,1.24,94,272,76
1922,1,9,160,1440,17.778,0.36,0.763,2.63,518,98,197
1923,1,5,70,350,14.0,0.18,0.417,1.4,63,146,45
1924,1,8,26,208,3.25,0.37,0.822,1.75,77,171,44
1925,1,5,13,65,2.6,0.262,0.692,1.42,17,45,12
1926,1,10,57,570,5.7,0.326,0.695,1.98,186,396,94
1927,1,7,6,42,0.857,0.5,0.548,21.0,21,23,1
1928,1,10,35,350,3.5,0.38,0.829,2.02,133,290,66
1929,1,10,121,1210,12.1,0.268,0.664,2.47,324,804,131
1930,1,7,24,168,3.429,0.268,0.708,1.61,45,119,28
1931,1,7,2,14,0.286,0.714,0.714,10.0,10,10,1
1932,1,17,11,187,0.647,0.417,0.647,9.75,78,121,8
1933,1,8,94,752,11.75,0.485,0.922,3.07,365,693,119
1934,1,11,49,539,4.455,0.343,0.666,4.3,185,359,43
1935,1,12,67,804,5.583,0.403,0.704,3.68,324,566,88
1936,1,6,6,36,1.0,0.361,0.778,1.63,13,28,8
1937,1,9,45,405,5.0,0.425,0.938,2.77,172,380,62
1938,1,8,43,344,5.375,0.387,0.762,1.93,133,262,69
1939,1,8,15,120,1.875,0.475,1.0,2.38,57,120,24
1940,1,13,348,4524,26.769,0.308,0.721,2.57,395,262,543
1941,1,10,40,400,4.0,0.333,0.783,1.82,133,313,73
1942,1,4,18,72,4.5,0.181,0.778,6.5,13,56,2
1943,1,16,439,7024,27.438,0.384,0.724,5.09,696,84,530
1944,1,10,38,380,3.8,0.187,0.463,1.37,71,176,52
1945,1,10,330,3300,33.0,0.207,0.671,1.61,684,215,425
1946,1,7,5,35,0.714,0.257,0.571,2.25,9,20,4
1947,1,9,40,360,4.444,0.356,0.967,2.29,128,348,56
1948,1,8,32,256,4.0,0.375,0.801,2.04,96,205,47
1949,1,9,105,945,11.667,0.236,0.579,1.91,223,547,117
1950,1,7,4,28,0.571,0.429,0.714,2.4,12,20,5
1951,1,7,171,1197,24.429,0.16,0.605,1.25,192,724,154
1952,1,7,53,371,7.571,0.089,0.245,1.5,33,91,22
1953,1,10,26,260,2.6,0.312,0.577,2.03,81,150,40
1954,1,5,39,195,7.8,0.328,0.744,2.06,64,145,31
1955,1,5,14,70,2.8,0.557,0.871,2.79,39,61,14
1956,1,6,11,66,1.833,0.197,0.848,1.3,13,56,10
1957,1,5,39,195,7.8,0.436,0.656,3.54,85,128,24
1958,1,10,22,220,2.2,0.377,0.614,2.44,83,135,34
1959,1,7,41,287,5.857,0.345,0.777,1.55,99,223,64
1960,1,10,19,190,1.9,0.6,0.858,7.6,114,163,15
1961,1,10,258,2580,25.8,0.337,0.648,2.67,869,672,325
1962,1,10,37,370,3.7,0.324,0.692,1.85,120,256,65
1963,1,8,24,192,3.0,0.406,0.818,2.23,78,157,35
1964,1,8,24,192,3.0,0.323,0.688,2.21,62,132,28
1965,1,7,121,847,17.286,0.272,0.646,1.54,230,547,149
1966,1,8,109,872,13.625,0.271,0.864,1.83,236,753,129
1967,1,8,31,248,3.875,0.351,0.839,1.98,87,208,44
1968,1,9,91,819,10.111,0.161,0.44,1.86,132,360,71
1969,1,9,82,738,9.111,0.374,0.866,2.3,276,639,120
1970,1,9,295,2655,32.778,0.2,0.559,1.5,531,483,354
1971,1,7,34,238,4.857,0.403,0.849,1.81,96,202,53
1972,1,8,16,128,2.0,0.328,0.969,1.91,42,124,22
1973,1,10,238,2380,23.8,0.353,0.727,2.85,840,730,295
1974,1,8,42,336,5.25,0.39,0.94,2.43,131,316,54
1975,1,9,256,2304,28.444,0.099,0.446,1.36,227,27,167
1976,1,8,16,128,2.0,0.438,0.891,2.67,56,114,21
1977,1,5,14,70,2.8,0.586,0.943,2.28,41,66,18
1978,1,8,6,48,0.75,0.542,0.646,13.0,26,31,2
1979,1,11,42,462,3.818,0.284,0.654,1.93,131,302,68
1980,1,8,24,192,3.0,0.438,0.839,1.95,84,161,43
1981,1,8,5,40,0.625,0.45,1.0,3.0,18,40,6
1982,1,9,492,4428,54.667,0.132,0.541,1.22,583,397,476
1983,1,10,11,110,1.1,0.2,0.545,2.2,22,60,10
1984,1,7,13,91,1.857,0.319,0.846,1.61,29,77,18
1985,1,7,7,49,1.0,0.388,0.939,1.9,19,46,10
1986,1,7,80,560,11.429,0.5,0.848,3.54,280,475,79
1987,1,6,14,84,2.333,0.286,1.0,1.2,24,84,20
1988,1,8,18,144,2.25,0.472,1.0,2.52,68,144,27
1989,1,7,54,378,7.714,0.497,0.849,3.42,188,321,55
1990,1,7,37,259,5.286,0.521,0.954,3.14,135,247,43
1991,1,6,14,84,2.333,0.393,0.905,1.57,33,76,21
1992,1,10,268,2680,26.8,0.395,0.59,5.88,58,581,180
1993,1,9,14,126,1.556,0.706,0.865,7.42,89,109,12
1994,1,5,6,30,1.2,0.433,0.9,1.63,13,27,8
1995,1,5,46,230,9.2,0.174,0.804,1.43,40,185,28
1996,1,9,186,1674,20.667,0.425,0.786,3.24,712,315,220
1997,1,10,13,130,1.3,0.285,0.885,1.61,37,115,23
1998,1,8,25,200,3.125,0.415,1.0,1.89,83,200,44
1999,1,16,344,5504,21.5,0.373,0.572,5.73,53,146,358
2000,1,9,66,594,7.333,0.241,0.707,1.42,143,420,101
2001,1,12,307,3684,25.583,0.29,0.771,2.41,68,842,444
2002,1,23,26,598,1.13,0.278,0.96,1.8,166,574,92
2003,1,9,52,468,5.778,0.306,0.718,1.66,143,336,86
2004,1,24,125,3000,5.208,0.915,0.959,21.29,746,877,129
2005,1,9,75,675,8.333,0.194,0.698,1.46,131,471,90
2006,1,10,309,3090,30.9,0.2,0.73,1.4,618,257,441
2007,1,9,175,1575,19.444,0.177,0.624,1.26,279,983,222
2008,1,10,262,2620,26.2,0.274,0.757,1.8,719,984,399
2009,1,9,66,594,7.333,0.241,0.707,1.42,143,420,101
2010,1,8,82,656,10.25,0.398,0.951,2.51,261,624,104
2011,1,8,28,224,3.5,0.299,0.969,1.6,67,217,42
2012,1,10,52,520,5.2,0.294,0.675,2.13,153,351,72
2013,1,9,48,432,5.333,0.257,0.738,1.41,111,319,79
2014,1,8,33,264,4.125,0.39,0.973,1.72,103,257,60
2015,1,13,487,6331,37.462,0.247,0.63,2.1,564,988,745
2016,1,6,97,582,16.167,0.232,0.852,1.55,135,496,87
2017,1,9,533,4797,59.222,0.166,0.803,1.3,797,853,612
2018,1,7,207,1449,29.571,0.249,0.771,1.29,361,117,279
2019,1,7,6,42,0.857,0.286,0.857,1.71,12,36,7
2020,1,10,43,430,4.3,0.458,0.94,3.58,197,404,55
2021,1,8,15,120,1.875,0.292,0.808,1.84,35,97,19
2022,1,28,32,896,1.143,0.501,0.744,7.02,449,667,64
2023,1,9,86,774,9.556,0.394,0.705,2.85,305,546,107
2024,1,7,38,266,5.429,0.327,0.951,1.38,87,253,63
2025,1,6,16,96,2.667,0.354,1.0,1.48,34,96,23
2026,1,9,272,2448,30.222,0.269,0.763,1.87,659,868,353
2027,1,5,4,20,0.8,0.45,0.8,3.0,9,16,3
2028,1,8,158,1264,19.75,0.102,0.346,1.33,129,437,97
2029,1,7,50,350,7.143,0.214,0.96,1.23,75,336,61
2030,1,8,30,240,3.75,0.363,0.85,2.29,87,204,38
2031,1,7,5,35,0.714,0.257,0.571,2.25,9,20,4
2032,1,3,90,270,30.0,0.511,0.907,2.34,138,245,59
2033,1,14,141,1974,10.071,0.278,0.67,2.29,549,323,240
2034,1,8,27,216,3.375,0.236,0.685,1.31,51,148,39
2035,1,6,11,66,1.833,0.364,0.955,1.33,24,63,18
2036,1,10,250,2500,25.0,0.12,0.603,1.19,301,507,253
2037,1,7,24,168,3.429,0.268,0.708,1.61,45,119,28
2038,1,9,7,63,0.778,0.302,0.603,1.9,19,38,10
2039,1,9,186,1674,20.667,0.372,0.778,2.44,622,303,255
2040,1,1,47,47,47.0,0.426,1.0,1.05,20,47,19
2041,1,10,7,70,0.7,0.357,0.757,2.78,25,53,9
2042,1,10,29,290,2.9,0.307,0.855,1.85,89,248,48
2043,1,14,187,2618,13.357,0.265,0.477,2.31,693,248,300
2044,1,8,193,1544,24.125,0.4,0.829,2.51,617,280,246
2045,1,3,56,168,18.667,0.065,0.5,1.38,11,84,8
2046,1,7,9,63,1.286,0.317,0.81,1.54,20,51,13
2047,1,37,101,3737,2.73,0.282,0.695,2.44,53,596,432
2048,1,9,63,567,7.0,0.289,0.778,1.98,164,441,83
2049,1,7,21,147,3.0,0.259,0.837,1.46,38,123,26
2050,1,8,40,320,5.0,0.481,0.988,2.61,154,316,59
2051,1,7,13,91,1.857,0.264,0.648,1.41,24,59,17
2052,1,8,25,200,3.125,0.3,0.59,2.22,60,118,27
2053,1,7,140,980,20.0,0.253,0.886,1.49,248,868,167
2054,1,8,33,264,4.125,0.375,0.981,1.6,99,259,62
2055,1,7,15,105,2.143,0.229,0.886,1.6,24,93,15
2056,1,9,18,162,2.0,0.414,0.877,2.31,67,142,29
2057,1,7,21,147,3.0,0.327,0.728,1.41,48,107,34
2058,1,9,267,2403,29.667,0.131,0.517,1.35,315,242,234
2059,1,8,35,280,4.375,0.379,0.886,1.66,106,248,64
2060,1,8,52,416,6.5,0.325,0.877,1.75,135,365,77
2061,1,7,20,140,2.857,0.464,1.0,2.24,65,140,29
2062,1,7,11,77,1.571,0.364,0.922,2.0,28,71,14
2063,1,71,34,2414,0.479,0.094,0.273,1.91,227,659,119
2064,1,6,96,576,16.0,0.297,0.811,2.25,171,467,76
2065,1,9,153,1377,17.0,0.304,0.848,2.06,419,168,203
2066,1,6,13,78,2.167,0.333,0.91,1.37,26,71,19
2067,1,10,22,220,2.2,0.336,0.836,2.74,74,184,27
2068,1,7,14,98,2.0,0.316,0.776,2.21,31,76,14
2069,1,7,16,112,2.286,0.321,0.643,2.57,36,72,14
2070,1,4,65,260,16.25,0.296,0.631,2.66,77,164,29
2071,1,7,33,231,4.714,0.143,0.844,2.36,33,195,14
2072,1,17,24,408,1.412,0.407,0.809,4.88,166,330,34
2073,1,11,12,132,1.091,0.5,0.818,4.13,66,108,16
2074,1,9,47,423,5.222,0.371,0.865,2.75,157,366,57
2075,1,9,19,171,2.111,0.292,0.76,2.63,50,130,19
2076,1,12,37,444,3.083,0.41,0.748,3.87,182,332,47
2077,1,11,101,1111,9.182,0.33,0.734,2.68,367,815,137
2078,1,7,16,112,2.286,0.42,0.768,1.96,47,86,24
2079,1,2,14,28,7.0,0.393,0.536,3.67,11,15,3
2080,1,9,26,234,2.889,0.291,0.795,1.74,68,186,39
2081,1,7,10,70,1.429,0.3,0.743,3.5,21,52,6
2082,1,9,81,729,9.0,0.287,0.826,2.22,209,602,94
2083,1,11,154,1694,14.0,0.36,0.731,2.96,609,238,206
2084,1,9,81,729,9.0,0.357,0.863,2.22,260,629,117
2085,1,12,72,864,6.0,0.63,0.885,6.11,544,765,89
2086,1,10,41,410,4.1,0.463,0.968,2.79,190,397,68
2087,1,10,511,5110,51.1,0.141,0.529,1.3,721,701,555
2088,1,7,31,217,4.429,0.415,0.783,2.31,90,170,39
2089,1,8,13,104,1.625,0.423,0.99,1.76,44,103,25
2090,1,6,41,246,6.833,0.224,0.85,1.2,55,209,46
2091,1,8,535,4280,66.875,0.171,0.697,1.27,731,984,575
2092,1,7,53,371,7.571,0.342,0.58,2.4,127,215,53
2093,1,8,8,64,1.0,0.203,0.344,4.33,13,22,3
2094,1,7,23,161,3.286,0.329,0.938,1.39,53,151,38
2095,1,5,16,80,3.2,0.313,0.813,2.08,25,65,12
2096,1,11,96,1056,8.727,0.277,0.68,1.83,292,718,160
2097,1,8,29,232,3.625,0.444,1.0,2.15,103,232,48
2098,1,11,52,572,4.727,0.28,0.605,2.05,160,346,78
2099,1,17,382,6494,22.471,0.363,0.567,5.46,355,680,431
2100,1,7,29,203,4.143,0.286,0.67,1.71,58,136,34
2101,1,10,99,990,9.9,0.443,0.912,2.64,439,903,166
2102,1,6,7,42,1.167,0.524,1.0,2.0,22,42,11
2103,1,8,103,824,12.875,0.425,0.933,2.71,350,769,129
2104,1,10,59,590,5.9,0.251,0.763,1.7,148,450,87
2105,1,1,40,40,40.0,0.175,1.0,1.17,7,40,6
2106,1,8,24,192,3.0,0.406,0.818,2.23,78,157,35
2107,1,7,18,126,2.571,0.254,0.841,1.39,32,106,23
2108,1,9,333,2997,37.0,0.237,0.671,1.57,711,11,452
2109,1,6,60,360,10.0,0.292,0.822,1.57,105,296,67
2110,1,9,54,486,6.0,0.391,0.817,1.98,190,397,96
2111,1,14,18,252,1.286,0.298,0.655,5.0,75,165,15
2112,1,8,29,232,3.625,0.401,0.884,2.38,93,205,39
2113,1,7,346,2422,49.429,0.185,0.731,1.26,448,771,355
2114,1,8,186,1488,23.25,0.399,0.812,2.53,593,208,234
2115,1,10,59,590,5.9,0.403,0.792,2.98,238,467,80
2116,1,10,119,1190,11.9,0.202,0.842,1.59,240,2,151
2117,1,21,106,2226,5.048,0.136,0.396,1.99,302,881,152
2118,1,8,6,48,0.75,0.5,0.646,8.0,24,31,3
2119,1,4,2,8,0.5,0.875,0.875,7.0,7,7,1
2120,1,7,12,84,1.714,0.476,0.762,2.86,40,64,14
2121,1,9,34,306,3.778,0.363,0.863,1.76,111,264,63
2122,1,9,138,1242,15.333,0.155,0.717,1.34,193,890,144
2123,1,9,150,1350,16.667,0.237,0.579,1.75,320,782,183
2124,1,8,7,56,0.875,0.429,1.0,2.18,24,56,11
2125,1,6,13,78,2.167,0.256,0.974,1.54,20,76,13
2126,1,8,35,280,4.375,0.418,0.929,2.39,117,260,49
2127,1,9,172,1548,19.111,0.171,0.731,1.31,265,131,202
2128,1,8,33,264,4.125,0.375,0.981,1.6,99,259,62
2129,1,9,52,468,5.778,0.359,0.827,2.4,168,387,70
2130,1,8,50,400,6.25,0.253,0.8,2.3,101,320,44
2131,1,8,50,400,6.25,0.253,0.8,2.3,101,320,44
2132,1,10,38,380,3.8,0.387,0.887,2.49,147,337,59
2133,1,9,184,1656,20.444,0.206,0.659,1.36,341,91,251
2134,1,7,44,308,6.286,0.218,0.734,1.26,67,226,53
2135,1,11,9,99,0.818,0.404,0.717,4.44,40,71,9
2136,1,7,49,343,7.0,0.318,0.735,1.54,109,252,71
2137,1,11,240,2640,21.818,0.27,0.634,2.05,714,674,348
2138,1,11,155,1705,14.091,0.257,0.584,2.09,438,995,210
2139,1,24,471,1304,19.625,0.474,0.921,7.9,363,409,679
2140,1,10,9,90,0.9,0.644,0.689,58.0,58,62,1
2141,1,5,58,290,11.6,0.2,0.745,1.41,58,216,41
2142,1,8,32,256,4.0,0.402,0.898,1.81,103,230,57
2143,1,7,21,147,3.0,0.286,0.85,1.35,42,125,31
2144,1,10,34,340,3.4,0.279,0.8,1.86,95,272,51
2145,1,10,85,850,8.5,0.324,0.675,2.25,275,574,122
2146,1,7,213,1491,30.429,0.199,0.733,1.25,296,93,237
2147,1,11,119,1309,10.818,0.268,0.678,1.72,351,887,204
2148,1,11,52,572,4.727,0.28,0.605,2.05,160,346,78
2149,1,10,124,1240,12.4,0.473,0.814,3.43,587,9,171
2150,1,9,231,2079,25.667,0.196,0.637,1.49,407,324,274
2151,1,10,19,190,1.9,0.611,0.9,8.29,116,171,14
2152,1,7,100,700,14.286,0.294,0.633,1.67,206,443,123
2153,1,9,202,1818,22.444,0.087,0.254,1.3,158,462,122
2154,1,10,31,310,3.1,0.3,0.813,3.32,93,252,28
2155,1,11,104,1144,9.455,0.394,0.824,2.97,451,943,152
2156,1,9,59,531,6.556,0.492,0.861,3.22,261,457,81
2157,1,34,114,3876,3.353,0.105,0.301,2.59,406,166,157
2158,1,9,17,153,1.889,0.601,0.889,8.36,92,136,11
2159,1,12,103,1236,8.583,0.353,0.724,2.55,436,895,171
2160,1,10,25,250,2.5,0.34,0.816,1.89,85,204,45
2161,1,6,4,24,0.667,0.667,1.0,4.0,16,24,4
2162,1,13,37,481,2.846,0.306,0.933,3.59,147,449,41
2163,1,8,75,600,9.375,0.228,0.662,1.37,137,397,100
2164,1,10,41,410,4.1,0.356,0.956,2.15,146,392,68
2165,1,12,42,504,3.5,0.355,0.788,2.71,179,397,66
2166,1,9,20,180,2.222,0.361,0.872,1.86,65,157,35
2167,1,10,34,340,3.4,0.279,0.8,1.86,95,272,51
2168,1,10,19,190,1.9,0.611,0.874,8.92,116,166,13
2169,1,10,10,100,1.0,0.35,0.89,1.94,35,89,18
2170,1,7,15,105,2.143,0.705,0.971,6.17,74,102,12
2171,1,9,285,2565,31.667,0.338,0.765,2.42,866,961,358
2172,1,10,21,210,2.1,0.457,0.933,2.91,96,196,33
2173,1,8,12,96,1.5,0.375,0.927,1.8,36,89,20
2174,1,8,12,96,1.5,0.448,0.885,1.95,43,85,22
2175,1,23,249,5727,10.826,0.77,0.958,16.33,409,488,270
2176,1,12,67,804,5.583,0.376,0.751,2.99,302,604,101
2177,1,5,8,40,1.6,0.6,0.975,2.18,24,39,11
2178,1,10,53,530,5.3,0.294,0.819,1.79,156,434,87
2179,1,1,118,118,118.0,0.186,1.0,1.05,22,118,21
2180,1,1,29,29,29.0,0.31,1.0,1.13,9,29,8
2181,1,7,107,749,15.286,0.27,0.654,1.6,202,490,126
2182,1,8,8,64,1.0,0.391,0.781,2.78,25,50,9
2183,1,7,34,238,4.857,0.273,0.761,1.48,65,181,44
2184,1,11,23,253,2.091,0.265,0.735,2.09,67,186,32
2185,1,8,8,64,1.0,0.406,0.953,2.17,26,61,12
2186,1,6,13,78,2.167,0.295,0.692,1.53,23,54,15
2187,1,9,201,1809,22.333,0.152,0.456,1.27,275,825,216
2188,1,14,320,4480,22.857,0.354,0.585,4.46,584,621,355
2189,1,6,104,624,17.333,0.099,0.258,2.0,62,161,31
2190,1,10,63,630,6.3,0.251,0.898,1.84,158,566,86
2191,1,8,34,272,4.25,0.36,0.717,1.88,98,195,52
2192,1,9,37,333,4.111,0.598,0.946,3.49,199,315,57
2193,1,11,99,1089,9.0,0.23,0.601,2.14,250,654,117
2194,1,10,107,1070,10.7,0.273,0.738,1.81,292,790,161
2195,1,9,218,1962,24.222,0.148,0.582,1.43,290,141,203
2196,1,9,181,1629,20.111,0.35,0.773,2.64,570,260,216
2197,1,8,25,200,3.125,0.37,0.73,2.06,74,146,36
2198,1,7,17,119,2.429,0.361,0.782,1.65,43,93,26
2199,1,5,11,55,2.2,0.455,1.0,1.67,25,55,15
2200,1,5,7,35,1.4,0.429,0.886,2.5,15,31,6
2201,1,8,12,96,1.5,0.396,0.844,2.11,38,81,18
2202,1,8,41,328,5.125,0.378,0.945,1.61,124,310,77
2203,1,8,82,656,10.25,0.418,0.753,2.51,274,494,109
2204,1,5,99,495,19.8,0.303,0.739,1.92,150,366,78
2205,1,12,11,132,0.917,0.652,0.735,12.29,86,97,7
2206,1,12,335,4020,27.917,0.4,0.677,4.61,606,722,348
2207,1,7,19,133,2.714,0.248,0.624,1.5,33,83,22
2208,1,24,117,2808,4.875,0.347,0.729,2.88,975,48,338
2209,1,7,111,777,15.857,0.254,0.883,1.5,197,686,131
2210,1,7,4,28,0.571,0.286,1.0,2.0,8,28,4
2211,1,9,535,4815,59.444,0.157,0.594,1.23,757,861,617
2212,1,13,375,4875,28.846,0.154,0.519,1.44,751,531,521
2213,1,10,197,1970,19.7,0.144,0.589,1.25,284,160,228
2214,1,9,151,1359,16.778,0.139,0.549,1.17,189,746,162
2215,1,11,60,660,5.455,0.32,0.608,2.01,211,401,105
2216,1,6,26,156,4.333,0.34,0.974,1.33,53,152,40
2217,1,9,18,162,2.0,0.66,0.883,7.13,107,143,15
2218,1,9,109,981,12.111,0.243,0.848,1.58,238,832,151
2219,1,7,27,189,3.857,0.37,0.841,1.79,70,159,39
2220,1,6,96,576,16.0,0.335,0.703,2.44,193,405,79
2221,1,10,57,570,5.7,0.407,0.739,2.94,232,421,79
2222,1,9,37,333,4.111,0.453,0.964,2.7,151,321,56
2223,1,9,80,720,8.889,0.304,0.838,1.8,219,603,122
2224,1,9,81,729,9.0,0.357,0.863,2.22,260,629,117
2225,1,7,227,1589,32.429,0.217,0.509,1.6,345,809,215
2226,1,8,80,640,10.0,0.347,0.933,1.75,222,597,127
2227,1,8,69,552,8.625,0.205,0.826,1.38,113,456,82
2228,1,8,280,2240,35.0,0.191,0.709,1.28,427,589,333
2229,1,7,20,140,2.857,0.257,0.879,1.13,36,123,32
2230,1,10,9,90,0.9,0.222,1.0,1.25,20,90,16
2231,1,8,215,1720,26.875,0.367,0.746,2.6,631,283,243
2232,1,7,17,119,2.429,0.227,0.891,1.5,27,106,18
2233,1,7,21,147,3.0,0.259,0.837,1.46,38,123,26
2234,1,11,37,407,3.364,0.371,0.899,2.01,151,366,75
2235,1,7,14,98,2.0,0.347,1.0,2.0,34,98,17
2236,1,13,277,3601,21.308,0.293,0.636,2.59,54,292,407
2237,1,8,16,128,2.0,0.258,0.945,1.18,33,121,28
2238,1,6,22,132,3.667,0.326,1.0,1.3,43,132,33
2239,1,8,15,120,1.875,0.325,0.833,1.86,39,100,21
2240,1,7,15,105,2.143,0.438,0.895,2.3,46,94,20
2241,1,6,4,24,0.667,0.417,0.583,5.0,10,14,2
2242,1,9,39,351,4.333,0.444,0.923,2.74,156,324,57
2243,1,6,33,198,5.5,0.52,0.995,2.24,103,197,46
2244,1,7,17,119,2.429,0.261,0.95,1.82,31,113,17
2245,1,8,52,416,6.5,0.325,0.877,1.75,135,365,77
2246,1,12,20,240,1.667,0.525,0.854,9.0,126,205,14
2247,1,10,19,190,1.9,0.332,0.695,3.71,63,132,17
2248,1,9,183,1647,20.333,0.327,0.744,2.25,538,225,239
2249,1,7,21,147,3.0,0.313,0.667,2.09,46,98,22
2250,1,82,314,5748,3.829,0.296,0.502,10.84,618,923,703
2251,1,9,95,855,10.556,0.284,0.849,1.91,243,726,127
2252,1,8,40,320,5.0,0.463,0.969,2.47,148,310,60
2253,1,17,171,2907,10.059,0.208,0.422,2.42,606,226,250
2254,1,7,47,329,6.714,0.38,0.757,2.31,125,249,54
2255,1,7,29,203,4.143,0.266,0.813,2.7,54,165,20
2256,1,15,11,165,0.733,0.503,0.685,10.38,83,113,8
2257,1,6,14,84,2.333,0.571,0.976,2.4,48,82,20
2258,1,13,136,1768,10.462,0.415,0.778,4.58,733,375,160
2259,1,10,19,190,1.9,0.621,0.858,8.43,118,163,14
2260,1,7,96,672,13.714,0.274,0.982,1.6,184,660,115
2261,1,12,409,4908,34.083,0.302,0.604,2.88,482,966,515
2262,1,5,11,55,2.2,0.309,0.836,1.7,17,46,10
2263,1,10,39,390,3.9,0.295,0.908,2.09,115,354,55
2264,1,9,48,432,5.333,0.273,0.685,1.42,118,296,83
2265,1,9,16,144,1.778,0.278,0.917,1.48,40,132,27
2266,1,7,15,105,2.143,0.2,0.571,1.5,21,60,14
2267,1,5,4,20,0.8,0.45,0.75,2.25,9,15,4
2268,1,8,44,352,5.5,0.486,0.952,2.95,171,335,58
2269,1,7,9,63,1.286,0.302,0.841,1.73,19,53,11
2270,1,10,179,1790,17.9,0.2,0.758,1.41,358,356,254
2271,1,6,5,30,0.833,0.333,0.833,1.67,10,25,6
2272,1,6,131,786,21.833,0.106,0.471,1.38,83,370,60
2273,1,7,11,77,1.571,0.234,0.545,2.57,18,42,7
2274,1,11,31,341,2.818,0.323,0.83,2.08,110,283,53
2275,1,9,29,261,3.222,0.188,0.502,1.48,49,131,33
2276,1,7,33,231,4.714,0.143,0.844,2.36,33,195,14
2277,1,10,9,90,0.9,0.689,0.789,10.33,62,71,6
2278,1,9,150,1350,16.667,0.237,0.579,1.75,320,782,183
2279,1,8,23,184,2.875,0.359,0.94,1.65,66,173,40
2280,1,7,19,133,2.714,0.331,0.729,1.69,44,97,26
2281,1,9,100,900,11.111,0.247,0.637,1.83,222,573,121
2282,1,10,292,2920,29.2,0.203,0.649,1.5,594,896,397
2283,1,6,13,78,2.167,0.346,0.846,2.7,27,66,10
2284,1,9,268,2412,29.778,0.465,0.694,6.3,122,675,178
2285,1,8,73,584,9.125,0.235,0.803,1.47,137,469,93
2286,1,11,15,165,1.364,0.358,0.752,2.19,59,124,27
2287,1,24,157,3768,6.542,0.905,0.958,18.34,411,609,186
2288,1,10,12,120,1.2,0.225,0.558,2.7,27,67,10
2289,1,10,31,310,3.1,0.645,0.774,6.67,200,240,30
2290,1,8,152,1216,19.0,0.199,0.677,1.27,242,823,191
2291,1,7,15,105,2.143,0.705,0.971,6.17,74,102,12
2292,1,9,91,819,10.111,0.32,0.773,2.2,262,633,119
2293,1,8,84,672,10.5,0.269,0.966,1.79,181,649,101
2294,1,8,340,2720,42.5,0.183,0.736,1.41,499,2,355
2295,1,6,94,564,15.667,0.184,0.934,1.32,104,527,79
2296,1,5,18,90,3.6,0.467,0.867,1.91,42,78,22
2297,1,8,26,208,3.25,0.236,0.779,1.26,49,162,39
2298,1,8,59,472,7.375,0.464,0.985,2.74,219,465,80
2299,1,6,129,774,21.5,0.195,0.565,1.35,151,437,112
2300,1,7,228,1596,32.571,0.154,0.548,1.4,245,875,175
2301,1,8,40,320,5.0,0.35,0.906,1.81,112,290,62
2302,1,11,272,2992,24.727,0.283,0.703,1.97,847,103,431
2303,1,7,48,336,6.857,0.298,0.613,1.67,100,206,60
2304,1,10,271,2710,27.1,0.251,0.754,1.88,679,44,362
2305,1,8,46,368,5.75,0.266,0.886,1.85,98,326,53
2306,1,8,16,128,2.0,0.406,0.93,1.68,52,119,31
2307,1,3,3,9,1.0,0.889,1.0,8.0,8,9,1
2308,1,8,20,160,2.5,0.506,1.0,2.45,81,160,33
2309,1,11,189,2079,17.182,0.174,0.613,1.41,361,275,256
2310,1,6,29,174,4.833,0.293,0.92,1.5,51,160,34
2311,1,8,43,344,5.375,0.387,0.762,1.93,133,262,69
2312,1,6,96,576,16.0,0.262,0.842,1.51,151,485,100
2313,1,12,43,516,3.583,0.31,0.793,2.32,160,409,69
2314,1,5,32,160,6.4,0.406,1.0,1.41,65,160,46
2315,1,10,250,2500,25.0,0.12,0.603,1.19,301,507,253
2316,1,8,9,72,1.125,0.389,0.736,2.15,28,53,13
2317,1,8,86,688,10.75,0.494,0.945,2.64,340,650,129
2318,1,8,13,104,1.625,0.365,0.933,1.65,38,97,23
2319,1,7,17,119,2.429,0.16,0.739,1.73,19,88,11
2320,1,11,12,132,1.091,0.492,0.75,4.33,65,99,15
2321,1,7,74,518,10.571,0.276,0.683,1.57,143,354,91
2322,1,6,15,90,2.5,0.467,0.711,3.23,42,64,13
2323,1,9,34,306,3.778,0.225,0.755,1.57,69,231,44
2324,1,1,167,167,167.0,0.192,1.0,1.03,32,167,31
2325,1,7,389,2723,55.571,0.167,0.584,1.19,455,591,381
2326,1,8,23,184,2.875,0.288,1.0,1.47,53,184,36
2327,1,9,12,108,1.333,0.426,1.0,1.59,46,108,29
2328,1,8,6,48,0.75,0.5,0.854,3.0,24,41,8
2329,1,8,17,136,2.125,0.265,0.566,1.71,36,77,21
2330,1,7,35,245,5.0,0.453,0.873,2.47,111,214,45
2331,1,12,13,156,1.083,0.391,0.981,2.35,61,153,26
2332,1,10,7,70,0.7,0.357,0.757,2.78,25,53,9
2333,1,1,89,89,89.0,0.169,1.0,1.07,15,89,14
2334,1,8,9,72,1.125,0.389,0.736,2.15,28,53,13
2335,1,8,85,680,10.625,0.238,0.687,1.46,162,467,111
2336,1,10,50,500,5.0,0.268,0.764,1.94,134,382,69
2337,1,9,83,747,9.222,0.293,0.751,2.28,219,561,96
2338,1,9,55,495,6.111,0.255,0.697,1.38,126,345,91
2339,1,7,18,126,2.571,0.214,0.929,1.13,27,117,24
2340,1,9,97,873,10.778,0.317,0.863,1.76,277,753,157
2341,1,6,10,60,1.667,0.433,0.867,1.86,26,52,14
2342,1,8,162,1296,20.25,0.327,0.79,2.85,424,24,149
2343,1,8,95,760,11.875,0.187,0.645,1.34,142,490,106
2344,1,7,34,238,4.857,0.286,0.756,1.36,68,180,50
2345,1,13,104,1352,8.0,0.198,0.639,3.44,268,864,78
2346,1,9,37,333,4.111,0.538,0.901,2.8,179,300,64
2347,1,9,35,315,3.889,0.381,0.806,2.14,120,254,56
2348,1,7,227,1589,32.429,0.217,0.509,1.6,345,809,215
2349,1,7,36,252,5.143,0.262,0.671,1.27,66,169,52
2350,1,11,22,242,2.0,0.277,0.731,1.86,67,177,36
2351,1,8,37,296,4.625,0.334,0.993,1.29,99,294,77
2352,1,11,25,275,2.273,0.298,0.811,2.05,82,223,40
2353,1,9,509,4581,56.556,0.096,0.379,1.34,439,736,328
2354,1,22,47,1034,2.136,0.319,0.753,2.13,330,779,155
2355,1,7,18,126,2.571,0.468,1.0,2.81,59,126,21
2356,1,10,29,290,2.9,0.307,0.855,1.85,89,248,48
2357,1,10,11,110,1.1,0.2,0.545,2.2,22,60,10
2358,1,10,19,190,1.9,0.553,0.805,7.5,105,153,14
2359,1,9,155,1395,17.222,0.346,0.731,2.44,483,20,198
2360,1,8,13,104,1.625,0.587,0.837,4.69,61,87,13
2361,1,11,32,352,2.909,0.256,0.534,2.0,90,188,45
2362,1,11,9,99,0.818,0.475,0.636,15.67,47,63,3
2363,1,10,96,960,9.6,0.418,0.886,2.49,401,851,161
2364,1,5,28,140,5.6,0.321,0.95,1.45,45,133,31
2365,1,6,9,54,1.5,0.556,1.0,2.14,30,54,14
2366,1,8,202,1616,25.25,0.313,0.689,1.83,505,114,276
2367,1,4,10,40,2.5,0.6,0.8,4.0,24,32,6
2368,1,8,17,136,2.125,0.36,0.831,1.96,49,113,25
2369,1,7,198,1386,28.286,0.17,0.713,1.36,236,988,174
2370,1,9,22,198,2.444,0.268,0.596,3.31,53,118,16
2371,1,11,90,990,8.182,0.362,0.808,2.82,358,800,127
2372,1,10,41,410,4.1,0.276,0.693,1.61,113,284,70
2373,1,11,31,341,2.818,0.323,0.83,2.08,110,283,53
2374,1,7,86,602,12.286,0.244,0.831,1.27,147,500,116
2375,1,19,12,228,0.632,0.303,0.439,7.67,69,100,9
2376,1,7,6,42,0.857,0.452,1.0,1.9,19,42,10
2377,1,11,86,946,7.818,0.283,0.764,1.91,268,723,140
2378,1,8,83,664,10.375,0.398,0.94,2.15,264,624,123
2379,1,7,23,161,3.286,0.286,0.677,1.59,46,109,29
2380,1,9,12,108,1.333,0.648,0.741,10.0,70,80,7
2381,1,8,80,640,10.0,0.347,0.933,1.75,222,597,127
2382,1,9,52,468,5.778,0.359,0.827,2.4,168,387,70
2383,1,10,292,2920,29.2,0.203,0.649,1.5,594,896,397
2384,1,7,31,217,4.429,0.396,0.862,2.1,86,187,41
2385,1,11,65,715,5.909,0.178,0.662,1.65,127,473,77
2386,1,9,33,297,3.667,0.357,0.63,2.47,106,187,43
2387,1,9,47,423,5.222,0.279,0.773,1.53,118,327,77
2388,1,11,272,2992,24.727,0.275,0.743,2.1,824,222,392
2389,1,8,10,80,1.25,0.475,0.888,2.92,38,71,13
2390,1,7,23,161,3.286,0.329,0.938,1.39,53,151,38
2391,1,22,26,572,1.182,0.283,0.918,1.93,162,525,84
2392,1,9,10,90,1.111,0.389,0.889,1.94,35,80,18
2393,1,17,403,6851,23.706,0.349,0.521,5.43,388,568,440
2394,1,11,109,1199,9.909,0.234,0.62,1.92,281,743,146
2395,1,10,44,440,4.4,0.35,0.957,1.9,154,421,81
2396,1,7,13,91,1.857,0.275,0.824,1.32,25,75,19
2397,1,12,23,276,1.917,0.576,0.79,9.94,159,218,16
2398,1,9,97,873,10.778,0.455,0.939,2.28,397,820,174
2399,1,9,9,81,1.0,0.346,0.877,2.8,28,71,10
2400,1,7,16,112,2.286,0.42,0.768,2.14,47,86,22
2401,1,9,86,774,9.556,0.211,0.517,1.29,163,400,126
2402,1,12,10,120,0.833,0.675,0.783,11.57,81,94,7
2403,1,6,28,168,4.667,0.143,0.53,1.71,24,89,14
2404,1,20,16,320,0.8,0.5,0.572,26.67,160,183,6
2405,1,11,76,836,6.909,0.254,0.688,2.08,212,575,102
2406,1,7,20,140,2.857,0.429,0.993,2.0,60,139,30
2407,1,6,17,102,2.833,0.451,0.745,2.56,46,76,18
2408,1,7,9,63,1.286,0.286,0.968,1.2,18,61,15
2409,1,6,13,78,2.167,0.359,0.885,1.65,28,69,17
2410,1,8,11,88,1.375,0.443,1.0,1.63,39,88,24
2411,1,12,410,4920,34.167,0.333,0.661,2.69,636,254,608
2412,1,8,12,96,1.5,0.521,0.958,2.5,50,92,20
2413,1,10,33,330,3.3,0.391,0.982,2.05,129,324,63
2414,1,7,12,84,1.714,0.226,0.607,2.38,19,51,8
2415,1,7,11,77,1.571,0.234,0.675,1.29,18,52,14
2416,1,11,27,297,2.455,0.303,0.596,2.43,90,177,37
2417,1,6,129,774,21.5,0.195,0.565,1.35,151,437,112
2418,1,12,410,4920,34.167,0.333,0.661,2.69,636,254,608
2419,1,5,31,155,6.2,0.239,0.974,2.06,37,151,18
2420,1,8,14,112,1.75,0.143,1.0,2.67,16,112,6
2421,1,23,137,3151,5.957,0.855,0.934,16.64,695,943,162
2422,1,10,35,350,3.5,0.331,0.686,1.93,116,240,60
2423,1,10,64,640,6.4,0.439,0.889,2.58,281,569,109
2424,1,6,17,102,2.833,0.382,0.951,1.63,39,97,24
2425,1,6,10,60,1.667,0.45,0.85,1.93,27,51,14
2426,1,8,12,96,1.5,0.438,1.0,1.91,42,96,22
2427,1,10,34,340,3.4,0.356,0.744,1.98,121,253,61
2428,1,9,5,45,0.556,0.711,0.889,10.67,32,40,3
2429,1,8,16,128,2.0,0.422,0.852,1.8,54,109,30
2430,1,6,97,582,16.167,0.266,0.72,1.82,155,419,85
2431,1,14,253,3542,18.071,0.372,0.826,4.36,317,924,302
2432,1,7,145,1015,20.714,0.207,0.658,1.5,210,668,140
2433,1,11,155,1705,14.091,0.257,0.584,2.09,438,995,210
2434,1,12,118,1416,9.833,0.255,0.7,2.06,361,991,175
2435,1,10,118,1180,11.8,0.277,0.745,2.02,327,879,162
2436,1,7,119,833,17.0,0.285,0.872,1.5,237,726,158
2437,1,3,4,12,1.333,0.667,0.667,8.0,8,8,1
2438,1,7,53,371,7.571,0.089,0.245,1.5,33,91,22
2439,1,6,37,222,6.167,0.306,0.811,1.42,68,180,48
2440,1,9,46,414,5.111,0.365,0.848,2.01,151,351,75
2441,1,7,193,1351,27.571,0.206,0.813,1.37,278,99,203
2442,1,8,9,72,1.125,0.375,0.736,2.45,27,53,11
2443,1,8,75,600,9.375,0.423,0.87,3.02,254,522,84
2444,1,7,11,77,1.571,0.234,0.545,2.57,18,42,7
2445,1,9,71,639,7.889,0.294,0.762,2.16,188,487,87
2446,1,8,80,640,10.0,0.347,0.933,1.75,222,597,127
2447,1,10,65,650,6.5,0.475,0.971,2.76,309,631,112
2448,1,9,8,72,0.889,0.681,0.764,12.25,49,55,4
2449,1,7,86,602,12.286,0.281,0.958,1.55,169,577,109
2450,1,7,80,560,11.429,0.5,0.848,3.54,280,475,79
2451,1,10,126,1260,12.6,0.463,0.848,3.16,584,68,185
2452,1,10,11,110,1.1,0.491,0.845,4.5,54,93,12
2453,1,7,21,147,3.0,0.327,0.728,1.41,48,107,34
2454,1,8,13,104,1.625,0.356,0.942,1.76,37,98,21
2455,1,9,123,1107,13.667,0.346,0.74,2.21,383,819,173
2456,1,5,116,580,23.2,0.376,0.784,2.18,218,455,100
2457,1,12,27,324,2.25,0.318,0.898,2.64,103,291,39
2458,1,12,37,444,3.083,0.41,0.748,3.87,182,332,47
2459,1,8,141,1128,17.625,0.447,0.932,2.45,504,51,206
2460,1,9,85,765,9.444,0.395,0.846,2.32,302,647,130
2461,1,12,61,732,5.083,0.251,0.746,1.77,184,546,104
2462,1,10,46,460,4.6,0.317,0.683,1.85,146,314,79
2463,1,9,84,756,9.333,0.407,0.878,2.75,308,664,112
2464,1,8,6,48,0.75,0.375,0.896,1.8,18,43,10
2465,1,9,20,180,2.222,0.3,0.972,1.74,54,175,31
2466,1,8,8,64,1.0,0.359,0.969,1.53,23,62,15
2467,1,13,441,5733,33.923,0.374,0.625,4.63,144,582,463
2468,1,8,121,968,15.125,0.431,0.98,3.11,417,949,134
2469,1,8,16,128,2.0,0.359,0.781,2.0,46,100,23
2470,2,1,35,35,35.0,0.829,1.0,9.67,29,35,3
2471,2,2,22,44,11.0,0.75,0.75,33.0,33,33,1
2472,2,1,126,126,126.0,0.992,1.0,125.0,125,126,1
2473,2,1,19,19,19.0,0.632,1.0,4.0,12,19,3
2474,2,3,116,348,38.667,0.385,0.494,33.5,134,172,4
2475,2,1,15,15,15.0,0.867,1.0,13.0,13,15,1
2476,2,2,537,1074,268.5,0.594,0.655,21.27,638,703,30
2477,2,1,17,17,17.0,0.765,1.0,3.25,13,17,4
2478,2,2,536,1072,268.0,0.532,0.558,30.0,570,598,19
2479,2,3,116,348,38.667,0.385,0.494,33.5,134,172,4
2480,2,1,34,34,34.0,0.353,1.0,1.71,12,34,7
2481,2,1,14,14,14.0,0.929,1.0,13.0,13,14,1
2482,2,2,415,830,207.5,0.505,0.578,16.76,419,480,25
2483,2,1,32,32,32.0,0.719,1.0,5.75,23,32,4
2484,2,17,342,5814,20.118,0.916,0.996,30.27,328,790,176
2485,2,1,17,17,17.0,1.0,1.0,17.0,17,17,1
2486,2,6,47,282,7.833,0.202,0.202,57.0,57,57,1
2487,2,1,14,14,14.0,0.5,1.0,2.33,7,14,3
2488,2,2,535,1070,267.5,0.564,0.614,40.2,603,657,15
2489,2,1,14,14,14.0,0.857,1.0,12.0,12,14,1
2490,2,1,106,106,106.0,0.858,1.0,15.17,91,106,6
2491,2,1,46,46,46.0,0.239,1.0,1.38,11,46,8
2492,2,9,13,117,1.444,0.103,0.752,4.0,12,88,3
2493,2,2,16,32,8.0,0.25,0.531,2.67,8,17,3
2494,2,1,11,11,11.0,0.909,1.0,10.0,10,11,1
2495,2,2,536,1072,268.0,0.505,0.512,180.33,541,549,3
2496,2,1,104,104,104.0,0.971,1.0,50.5,101,104,2
2497,2,1,17,17,17.0,1.0,1.0,17.0,17,17,1
2498,2,2,535,1070,267.5,0.648,0.92,11.75,693,984,59
2499,2,1,537,537,537.0,1.0,1.0,537.0,537,537,1
2500,2,1,13,13,13.0,0.846,1.0,5.5,11,13,2
2501,2,1,131,131,131.0,0.977,1.0,64.0,128,131,2
2502,2,7,46,322,6.571,0.177,0.304,8.14,57,98,7
2503,2,1,15,15,15.0,0.733,1.0,3.67,11,15,3
2504,2,1,199,199,199.0,0.945,1.0,37.6,188,199,5
2505,2,2,537,1074,268.5,0.538,0.594,32.11,578,638,18
2506,2,6,39,234,6.5,0.192,0.197,45.0,45,46,1
2507,2,1,45,45,45.0,0.756,1.0,5.67,34,45,6
2508,2,1,76,76,76.0,0.961,1.0,36.5,73,76,2
2509,2,4,19,76,4.75,0.276,0.382,5.25,21,29,4
2510,2,2,69,138,34.5,0.623,0.906,10.75,86,125,8
2511,2,1,28,28,28.0,0.964,1.0,27.0,27,28,1
2512,2,2,123,246,61.5,0.5,0.504,123.0,123,124,1
2513,2,1,10,10,10.0,1.0,1.0,10.0,10,10,1
2514,2,1,54,54,54.0,0.944,1.0,17.0,51,54,3
2515,2,2,48,96,24.0,0.625,0.677,30.0,60,65,2
2516,2,2,537,1074,268.5,0.51,0.534,49.82,548,574,11
2517,2,2,537,1074,268.5,0.52,0.621,26.57,558,667,21
2518,2,2,48,96,24.0,0.625,0.677,30.0,60,65,2
2519,2,1,42,42,42.0,0.31,1.0,2.6,13,42,5
2520,2,1,36,36,36.0,0.583,1.0,4.2,21,36,5
2521,2,3,116,348,38.667,0.385,0.494,33.5,134,172,4
2522,2,1,29,29,29.0,0.586,1.0,2.13,17,29,8
2523,2,1,7,7,7.0,1.0,1.0,7.0,7,7,1
2524,2,1,8,8,8.0,1.0,1.0,8.0,8,8,1
2525,2,2,20,40,10.0,0.675,0.675,27.0,27,27,1
2526,2,3,132,396,44.0,0.505,0.558,20.0,200,221,10
2527,2,1,28,28,28.0,0.964,1.0,27.0,27,28,1
2528,2,7,46,322,6.571,0.177,0.304,8.14,57,98,7
2529,2,1,35,35,35.0,0.857,1.0,10.0,30,35,3
2530,2,1,75,75,75.0,0.813,1.0,5.55,61,75,11
2531,2,3,538,1614,179.33,0.37,0.424,22.11,597,685,27
2532,2,1,52,52,52.0,0.981,1.0,51.0,51,52,1
2533,2,6,47,282,7.833,0.202,0.202,57.0,57,57,1
2534,2,1,13,13,13.0,0.846,1.0,5.5,11,13,2
2535,2,1,11,11,11.0,0.909,1.0,10.0,10,11,1
2536,2,1,7,7,7.0,1.0,1.0,7.0,7,7,1
2537,2,1,52,52,52.0,0.538,1.0,14.0,28,52,2
2538,2,3,286,858,95.333,0.406,0.427,87.0,348,366,4
2539,2,1,16,16,16.0,1.0,1.0,16.0,16,16,1
2540,2,1,44,44,44.0,0.909,1.0,20.0,40,44,2
2541,2,1,8,8,8.0,1.0,1.0,8.0,8,8,1
2542,2,2,20,40,10.0,0.675,0.675,27.0,27,27,1
2543,2,1,27,27,27.0,0.259,1.0,1.4,7,27,5
2544,2,2,20,40,10.0,0.725,0.875,29.0,29,35,1
2545,2,1,29,29,29.0,0.586,1.0,2.13,17,29,8
2546,2,1,75,75,75.0,0.813,1.0,5.55,61,75,11
2547,2,1,29,29,29.0,0.931,1.0,13.5,27,29,2
2548,2,1,257,257,257.0,1.0,1.0,257.0,257,257,1
2549,2,1,147,147,147.0,0.864,1.0,11.55,127,147,11
2550,2,1,8,8,8.0,1.0,1.0,8.0,8,8,1
2551,2,1,55,55,55.0,0.564,1.0,10.33,31,55,3
2552,2,1,77,77,77.0,0.403,1.0,5.17,31,77,6
2553,2,4,194,776,48.5,0.263,0.273,34.0,204,212,6
2554,2,1,98,98,98.0,0.939,1.0,30.67,92,98,3
2555,2,1,28,28,28.0,0.964,1.0,27.0,27,28,1
2556,2,1,10,10,10.0,0.8,1.0,4.0,8,10,2
2557,2,2,18,36,9.0,0.722,0.722,26.0,26,26,1
2558,2,1,145,145,145.0,0.972,1.0,35.25,141,145,4
2559,2,1,16,16,16.0,0.938,1.0,15.0,15,16,1
2560,2,1,161,161,161.0,0.41,1.0,1.02,66,161,65
2561,2,1,94,94,94.0,0.564,1.0,3.31,53,94,16
2562,2,1,193,193,193.0,0.57,1.0,2.97,110,193,37
2563,2,2,325,650,162.5,0.485,0.537,28.64,315,349,11
2564,2,1,48,48,48.0,0.875,1.0,10.5,42,48,4
2565,2,1,17,17,17.0,0.765,1.0,6.5,13,17,2
2566,2,6,21,126,3.5,0.246,0.254,31.0,31,32,1
2567,2,1,47,47,47.0,0.532,1.0,25.0,25,47,1
2568,2,1,73,73,73.0,0.616,1.0,3.75,45,73,12
2569,2,1,17,17,17.0,0.765,1.0,6.5,13,17,2
2570,2,2,123,246,61.5,0.5,0.504,123.0,123,124,1
2571,2,1,40,40,40.0,1.0,1.0,40.0,40,40,1
2572,2,2,535,1070,267.5,0.564,0.614,40.2,603,657,15
2573,2,1,14,14,14.0,0.857,1.0,12.0,12,14,1
2574,2,1,17,17,17.0,0.941,1.0,16.0,16,17,1
2575,2,1,187,187,187.0,0.963,1.0,25.71,180,187,7
2576,2,2,199,398,99.5,0.485,0.508,32.17,193,202,6
2577,2,2,536,1072,268.0,0.505,0.512,180.33,541,549,3
2578,2,1,13,13,13.0,1.0,1.0,13.0,13,13,1
2579,2,3,213,639,71.0,0.318,0.379,11.94,203,242,17
2580,2,1,8,8,8.0,0.875,1.0,7.0,7,8,1
2581,2,1,77,77,77.0,0.403,1.0,5.17,31,77,6
2582,2,1,17,17,17.0,0.941,1.0,16.0,16,17,1
2583,2,4,115,460,28.75,0.426,0.487,17.82,196,224,11
2584,2,1,13,13,13.0,0.692,1.0,4.5,9,13,2
2585,2,6,47,282,7.833,0.202,0.202,57.0,57,57,1
2586,2,1,186,186,186.0,0.828,1.0,9.06,154,186,17
2587,2,2,112,224,56.0,0.496,0.504,55.5,111,113,2
2588,2,2,199,398,99.5,0.485,0.508,32.17,193,202,6
2589,2,6,39,234,6.5,0.192,0.197,45.0,45,46,1
2590,2,1,413,413,413.0,0.998,1.0,412.0,412,413,1
2591,2,1,8,8,8.0,0.875,1.0,7.0,7,8,1
2592,2,2,14,28,7.0,0.286,0.821,8.0,8,23,1
2593,2,2,538,1076,269.0,0.518,0.596,29.32,557,641,19
2594,2,1,20,20,20.0,0.75,1.0,3.0,15,20,5
2595,2,1,187,187,187.0,0.963,1.0,25.71,180,187,7
2596,2,2,537,1074,268.5,0.507,0.528,181.33,544,567,3
2597,2,3,538,1614,179.33,0.37,0.424,22.11,597,685,27
2598,2,3,183,549,61.0,0.488,0.577,29.78,268,317,9
2599,2,3,470,1410,156.67,0.352,0.387,23.62,496,545,21
2600,2,1,13,13,13.0,0.846,1.0,5.5,11,13,2
2601,2,17,341,5797,20.059,0.935,0.998,36.38,420,784,149
2602,2,1,12,12,12.0,0.75,1.0,9.0,9,12,1
2603,2,1,102,102,102.0,0.961,1.0,24.5,98,102,4
2604,2,1,79,79,79.0,0.608,1.0,6.86,48,79,7
2605,2,3,116,348,38.667,0.356,0.371,62.0,124,129,2
2606,2,3,500,1500,166.67,0.373,0.421,19.28,559,632,29
2607,2,1,14,14,14.0,0.643,1.0,3.0,9,14,3
2608,2,1,52,52,52.0,0.538,1.0,14.0,28,52,2
2609,2,1,40,40,40.0,1.0,1.0,40.0,40,40,1
2610,2,1,106,106,106.0,0.434,1.0,1.02,46,106,45
2611,2,2,22,44,11.0,0.477,1.0,21.0,21,44,1
2612,2,1,37,37,37.0,0.811,1.0,6.0,30,37,5
2613,2,2,475,950,237.5,0.504,0.544,95.8,479,517,5
2614,2,4,19,76,4.75,0.276,0.382,5.25,21,29,4
2615,2,3,537,1611,179.0,0.345,0.405,22.24,556,652,25
2616,2,1,11,11,11.0,1.0,1.0,11.0,11,11,1
2617,2,1,159,159,159.0,0.994,1.0,158.0,158,159,1
2618,2,1,9,9,9.0,0.778,1.0,7.0,7,9,1
2619,2,1,76,76,76.0,0.961,1.0,36.5,73,76,2
2620,2,1,124,124,124.0,0.444,1.0,7.86,55,124,7
2621,2,1,17,17,17.0,0.941,1.0,16.0,16,17,1
2622,2,1,20,20,20.0,0.85,1.0,8.5,17,20,2
2623,2,1,39,39,39.0,0.308,1.0,1.71,12,39,7
2624,2,2,204,408,102.0,0.412,0.681,10.5,168,278,16
2625,2,1,127,127,127.0,0.646,1.0,13.67,82,127,6
2626,2,1,15,15,15.0,0.867,1.0,13.0,13,15,1
2627,2,1,8,8,8.0,1.0,1.0,8.0,8,8,1
2628,2,1,277,277,277.0,1.0,1.0,277.0,277,277,1
2629,2,1,41,41,41.0,0.78,1.0,4.57,32,41,7
2630,2,2,536,1072,268.0,0.498,0.533,41.08,534,571,13
2631,2,3,463,1389,154.33,0.296,0.382,13.7,411,531,30
2632,2,1,13,13,13.0,1.0,1.0,13.0,13,13,1
2633,2,6,47,282,7.833,0.202,0.202,57.0,57,57,1
2634,2,1,14,14,14.0,1.0,1.0,14.0,14,14,1
2635,2,2,116,232,58.0,0.616,0.802,17.88,143,186,8
2636,2,1,42,42,42.0,0.19,1.0,1.6,8,42,5
2637,2,2,62,124,31.0,0.452,0.565,11.2,56,70,5
2638,2,3,116,348,38.667,0.356,0.371,62.0,124,129,2
2639,2,1,14,14,14.0,0.929,1.0,13.0,13,14,1
2640,2,2,21,42,10.5,0.452,1.0,6.33,19,42,3
2641,2,3,113,339,37.667,0.41,0.472,13.9,139,160,10
2642,2,4,108,432,27.0,0.778,0.826,56.0,336,357,6
2643,2,1,8,8,8.0,1.0,1.0,8.0,8,8,1
2644,2,3,470,1410,156.67,0.352,0.387,23.62,496,545,21
2645,2,2,46,92,23.0,0.587,0.761,18.0,54,70,3
2646,2,5,110,550,22.0,0.547,0.556,100.33,301,306,3
2647,2,18,342,6156,19.0,0.847,0.897,43.48,217,522,120
2648,2,1,22,22,22.0,0.955,1.0,21.0,21,22,1
2649,2,1,75,75,75.0,0.92,1.0,11.5,69,75,6
2650,2,7,1,7,0.143,1.0,1.0,7.0,7,7,1
2651,2,1,42,42,42.0,0.19,1.0,1.6,8,42,5
2652,2,2,536,1072,268.0,0.537,0.622,24.0,576,667,24
2653,2,2,22,44,11.0,0.75,0.75,33.0,33,33,1
2654,2,1,75,75,75.0,0.813,1.0,5.55,61,75,11
2655,2,1,61,61,61.0,1.0,1.0,61.0,61,61,1
2656,2,1,29,29,29.0,0.931,1.0,13.5,27,29,2
2657,2,2,116,232,58.0,0.616,0.802,17.88,143,186,8
2658,2,5,7,35,1.4,0.2,0.314,7.0,7,11,1
2659,2,1,255,255,255.0,0.686,1.0,4.86,175,255,36
2660,2,1,180,180,180.0,0.983,1.0,88.5,177,180,2
2661,2,1,69,69,69.0,0.667,1.0,4.18,46,69,11
2662,2,1,76,76,76.0,0.961,1.0,36.5,73,76,2
2663,2,1,214,214,214.0,1.0,1.0,214.0,214,214,1
2664,2,1,8,8,8.0,1.0,1.0,8.0,8,8,1
2665,2,1,18,18,18.0,0.5,1.0,3.0,9,18,3
2666,2,1,11,11,11.0,1.0,1.0,11.0,11,11,1
2667,2,7,14,98,2.0,0.102,0.204,10.0,10,20,1
2668,2,1,30,30,30.0,0.4,1.0,2.4,12,30,5
2669,2,1,11,11,11.0,0.909,1.0,10.0,10,11,1
2670,2,1,13,13,13.0,1.0,1.0,13.0,13,13,1
2671,2,2,446,892,223.0,0.439,0.603,17.82,392,538,22
2672,2,2,535,1070,267.5,0.648,0.92,11.75,693,984,59
2673,2,1,10,10,10.0,0.9,1.0,9.0,9,10,1
2674,2,2,112,224,56.0,0.496,0.504,55.5,111,113,2
2675,2,1,75,75,75.0,0.813,1.0,5.55,61,75,11
2676,2,2,537,1074,268.5,0.537,0.609,22.19,577,654,26
2677,2,3,470,1410,156.67,0.352,0.387,23.62,496,545,21
2678,2,1,115,115,115.0,0.2,1.0,4.6,23,115,5
2679,2,4,108,432,27.0,0.778,0.826,56.0,336,357,6
2680,2,1,14,14,14.0,0.643,1.0,3.0,9,14,3
2681,2,1,8,8,8.0,1.0,1.0,8.0,8,8,1
2682,2,1,22,22,22.0,0.818,1.0,4.5,18,22,4
2683,2,1,13,13,13.0,1.0,1.0,13.0,13,13,1
2684,2,2,16,32,8.0,0.25,0.531,2.67,8,17,3
2685,2,2,535,1070,267.5,0.564,0.614,40.2,603,657,15
2686,2,2,535,1070,267.5,0.545,0.629,24.29,583,673,24
2687,2,1,63,63,63.0,0.952,1.0,20.0,60,63,3
2688,2,2,176,352,88.0,0.528,0.605,31.0,186,213,6
2689,2,1,102,102,102.0,0.961,1.0,24.5,98,102,4
2690,2,8,16,128,2.0,0.398,0.695,2.55,51,89,20
2691,2,1,15,15,15.0,0.867,1.0,13.0,13,15,1
2692,2,2,537,1074,268.5,0.594,0.655,21.27,638,703,30
2693,2,11,427,4697,38.818,0.566,0.57,189.79,657,676,14
2694,2,18,342,6156,19.0,0.847,0.897,43.48,217,522,120
2695,2,1,9,9,9.0,0.778,1.0,7.0,7,9,1
2696,2,1,283,283,283.0,0.993,1.0,140.5,281,283,2
2697,2,1,13,13,13.0,1.0,1.0,13.0,13,13,1
2698,2,2,62,124,31.0,0.452,0.565,11.2,56,70,5
2699,2,2,536,1072,268.0,0.505,0.512,180.33,541,549,3
2700,2,1,379,379,379.0,0.963,1.0,60.83,365,379,6
2701,2,1,79,79,79.0,0.608,1.0,6.86,48,79,7
2702,2,1,62,62,62.0,0.984,1.0,61.0,61,62,1
2703,2,1,12,12,12.0,0.667,1.0,4.0,8,12,2
2704,2,1,34,34,34.0,0.353,1.0,1.71,12,34,7
2705,2,1,257,257,257.0,1.0,1.0,257.0,257,257,1
2706,2,1,255,255,255.0,0.686,1.0,4.86,175,255,36
2707,2,1,277,277,277.0,1.0,1.0,277.0,277,277,1
2708,2,2,99,198,49.5,0.253,0.616,4.55,50,122,11
2709,2,2,21,42,10.5,0.452,1.0,6.33,19,42,3
2710,2,2,98,196,49.0,0.48,0.653,9.4,94,128,10
2711,2,2,204,408,102.0,0.412,0.681,10.5,168,278,16
2712,2,2,537,1074,268.5,0.538,0.594,32.11,578,638,18
2713,2,1,10,10,10.0,1.0,1.0,10.0,10,10,1
2714,2,1,13,13,13.0,1.0,1.0,13.0,13,13,1
2715,2,1,11,11,11.0,1.0,1.0,11.0,11,11,1
2716,2,1,27,27,27.0,0.407,1.0,1.83,11,27,6
2717,2,2,204,408,102.0,0.412,0.681,10.5,168,278,16
2718,2,1,19,19,19.0,0.632,1.0,4.0,12,19,3
2719,2,1,117,117,117.0,0.974,1.0,38.0,114,117,3
2720,2,1,13,13,13.0,0.692,1.0,4.5,9,13,2
2721,2,1,17,17,17.0,1.0,1.0,17.0,17,17,1
2722,2,1,14,14,14.0,1.0,1.0,14.0,14,14,1
2723,2,1,537,537,537.0,1.0,1.0,537.0,537,537,1
2724,2,1,102,102,102.0,0.961,1.0,24.5,98,102,4
2725,2,2,64,128,32.0,0.531,0.586,17.0,68,75,4
2726,2,12,278,3336,23.167,0.11,0.144,15.91,366,479,23
2727,2,1,30,30,30.0,0.4,1.0,2.4,12,30,5
2728,2,2,22,44,11.0,0.705,0.864,15.5,31,38,2
2729,2,24,510,2240,21.25,0.846,0.927,38.65,359,341,268
2730,2,1,288,288,288.0,0.424,1.0,1.02,122,288,120
2731,2,2,415,830,207.5,0.505,0.578,16.76,419,480,25
2732,2,2,101,202,50.5,0.54,0.743,10.9,109,150,10
2733,2,1,32,32,32.0,0.719,1.0,5.75,23,32,4
2734,2,2,536,1072,268.0,0.505,0.512,180.33,541,549,3
2735,2,1,52,52,52.0,0.981,1.0,51.0,51,52,1
2736,2,3,11,33,3.667,0.364,0.667,3.0,12,22,4
2737,2,37,1,37,0.027,1.0,1.0,37.0,37,37,1
2738,2,37,1,37,0.027,1.0,1.0,37.0,37,37,1
2739,2,5,128,640,25.6,0.759,0.764,162.0,486,489,3
2740,2,2,537,1074,268.5,0.594,0.655,21.27,638,703,30
2741,2,2,101,202,50.5,0.54,0.743,10.9,109,150,10
2742,2,1,14,14,14.0,1.0,1.0,14.0,14,14,1
2743,2,1,10,10,10.0,1.0,1.0,10.0,10,10,1
2744,2,1,28,28,28.0,0.464,1.0,2.17,13,28,6
2745,2,1,14,14,14.0,0.571,1.0,2.0,8,14,4
2746,2,1,14,14,14.0,0.5,1.0,2.33,7,14,3
2747,2,10,2,20,0.2,0.55,0.6,11.0,11,12,1
2748,2,1,78,78,78.0,0.949,1.0,24.67,74,78,3
2749,2,1,36,36,36.0,0.583,1.0,4.2,21,36,5
2750,2,1,8,8,8.0,1.0,1.0,8.0,8,8,1
2751,2,2,123,246,61.5,0.5,0.504,123.0,123,124,1
2752,2,1,77,77,77.0,0.403,1.0,5.17,31,77,6
2753,2,1,16,16,16.0,1.0,1.0,16.0,16,16,1
2754,2,3,537,1611,179.0,0.353,0.364,71.13,569,587,8
2755,2,1,184,184,184.0,0.967,1.0,44.5,178,184,4
2756,2,2,325,650,162.5,0.485,0.537,28.64,315,349,11
2757,2,2,50,100,25.0,0.46,0.51,15.33,46,51,3
2758,2,1,22,22,22.0,0.5,1.0,1.83,11,22,6
2759,2,1,36,36,36.0,0.722,1.0,8.67,26,36,3
2760,2,1,8,8,8.0,1.0,1.0,8.0,8,8,1
2761,2,1,51,51,51.0,0.471,1.0,2.4,24,51,10
2762,2,1,78,78,78.0,0.949,1.0,24.67,74,78,3
2763,2,1,35,35,35.0,0.857,1.0,10.0,30,35,3
2764,2,1,27,27,27.0,0.407,1.0,1.83,11,27,6
2765,2,1,57,57,57.0,0.456,1.0,3.71,26,57,7
2766,2,1,193,193,193.0,0.57,1.0,2.97,110,193,37
2767,2,1,107,107,107.0,0.869,1.0,18.6,93,107,5
2768,2,1,10,10,10.0,1.0,1.0,10.0,10,10,1
2769,2,2,536,1072,268.0,0.537,0.622,24.0,576,667,24
2770,2,1,29,29,29.0,1.0,1.0,29.0,29,29,1
2771,2,1,19,19,19.0,0.737,1.0,4.67,14,19,3
2772,2,1,28,28,28.0,0.964,1.0,27.0,27,28,1
2773,2,1,85,85,85.0,0.882,1.0,12.5,75,85,6
2774,2,1,98,98,98.0,0.939,1.0,30.67,92,98,3
2775,2,1,28,28,28.0,0.964,1.0,27.0,27,28,1
2776,2,2,535,1070,267.5,0.55,0.586,117.8,589,627,5
2777,2,2,176,352,88.0,0.528,0.605,31.0,186,213,6
2778,2,1,43,43,43.0,0.907,1.0,9.75,39,43,4
2779,2,1,32,32,32.0,0.719,1.0,5.75,23,32,4
2780,2,1,70,70,70.0,1.0,1.0,70.0,70,70,1
2781,2,1,75,75,75.0,0.813,1.0,5.55,61,75,11
2782,2,1,78,78,78.0,0.949,1.0,24.67,74,78,3
2783,2,1,10,10,10.0,1.0,1.0,10.0,10,10,1
2784,2,2,22,44,11.0,0.75,0.75,33.0,33,33,1
2785,2,3,11,33,3.667,0.364,0.667,3.0,12,22,4
2786,2,1,33,33,33.0,0.667,1.0,3.67,22,33,6
2787,2,1,28,28,28.0,0.964,1.0,27.0,27,28,1
2788,2,1,14,14,14.0,0.929,1.0,13.0,13,14,1
2789,2,11,427,4697,38.818,0.566,0.57,189.79,657,676,14
2790,2,2,63,126,31.5,0.341,0.508,10.75,43,64,4
2791,2,2,18,36,9.0,0.806,0.833,29.0,29,30,1
2792,2,3,11,33,3.667,0.364,0.667,3.0,12,22,4
2793,2,2,22,44,11.0,0.477,1.0,21.0,21,44,1
2794,2,2,6,12,3.0,0.667,1.0,4.0,8,12,2
2795,2,2,536,1072,268.0,0.532,0.558,30.0,570,598,19
2796,2,1,277,277,277.0,0.993,1.0,137.5,275,277,2
2797,2,1,14,14,14.0,0.643,1.0,4.5,9,14,2
2798,2,3,470,1410,156.67,0.352,0.387,23.62,496,545,21
2799,2,1,283,283,283.0,0.993,1.0,140.5,281,283,2
2800,2,17,341,5797,20.059,0.935,0.998,36.38,420,784,149
2801,2,1,41,41,41.0,0.78,1.0,4.57,32,41,7
2802,2,2,14,28,7.0,0.464,0.536,13.0,13,15,1
2803,2,2,537,1074,268.5,0.537,0.609,22.19,577,654,26
2804,2,7,46,322,6.571,0.177,0.304,8.14,57,98,7
2805,2,24,510,2240,21.25,0.846,0.927,38.65,359,341,268
2806,2,1,94,94,94.0,0.564,1.0,3.31,53,94,16
2807,2,1,32,32,32.0,0.469,1.0,1.88,15,32,8
2808,2,1,20,20,20.0,0.85,1.0,8.5,17,20,2
2809,2,1,27,27,27.0,0.259,1.0,1.4,7,27,5
2810,2,1,35,35,35.0,0.829,1.0,9.67,29,35,3
2811,2,1,45,45,45.0,0.933,1.0,21.0,42,45,2
2812,2,1,22,22,22.0,0.955,1.0,21.0,21,22,1
2813,2,2,535,1070,267.5,0.648,0.92,11.75,693,984,59
2814,2,1,10,10,10.0,1.0,1.0,10.0,10,10,1
2815,2,1,9,9,9.0,0.889,1.0,8.0,8,9,1
2816,2,1,32,32,32.0,0.469,1.0,1.88,15,32,8
2817,2,1,14,14,14.0,0.643,1.0,4.5,9,14,2
2818,2,3,54,162,18.0,0.364,0.519,8.43,59,84,7
2819,2,1,44,44,44.0,0.909,1.0,20.0,40,44,2
2820,2,1,15,15,15.0,0.533,1.0,2.0,8,15,4
2821,2,1,44,44,44.0,0.909,1.0,20.0,40,44,2
2822,2,1,138,138,138.0,1.0,1.0,138.0,138,138,1
2823,2,1,15,15,15.0,0.533,1.0,2.0,8,15,4
2824,2,1,70,70,70.0,0.943,1.0,22.0,66,70,3
2825,2,2,236,472,118.0,0.566,0.689,10.27,267,325,26
2826,2,1,14,14,14.0,0.929,1.0,13.0,13,14,1
2827,2,2,537,1074,268.5,0.594,0.655,21.27,638,703,30
2828,2,3,259,777,86.333,0.96,0.978,67.82,746,760,11
2829,2,2,537,1074,268.5,0.556,0.655,24.88,597,704,24
2830,2,1,32,32,32.0,0.469,1.0,1.88,15,32,8
2831,2,2,98,196,49.0,0.48,0.653,9.4,94,128,10
2832,2,1,29,29,29.0,1.0,1.0,29.0,29,29,1
2833,2,2,537,1074,268.5,0.537,0.609,22.19,577,654,26
2834,2,2,537,1074,268.5,0.538,0.555,82.57,578,596,7
2835,2,1,54,54,54.0,0.944,1.0,17.0,51,54,3
2836,2,1,537,537,537.0,1.0,1.0,537.0,537,537,1
2837,2,2,536,1072,268.0,0.568,0.688,24.36,609,737,25
2838,2,1,85,85,85.0,0.882,1.0,12.5,75,85,6
2839,2,1,187,187,187.0,0.963,1.0,25.71,180,187,7
2840,2,1,196,196,196.0,0.98,1.0,64.0,192,196,3
2841,2,17,342,5814,20.118,0.916,0.996,30.27,328,790,176
2842,2,2,18,36,9.0,0.667,0.694,24.0,24,25,1
2843,2,1,9,9,9.0,1.0,1.0,9.0,9,9,1
2844,2,1,104,104,104.0,0.971,1.0,50.5,101,104,2
2845,2,24,510,2240,21.25,0.846,0.927,38.65,359,341,268
2846,2,1,17,17,17.0,1.0,1.0,17.0,17,17,1
2847,2,1,17,17,17.0,0.941,1.0,16.0,16,17,1
2848,2,28,330,9240,11.786,0.057,0.066,31.0,527,614,17
2849,2,1,184,184,184.0,0.967,1.0,44.5,178,184,4
2850,2,3,463,1389,154.33,0.296,0.382,13.7,411,531,30
2851,2,1,22,22,22.0,0.818,1.0,4.5,18,22,4
2852,2,2,537,1074,268.5,0.537,0.609,22.19,577,654,26
2853,2,1,184,184,184.0,0.967,1.0,44.5,178,184,4
2854,2,1,277,277,277.0,1.0,1.0,277.0,277,277,1
2855,2,1,19,19,19.0,0.632,1.0,4.0,12,19,3
2856,2,1,14,14,14.0,1.0,1.0,14.0,14,14,1
2857,2,4,194,776,48.5,0.263,0.273,34.0,204,212,6
2858,2,1,126,126,126.0,0.992,1.0,125.0,125,126,1
2859,2,1,36,36,36.0,0.722,1.0,8.67,26,36,3
2860,2,1,39,39,39.0,0.308,1.0,1.71,12,39,7
2861,2,1,277,277,277.0,1.0,1.0,277.0,277,277,1
2862,2,24,510,2240,21.25,0.846,0.927,38.65,359,341,268
2863,2,1,78,78,78.0,0.949,1.0,24.67,74,78,3
2864,2,1,11,11,11.0,0.909,1.0,10.0,10,11,1
2865,2,1,152,152,152.0,0.822,1.0,11.36,125,152,11
2866,2,1,19,19,19.0,0.684,1.0,4.33,13,19,3
2867,2,2,204,408,102.0,0.412,0.681,10.5,168,278,16
2868,2,1,87,87,87.0,0.92,1.0,16.0,80,87,5
2869,2,1,32,32,32.0,0.469,1.0,1.88,15,32,8
2870,2,2,64,128,32.0,0.531,0.586,17.0,68,75,4
2871,2,1,23,23,23.0,0.348,1.0,1.6,8,23,5
2872,2,2,176,352,88.0,0.528,0.605,31.0,186,213,6
2873,2,1,45,45,45.0,0.933,1.0,21.0,42,45,2
2874,2,1,124,124,124.0,0.444,1.0,7.86,55,124,7
2875,2,2,537,1074,268.5,0.594,0.655,21.27,638,703,30
2876,2,1,8,8,8.0,1.0,1.0,8.0,8,8,1
2877,2,1,10,10,10.0,0.9,1.0,9.0,9,10,1
2878,2,1,84,84,84.0,0.917,1.0,19.25,77,84,4
2879,2,1,29,29,29.0,1.0,1.0,29.0,29,29,1
2880,2,7,1,7,0.143,1.0,1.0,7.0,7,7,1
2881,2,10,553,5530,55.3,0.797,0.884,21.3,409,890,207
2882,2,3,538,1614,179.33,0.37,0.424,22.11,597,685,27
2883,2,1,14,14,14.0,0.929,1.0,13.0,13,14,1
2884,2,1,52,52,52.0,0.962,1.0,25.0,50,52,2
2885,2,28,330,9240,11.786,0.057,0.066,31.0,527,614,17
2886,2,3,537,1611,179.0,0.345,0.405,22.24,556,652,25
2887,2,1,81,81,81.0,0.901,1.0,24.33,73,81,3
2888,2,2,46,92,23.0,0.511,0.554,47.0,47,51,1
2889,2,2,415,830,207.5,0.505,0.578,16.76,419,480,25
2890,2,1,63,63,63.0,0.952,1.0,20.0,60,63,3
2891,2,1,46,46,46.0,0.239,1.0,1.38,11,46,8
2892,2,1,75,75,75.0,0.813,1.0,5.55,61,75,11
2893,2,1,19,19,19.0,0.737,1.0,4.67,14,19,3
2894,2,2,536,1072,268.0,0.498,0.533,41.08,534,571,13
2895,2,1,13,13,13.0,0.692,1.0,3.0,9,13,3
2896,2,1,106,106,106.0,0.858,1.0,15.17,91,106,6
2897,2,1,10,10,10.0,1.0,1.0,10.0,10,10,1
2898,2,1,172,172,172.0,0.465,1.0,1.04,80,172,77
2899,2,1,33,33,33.0,0.667,1.0,3.67,22,33,6
2900,2,3,544,1632,181.33,0.326,0.406,16.12,532,662,33
2901,2,1,55,55,55.0,0.564,1.0,10.33,31,55,3
2902,2,1,279,279,279.0,0.964,1.0,38.43,269,279,7
2903,2,2,48,96,24.0,0.625,0.677,30.0,60,65,2
2904,2,1,8,8,8.0,1.0,1.0,8.0,8,8,1
2905,2,2,46,92,23.0,0.511,0.554,47.0,47,51,1
2906,2,3,54,162,18.0,0.364,0.519,8.43,59,84,7
2907,2,3,550,1650,183.33,0.329,0.375,27.15,543,619,20
2908,2,1,47,47,47.0,1.0,1.0,47.0,47,47,1
2909,2,2,99,198,49.5,0.253,0.616,4.55,50,122,11
2910,2,1,81,81,81.0,0.901,1.0,24.33,73,81,3
2911,2,1,16,16,16.0,1.0,1.0,16.0,16,16,1
2912,2,3,286,858,95.333,0.406,0.427,87.0,348,366,4
2913,2,1,78,78,78.0,0.949,1.0,24.67,74,78,3
2914,2,1,15,15,15.0,0.867,1.0,13.0,13,15,1
2915,2,1,8,8,8.0,1.0,1.0,8.0,8,8,1
2916,2,1,20,20,20.0,0.55,1.0,1.38,11,20,8
2917,2,1,16,16,16.0,0.938,1.0,15.0,15,16,1
2918,2,3,544,1632,181.33,0.326,0.406,16.12,532,662,33
2919,2,1,23,23,23.0,0.348,1.0,1.6,8,23,5
2920,2,3,116,348,38.667,0.356,0.371,62.0,124,129,2
2921,2,7,46,322,6.571,0.177,0.304,8.14,57,98,7
2922,2,1,8,8,8.0,0.875,1.0,7.0,7,8,1
2923,2,1,7,7,7.0,1.0,1.0,7.0,7,7,1
2924,2,1,13,13,13.0,0.692,1.0,3.0,9,13,3
2925,2,1,29,29,29.0,1.0,1.0,29.0,29,29,1
2926,2,2,116,232,58.0,0.616,0.802,17.88,143,186,8
2927,2,5,280,1400,56.0,0.78,0.786,156.0,92,100,7
2928,2,1,19,19,19.0,0.684,1.0,4.33,13,19,3
2929,2,3,470,1410,156.67,0.352,0.387,23.62,496,545,21
2930,2,6,39,234,6.5,0.192,0.197,45.0,45,46,1
2931,2,2,22,44,11.0,0.75,0.75,33.0,33,33,1
2932,2,2,199,398,99.5,0.485,0.508,32.17,193,202,6
2933,2,2,17,34,8.5,0.588,0.971,6.67,20,33,3
2934,2,1,115,115,115.0,0.2,1.0,4.6,23,115,5
2935,2,9,13,117,1.444,0.103,0.752,4.0,12,88,3
2936,2,3,129,387,43.0,0.305,0.377,11.8,118,146,10
2937,2,3,550,1650,183.33,0.339,0.401,15.11,559,662,37
2938,2,7,46,322,6.571,0.177,0.304,8.14,57,98,7
2939,2,1,27,27,27.0,0.259,1.0,1.4,7,27,5
2940,2,1,29,29,29.0,0.586,1.0,2.13,17,29,8
2941,2,2,535,1070,267.5,0.545,0.629,24.29,583,673,24
2942,2,2,236,472,118.0,0.566,0.689,10.27,267,325,26
2943,2,1,172,172,172.0,0.465,1.0,1.04,80,172,77
2944,2,1,87,87,87.0,0.92,1.0,16.0,80,87,5
2945,2,1,8,8,8.0,1.0,1.0,8.0,8,8,1
2946,2,28,330,9240,11.786,0.057,0.066,31.0,527,614,17
2947,2,1,44,44,44.0,0.25,1.0,2.2,11,44,5
2948,2,1,106,106,106.0,0.434,1.0,1.02,46,106,45
2949,2,1,37,37,37.0,0.811,1.0,6.0,30,37,5
2950,2,2,537,1074,268.5,0.507,0.528,181.33,544,567,3
2951,2,17,341,5797,20.059,0.935,0.998,36.38,420,784,149
2952,2,2,98,196,49.0,0.48,0.653,9.4,94,128,10
2953,2,1,44,44,44.0,0.727,1.0,5.33,32,44,6
2954,2,1,255,255,255.0,0.686,1.0,4.86,175,255,36
2955,2,2,32,64,16.0,0.516,0.531,33.0,33,34,1
2956,2,11,252,2772,22.909,0.092,0.095,63.75,255,262,4
2957,2,1,14,14,14.0,0.929,1.0,13.0,13,14,1
2958,2,2,536,1072,268.0,0.532,0.558,30.0,570,598,19
2959,2,1,22,22,22.0,0.955,1.0,21.0,21,22,1
2960,2,4,9,36,2.25,0.611,0.611,22.0,22,22,1
2961,2,2,17,34,8.5,0.588,0.971,6.67,20,33,3
2962,2,1,62,62,62.0,0.984,1.0,61.0,61,62,1
2963,2,1,35,35,35.0,0.829,1.0,9.67,29,35,3
2964,2,1,73,73,73.0,0.616,1.0,3.75,45,73,12
2965,2,1,17,17,17.0,1.0,1.0,17.0,17,17,1
2966,2,1,14,14,14.0,0.643,1.0,4.5,9,14,2
2967,2,1,10,10,10.0,0.9,1.0,9.0,9,10,1
2968,2,2,46,92,23.0,0.511,0.554,47.0,47,51,1
2969,2,2,538,1076,269.0,0.519,0.684,34.88,558,736,16
2970,2,1,277,277,277.0,1.0,1.0,277.0,277,277,1
2971,2,1,199,199,199.0,0.99,1.0,197.0,197,199,1
2972,2,1,8,8,8.0,1.0,1.0,8.0,8,8,1
2973,2,1,14,14,14.0,0.857,1.0,12.0,12,14,1
2974,2,1,15,15,15.0,0.867,1.0,6.5,13,15,2
2975,2,1,10,10,10.0,0.9,1.0,9.0,9,10,1
2976,2,1,44,44,44.0,0.25,1.0,2.2,11,44,5
2977,2,1,196,196,196.0,0.98,1.0,64.0,192,196,3
2978,2,1,70,70,70.0,0.943,1.0,22.0,66,70,3
2979,2,1,15,15,15.0,0.867,1.0,13.0,13,15,1
2980,2,1,69,69,69.0,0.841,1.0,8.29,58,69,7
2981,2,3,463,1389,154.33,0.296,0.382,13.7,411,531,30
2982,2,3,116,348,38.667,0.356,0.371,62.0,124,129,2
2983,2,8,16,128,2.0,0.398,0.695,2.55,51,89,20
2984,2,1,255,255,255.0,0.686,1.0,4.86,175,255,36
2985,2,1,277,277,277.0,0.993,1.0,137.5,275,277,2
2986,2,1,172,172,172.0,0.465,1.0,1.04,80,172,77
2987,2,1,16,16,16.0,1.0,1.0,16.0,16,16,1
2988,2,1,8,8,8.0,1.0,1.0,8.0,8,8,1
2989,2,1,193,193,193.0,0.57,1.0,2.97,110,193,37
2990,2,2,99,198,49.5,0.253,0.616,4.55,50,122,11
2991,2,6,21,126,3.5,0.246,0.254,31.0,31,32,1
2992,2,1,43,43,43.0,0.907,1.0,9.75,39,43,4
2993,2,1,19,19,19.0,0.579,1.0,3.67,11,19,3
2994,2,3,132,396,44.0,0.505,0.558,20.0,200,221,10
2995,2,1,45,45,45.0,0.244,1.0,1.38,11,45,8
2996,2,1,11,11,11.0,0.727,1.0,4.0,8,11,2
2997,2,1,44,44,44.0,0.727,1.0,5.33,32,44,6
2998,2,2,535,1070,267.5,0.564,0.614,40.2,603,657,15
2999,2,1,26,26,26.0,1.0,1.0,26.0,26,26,1
3000,2,1,18,18,18.0,0.944,1.0,17.0,17,18,1
3001,2,1,180,180,180.0,0.983,1.0,88.5,177,180,2
3002,2,2,20,40,10.0,0.775,0.85,31.0,31,34,1
3003,2,1,14,14,14.0,1.0,1.0,14.0,14,14,1
3004,2,1,20,20,20.0,0.55,1.0,1.38,11,20,8
3005,2,1,70,70,70.0,0.943,1.0,22.0,66,70,3
3006,2,1,8,8,8.0,1.0,1.0,8.0,8,8,1
3007,2,1,14,14,14.0,0.643,1.0,3.0,9,14,3
3008,2,1,126,126,126.0,0.992,1.0,125.0,125,126,1
3009,2,1,106,106,106.0,0.434,1.0,1.02,46,106,45
3010,2,3,183,549,61.0,0.488,0.577,29.78,268,317,9
3011,2,6,21,126,3.5,0.246,0.254,31.0,31,32,1
3012,2,28,330,9240,11.786,0.057,0.066,31.0,527,614,17
3013,2,1,277,277,277.0,0.993,1.0,137.5,275,277,2
3014,2,1,187,187,187.0,0.963,1.0,25.71,180,187,7
3015,2,2,537,1074,268.5,0.537,0.609,22.19,577,654,26
3016,2,1,180,180,180.0,0.983,1.0,88.5,177,180,2
3017,2,1,51,51,51.0,0.471,1.0,2.4,24,51,10
3018,2,1,10,10,10.0,0.8,1.0,4.0,8,10,2
3019,2,7,14,98,2.0,0.102,0.204,10.0,10,20,1
3020,2,1,15,15,15.0,0.533,1.0,2.0,8,15,4
3021,2,3,304,912,101.33,0.555,0.686,42.17,506,626,12
3022,2,1,11,11,11.0,0.909,1.0,10.0,10,11,1
3023,2,1,107,107,107.0,0.869,1.0,18.6,93,107,5
3024,2,1,39,39,39.0,0.897,1.0,8.75,35,39,4
3025,2,2,535,1070,267.5,0.55,0.586,117.8,589,627,5
3026,2,2,18,36,9.0,0.667,0.694,24.0,24,25,1
3027,2,1,42,42,42.0,0.31,1.0,2.6,13,42,5
3028,2,3,550,1650,183.33,0.339,0.401,15.11,559,662,37
3029,2,1,94,94,94.0,0.564,1.0,3.31,53,94,16
3030,2,5,128,640,25.6,0.759,0.764,162.0,486,489,3
3031,2,2,475,950,237.5,0.504,0.544,95.8,479,517,5
3032,2,4,9,36,2.25,0.611,0.611,22.0,22,22,1
3033,2,1,77,77,77.0,0.403,1.0,5.17,31,77,6
3034,2,6,142,852,23.667,0.115,0.173,6.53,98,147,15
3035,2,1,17,17,17.0,0.765,1.0,3.25,13,17,4
3036,2,1,58,58,58.0,0.845,1.0,9.8,49,58,5
3037,2,1,14,14,14.0,1.0,1.0,14.0,14,14,1
3038,2,3,286,858,95.333,0.406,0.427,87.0,348,366,4
3039,2,1,22,22,22.0,0.5,1.0,1.83,11,22,6
3040,2,1,17,17,17.0,0.412,1.0,1.75,7,17,4
3041,2,1,14,14,14.0,0.643,1.0,4.5,9,14,2
3042,2,2,536,1072,268.0,0.537,0.622,24.0,576,667,24
3043,2,2,538,1076,269.0,0.637,0.703,29.78,685,756,23
3044,2,3,113,339,37.667,0.41,0.472,13.9,139,160,10
3045,2,2,32,64,16.0,0.516,0.531,33.0,33,34,1
3046,2,1,214,214,214.0,1.0,1.0,214.0,214,214,1
3047,2,1,13,13,13.0,0.692,1.0,4.5,9,13,2
3048,2,1,70,70,70.0,0.943,1.0,22.0,66,70,3
3049,2,5,110,550,22.0,0.547,0.556,100.33,301,306,3
3050,2,1,44,44,44.0,0.25,1.0,2.2,11,44,5
3051,2,2,48,96,24.0,0.625,0.677,30.0,60,65,2
3052,2,1,159,159,159.0,0.994,1.0,158.0,158,159,1
3053,2,1,11,11,11.0,0.727,1.0,4.0,8,11,2
3054,2,1,17,17,17.0,1.0,1.0,17.0,17,17,1
3055,2,1,152,152,152.0,0.822,1.0,11.36,125,152,11
3056,2,1,44,44,44.0,0.727,1.0,5.33,32,44,6
3057,2,1,14,14,14.0,0.643,1.0,4.5,9,14,2
3058,2,1,13,13,13.0,1.0,1.0,13.0,13,13,1
3059,2,1,11,11,11.0,0.909,1.0,10.0,10,11,1
3060,2,3,132,396,44.0,0.505,0.558,20.0,200,221,10
3061,2,1,10,10,10.0,1.0,1.0,10.0,10,10,1
3062,2,1,36,36,36.0,0.306,1.0,1.83,11,36,6
3063,2,2,22,44,11.0,0.75,0.75,33.0,33,33,1
3064,2,2,535,1070,267.5,0.55,0.586,117.8,589,627,5
3065,2,3,183,549,61.0,0.488,0.577,29.78,268,317,9
3066,2,1,278,278,278.0,0.946,1.0,29.22,263,278,9
3067,2,3,536,1608,178.67,0.341,0.353,61.0,549,567,9
3068,2,1,196,196,196.0,0.98,1.0,64.0,192,196,3
3069,2,1,34,34,34.0,0.471,1.0,1.07,16,34,15
3070,2,3,470,1410,156.67,0.352,0.387,23.62,496,545,21
3071,2,2,537,1074,268.5,0.538,0.555,82.57,578,596,7
3072,2,1,32,32,32.0,0.469,1.0,1.88,15,32,8
3073,2,2,100,200,50.0,0.46,0.505,11.5,92,101,8
3074,2,1,85,85,85.0,0.882,1.0,12.5,75,85,6
3075,2,1,19,19,19.0,0.789,1.0,3.75,15,19,4
3076,2,2,46,92,23.0,0.511,0.554,47.0,47,51,1
3077,2,1,117,117,117.0,0.974,1.0,38.0,114,117,3
3078,2,3,113,339,37.667,0.357,0.378,30.25,121,128,4
3079,2,2,17,34,8.5,0.588,0.971,6.67,20,33,3
3080,2,2,537,1074,268.5,0.52,0.621,26.57,558,667,21
3081,2,1,61,61,61.0,1.0,1.0,61.0,61,61,1
3082,2,1,55,55,55.0,0.564,1.0,10.33,31,55,3
3083,2,1,15,15,15.0,0.867,1.0,6.5,13,15,2
3084,2,2,536,1072,268.0,0.505,0.512,180.33,541,549,3
3085,2,3,259,777,86.333,0.96,0.978,67.82,746,760,11
3086,2,1,187,187,187.0,0.963,1.0,25.71,180,187,7
3087,2,1,65,65,65.0,0.646,1.0,3.0,42,65,14
3088,2,1,19,19,19.0,0.737,1.0,4.67,14,19,3
3089,2,1,29,29,29.0,0.586,1.0,2.13,17,29,8
3090,2,1,13,13,13.0,1.0,1.0,13.0,13,13,1
3091,2,2,204,408,102.0,0.412,0.681,10.5,168,278,16
3092,2,5,333,1665,66.6,0.374,0.413,36.65,623,688,17
3093,2,1,23,23,23.0,0.826,1.0,19.0,19,23,1
3094,2,1,42,42,42.0,0.19,1.0,1.6,8,42,5
3095,2,1,14,14,14.0,0.929,1.0,13.0,13,14,1
3096,2,1,14,14,14.0,0.929,1.0,13.0,13,14,1
3097,2,10,553,5530,55.3,0.797,0.884,21.3,409,890,207
3098,2,1,199,199,199.0,0.99,1.0,197.0,197,199,1
3099,2,1,11,11,11.0,0.909,1.0,10.0,10,11,1
3100,2,2,535,1070,267.5,0.648,0.92,11.75,693,984,59
3101,2,2,536,1072,268.0,0.498,0.533,41.08,534,571,13
3102,2,1,75,75,75.0,0.92,1.0,11.5,69,75,6
3103,2,1,17,17,17.0,1.0,1.0,17.0,17,17,1
3104,2,1,44,44,44.0,0.25,1.0,2.2,11,44,5
3105,2,2,9,18,4.5,0.556,0.556,10.0,10,10,1
3106,2,1,18,18,18.0,0.944,1.0,17.0,17,18,1
3107,2,3,113,339,37.667,0.41,0.472,13.9,139,160,10
3108,2,1,42,42,42.0,0.31,1.0,2.6,13,42,5
3109,2,1,36,36,36.0,0.722,1.0,8.67,26,36,3
3110,2,1,45,45,45.0,0.933,1.0,21.0,42,45,2
3111,2,1,9,9,9.0,1.0,1.0,9.0,9,9,1
3112,2,1,29,29,29.0,1.0,1.0,29.0,29,29,1
3113,2,1,131,131,131.0,0.977,1.0,64.0,128,131,2
3114,2,2,18,36,9.0,0.722,0.722,26.0,26,26,1
3115,2,1,33,33,33.0,0.667,1.0,3.67,22,33,6
3116,2,2,535,1070,267.5,0.55,0.586,117.8,589,627,5
3117,2,1,63,63,63.0,0.587,1.0,2.31,37,63,16
3118,2,1,13,13,13.0,0.692,1.0,3.0,9,13,3
3119,2,1,20,20,20.0,0.85,1.0,8.5,17,20,2
3120,2,3,537,1611,179.0,0.345,0.405,22.24,556,652,25
3121,2,1,14,14,14.0,0.643,1.0,4.5,9,14,2
3122,2,1,58,58,58.0,0.845,1.0,9.8,49,58,5
3123,2,3,544,1632,181.33,0.326,0.406,16.12,532,662,33
3124,2,1,23,23,23.0,0.826,1.0,19.0,19,23,1
3125,2,5,7,35,1.4,0.2,0.314,7.0,7,11,1
3126,2,2,535,1070,267.5,0.564,0.614,40.2,603,657,15
3127,2,1,17,17,17.0,1.0,1.0,17.0,17,17,1
3128,2,1,17,17,17.0,0.882,1.0,7.5,15,17,2
3129,2,9,13,117,1.444,0.103,0.752,4.0,12,88,3
3130,2,1,13,13,13.0,1.0,1.0,13.0,13,13,1
3131,2,1,76,76,76.0,0.961,1.0,36.5,73,76,2
3132,2,2,22,44,11.0,0.705,0.864,15.5,31,38,2
3133,2,1,14,14,14.0,1.0,1.0,14.0,14,14,1
3134,2,3,538,1614,179.33,0.37,0.424,22.11,597,685,27
3135,2,1,187,187,187.0,0.963,1.0,25.71,180,187,7
3136,2,1,70,70,70.0,1.0,1.0,70.0,70,70,1
3137,2,1,34,34,34.0,0.471,1.0,1.07,16,34,15
3138,2,1,7,7,7.0,1.0,1.0,7.0,7,7,1
3139,2,4,19,76,4.75,0.276,0.382,5.25,21,29,4
3140,2,1,47,47,47.0,1.0,1.0,47.0,47,47,1
3141,2,2,64,128,32.0,0.43,0.602,3.93,55,77,14
3142,2,2,536,1072,268.0,0.538,0.737,30.37,577,790,19
3143,2,1,51,51,51.0,0.471,1.0,2.4,24,51,10
3144,2,1,18,18,18.0,0.5,1.0,3.0,9,18,3
3145,2,2,52,104,26.0,0.231,0.529,1.5,24,55,16
3146,2,1,104,104,104.0,0.971,1.0,50.5,101,104,2
3147,2,1,29,29,29.0,0.931,1.0,13.5,27,29,2
3148,2,1,8,8,8.0,1.0,1.0,8.0,8,8,1
3149,2,1,115,115,115.0,0.2,1.0,4.6,23,115,5
3150,2,2,99,198,49.5,0.253,0.616,4.55,50,122,11
3151,2,1,35,35,35.0,0.857,1.0,10.0,30,35,3
3152,2,1,57,57,57.0,0.456,1.0,3.71,26,57,7
3153,2,2,176,352,88.0,0.528,0.605,31.0,186,213,6
3154,2,2,176,352,88.0,0.528,0.605,31.0,186,213,6
3155,2,1,14,14,14.0,1.0,1.0,14.0,14,14,1
3156,2,1,19,19,19.0,0.632,1.0,4.0,12,19,3
3157,2,3,116,348,38.667,0.385,0.494,33.5,134,172,4
3158,2,1,11,11,11.0,0.909,1.0,10.0,10,11,1
3159,2,6,47,282,7.833,0.202,0.202,57.0,57,57,1
3160,2,2,18,36,9.0,0.722,0.722,26.0,26,26,1
3161,2,1,44,44,44.0,0.727,1.0,5.33,32,44,6
3162,2,2,52,104,26.0,0.231,0.529,1.5,24,55,16
3163,2,1,131,131,131.0,0.977,1.0,64.0,128,131,2
3164,2,2,537,1074,268.5,0.51,0.534,49.82,548,574,11
3165,2,1,20,20,20.0,0.55,1.0,1.38,11,20,8
3166,2,2,176,352,88.0,0.528,0.605,31.0,186,213,6
3167,2,1,85,85,85.0,0.882,1.0,12.5,75,85,6
3168,2,1,196,196,196.0,0.98,1.0,64.0,192,196,3
3169,2,21,2,42,0.095,0.738,0.738,31.0,31,31,1
3170,2,1,39,39,39.0,0.897,1.0,8.75,35,39,4
3171,2,1,8,8,8.0,0.875,1.0,7.0,7,8,1
3172,2,3,550,1650,183.33,0.339,0.401,15.11,559,662,37
3173,2,1,20,20,20.0,0.75,1.0,3.0,15,20,5
3174,2,3,550,1650,183.33,0.339,0.401,15.11,559,662,37
3175,2,1,54,54,54.0,0.944,1.0,17.0,51,54,3
3176,2,1,98,98,98.0,0.939,1.0,30.67,92,98,3
3177,2,1,206,206,206.0,0.99,1.0,204.0,204,206,1
3178,2,1,19,19,19.0,0.684,1.0,4.33,13,19,3
3179,2,11,552,6072,50.182,0.816,0.816,955.0,955,955,1
3180,2,2,538,1076,269.0,0.519,0.684,34.88,558,736,16
3181,2,10,2,20,0.2,0.55,0.6,11.0,11,12,1
3182,2,4,194,776,48.5,0.263,0.273,34.0,204,212,6
3183,2,1,37,37,37.0,0.811,1.0,6.0,30,37,5
3184,2,4,194,776,48.5,0.263,0.273,34.0,204,212,6
3185,2,1,26,26,26.0,1.0,1.0,26.0,26,26,1
3186,2,2,6,12,3.0,0.667,1.0,4.0,8,12,2
3187,2,1,255,255,255.0,0.686,1.0,4.86,175,255,36
3188,2,1,27,27,27.0,0.259,1.0,1.4,7,27,5
3189,2,2,20,40,10.0,0.675,0.675,27.0,27,27,1
3190,2,1,28,28,28.0,0.464,1.0,2.17,13,28,6
3191,2,2,14,28,7.0,0.286,0.821,8.0,8,23,1
3192,2,2,46,92,23.0,0.587,0.761,18.0,54,70,3
3193,2,1,36,36,36.0,0.583,1.0,4.2,21,36,5
3194,2,1,16,16,16.0,1.0,1.0,16.0,16,16,1
3195,2,21,2,42,0.095,0.738,0.738,31.0,31,31,1
3196,2,3,550,1650,183.33,0.339,0.401,15.11,559,662,37
3197,2,1,255,255,255.0,0.686,1.0,4.86,175,255,36
3198,2,2,536,1072,268.0,0.568,0.688,24.36,609,737,25
3199,2,1,52,52,52.0,0.962,1.0,25.0,50,52,2
3200,2,1,186,186,186.0,0.828,1.0,9.06,154,186,17
3201,2,4,108,432,27.0,0.778,0.826,56.0,336,357,6
3202,2,1,17,17,17.0,0.941,1.0,16.0,16,17,1
3203,2,2,48,96,24.0,0.625,0.677,30.0,60,65,2
3204,2,2,32,64,16.0,0.516,0.531,33.0,33,34,1
3205,2,3,183,549,61.0,0.488,0.577,29.78,268,317,9
3206,2,2,236,472,118.0,0.566,0.689,10.27,267,325,26
3207,2,25,169,4225,6.76,0.215,0.947,1.57,907,0,579
3208,2,1,14,14,14.0,0.857,1.0,12.0,12,14,1
3209,2,1,107,107,107.0,0.869,1.0,18.6,93,107,5
3210,2,1,57,57,57.0,0.456,1.0,3.71,26,57,7
3211,2,1,95,95,95.0,1.0,1.0,95.0,95,95,1
3212,2,1,51,51,51.0,0.471,1.0,2.4,24,51,10
3213,2,2,537,1074,268.5,0.537,0.609,22.19,577,654,26
3214,2,1,199,199,199.0,0.945,1.0,37.6,188,199,5
3215,2,1,63,63,63.0,1.0,1.0,63.0,63,63,1
3216,2,1,51,51,51.0,0.471,1.0,2.4,24,51,10
3217,2,1,98,98,98.0,0.939,1.0,30.67,92,98,3
3218,2,2,14,28,7.0,0.464,0.536,13.0,13,15,1
3219,2,2,52,104,26.0,0.231,0.529,1.5,24,55,16
3220,2,1,148,148,148.0,0.986,1.0,73.0,146,148,2
3221,2,1,63,63,63.0,1.0,1.0,63.0,63,63,1
3222,2,2,18,36,9.0,0.722,0.722,26.0,26,26,1
3223,2,1,12,12,12.0,0.75,1.0,9.0,9,12,1
3224,2,1,19,19,19.0,0.684,1.0,4.33,13,19,3
3225,2,2,536,1072,268.0,0.532,0.558,30.0,570,598,19
3226,2,1,32,32,32.0,0.719,1.0,5.75,23,32,4
3227,2,2,64,128,32.0,0.43,0.602,3.93,55,77,14
3228,2,1,37,37,37.0,0.811,1.0,6.0,30,37,5
3229,2,12,278,3336,23.167,0.11,0.144,15.91,366,479,23
3230,2,3,550,1650,183.33,0.339,0.401,15.11,559,662,37
3231,2,2,24,48,12.0,0.354,1.0,3.4,17,48,5
3232,2,1,52,52,52.0,0.538,1.0,14.0,28,52,2
3233,2,1,17,17,17.0,0.941,1.0,16.0,16,17,1
3234,2,3,54,162,18.0,0.364,0.519,8.43,59,84,7
3235,2,1,79,79,79.0,0.608,1.0,6.86,48,79,7
3236,2,5,280,1400,56.0,0.78,0.786,156.0,92,100,7
3237,2,1,19,19,19.0,0.684,1.0,4.33,13,19,3
3238,2,1,23,23,23.0,0.826,1.0,19.0,19,23,1
3239,2,2,537,1074,268.5,0.507,0.528,181.33,544,567,3
3240,2,2,32,64,16.0,0.516,0.531,33.0,33,34,1
3241,2,6,21,126,3.5,0.246,0.254,31.0,31,32,1
3242,2,2,99,198,49.5,0.253,0.616,4.55,50,122,11
3243,2,2,157,314,78.5,0.506,0.551,26.5,159,173,6
3244,2,1,19,19,19.0,0.789,1.0,3.75,15,19,4
3245,2,1,159,159,159.0,0.975,1.0,77.5,155,159,2
3246,2,1,187,187,187.0,0.963,1.0,25.71,180,187,7
3247,2,1,8,8,8.0,0.875,1.0,7.0,7,8,1
3248,2,10,2,20,0.2,0.55,0.6,11.0,11,12,1
3249,2,5,128,640,25.6,0.759,0.764,162.0,486,489,3
3250,2,1,288,288,288.0,0.424,1.0,1.02,122,288,120
3251,2,1,127,127,127.0,0.646,1.0,13.67,82,127,6
3252,2,1,193,193,193.0,0.57,1.0,2.97,110,193,37
3253,2,1,9,9,9.0,0.778,1.0,7.0,7,9,1
3254,2,1,94,94,94.0,0.564,1.0,3.31,53,94,16
3255,2,10,2,20,0.2,0.55,0.6,11.0,11,12,1
3256,2,1,30,30,30.0,0.4,1.0,2.4,12,30,5
3257,2,1,44,44,44.0,0.909,1.0,20.0,40,44,2
3258,2,1,186,186,186.0,0.828,1.0,9.06,154,186,17
3259,2,1,76,76,76.0,0.961,1.0,36.5,73,76,2
3260,2,1,98,98,98.0,0.939,1.0,30.67,92,98,3
3261,2,1,14,14,14.0,1.0,1.0,14.0,14,14,1
3262,2,1,199,199,199.0,0.99,1.0,197.0,197,199,1
3263,2,2,176,352,88.0,0.528,0.605,31.0,186,213,6
3264,2,1,55,55,55.0,0.564,1.0,10.33,31,55,3
3265,2,1,138,138,138.0,1.0,1.0,138.0,138,138,1
3266,2,1,42,42,42.0,0.31,1.0,2.6,13,42,5
3267,2,1,44,44,44.0,0.727,1.0,5.33,32,44,6
3268,2,1,8,8,8.0,1.0,1.0,8.0,8,8,1
3269,2,1,28,28,28.0,0.536,1.0,3.0,15,28,5
3270,2,2,204,408,102.0,0.412,0.681,10.5,168,278,16
3271,2,1,124,124,124.0,0.444,1.0,7.86,55,124,7
3272,2,1,28,28,28.0,0.536,1.0,3.0,15,28,5
3273,2,1,8,8,8.0,0.875,1.0,7.0,7,8,1
3274,2,1,27,27,27.0,0.407,1.0,1.83,11,27,6
3275,2,10,2,20,0.2,0.55,0.6,11.0,11,12,1
3276,2,12,278,3336,23.167,0.11,0.144,15.91,366,479,23
3277,2,1,16,16,16.0,1.0,1.0,16.0,16,16,1
3278,2,1,17,17,17.0,0.765,1.0,3.25,13,17,4
3279,2,3,500,1500,166.67,0.373,0.421,19.28,559,632,29
3280,2,1,63,63,63.0,1.0,1.0,63.0,63,63,1
3281,2,1,11,11,11.0,1.0,1.0,11.0,11,11,1
3282,2,4,194,776,48.5,0.263,0.273,34.0,204,212,6
3283,2,3,106,318,35.333,0.258,0.34,6.31,82,108,13
3284,2,2,325,650,162.5,0.485,0.537,28.64,315,349,11
3285,2,1,8,8,8.0,1.0,1.0,8.0,8,8,1
3286,2,2,536,1072,268.0,0.538,0.737,30.37,577,790,19
3287,2,1,131,131,131.0,0.977,1.0,64.0,128,131,2
3288,2,1,102,102,102.0,0.961,1.0,24.5,98,102,4
3289,2,4,108,432,27.0,0.778,0.826,56.0,336,357,6
3290,2,2,536,1072,268.0,0.538,0.737,30.37,577,790,19
3291,2,3,550,1650,183.33,0.339,0.401,15.11,559,662,37
3292,2,1,12,12,12.0,0.75,1.0,9.0,9,12,1
3293,2,1,75,75,75.0,0.813,1.0,5.55,61,75,11
3294,2,2,236,472,118.0,0.566,0.689,10.27,267,325,26
3295,2,1,19,19,19.0,0.684,1.0,4.33,13,19,3
3296,2,2,325,650,162.5,0.485,0.537,28.64,315,349,11
3297,2,2,537,1074,268.5,0.51,0.534,49.82,548,574,11
3298,2,1,8,8,8.0,1.0,1.0,8.0,8,8,1
3299,2,1,15,15,15.0,0.867,1.0,6.5,13,15,2
3300,2,2,98,196,49.0,0.48,0.653,9.4,94,128,10
3301,2,1,81,81,81.0,0.901,1.0,24.33,73,81,3
3302,2,3,500,1500,166.67,0.373,0.421,19.28,559,632,29
3303,2,1,413,413,413.0,0.998,1.0,412.0,412,413,1
3304,2,1,52,52,52.0,0.981,1.0,51.0,51,52,1
3305,2,2,537,1074,268.5,0.523,0.567,62.44,562,609,9
3306,2,2,21,42,10.5,0.452,1.0,6.33,19,42,3
3307,2,3,259,777,86.333,0.96,0.978,67.82,746,760,11
3308,2,3,129,387,43.0,0.305,0.377,11.8,118,146,10
3309,2,1,9,9,9.0,0.889,1.0,8.0,8,9,1
3310,2,3,113,339,37.667,0.357,0.378,30.25,121,128,4
3311,2,1,29,29,29.0,0.586,1.0,2.13,17,29,8
3312,2,1,87,87,87.0,0.92,1.0,16.0,80,87,5
3313,2,1,46,46,46.0,0.239,1.0,1.38,11,46,8
3314,2,2,537,1074,268.5,0.52,0.621,26.57,558,667,21
3315,2,4,115,460,28.75,0.426,0.487,17.82,196,224,11
3316,2,3,541,1623,180.33,0.71,0.747,88.62,152,213,13
3317,2,1,255,255,255.0,0.686,1.0,4.86,175,255,36
3318,2,2,46,92,23.0,0.587,0.761,18.0,54,70,3
3319,2,1,131,131,131.0,0.977,1.0,64.0,128,131,2
3320,2,5,110,550,22.0,0.547,0.556,100.33,301,306,3
3321,2,1,29,29,29.0,0.931,1.0,13.5,27,29,2
3322,2,3,259,777,86.333,0.411,0.481,13.29,319,374,24
3323,2,1,54,54,54.0,0.944,1.0,17.0,51,54,3
3324,2,1,14,14,14.0,0.571,1.0,2.0,8,14,4
3325,2,1,36,36,36.0,0.583,1.0,5.25,21,36,4
3326,2,1,7,7,7.0,1.0,1.0,7.0,7,7,1
3327,2,11,252,2772,22.909,0.092,0.095,63.75,255,262,4
3328,2,3,106,318,35.333,0.258,0.34,6.31,82,108,13
3329,2,1,29,29,29.0,0.931,1.0,13.5,27,29,2
3330,2,4,115,460,28.75,0.426,0.487,17.82,196,224,11
3331,2,2,112,224,56.0,0.496,0.504,55.5,111,113,2
3332,2,1,14,14,14.0,0.643,1.0,3.0,9,14,3
3333,2,1,193,193,193.0,0.57,1.0,2.97,110,193,37
3334,2,1,57,57,57.0,0.456,1.0,3.71,26,57,7
3335,2,1,17,17,17.0,1.0,1.0,17.0,17,17,1
3336,2,1,8,8,8.0,1.0,1.0,8.0,8,8,1
3337,2,1,14,14,14.0,0.643,1.0,4.5,9,14,2
3338,2,1,11,11,11.0,1.0,1.0,11.0,11,11,1
3339,2,1,14,14,14.0,0.857,1.0,12.0,12,14,1
3340,2,2,536,1072,268.0,0.498,0.533,41.08,534,571,13
3341,2,6,39,234,6.5,0.192,0.197,45.0,45,46,1
3342,2,2,99,198,49.5,0.253,0.616,4.55,50,122,11
3343,2,1,65,65,65.0,0.646,1.0,3.0,42,65,14
3344,2,1,17,17,17.0,0.824,1.0,4.67,14,17,3
3345,2,3,550,1650,183.33,0.329,0.375,27.15,543,619,20
3346,2,3,213,639,71.0,0.318,0.379,11.94,203,242,17
3347,2,1,17,17,17.0,0.412,1.0,1.75,7,17,4
3348,2,6,7,42,1.167,0.238,0.69,10.0,10,29,1
3349,2,2,32,64,16.0,0.516,0.531,33.0,33,34,1
3350,2,1,36,36,36.0,0.306,1.0,1.83,11,36,6
3351,2,1,54,54,54.0,0.944,1.0,17.0,51,54,3
3352,2,2,112,224,56.0,0.496,0.504,55.5,111,113,2
3353,2,1,35,35,35.0,0.857,1.0,10.0,30,35,3
3354,2,2,99,198,49.5,0.253,0.616,4.55,50,122,11
3355,2,11,552,6072,50.182,0.816,0.816,955.0,955,955,1
3356,2,1,81,81,81.0,0.901,1.0,24.33,73,81,3
3357,2,1,14,14,14.0,0.643,1.0,3.0,9,14,3
3358,2,4,19,76,4.75,0.276,0.382,5.25,21,29,4
3359,2,2,536,1072,268.0,0.568,0.688,24.36,609,737,25
3360,2,2,236,472,118.0,0.566,0.689,10.27,267,325,26
3361,2,1,9,9,9.0,0.889,1.0,8.0,8,9,1
3362,2,2,536,1072,268.0,0.568,0.688,24.36,609,737,25
3363,2,1,279,279,279.0,0.964,1.0,38.43,269,279,7
3364,2,2,536,1072,268.0,0.505,0.512,180.33,541,549,3
3365,2,3,537,1611,179.0,0.345,0.405,22.24,556,652,25
3366,2,2,535,1070,267.5,0.564,0.614,40.2,603,657,15
3367,2,1,52,52,52.0,0.788,1.0,10.25,41,52,4
3368,2,1,37,37,37.0,0.811,1.0,6.0,30,37,5
3369,2,5,110,550,22.0,0.547,0.556,100.33,301,306,3
3370,2,1,75,75,75.0,0.813,1.0,5.55,61,75,11
3371,2,1,52,52,52.0,0.538,1.0,14.0,28,52,2
3372,2,1,19,19,19.0,0.632,1.0,4.0,12,19,3
3373,2,1,35,35,35.0,0.829,1.0,9.67,29,35,3
3374,2,2,325,650,162.5,0.485,0.537,28.64,315,349,11
3375,2,2,20,40,10.0,0.675,0.675,27.0,27,27,1
3376,2,1,62,62,62.0,0.984,1.0,61.0,61,62,1
3377,2,1,18,18,18.0,0.5,1.0,3.0,9,18,3
3378,2,1,63,63,63.0,0.587,1.0,2.31,37,63,16
3379,2,2,6,12,3.0,0.667,1.0,4.0,8,12,2
3380,2,1,42,42,42.0,0.31,1.0,2.6,13,42,5
3381,2,1,17,17,17.0,1.0,1.0,17.0,17,17,1
3382,2,1,29,29,29.0,0.586,1.0,2.13,17,29,8
3383,2,1,8,8,8.0,1.0,1.0,8.0,8,8,1
3384,2,1,52,52,52.0,0.788,1.0,10.25,41,52,4
3385,2,2,538,1076,269.0,0.518,0.596,29.32,557,641,19
3386,2,19,462,8778,24.316,0.523,0.688,16.88,591,35,272
3387,2,1,34,34,34.0,0.353,1.0,1.71,12,34,7
3388,2,1,161,161,161.0,0.41,1.0,1.02,66,161,65
3389,2,3,544,1632,181.33,0.326,0.406,16.12,532,662,33
3390,2,1,40,40,40.0,1.0,1.0,40.0,40,40,1
3391,2,1,283,283,283.0,0.993,1.0,140.5,281,283,2
3392,2,1,52,52,52.0,0.788,1.0,10.25,41,52,4
3393,2,11,252,2772,22.909,0.092,0.095,63.75,255,262,4
3394,2,1,29,29,29.0,0.586,1.0,2.13,17,29,8
3395,2,1,17,17,17.0,1.0,1.0,17.0,17,17,1
3396,2,2,22,44,11.0,0.705,0.864,15.5,31,38,2
3397,2,2,49,98,24.5,0.51,0.51,50.0,50,50,1
3398,2,3,536,1608,178.67,0.341,0.353,61.0,549,567,9
3399,2,3,129,387,43.0,0.305,0.377,11.8,118,146,10
3400,2,2,537,1074,268.5,0.594,0.655,21.27,638,703,30
3401,2,1,13,13,13.0,1.0,1.0,13.0,13,13,1
3402,2,4,9,36,2.25,0.611,0.611,22.0,22,22,1
3403,2,1,107,107,107.0,0.869,1.0,18.6,93,107,5
3404,2,1,34,34,34.0,0.353,1.0,1.71,12,34,7
3405,2,3,54,162,18.0,0.364,0.519,8.43,59,84,7
3406,2,1,30,30,30.0,0.4,1.0,2.4,12,30,5
3407,2,1,145,145,145.0,0.972,1.0,35.25,141,145,4
3408,2,6,142,852,23.667,0.115,0.173,6.53,98,147,15
3409,2,1,52,52,52.0,0.788,1.0,10.25,41,52,4
3410,2,1,11,11,11.0,0.727,1.0,4.0,8,11,2
3411,2,1,186,186,186.0,0.828,1.0,9.06,154,186,17
3412,2,1,13,13,13.0,1.0,1.0,13.0,13,13,1
3413,2,1,199,199,199.0,0.945,1.0,37.6,188,199,5
3414,2,1,69,69,69.0,0.667,1.0,4.18,46,69,11
3415,2,1,39,39,39.0,0.897,1.0,8.75,35,39,4
3416,2,2,537,1074,268.5,0.538,0.594,32.11,578,638,18
3417,2,1,35,35,35.0,0.829,1.0,9.67,29,35,3
3418,2,1,17,17,17.0,0.882,1.0,7.5,15,17,2
3419,2,1,14,14,14.0,0.643,1.0,3.0,9,14,3
3420,2,19,462,8778,24.316,0.523,0.688,16.88,591,35,272
3421,2,1,44,44,44.0,0.727,1.0,5.33,32,44,6
3422,2,1,52,52,52.0,0.962,1.0,25.0,50,52,2
3423,2,1,277,277,277.0,1.0,1.0,277.0,277,277,1
3424,2,2,536,1072,268.0,0.532,0.558,30.0,570,598,19
3425,2,1,39,39,39.0,0.308,1.0,1.71,12,39,7
3426,2,3,106,318,35.333,0.258,0.34,6.31,82,108,13
3427,2,1,13,13,13.0,0.692,1.0,3.0,9,13,3
3428,2,1,8,8,8.0,1.0,1.0,8.0,8,8,1
3429,2,1,9,9,9.0,0.889,1.0,8.0,8,9,1
3430,2,1,40,40,40.0,1.0,1.0,40.0,40,40,1
3431,2,1,8,8,8.0,0.875,1.0,7.0,7,8,1
3432,2,1,81,81,81.0,0.901,1.0,24.33,73,81,3
3433,2,1,78,78,78.0,0.949,1.0,24.67,74,78,3
3434,2,1,54,54,54.0,0.944,1.0,17.0,51,54,3
3435,2,1,148,148,148.0,0.986,1.0,73.0,146,148,2
3436,2,1,187,187,187.0,0.963,1.0,25.71,180,187,7
3437,2,3,183,549,61.0,0.488,0.577,29.78,268,317,9
3438,2,2,537,1074,268.5,0.537,0.609,22.19,577,654,26
3439,2,25,300,7500,12.0,0.065,0.071,40.33,484,531,12
3440,2,1,79,79,79.0,0.608,1.0,6.86,48,79,7
3441,2,6,142,852,23.667,0.115,0.173,6.53,98,147,15
3442,2,1,45,45,45.0,0.244,1.0,1.38,11,45,8
3443,2,1,161,161,161.0,0.41,1.0,1.02,66,161,65
3444,2,3,550,1650,183.33,0.339,0.401,15.11,559,662,37
3445,2,1,152,152,152.0,0.822,1.0,11.36,125,152,11
3446,2,1,138,138,138.0,1.0,1.0,138.0,138,138,1
3447,2,2,415,830,207.5,0.505,0.578,16.76,419,480,25
3448,2,2,46,92,23.0,0.511,0.554,47.0,47,51,1
3449,2,1,10,10,10.0,1.0,1.0,10.0,10,10,1
3450,2,2,98,196,49.0,0.48,0.653,9.4,94,128,10
3451,2,2,48,96,24.0,0.625,0.677,30.0,60,65,2
3452,2,1,95,95,95.0,1.0,1.0,95.0,95,95,1
3453,2,1,28,28,28.0,0.464,1.0,2.17,13,28,6
3454,2,1,14,14,14.0,0.571,1.0,2.0,8,14,4
3455,2,2,537,1074,268.5,0.507,0.528,181.33,544,567,3
3456,2,1,71,71,71.0,0.521,1.0,2.31,37,71,16
3457,2,3,550,1650,183.33,0.339,0.401,15.11,559,662,37
3458,2,1,77,77,77.0,0.403,1.0,5.17,31,77,6
3459,2,1,28,28,28.0,0.964,1.0,27.0,27,28,1
3460,2,2,537,1074,268.5,0.538,0.555,82.57,578,596,7
3461,2,1,19,19,19.0,0.789,1.0,3.75,15,19,4
3462,2,2,99,198,49.5,0.253,0.616,4.55,50,122,11
3463,2,1,8,8,8.0,0.875,1.0,7.0,7,8,1
3464,2,3,106,318,35.333,0.258,0.34,6.31,82,108,13
3465,2,1,10,10,10.0,0.8,1.0,4.0,8,10,2
3466,2,1,10,10,10.0,1.0,1.0,10.0,10,10,1
3467,2,1,10,10,10.0,1.0,1.0,10.0,10,10,1
3468,2,2,536,1072,268.0,0.498,0.533,41.08,534,571,13
3469,2,2,236,472,118.0,0.566,0.689,10.27,267,325,26
3470,2,1,95,95,95.0,1.0,1.0,95.0,95,95,1
3471,2,1,104,104,104.0,0.971,1.0,50.5,101,104,2
3472,2,3,541,1623,180.33,0.71,0.747,88.62,152,213,13
3473,2,37,1,37,0.027,1.0,1.0,37.0,37,37,1
3474,2,9,13,117,1.444,0.103,0.752,4.0,12,88,3
3475,2,3,304,912,101.33,0.555,0.686,42.17,506,626,12
3476,2,1,17,17,17.0,0.412,1.0,1.75,7,17,4
3477,2,5,280,1400,56.0,0.78,0.786,156.0,92,100,7
3478,2,1,14,14,14.0,0.5,1.0,2.33,7,14,3
3479,2,25,169,4225,6.76,0.215,0.947,1.57,907,0,579
3480,2,1,33,33,33.0,0.667,1.0,3.67,22,33,6
3481,2,1,104,104,104.0,0.971,1.0,50.5,101,104,2
3482,2,1,81,81,81.0,0.901,1.0,24.33,73,81,3
3483,2,1,22,22,22.0,0.955,1.0,21.0,21,22,1
3484,2,1,52,52,52.0,0.788,1.0,10.25,41,52,4
3485,2,1,126,126,126.0,0.992,1.0,125.0,125,126,1
3486,2,1,67,67,67.0,0.985,1.0,66.0,66,67,1
3487,2,4,194,776,48.5,0.263,0.273,34.0,204,212,6
3488,2,37,1,37,0.027,1.0,1.0,37.0,37,37,1
3489,2,5,280,1400,56.0,0.78,0.786,156.0,92,100,7
3490,2,1,51,51,51.0,0.471,1.0,2.4,24,51,10
3491,2,1,186,186,186.0,0.828,1.0,9.06,154,186,17
3492,2,1,10,10,10.0,0.8,1.0,4.0,8,10,2
3493,2,2,101,202,50.5,0.54,0.743,10.9,109,150,10
3494,2,1,278,278,278.0,0.946,1.0,29.22,263,278,9
3495,2,1,145,145,145.0,0.972,1.0,35.25,141,145,4
3496,2,1,18,18,18.0,0.5,1.0,3.0,9,18,3
3497,2,7,46,322,6.571,0.177,0.304,8.14,57,98,7
3498,2,1,13,13,13.0,0.846,1.0,5.5,11,13,2
3499,2,1,199,199,199.0,0.945,1.0,37.6,188,199,5
3500,2,1,23,23,23.0,0.826,1.0,19.0,19,23,1
3501,2,1,19,19,19.0,0.684,1.0,4.33,13,19,3
3502,2,1,58,58,58.0,0.845,1.0,9.8,49,58,5
3503,2,1,257,257,257.0,1.0,1.0,257.0,257,257,1
3504,2,1,278,278,278.0,0.946,1.0,29.22,263,278,9
3505,2,1,44,44,44.0,0.909,1.0,20.0,40,44,2
3506,2,28,330,9240,11.786,0.057,0.066,31.0,527,614,17
3507,2,3,544,1632,181.33,0.326,0.406,16.12,532,662,33
3508,2,1,124,124,124.0,0.444,1.0,7.86,55,124,7
3509,2,1,98,98,98.0,0.939,1.0,30.67,92,98,3
3510,2,9,13,117,1.444,0.103,0.752,4.0,12,88,3
3511,2,3,537,1611,179.0,0.345,0.405,22.24,556,652,25
3512,2,1,127,127,127.0,0.646,1.0,13.67,82,127,6
3513,2,2,64,128,32.0,0.531,0.586,17.0,68,75,4
3514,2,1,117,117,117.0,0.974,1.0,38.0,114,117,3
3515,2,4,115,460,28.75,0.426,0.487,17.82,196,224,11
3516,2,2,98,196,49.0,0.48,0.653,9.4,94,128,10
3517,2,8,16,128,2.0,0.398,0.695,2.55,51,89,20
3518,2,1,8,8,8.0,0.875,1.0,7.0,7,8,1
3519,2,3,550,1650,183.33,0.329,0.375,27.15,543,619,20
3520,2,1,71,71,71.0,0.521,1.0,2.31,37,71,16
3521,2,1,33,33,33.0,1.0,1.0,33.0,33,33,1
3522,2,1,14,14,14.0,0.857,1.0,12.0,12,14,1
3523,2,1,20,20,20.0,0.85,1.0,8.5,17,20,2
3524,2,3,259,777,86.333,0.96,0.978,67.82,746,760,11
3525,2,2,325,650,162.5,0.485,0.537,28.64,315,349,11
3526,2,1,14,14,14.0,0.5,1.0,2.33,7,14,3
3527,2,1,279,279,279.0,0.964,1.0,38.43,269,279,7
3528,2,1,75,75,75.0,0.813,1.0,5.55,61,75,11
3529,2,1,14,14,14.0,0.571,1.0,2.0,8,14,4
3530,2,1,63,63,63.0,0.952,1.0,20.0,60,63,3
3531,2,3,113,339,37.667,0.41,0.472,13.9,139,160,10
3532,2,1,148,148,148.0,0.959,1.0,47.33,142,148,3
3533,2,2,123,246,61.5,0.5,0.504,123.0,123,124,1
3534,2,1,29,29,29.0,0.931,1.0,13.5,27,29,2
3535,2,1,27,27,27.0,0.259,1.0,1.4,7,27,5
3536,2,2,18,36,9.0,0.667,0.694,24.0,24,25,1
3537,2,1,7,7,7.0,1.0,1.0,7.0,7,7,1
3538,2,1,29,29,29.0,1.0,1.0,29.0,29,29,1
3539,2,2,49,98,24.5,0.51,0.51,50.0,50,50,1
3540,2,1,9,9,9.0,1.0,1.0,9.0,9,9,1
3541,2,2,199,398,99.5,0.485,0.508,32.17,193,202,6
3542,2,1,36,36,36.0,0.722,1.0,8.67,26,36,3
3543,2,1,19,19,19.0,0.632,1.0,4.0,12,19,3
3544,2,1,10,10,10.0,1.0,1.0,10.0,10,10,1
3545,2,1,62,62,62.0,0.984,1.0,61.0,61,62,1
3546,2,3,113,339,37.667,0.41,0.472,13.9,139,160,10
3547,2,1,95,95,95.0,1.0,1.0,95.0,95,95,1
3548,2,7,1,7,0.143,1.0,1.0,7.0,7,7,1
3549,2,21,2,42,0.095,0.738,0.738,31.0,31,31,1
3550,2,3,541,1623,180.33,0.71,0.747,88.62,152,213,13
3551,2,1,14,14,14.0,0.857,1.0,12.0,12,14,1
3552,2,2,64,128,32.0,0.531,0.586,17.0,68,75,4
3553,2,2,25,50,12.5,0.36,1.0,4.5,18,50,4
3554,2,1,40,40,40.0,1.0,1.0,40.0,40,40,1
3555,2,3,550,1650,183.33,0.329,0.375,27.15,543,619,20
3556,2,1,187,187,187.0,0.963,1.0,25.71,180,187,7
3557,2,1,78,78,78.0,0.949,1.0,24.67,74,78,3
3558,2,1,48,48,48.0,0.875,1.0,10.5,42,48,4
3559,2,1,63,63,63.0,0.587,1.0,2.31,37,63,16
3560,2,2,20,40,10.0,0.725,0.875,29.0,29,35,1
3561,2,1,14,14,14.0,0.929,1.0,13.0,13,14,1
3562,2,1,46,46,46.0,0.239,1.0,1.38,11,46,8
3563,2,1,277,277,277.0,0.993,1.0,137.5,275,277,2
3564,2,17,342,5814,20.118,0.916,0.996,30.27,328,790,176
3565,2,1,117,117,117.0,0.393,1.0,5.75,46,117,8
3566,2,1,22,22,22.0,0.5,1.0,1.83,11,22,6
3567,2,1,18,18,18.0,0.5,1.0,3.0,9,18,3
3568,2,2,21,42,10.5,0.452,1.0,6.33,19,42,3
3569,2,1,257,257,257.0,1.0,1.0,257.0,257,257,1
3570,2,1,70,70,70.0,0.943,1.0,22.0,66,70,3
3571,2,1,45,45,45.0,0.756,1.0,5.67,34,45,6
3572,2,1,35,35,35.0,0.857,1.0,10.0,30,35,3
3573,2,3,304,912,101.33,0.555,0.686,42.17,506,626,12
3574,2,1,43,43,43.0,0.907,1.0,9.75,39,43,4
3575,2,3,537,1611,179.0,0.345,0.405,22.24,556,652,25
3576,2,2,123,246,61.5,0.5,0.504,123.0,123,124,1
3577,2,3,286,858,95.333,0.406,0.427,87.0,348,366,4
3578,2,1,17,17,17.0,0.765,1.0,6.5,13,17,2
3579,2,1,39,39,39.0,0.308,1.0,1.71,12,39,7
3580,2,6,7,42,1.167,0.238,0.69,10.0,10,29,1
3581,2,3,500,1500,166.67,0.373,0.421,19.28,559,632,29
3582,2,1,44,44,44.0,0.727,1.0,5.33,32,44,6
3583,2,1,29,29,29.0,1.0,1.0,29.0,29,29,1
3584,2,2,176,352,88.0,0.528,0.605,31.0,186,213,6
3585,2,1,138,138,138.0,1.0,1.0,138.0,138,138,1
3586,2,1,14,14,14.0,0.643,1.0,4.5,9,14,2
3587,2,1,22,22,22.0,0.818,1.0,4.5,18,22,4
3588,2,3,536,1608,178.67,0.341,0.353,61.0,549,567,9
3589,2,1,19,19,19.0,0.684,1.0,4.33,13,19,3
3590,2,1,16,16,16.0,1.0,1.0,16.0,16,16,1
3591,2,2,52,104,26.0,0.231,0.529,1.5,24,55,16
3592,2,4,194,776,48.5,0.263,0.273,34.0,204,212,6
3593,2,1,124,124,124.0,0.444,1.0,7.86,55,124,7
3594,2,2,69,138,34.5,0.623,0.906,10.75,86,125,8
3595,2,3,113,339,37.667,0.357,0.378,30.25,121,128,4
3596,2,1,36,36,36.0,0.306,1.0,1.83,11,36,6
3597,2,1,75,75,75.0,0.92,1.0,11.5,69,75,6
3598,2,1,75,75,75.0,0.813,1.0,5.55,61,75,11
3599,2,1,36,36,36.0,0.722,1.0,8.67,26,36,3
3600,2,1,52,52,52.0,0.962,1.0,25.0,50,52,2
3601,2,1,35,35,35.0,0.829,1.0,9.67,29,35,3
3602,2,1,152,152,152.0,0.822,1.0,11.36,125,152,11
3603,2,1,44,44,44.0,0.909,1.0,20.0,40,44,2
3604,2,1,79,79,79.0,0.608,1.0,6.86,48,79,7
3605,2,2,22,44,11.0,0.477,1.0,21.0,21,44,1
3606,2,2,100,200,50.0,0.46,0.505,11.5,92,101,8
3607,2,1,10,10,10.0,1.0,1.0,10.0,10,10,1
3608,2,2,536,1072,268.0,0.498,0.533,41.08,534,571,13
3609,2,2,22,44,11.0,0.705,0.864,15.5,31,38,2
3610,2,2,18,36,9.0,0.806,0.833,29.0,29,30,1
3611,2,1,114,114,114.0,0.939,1.0,21.4,107,114,5
3612,2,1,214,214,214.0,1.0,1.0,214.0,214,214,1
3613,2,1,126,126,126.0,0.992,1.0,125.0,125,126,1
3614,2,1,42,42,42.0,0.31,1.0,2.6,13,42,5
3615,2,2,199,398,99.5,0.485,0.508,32.17,193,202,6
3616,2,1,58,58,58.0,0.845,1.0,9.8,49,58,5
3617,2,3,132,396,44.0,0.505,0.558,20.0,200,221,10
3618,2,3,213,639,71.0,0.318,0.379,11.94,203,242,17
3619,2,4,19,76,4.75,0.276,0.382,5.25,21,29,4
3620,2,2,99,198,49.5,0.253,0.616,4.55,50,122,11
3621,2,1,8,8,8.0,1.0,1.0,8.0,8,8,1
3622,2,1,17,17,17.0,0.765,1.0,3.25,13,17,4
3623,2,25,300,7500,12.0,0.065,0.071,40.33,484,531,12
3624,2,18,342,6156,19.0,0.847,0.897,43.48,217,522,120
3625,2,1,159,159,159.0,0.994,1.0,158.0,158,159,1
3626,2,3,544,1632,181.33,0.326,0.406,16.12,532,662,33
3627,2,2,538,1076,269.0,0.519,0.684,34.88,558,736,16
3628,2,2,22,44,11.0,0.705,0.864,15.5,31,38,2
3629,2,1,98,98,98.0,0.939,1.0,30.67,92,98,3
3630,2,2,25,50,12.5,0.36,1.0,4.5,18,50,4
3631,2,1,44,44,44.0,0.909,1.0,20.0,40,44,2
3632,2,1,277,277,277.0,0.993,1.0,137.5,275,277,2
3633,2,3,500,1500,166.67,0.373,0.421,19.28,559,632,29
3634,2,1,14,14,14.0,0.643,1.0,3.0,9,14,3
3635,2,1,19,19,19.0,0.737,1.0,4.67,14,19,3
3636,2,3,537,1611,179.0,0.345,0.405,22.24,556,652,25
3637,2,1,17,17,17.0,0.765,1.0,3.25,13,17,4
3638,2,1,257,257,257.0,1.0,1.0,257.0,257,257,1
3639,2,1,15,15,15.0,0.867,1.0,6.5,13,15,2
3640,2,3,59,177,19.667,0.475,0.475,84.0,84,84,1
3641,2,2,22,44,11.0,0.705,0.864,15.5,31,38,2
3642,2,3,132,396,44.0,0.505,0.558,20.0,200,221,10
3643,2,2,22,44,11.0,0.705,0.864,15.5,31,38,2
3644,2,1,95,95,95.0,1.0,1.0,95.0,95,95,1
3645,2,1,10,10,10.0,1.0,1.0,10.0,10,10,1
3646,2,1,14,14,14.0,0.571,1.0,2.0,8,14,4
3647,2,1,257,257,257.0,1.0,1.0,257.0,257,257,1
3648,2,2,123,246,61.5,0.5,0.504,123.0,123,124,1
3649,2,1,17,17,17.0,1.0,1.0,17.0,17,17,1
3650,2,2,50,100,25.0,0.46,0.51,15.33,46,51,3
3651,2,2,536,1072,268.0,0.505,0.512,180.33,541,549,3
3652,2,21,2,42,0.095,0.738,0.738,31.0,31,31,1
3653,2,1,43,43,43.0,0.907,1.0,9.75,39,43,4
3654,2,1,14,14,14.0,0.5,1.0,2.33,7,14,3
3655,2,7,1,7,0.143,1.0,1.0,7.0,7,7,1
3656,2,1,54,54,54.0,0.944,1.0,17.0,51,54,3
3657,2,1,39,39,39.0,0.308,1.0,1.71,12,39,7
3658,2,2,475,950,237.5,0.504,0.544,95.8,479,517,5
3659,2,1,10,10,10.0,0.8,1.0,4.0,8,10,2
3660,2,1,14,14,14.0,1.0,1.0,14.0,14,14,1
3661,2,1,71,71,71.0,0.521,1.0,2.31,37,71,16
3662,2,1,78,78,78.0,0.949,1.0,24.67,74,78,3
3663,2,2,475,950,237.5,0.504,0.544,95.8,479,517,5
3664,2,1,14,14,14.0,0.643,1.0,4.5,9,14,2
3665,2,1,29,29,29.0,0.931,1.0,13.5,27,29,2
3666,2,2,14,28,7.0,0.464,0.536,13.0,13,15,1
3667,2,1,69,69,69.0,0.841,1.0,8.29,58,69,7
3668,2,1,11,11,11.0,0.909,1.0,10.0,10,11,1
3669,2,1,8,8,8.0,1.0,1.0,8.0,8,8,1
3670,2,1,27,27,27.0,0.259,1.0,1.4,7,27,5
3671,2,3,538,1614,179.33,0.37,0.424,22.11,597,685,27
3672,2,1,104,104,104.0,0.971,1.0,50.5,101,104,2
3673,2,1,65,65,65.0,0.646,1.0,3.0,42,65,14
3674,2,1,117,117,117.0,0.393,1.0,5.75,46,117,8
3675,2,6,47,282,7.833,0.202,0.202,57.0,57,57,1
3676,2,1,9,9,9.0,0.778,1.0,7.0,7,9,1
3677,2,2,14,28,7.0,0.286,0.821,8.0,8,23,1
3678,2,1,206,206,206.0,0.99,1.0,204.0,204,206,1
3679,2,2,46,92,23.0,0.511,0.554,47.0,47,51,1
3680,2,8,16,128,2.0,0.398,0.695,2.55,51,89,20
3681,2,1,13,13,13.0,0.692,1.0,4.5,9,13,2
3682,2,4,108,432,27.0,0.778,0.826,56.0,336,357,6
3683,2,1,36,36,36.0,0.306,1.0,1.83,11,36,6
3684,2,1,8,8,8.0,0.875,1.0,7.0,7,8,1
3685,2,1,13,13,13.0,1.0,1.0,13.0,13,13,1
3686,2,2,536,1072,268.0,0.498,0.533,41.08,534,571,13
3687,2,3,538,1614,179.33,0.37,0.424,22.11,597,685,27
3688,2,11,252,2772,22.909,0.092,0.095,63.75,255,262,4
3689,2,2,6,12,3.0,0.667,1.0,4.0,8,12,2
3690,2,1,36,36,36.0,0.583,1.0,5.25,21,36,4
3691,2,2,100,200,50.0,0.46,0.505,11.5,92,101,8
3692,2,4,524,2096,131.0,0.542,0.603,40.57,136,264,28
3693,2,1,44,44,44.0,0.727,1.0,5.33,32,44,6
3694,2,2,536,1072,268.0,0.532,0.558,30.0,570,598,19
3695,2,1,33,33,33.0,1.0,1.0,33.0,33,33,1
3696,2,25,300,7500,12.0,0.065,0.071,40.33,484,531,12
3697,2,1,86,86,86.0,0.93,1.0,40.0,80,86,2
3698,2,2,536,1072,268.0,0.586,0.686,21.66,628,735,29
3699,2,1,283,283,283.0,0.993,1.0,140.5,281,283,2
3700,2,1,12,12,12.0,0.667,1.0,4.0,8,12,2
3701,2,3,537,1611,179.0,0.353,0.364,71.13,569,587,8
3702,2,1,16,16,16.0,1.0,1.0,16.0,16,16,1
3703,2,1,138,138,138.0,1.0,1.0,138.0,138,138,1
3704,2,2,63,126,31.5,0.341,0.508,10.75,43,64,4
3705,2,2,538,1076,269.0,0.637,0.703,29.78,685,756,23
3706,2,1,14,14,14.0,0.929,1.0,13.0,13,14,1
3707,2,1,39,39,39.0,0.897,1.0,8.75,35,39,4
3708,2,1,288,288,288.0,0.424,1.0,1.02,122,288,120
3709,2,1,36,36,36.0,0.583,1.0,4.2,21,36,5
3710,2,12,278,3336,23.167,0.11,0.144,15.91,366,479,23
3711,2,1,279,279,279.0,0.964,1.0,38.43,269,279,7
3712,2,1,15,15,15.0,0.533,1.0,2.0,8,15,4
3713,2,1,55,55,55.0,0.564,1.0,10.33,31,55,3
3714,2,1,148,148,148.0,0.959,1.0,47.33,142,148,3
3715,2,1,136,136,136.0,0.963,1.0,32.75,131,136,4
3716,2,1,44,44,44.0,0.727,1.0,5.33,32,44,6
3717,2,1,206,206,206.0,0.99,1.0,204.0,204,206,1
3718,2,3,213,639,71.0,0.318,0.379,11.94,203,242,17
3719,2,2,176,352,88.0,0.528,0.605,31.0,186,213,6
3720,2,1,36,36,36.0,0.722,1.0,8.67,26,36,3
3721,2,1,196,196,196.0,0.98,1.0,64.0,192,196,3
3722,2,1,14,14,14.0,0.643,1.0,4.5,9,14,2
3723,2,1,16,16,16.0,0.938,1.0,15.0,15,16,1
3724,2,2,24,48,12.0,0.354,1.0,3.4,17,48,5
3725,2,1,34,34,34.0,0.353,1.0,1.71,12,34,7
3726,2,3,11,33,3.667,0.364,0.667,3.0,12,22,4
3727,2,1,8,8,8.0,1.0,1.0,8.0,8,8,1
3728,2,1,278,278,278.0,0.946,1.0,29.22,263,278,9
3729,2,1,85,85,85.0,0.882,1.0,12.5,75,85,6
3730,2,1,39,39,39.0,0.897,1.0,8.75,35,39,4
3731,2,1,44,44,44.0,0.25,1.0,2.2,11,44,5
3732,2,7,46,322,6.571,0.177,0.304,8.14,57,98,7
3733,2,2,157,314,78.5,0.506,0.551,26.5,159,173,6
3734,2,10,2,20,0.2,0.55,0.6,11.0,11,12,1
3735,2,1,184,184,184.0,0.967,1.0,44.5,178,184,4
3736,2,1,127,127,127.0,0.646,1.0,13.67,82,127,6
3737,2,1,278,278,278.0,0.946,1.0,29.22,263,278,9
3738,2,1,75,75,75.0,0.92,1.0,11.5,69,75,6
3739,2,2,325,650,162.5,0.485,0.537,28.64,315,349,11
3740,2,2,537,1074,268.5,0.523,0.567,62.44,562,609,9
3741,2,3,537,1611,179.0,0.345,0.405,22.24,556,652,25
3742,2,2,538,1076,269.0,0.518,0.596,29.32,557,641,19
3743,2,2,475,950,237.5,0.504,0.544,95.8,479,517,5
3744,2,7,1,7,0.143,1.0,1.0,7.0,7,7,1
3745,2,1,18,18,18.0,0.944,1.0,17.0,17,18,1
3746,2,1,106,106,106.0,0.858,1.0,15.17,91,106,6
3747,2,1,51,51,51.0,0.471,1.0,2.4,24,51,10
3748,2,1,48,48,48.0,0.875,1.0,10.5,42,48,4
3749,2,1,8,8,8.0,1.0,1.0,8.0,8,8,1
3750,2,5,128,640,25.6,0.759,0.764,162.0,486,489,3
3751,2,1,9,9,9.0,0.889,1.0,8.0,8,9,1
3752,2,1,279,279,279.0,0.964,1.0,38.43,269,279,7
3753,2,2,21,42,10.5,0.452,1.0,6.33,19,42,3
3754,2,1,17,17,17.0,1.0,1.0,17.0,17,17,1
3755,2,5,333,1665,66.6,0.374,0.413,36.65,623,688,17
3756,2,2,22,44,11.0,0.477,1.0,21.0,21,44,1
3757,2,1,8,8,8.0,1.0,1.0,8.0,8,8,1
3758,2,11,252,2772,22.909,0.092,0.095,63.75,255,262,4
3759,2,1,63,63,63.0,0.587,1.0,2.31,37,63,16
3760,2,1,124,124,124.0,0.444,1.0,7.86,55,124,7
3761,2,2,18,36,9.0,0.667,0.694,24.0,24,25,1
3762,2,5,7,35,1.4,0.2,0.314,7.0,7,11,1
3763,2,1,30,30,30.0,0.4,1.0,2.4,12,30,5
3764,2,1,45,45,45.0,0.756,1.0,5.67,34,45,6
3765,2,19,462,8778,24.316,0.523,0.688,16.88,591,35,272
3766,2,2,64,128,32.0,0.43,0.602,3.93,55,77,14
3767,2,2,16,32,8.0,0.25,0.531,2.67,8,17,3
3768,2,1,55,55,55.0,0.564,1.0,10.33,31,55,3
3769,2,1,126,126,126.0,0.992,1.0,125.0,125,126,1
3770,2,2,112,224,56.0,0.496,0.504,55.5,111,113,2
3771,2,6,39,234,6.5,0.192,0.197,45.0,45,46,1
3772,2,1,17,17,17.0,1.0,1.0,17.0,17,17,1
3773,2,2,22,44,11.0,0.75,0.75,33.0,33,33,1
3774,2,1,537,537,537.0,1.0,1.0,537.0,537,537,1
3775,2,1,16,16,16.0,1.0,1.0,16.0,16,16,1
3776,2,2,236,472,118.0,0.566,0.689,10.27,267,325,26
3777,2,1,10,10,10.0,1.0,1.0,10.0,10,10,1
3778,2,1,17,17,17.0,0.824,1.0,4.67,14,17,3
3779,2,24,510,2240,21.25,0.846,0.927,38.65,359,341,268
3780,2,2,22,44,11.0,0.75,0.75,33.0,33,33,1
3781,2,1,27,27,27.0,0.259,1.0,1.4,7,27,5
3782,2,1,126,126,126.0,0.992,1.0,125.0,125,126,1
3783,2,1,47,47,47.0,0.532,1.0,25.0,25,47,1
3784,2,1,39,39,39.0,0.897,1.0,8.75,35,39,4
3785,2,2,157,314,78.5,0.506,0.551,26.5,159,173,6
3786,2,1,86,86,86.0,0.93,1.0,40.0,80,86,2
3787,2,3,550,1650,183.33,0.329,0.375,27.15,543,619,20
3788,2,3,183,549,61.0,0.488,0.577,29.78,268,317,9
3789,2,3,537,1611,179.0,0.345,0.405,22.24,556,652,25
3790,2,2,21,42,10.5,0.452,1.0,6.33,19,42,3
3791,2,1,13,13,13.0,1.0,1.0,13.0,13,13,1
3792,2,1,36,36,36.0,0.722,1.0,8.67,26,36,3
3793,2,2,69,138,34.5,0.623,0.906,10.75,86,125,8
3794,2,3,59,177,19.667,0.475,0.475,84.0,84,84,1
3795,2,3,470,1410,156.67,0.352,0.387,23.62,496,545,21
3796,2,18,342,6156,19.0,0.847,0.897,43.48,217,522,120
3797,2,2,325,650,162.5,0.485,0.537,28.64,315,349,11
3798,2,1,11,11,11.0,1.0,1.0,11.0,11,11,1
3799,2,1,42,42,42.0,0.31,1.0,2.6,13,42,5
3800,2,1,117,117,117.0,0.393,1.0,5.75,46,117,8
3801,2,2,20,40,10.0,0.675,0.675,27.0,27,27,1
3802,2,1,115,115,115.0,0.2,1.0,4.6,23,115,5
3803,2,1,14,14,14.0,1.0,1.0,14.0,14,14,1
3804,2,1,147,147,147.0,0.864,1.0,11.55,127,147,11
3805,2,3,536,1608,178.67,0.341,0.353,61.0,549,567,9
3806,2,1,52,52,52.0,0.788,1.0,10.25,41,52,4
3807,2,2,64,128,32.0,0.43,0.602,3.93,55,77,14
3808,2,2,18,36,9.0,0.722,0.722,26.0,26,26,1
3809,2,1,17,17,17.0,1.0,1.0,17.0,17,17,1
3810,2,5,110,550,22.0,0.547,0.556,100.33,301,306,3
3811,2,1,70,70,70.0,0.943,1.0,22.0,66,70,3
3812,2,1,29,29,29.0,0.586,1.0,2.13,17,29,8
3813,2,1,12,12,12.0,0.667,1.0,4.0,8,12,2
3814,2,2,537,1074,268.5,0.523,0.567,62.44,562,609,9
3815,2,3,537,1611,179.0,0.345,0.405,22.24,556,652,25
3816,2,1,138,138,138.0,1.0,1.0,138.0,138,138,1
3817,2,1,44,44,44.0,0.909,1.0,20.0,40,44,2
3818,2,2,176,352,88.0,0.528,0.605,31.0,186,213,6
3819,2,2,14,28,7.0,0.464,0.536,13.0,13,15,1
3820,2,1,18,18,18.0,0.5,1.0,3.0,9,18,3
3821,2,1,10,10,10.0,1.0,1.0,10.0,10,10,1
3822,2,1,13,13,13.0,0.692,1.0,3.0,9,13,3
3823,2,1,8,8,8.0,1.0,1.0,8.0,8,8,1
3824,2,1,17,17,17.0,0.941,1.0,16.0,16,17,1
3825,2,1,46,46,46.0,0.239,1.0,1.38,11,46,8
3826,2,4,524,2096,131.0,0.542,0.603,40.57,136,264,28
3827,2,1,11,11,11.0,1.0,1.0,11.0,11,11,1
3828,2,6,142,852,23.667,0.115,0.173,6.53,98,147,15
3829,2,1,17,17,17.0,1.0,1.0,17.0,17,17,1
3830,2,1,279,279,279.0,0.964,1.0,38.43,269,279,7
3831,2,3,54,162,18.0,0.364,0.519,8.43,59,84,7
3832,2,1,107,107,107.0,0.869,1.0,18.6,93,107,5
3833,2,2,50,100,25.0,0.46,0.51,15.33,46,51,3
3834,2,1,46,46,46.0,0.239,1.0,1.38,11,46,8
3835,2,1,61,61,61.0,1.0,1.0,61.0,61,61,1
3836,2,2,536,1072,268.0,0.532,0.558,30.0,570,598,19
3837,2,1,138,138,138.0,1.0,1.0,138.0,138,138,1
3838,2,1,16,16,16.0,1.0,1.0,16.0,16,16,1
3839,2,1,14,14,14.0,1.0,1.0,14.0,14,14,1
3840,2,4,524,2096,131.0,0.542,0.603,40.57,136,264,28
3841,2,1,33,33,33.0,0.667,1.0,3.67,22,33,6
3842,2,2,18,36,9.0,0.722,0.722,26.0,26,26,1
3843,2,7,14,98,2.0,0.102,0.204,10.0,10,20,1
3844,2,1,15,15,15.0,0.533,1.0,2.0,8,15,4
3845,2,7,14,98,2.0,0.102,0.204,10.0,10,20,1
3846,2,1,62,62,62.0,0.984,1.0,61.0,61,62,1
3847,2,1,17,17,17.0,1.0,1.0,17.0,17,17,1
3848,2,1,159,159,159.0,0.975,1.0,77.5,155,159,2
3849,2,2,537,1074,268.5,0.621,0.747,16.68,667,802,40
3850,2,1,13,13,13.0,0.692,1.0,3.0,9,13,3
3851,2,2,535,1070,267.5,0.648,0.92,11.75,693,984,59
3852,2,2,536,1072,268.0,0.568,0.688,24.36,609,737,25
3853,2,1,54,54,54.0,0.944,1.0,17.0,51,54,3
3854,2,18,342,6156,19.0,0.847,0.897,43.48,217,522,120
3855,2,2,157,314,78.5,0.506,0.551,26.5,159,173,6
3856,2,1,79,79,79.0,0.608,1.0,6.86,48,79,7
3857,2,11,552,6072,50.182,0.816,0.816,955.0,955,955,1
3858,2,3,113,339,37.667,0.357,0.378,30.25,121,128,4
3859,2,2,99,198,49.5,0.253,0.616,4.55,50,122,11
3860,2,1,159,159,159.0,0.994,1.0,158.0,158,159,1
3861,2,2,536,1072,268.0,0.568,0.688,24.36,609,737,25
3862,2,1,15,15,15.0,0.867,1.0,6.5,13,15,2
3863,2,1,152,152,152.0,0.822,1.0,11.36,125,152,11
3864,2,2,199,398,99.5,0.485,0.508,32.17,193,202,6
3865,2,1,28,28,28.0,0.536,1.0,3.0,15,28,5
3866,2,2,537,1074,268.5,0.537,0.609,22.19,577,654,26
3867,2,1,14,14,14.0,0.929,1.0,13.0,13,14,1
3868,2,1,22,22,22.0,0.955,1.0,21.0,21,22,1
3869,2,5,333,1665,66.6,0.374,0.413,36.65,623,688,17
3870,2,1,196,196,196.0,0.98,1.0,64.0,192,196,3
3871,2,1,14,14,14.0,0.643,1.0,4.5,9,14,2
3872,2,1,11,11,11.0,1.0,1.0,11.0,11,11,1
3873,2,4,9,36,2.25,0.611,0.611,22.0,22,22,1
3874,2,1,20,20,20.0,0.55,1.0,1.38,11,20,8
3875,2,5,333,1665,66.6,0.374,0.413,36.65,623,688,17
3876,2,3,538,1614,179.33,0.37,0.424,22.11,597,685,27
3877,2,1,41,41,41.0,0.927,1.0,12.67,38,41,3
3878,2,1,52,52,52.0,0.538,1.0,14.0,28,52,2
3879,2,2,20,40,10.0,0.725,0.875,29.0,29,35,1
3880,2,2,536,1072,268.0,0.586,0.686,21.66,628,735,29
3881,2,2,69,138,34.5,0.623,0.906,10.75,86,125,8
3882,2,3,259,777,86.333,0.411,0.481,13.29,319,374,24
3883,2,1,41,41,41.0,0.927,1.0,12.67,38,41,3
3884,2,1,413,413,413.0,0.998,1.0,412.0,412,413,1
3885,2,2,536,1072,268.0,0.498,0.533,41.08,534,571,13
3886,2,1,45,45,45.0,0.933,1.0,21.0,42,45,2
3887,2,2,446,892,223.0,0.439,0.603,17.82,392,538,22
3888,2,1,29,29,29.0,0.586,1.0,2.13,17,29,8
3889,2,2,537,1074,268.5,0.52,0.621,26.57,558,667,21
3890,2,2,536,1072,268.0,0.586,0.686,21.66,628,735,29
3891,2,3,500,1500,166.67,0.373,0.421,19.28,559,632,29
3892,2,1,36,36,36.0,0.583,1.0,5.25,21,36,4
3893,2,1,48,48,48.0,0.875,1.0,10.5,42,48,4
3894,2,2,176,352,88.0,0.528,0.605,31.0,186,213,6
3895,2,1,15,15,15.0,0.733,1.0,3.67,11,15,3
3896,2,1,13,13,13.0,1.0,1.0,13.0,13,13,1
3897,2,1,117,117,117.0,0.393,1.0,5.75,46,117,8
3898,2,1,15,15,15.0,0.867,1.0,6.5,13,15,2
3899,2,1,10,10,10.0,1.0,1.0,10.0,10,10,1
3900,2,2,20,40,10.0,0.775,0.85,31.0,31,34,1
3901,2,1,52,52,52.0,0.538,1.0,14.0,28,52,2
3902,2,1,14,14,14.0,0.643,1.0,3.0,9,14,3
3903,2,2,64,128,32.0,0.531,0.586,17.0,68,75,4
3904,2,2,537,1074,268.5,0.538,0.594,32.11,578,638,18
3905,2,2,536,1072,268.0,0.538,0.737,30.37,577,790,19
3906,2,1,11,11,11.0,1.0,1.0,11.0,11,11,1
3907,2,1,58,58,58.0,0.845,1.0,9.8,49,58,5
3908,2,17,342,5814,20.118,0.916,0.996,30.27,328,790,176
3909,2,1,51,51,51.0,0.471,1.0,2.4,24,51,10
3910,2,24,510,2240,21.25,0.846,0.927,38.65,359,341,268
3911,2,2,49,98,24.5,0.51,0.51,50.0,50,50,1
3912,2,5,7,35,1.4,0.2,0.314,7.0,7,11,1
3913,2,1,117,117,117.0,0.974,1.0,38.0,114,117,3
3914,2,2,157,314,78.5,0.506,0.551,26.5,159,173,6
3915,2,1,30,30,30.0,0.4,1.0,2.4,12,30,5
3916,2,2,17,34,8.5,0.588,0.971,6.67,20,33,3
3917,2,2,14,28,7.0,0.464,0.536,13.0,13,15,1
3918,2,1,15,15,15.0,0.733,1.0,3.67,11,15,3
3919,2,2,63,126,31.5,0.341,0.508,10.75,43,64,4
3920,2,1,55,55,55.0,0.564,1.0,10.33,31,55,3
3921,2,3,113,339,37.667,0.357,0.378,30.25,121,128,4
3922,2,1,63,63,63.0,0.587,1.0,2.31,37,63,16
3923,2,1,14,14,14.0,0.5,1.0,2.33,7,14,3
3924,2,1,283,283,283.0,0.993,1.0,140.5,281,283,2
3925,2,1,44,44,44.0,0.909,1.0,20.0,40,44,2
3926,2,3,132,396,44.0,0.505,0.558,20.0,200,221,10
3927,2,2,101,202,50.5,0.54,0.743,10.9,109,150,10
3928,2,1,71,71,71.0,0.521,1.0,2.31,37,71,16
3929,2,6,47,282,7.833,0.202,0.202,57.0,57,57,1
3930,2,2,98,196,49.0,0.48,0.653,9.4,94,128,10
3931,2,2,535,1070,267.5,0.648,0.92,11.75,693,984,59
3932,2,1,39,39,39.0,0.308,1.0,1.71,12,39,7
3933,2,1,46,46,46.0,0.783,1.0,12.0,36,46,3
3934,2,1,127,127,127.0,0.646,1.0,13.67,82,127,6
3935,2,1,65,65,65.0,0.646,1.0,3.0,42,65,14
3936,2,1,55,55,55.0,0.564,1.0,10.33,31,55,3
3937,2,2,537,1074,268.5,0.52,0.621,26.57,558,667,21
3938,2,1,85,85,85.0,0.882,1.0,12.5,75,85,6
3939,2,1,19,19,19.0,0.789,1.0,3.75,15,19,4
3940,2,2,538,1076,269.0,0.637,0.703,29.78,685,756,23
3941,2,6,21,126,3.5,0.246,0.254,31.0,31,32,1
3942,2,3,129,387,43.0,0.305,0.377,11.8,118,146,10
3943,2,1,20,20,20.0,0.75,1.0,3.0,15,20,5
3944,2,2,537,1074,268.5,0.537,0.609,22.19,577,654,26
3945,2,2,446,892,223.0,0.439,0.603,17.82,392,538,22
3946,2,1,81,81,81.0,0.901,1.0,24.33,73,81,3
3947,2,1,214,214,214.0,1.0,1.0,214.0,214,214,1
3948,2,37,1,37,0.027,1.0,1.0,37.0,37,37,1
3949,2,3,116,348,38.667,0.385,0.494,33.5,134,172,4
3950,2,2,18,36,9.0,0.722,0.722,26.0,26,26,1
3951,2,2,538,1076,269.0,0.518,0.596,29.32,557,641,19
3952,2,1,114,114,114.0,0.939,1.0,21.4,107,114,5
3953,2,3,129,387,43.0,0.305,0.377,11.8,118,146,10
3954,2,7,14,98,2.0,0.102,0.204,10.0,10,20,1
3955,2,2,18,36,9.0,0.722,0.722,26.0,26,26,1
3956,2,1,73,73,73.0,0.616,1.0,3.75,45,73,12
3957,2,1,32,32,32.0,0.719,1.0,5.75,23,32,4
3958,2,1,77,77,77.0,0.403,1.0,5.17,31,77,6
3959,2,2,536,1072,268.0,0.532,0.558,30.0,570,598,19
3960,2,1,35,35,35.0,0.857,1.0,10.0,30,35,3
3961,2,1,9,9,9.0,0.778,1.0,7.0,7,9,1
3962,2,1,11,11,11.0,0.909,1.0,10.0,10,11,1
3963,2,2,536,1072,268.0,0.498,0.533,41.08,534,571,13
3964,2,1,52,52,52.0,0.788,1.0,10.25,41,52,4
3965,2,2,17,34,8.5,0.588,0.971,6.67,20,33,3
3966,2,24,510,2240,21.25,0.846,0.927,38.65,359,341,268
3967,2,1,23,23,23.0,0.348,1.0,1.6,8,23,5
3968,2,1,106,106,106.0,0.858,1.0,15.17,91,106,6
3969,2,1,277,277,277.0,0.993,1.0,137.5,275,277,2
3970,2,1,16,16,16.0,1.0,1.0,16.0,16,16,1
3971,2,2,538,1076,269.0,0.637,0.703,29.78,685,756,23
3972,2,2,536,1072,268.0,0.568,0.688,24.36,609,737,25
3973,2,1,20,20,20.0,0.55,1.0,1.38,11,20,8
3974,2,1,39,39,39.0,0.897,1.0,8.75,35,39,4
3975,2,3,106,318,35.333,0.258,0.34,6.31,82,108,13
3976,2,1,15,15,15.0,0.733,1.0,3.67,11,15,3
3977,2,2,415,830,207.5,0.505,0.578,16.76,419,480,25
3978,2,1,10,10,10.0,0.8,1.0,4.0,8,10,2
3979,2,1,16,16,16.0,0.938,1.0,15.0,15,16,1
3980,2,1,46,46,46.0,0.239,1.0,1.38,11,46,8
3981,2,1,84,84,84.0,0.917,1.0,19.25,77,84,4
3982,2,1,42,42,42.0,0.31,1.0,2.6,13,42,5
3983,2,1,19,19,19.0,0.632,1.0,4.0,12,19,3
3984,2,1,8,8,8.0,0.875,1.0,7.0,7,8,1
3985,2,2,6,12,3.0,0.667,1.0,4.0,8,12,2
3986,2,2,204,408,102.0,0.412,0.681,10.5,168,278,16
3987,2,2,446,892,223.0,0.439,0.603,17.82,392,538,22
3988,2,1,147,147,147.0,0.864,1.0,11.55,127,147,11
3989,2,3,500,1500,166.67,0.373,0.421,19.28,559,632,29
3990,2,8,231,1848,28.875,0.872,0.882,179.0,611,630,9
3991,2,1,33,33,33.0,0.667,1.0,3.67,22,33,6
3992,2,1,14,14,14.0,0.5,1.0,2.33,7,14,3
3993,2,1,34,34,34.0,0.353,1.0,1.71,12,34,7
3994,2,2,98,196,49.0,0.48,0.653,9.4,94,128,10
3995,2,1,45,45,45.0,0.756,1.0,5.67,34,45,6
3996,2,1,14,14,14.0,0.857,1.0,12.0,12,14,1
3997,2,1,15,15,15.0,0.867,1.0,6.5,13,15,2
3998,2,1,35,35,35.0,0.857,1.0,10.0,30,35,3
3999,2,6,142,852,23.667,0.115,0.173,6.53,98,147,15
4000,2,12,278,3336,23.167,0.11,0.144,15.91,366,479,23
4001,2,9,13,117,1.444,0.103,0.752,4.0,12,88,3
4002,2,1,145,145,145.0,0.972,1.0,35.25,141,145,4
4003,2,2,537,1074,268.5,0.537,0.609,22.19,577,654,26
4004,2,1,17,17,17.0,0.882,1.0,7.5,15,17,2
4005,2,1,235,235,235.0,0.923,1.0,27.13,217,235,8
4006,2,6,142,852,23.667,0.115,0.173,6.53,98,147,15
4007,2,2,537,1074,268.5,0.51,0.534,49.82,548,574,11
4008,2,7,1,7,0.143,1.0,1.0,7.0,7,7,1
4009,2,2,46,92,23.0,0.587,0.761,18.0,54,70,3
4010,2,2,62,124,31.0,0.452,0.565,11.2,56,70,5
4011,2,1,138,138,138.0,1.0,1.0,138.0,138,138,1
4012,2,1,40,40,40.0,1.0,1.0,40.0,40,40,1
4013,2,2,63,126,31.5,0.341,0.508,10.75,43,64,4
4014,2,2,538,1076,269.0,0.519,0.684,34.88,558,736,16
4015,2,4,115,460,28.75,0.426,0.487,17.82,196,224,11
4016,2,2,9,18,4.5,0.556,0.556,10.0,10,10,1
4017,2,1,159,159,159.0,0.994,1.0,158.0,158,159,1
4018,2,1,214,214,214.0,1.0,1.0,214.0,214,214,1
4019,2,8,231,1848,28.875,0.872,0.882,179.0,611,630,9
4020,2,2,9,18,4.5,0.556,0.556,10.0,10,10,1
4021,2,2,538,1076,269.0,0.637,0.703,29.78,685,756,23
4022,2,1,22,22,22.0,0.5,1.0,1.83,11,22,6
4023,2,1,35,35,35.0,0.829,1.0,9.67,29,35,3
4024,2,1,11,11,11.0,1.0,1.0,11.0,11,11,1
4025,2,1,13,13,13.0,0.692,1.0,4.5,9,13,2
4026,2,2,415,830,207.5,0.505,0.578,16.76,419,480,25
4027,2,1,14,14,14.0,1.0,1.0,14.0,14,14,1
4028,2,1,278,278,278.0,0.946,1.0,29.22,263,278,9
4029,2,2,49,98,24.5,0.51,0.51,50.0,50,50,1
4030,2,1,58,58,58.0,0.845,1.0,9.8,49,58,5
4031,2,4,194,776,48.5,0.263,0.273,34.0,204,212,6
4032,2,1,16,16,16.0,1.0,1.0,16.0,16,16,1
4033,2,1,10,10,10.0,0.8,1.0,4.0,8,10,2
4034,2,1,14,14,14.0,0.929,1.0,13.0,13,14,1
4035,2,1,17,17,17.0,0.765,1.0,6.5,13,17,2
4036,2,1,67,67,67.0,0.985,1.0,66.0,66,67,1
4037,2,1,27,27,27.0,0.259,1.0,1.4,7,27,5
4038,2,1,73,73,73.0,0.616,1.0,3.75,45,73,12
4039,2,1,18,18,18.0,0.5,1.0,3.0,9,18,3
4040,2,1,15,15,15.0,0.867,1.0,6.5,13,15,2
4041,2,1,14,14,14.0,0.571,1.0,2.0,8,14,4
4042,2,1,11,11,11.0,1.0,1.0,11.0,11,11,1
4043,2,1,40,40,40.0,1.0,1.0,40.0,40,40,1
4044,2,1,15,15,15.0,0.733,1.0,3.67,11,15,3
4045,2,2,6,12,3.0,0.667,1.0,4.0,8,12,2
4046,2,1,9,9,9.0,1.0,1.0,9.0,9,9,1
4047,2,1,47,47,47.0,1.0,1.0,47.0,47,47,1
4048,2,1,15,15,15.0,0.533,1.0,2.0,8,15,4
4049,2,19,462,8778,24.316,0.523,0.688,16.88,591,35,272
4050,2,1,9,9,9.0,0.778,1.0,7.0,7,9,1
4051,2,1,161,161,161.0,0.41,1.0,1.02,66,161,65
4052,2,1,10,10,10.0,1.0,1.0,10.0,10,10,1
4053,2,1,537,537,537.0,1.0,1.0,537.0,537,537,1
4054,2,2,537,1074,268.5,0.594,0.655,21.27,638,703,30
4055,2,1,16,16,16.0,1.0,1.0,16.0,16,16,1
4056,2,1,18,18,18.0,0.5,1.0,3.0,9,18,3
4057,2,2,112,224,56.0,0.496,0.504,55.5,111,113,2
4058,2,1,147,147,147.0,0.864,1.0,11.55,127,147,11
4059,2,5,7,35,1.4,0.2,0.314,7.0,7,11,1
4060,2,1,54,54,54.0,0.944,1.0,17.0,51,54,3
4061,2,2,236,472,118.0,0.566,0.689,10.27,267,325,26
4062,2,2,415,830,207.5,0.505,0.578,16.76,419,480,25
4063,2,3,550,1650,183.33,0.339,0.401,15.11,559,662,37
4064,2,1,106,106,106.0,0.434,1.0,1.02,46,106,45
4065,2,1,117,117,117.0,0.393,1.0,5.75,46,117,8
4066,2,1,30,30,30.0,0.4,1.0,2.4,12,30,5
4067,2,1,22,22,22.0,0.818,1.0,4.5,18,22,4
4068,2,2,46,92,23.0,0.511,0.554,47.0,47,51,1
4069,2,1,8,8,8.0,1.0,1.0,8.0,8,8,1
4070,2,8,231,1848,28.875,0.872,0.882,179.0,611,630,9
4071,2,1,14,14,14.0,0.5,1.0,2.33,7,14,3
4072,2,1,9,9,9.0,0.889,1.0,8.0,8,9,1
4073,2,3,11,33,3.667,0.364,0.667,3.0,12,22,4
4074,2,1,63,63,63.0,1.0,1.0,63.0,63,63,1
4075,2,2,536,1072,268.0,0.532,0.558,30.0,570,598,19
4076,2,1,16,16,16.0,1.0,1.0,16.0,16,16,1
4077,2,24,510,2240,21.25,0.846,0.927,38.65,359,341,268
4078,2,1,16,16,16.0,0.938,1.0,15.0,15,16,1
4079,2,7,1,7,0.143,1.0,1.0,7.0,7,7,1
4080,2,2,52,104,26.0,0.231,0.529,1.5,24,55,16
4081,2,1,11,11,11.0,0.909,1.0,10.0,10,11,1
4082,2,3,304,912,101.33,0.555,0.686,42.17,506,626,12
4083,2,1,41,41,41.0,0.927,1.0,12.67,38,41,3
4084,2,1,19,19,19.0,0.789,1.0,3.75,15,19,4
4085,2,1,127,127,127.0,0.646,1.0,13.67,82,127,6
4086,2,2,21,42,10.5,0.452,1.0,6.33,19,42,3
4087,2,1,84,84,84.0,0.917,1.0,19.25,77,84,4
4088,2,3,286,858,95.333,0.406,0.427,87.0,348,366,4
4089,2,1,73,73,73.0,0.616,1.0,3.75,45,73,12
4090,2,3,536,1608,178.67,0.341,0.353,61.0,549,567,9
4091,2,1,8,8,8.0,0.875,1.0,7.0,7,8,1
4092,2,2,537,1074,268.5,0.556,0.655,24.88,597,704,24
4093,2,1,46,46,46.0,0.239,1.0,1.38,11,46,8
4094,2,1,7,7,7.0,1.0,1.0,7.0,7,7,1
4095,2,6,7,42,1.167,0.238,0.69,10.0,10,29,1
4096,2,1,277,277,277.0,0.993,1.0,137.5,275,277,2
4097,2,1,172,172,172.0,0.465,1.0,1.04,80,172,77
4098,2,1,159,159,159.0,0.994,1.0,158.0,158,159,1
4099,2,1,184,184,184.0,0.967,1.0,44.5,178,184,4
4100,2,1,29,29,29.0,0.931,1.0,13.5,27,29,2
4101,2,3,106,318,35.333,0.258,0.34,6.31,82,108,13
4102,2,1,206,206,206.0,0.99,1.0,204.0,204,206,1
4103,2,2,9,18,4.5,0.556,0.556,10.0,10,10,1
4104,2,1,41,41,41.0,0.78,1.0,4.57,32,41,7
4105,2,1,19,19,19.0,0.737,1.0,4.67,14,19,3
4106,2,1,76,76,76.0,0.961,1.0,36.5,73,76,2
4107,2,3,59,177,19.667,0.475,0.475,84.0,84,84,1
4108,2,1,8,8,8.0,0.875,1.0,7.0,7,8,1
4109,2,1,9,9,9.0,0.889,1.0,8.0,8,9,1
4110,2,1,70,70,70.0,1.0,1.0,70.0,70,70,1
4111,2,6,7,42,1.167,0.238,0.69,10.0,10,29,1
4112,2,2,535,1070,267.5,0.55,0.586,117.8,589,627,5
4113,2,2,98,196,49.0,0.48,0.653,9.4,94,128,10
4114,2,2,64,128,32.0,0.531,0.586,17.0,68,75,4
4115,2,2,14,28,7.0,0.286,0.821,8.0,8,23,1
4116,2,2,18,36,9.0,0.806,0.833,29.0,29,30,1
4117,2,25,300,7500,12.0,0.065,0.071,40.33,484,531,12
4118,2,1,16,16,16.0,1.0,1.0,16.0,16,16,1
4119,2,1,115,115,115.0,0.2,1.0,4.6,23,115,5
4120,2,1,22,22,22.0,0.955,1.0,21.0,21,22,1
4121,2,2,6,12,3.0,0.667,1.0,4.0,8,12,2
4122,2,2,537,1074,268.5,0.538,0.594,32.11,578,638,18
4123,2,2,48,96,24.0,0.625,0.677,30.0,60,65,2
4124,2,1,19,19,19.0,0.579,1.0,3.67,11,19,3
4125,2,1,52,52,52.0,0.788,1.0,10.25,41,52,4
4126,2,1,20,20,20.0,0.55,1.0,1.38,11,20,8
4127,2,25,169,4225,6.76,0.215,0.947,1.57,907,0,579
4128,2,1,17,17,17.0,0.412,1.0,1.75,7,17,4
4129,2,1,71,71,71.0,0.521,1.0,2.31,37,71,16
4130,2,2,537,1074,268.5,0.507,0.528,181.33,544,567,3
4131,2,1,255,255,255.0,0.686,1.0,4.86,175,255,36
4132,2,1,277,277,277.0,0.993,1.0,137.5,275,277,2
4133,2,12,278,3336,23.167,0.11,0.144,15.91,366,479,23
4134,2,1,14,14,14.0,1.0,1.0,14.0,14,14,1
4135,2,2,22,44,11.0,0.75,0.75,33.0,33,33,1
4136,2,1,278,278,278.0,0.946,1.0,29.22,263,278,9
4137,2,1,11,11,11.0,1.0,1.0,11.0,11,11,1
4138,2,3,113,339,37.667,0.41,0.472,13.9,139,160,10
4139,2,1,33,33,33.0,1.0,1.0,33.0,33,33,1
4140,2,4,194,776,48.5,0.263,0.273,34.0,204,212,6
4141,2,1,45,45,45.0,0.756,1.0,5.67,34,45,6
4142,2,1,36,36,36.0,0.583,1.0,4.2,21,36,5
4143,2,37,1,37,0.027,1.0,1.0,37.0,37,37,1
4144,2,24,510,2240,21.25,0.846,0.927,38.65,359,341,268
4145,2,1,54,54,54.0,0.944,1.0,17.0,51,54,3
4146,2,1,40,40,40.0,1.0,1.0,40.0,40,40,1
4147,2,2,52,104,26.0,0.231,0.529,1.5,24,55,16
4148,2,1,32,32,32.0,0.719,1.0,5.75,23,32,4
4149,2,1,63,63,63.0,0.952,1.0,20.0,60,63,3
4150,2,1,79,79,79.0,0.608,1.0,6.86,48,79,7
4151,2,1,54,54,54.0,0.944,1.0,17.0,51,54,3
4152,2,2,535,1070,267.5,0.545,0.629,24.29,583,673,24
4153,2,1,17,17,17.0,0.765,1.0,6.5,13,17,2
4154,2,1,102,102,102.0,0.961,1.0,24.5,98,102,4
4155,2,2,112,224,56.0,0.496,0.504,55.5,111,113,2
4156,2,1,23,23,23.0,0.826,1.0,19.0,19,23,1
4157,2,1,17,17,17.0,1.0,1.0,17.0,17,17,1
4158,2,2,17,34,8.5,0.588,0.971,6.67,20,33,3
4159,2,1,48,48,48.0,0.875,1.0,10.5,42,48,4
4160,2,1,124,124,124.0,0.444,1.0,7.86,55,124,7
4161,2,1,161,161,161.0,0.41,1.0,1.02,66,161,65
4162,2,1,42,42,42.0,0.31,1.0,2.6,13,42,5
4163,2,1,19,19,19.0,0.632,1.0,4.0,12,19,3
4164,2,1,17,17,17.0,1.0,1.0,17.0,17,17,1
4165,2,1,20,20,20.0,0.85,1.0,8.5,17,20,2
4166,2,1,106,106,106.0,0.434,1.0,1.02,46,106,45
4167,2,2,535,1070,267.5,0.564,0.614,40.2,603,657,15
4168,2,1,46,46,46.0,0.783,1.0,12.0,36,46,3
4169,2,1,152,152,152.0,0.822,1.0,11.36,125,152,11
4170,2,1,277,277,277.0,0.993,1.0,137.5,275,277,2
4171,2,1,11,11,11.0,1.0,1.0,11.0,11,11,1
4172,2,2,20,40,10.0,0.675,0.675,27.0,27,27,1
4173,2,1,10,10,10.0,1.0,1.0,10.0,10,10,1
4174,2,1,186,186,186.0,0.828,1.0,9.06,154,186,17
4175,2,3,550,1650,183.33,0.329,0.375,27.15,543,619,20
4176,2,4,194,776,48.5,0.263,0.273,34.0,204,212,6
4177,2,2,535,1070,267.5,0.55,0.586,117.8,589,627,5
4178,2,2,63,126,31.5,0.341,0.508,10.75,43,64,4
4179,2,1,114,114,114.0,0.939,1.0,21.4,107,114,5
4180,2,3,500,1500,166.67,0.373,0.421,19.28,559,632,29
4181,2,2,112,224,56.0,0.496,0.504,55.5,111,113,2
4182,2,1,19,19,19.0,0.789,1.0,3.75,15,19,4
4183,2,4,524,2096,131.0,0.542,0.603,40.57,136,264,28
4184,2,1,32,32,32.0,0.469,1.0,1.88,15,32,8
4185,2,1,52,52,52.0,0.962,1.0,25.0,50,52,2
4186,2,1,19,19,19.0,0.737,1.0,4.67,14,19,3
4187,2,1,117,117,117.0,0.974,1.0,38.0,114,117,3
4188,2,2,537,1074,268.5,0.523,0.567,62.44,562,609,9
4189,2,1,15,15,15.0,0.533,1.0,2.0,8,15,4
4190,2,1,57,57,57.0,0.456,1.0,3.71,26,57,7
4191,2,1,15,15,15.0,0.867,1.0,13.0,13,15,1
4192,2,4,524,2096,131.0,0.542,0.603,40.57,136,264,28
4193,2,1,79,79,79.0,0.608,1.0,6.86,48,79,7
4194,2,2,475,950,237.5,0.504,0.544,95.8,479,517,5
4195,2,17,342,5814,20.118,0.916,0.996,30.27,328,790,176
4196,2,1,7,7,7.0,1.0,1.0,7.0,7,7,1
4197,2,1,199,199,199.0,0.99,1.0,197.0,197,199,1
4198,2,1,14,14,14.0,0.857,1.0,12.0,12,14,1
4199,2,1,47,47,47.0,0.532,1.0,25.0,25,47,1
4200,2,1,379,379,379.0,0.963,1.0,60.83,365,379,6
4201,2,1,47,47,47.0,0.532,1.0,25.0,25,47,1
4202,2,1,17,17,17.0,0.941,1.0,16.0,16,17,1
4203,2,3,113,339,37.667,0.41,0.472,13.9,139,160,10
4204,2,1,22,22,22.0,0.5,1.0,1.83,11,22,6
4205,2,1,136,136,136.0,0.963,1.0,32.75,131,136,4
4206,2,5,280,1400,56.0,0.78,0.786,156.0,92,100,7
4207,2,2,24,48,12.0,0.354,1.0,3.4,17,48,5
4208,2,3,500,1500,166.67,0.373,0.421,19.28,559,632,29
4209,2,1,76,76,76.0,0.961,1.0,36.5,73,76,2
4210,2,1,115,115,115.0,0.2,1.0,4.6,23,115,5
4211,2,1,11,11,11.0,1.0,1.0,11.0,11,11,1
4212,2,18,342,6156,19.0,0.847,0.897,43.48,217,522,120
4213,2,2,475,950,237.5,0.504,0.544,95.8,479,517,5
4214,2,1,136,136,136.0,0.963,1.0,32.75,131,136,4
4215,2,1,39,39,39.0,0.308,1.0,1.71,12,39,7
4216,2,1,180,180,180.0,0.983,1.0,88.5,177,180,2
4217,2,2,537,1074,268.5,0.538,0.594,32.11,578,638,18
4218,2,25,300,7500,12.0,0.065,0.071,40.33,484,531,12
4219,2,2,535,1070,267.5,0.648,0.92,11.75,693,984,59
4220,2,2,535,1070,267.5,0.564,0.614,40.2,603,657,15
4221,2,2,116,232,58.0,0.616,0.802,17.88,143,186,8
4222,2,1,14,14,14.0,0.5,1.0,2.33,7,14,3
4223,2,1,17,17,17.0,1.0,1.0,17.0,17,17,1
4224,2,1,81,81,81.0,0.901,1.0,24.33,73,81,3
4225,2,25,300,7500,12.0,0.065,0.071,40.33,484,531,12
4226,2,1,147,147,147.0,0.864,1.0,11.55,127,147,11
4227,2,8,16,128,2.0,0.398,0.695,2.55,51,89,20
4228,2,2,62,124,31.0,0.452,0.565,11.2,56,70,5
4229,2,1,14,14,14.0,0.643,1.0,3.0,9,14,3
4230,2,2,48,96,24.0,0.625,0.677,30.0,60,65,2
4231,2,1,75,75,75.0,0.813,1.0,5.55,61,75,11
4232,2,1,94,94,94.0,0.564,1.0,3.31,53,94,16
4233,2,2,415,830,207.5,0.505,0.578,16.76,419,480,25
4234,2,1,11,11,11.0,0.909,1.0,10.0,10,11,1
4235,2,18,342,6156,19.0,0.847,0.897,43.48,217,522,120
4236,2,1,46,46,46.0,0.783,1.0,12.0,36,46,3
4237,2,1,257,257,257.0,1.0,1.0,257.0,257,257,1
4238,2,1,63,63,63.0,0.587,1.0,2.31,37,63,16
4239,2,1,57,57,57.0,0.456,1.0,3.71,26,57,7
4240,2,2,537,1074,268.5,0.594,0.655,21.27,638,703,30
4241,2,2,22,44,11.0,0.477,1.0,21.0,21,44,1
4242,2,1,98,98,98.0,0.939,1.0,30.67,92,98,3
4243,2,2,46,92,23.0,0.511,0.554,47.0,47,51,1
4244,2,2,18,36,9.0,0.806,0.833,29.0,29,30,1
4245,2,1,9,9,9.0,0.778,1.0,7.0,7,9,1
4246,2,9,13,117,1.444,0.103,0.752,4.0,12,88,3
4247,2,1,84,84,84.0,0.917,1.0,19.25,77,84,4
4248,2,1,19,19,19.0,0.789,1.0,3.75,15,19,4
4249,2,2,535,1070,267.5,0.545,0.629,24.29,583,673,24
4250,2,1,10,10,10.0,0.8,1.0,4.0,8,10,2
4251,2,1,14,14,14.0,1.0,1.0,14.0,14,14,1
4252,2,1,8,8,8.0,1.0,1.0,8.0,8,8,1
4253,2,1,117,117,117.0,0.974,1.0,38.0,114,117,3
4254,2,1,255,255,255.0,0.686,1.0,4.86,175,255,36
4255,2,1,79,79,79.0,0.608,1.0,6.86,48,79,7
4256,2,2,112,224,56.0,0.496,0.504,55.5,111,113,2
4257,2,1,14,14,14.0,0.929,1.0,13.0,13,14,1
4258,2,11,552,6072,50.182,0.816,0.816,955.0,955,955,1
4259,2,1,8,8,8.0,1.0,1.0,8.0,8,8,1
4260,2,1,46,46,46.0,0.239,1.0,1.38,11,46,8
4261,2,2,64,128,32.0,0.531,0.586,17.0,68,75,4
4262,2,1,413,413,413.0,0.998,1.0,412.0,412,413,1
4263,2,1,14,14,14.0,0.571,1.0,2.0,8,14,4
4264,2,2,537,1074,268.5,0.52,0.621,26.57,558,667,21
4265,2,1,184,184,184.0,0.967,1.0,44.5,178,184,4
4266,2,2,537,1074,268.5,0.523,0.567,62.44,562,609,9
4267,2,1,107,107,107.0,0.869,1.0,18.6,93,107,5
4268,2,1,117,117,117.0,0.974,1.0,38.0,114,117,3
4269,2,1,148,148,148.0,0.986,1.0,73.0,146,148,2
4270,2,1,8,8,8.0,1.0,1.0,8.0,8,8,1
4271,2,1,22,22,22.0,0.955,1.0,21.0,21,22,1
4272,2,1,8,8,8.0,1.0,1.0,8.0,8,8,1
4273,2,1,14,14,14.0,0.929,1.0,13.0,13,14,1
4274,2,1,62,62,62.0,0.984,1.0,61.0,61,62,1
4275,2,1,23,23,23.0,0.348,1.0,1.6,8,23,5
4276,2,2,50,100,25.0,0.46,0.51,15.33,46,51,3
4277,2,11,552,6072,50.182,0.816,0.816,955.0,955,955,1
4278,2,2,20,40,10.0,0.725,0.875,29.0,29,35,1
4279,2,3,259,777,86.333,0.411,0.481,13.29,319,374,24
4280,2,1,14,14,14.0,0.643,1.0,4.5,9,14,2
4281,2,2,536,1072,268.0,0.586,0.686,21.66,628,735,29
4282,2,1,34,34,34.0,0.353,1.0,1.71,12,34,7
4283,2,1,17,17,17.0,0.412,1.0,1.75,7,17,4
4284,2,2,535,1070,267.5,0.564,0.614,40.2,603,657,15
4285,2,6,142,852,23.667,0.115,0.173,6.53,98,147,15
4286,2,1,32,32,32.0,0.719,1.0,5.75,23,32,4
4287,2,1,18,18,18.0,0.5,1.0,3.0,9,18,3
4288,2,1,159,159,159.0,0.994,1.0,158.0,158,159,1
4289,2,3,259,777,86.333,0.411,0.481,13.29,319,374,24
4290,2,2,112,224,56.0,0.496,0.504,55.5,111,113,2
4291,2,2,112,224,56.0,0.496,0.504,55.5,111,113,2
4292,2,1,63,63,63.0,0.587,1.0,2.31,37,63,16
4293,2,1,39,39,39.0,0.308,1.0,1.71,12,39,7
4294,2,1,40,40,40.0,0.875,1.0,11.67,35,40,3
4295,2,1,14,14,14.0,0.571,1.0,2.0,8,14,4
4296,2,2,199,398,99.5,0.485,0.508,32.17,193,202,6
4297,2,1,34,34,34.0,0.471,1.0,1.07,16,34,15
4298,2,3,259,777,86.333,0.96,0.978,67.82,746,760,11
4299,2,1,63,63,63.0,0.952,1.0,20.0,60,63,3
4300,2,3,259,777,86.333,0.96,0.978,67.82,746,760,11
4301,2,1,145,145,145.0,0.972,1.0,35.25,141,145,4
4302,2,2,535,1070,267.5,0.55,0.586,117.8,589,627,5
4303,2,2,22,44,11.0,0.75,0.75,33.0,33,33,1
4304,2,1,159,159,159.0,0.994,1.0,158.0,158,159,1
4305,2,1,98,98,98.0,0.939,1.0,30.67,92,98,3
4306,2,2,18,36,9.0,0.722,0.722,26.0,26,26,1
4307,2,6,142,852,23.667,0.115,0.173,6.53,98,147,15
4308,2,2,325,650,162.5,0.485,0.537,28.64,315,349,11
4309,2,1,95,95,95.0,1.0,1.0,95.0,95,95,1
4310,2,1,11,11,11.0,1.0,1.0,11.0,11,11,1
4311,2,1,114,114,114.0,0.939,1.0,21.4,107,114,5
4312,2,3,538,1614,179.33,0.37,0.424,22.11,597,685,27
4313,2,6,7,42,1.167,0.238,0.69,10.0,10,29,1
4314,2,2,475,950,237.5,0.504,0.544,95.8,479,517,5
4315,2,24,510,2240,21.25,0.846,0.927,38.65,359,341,268
4316,2,3,550,1650,183.33,0.329,0.375,27.15,543,619,20
4317,2,1,159,159,159.0,0.994,1.0,158.0,158,159,1
4318,2,1,17,17,17.0,0.941,1.0,16.0,16,17,1
4319,2,1,54,54,54.0,0.944,1.0,17.0,51,54,3
4320,2,1,23,23,23.0,0.348,1.0,1.6,8,23,5
4321,2,7,14,98,2.0,0.102,0.204,10.0,10,20,1
4322,2,6,47,282,7.833,0.202,0.202,57.0,57,57,1
4323,2,1,161,161,161.0,0.41,1.0,1.02,66,161,65
4324,2,3,550,1650,183.33,0.329,0.375,27.15,543,619,20
4325,2,1,16,16,16.0,1.0,1.0,16.0,16,16,1
4326,2,1,61,61,61.0,1.0,1.0,61.0,61,61,1
4327,2,2,537,1074,268.5,0.523,0.567,62.44,562,609,9
4328,2,6,47,282,7.833,0.202,0.202,57.0,57,57,1
4329,2,1,17,17,17.0,0.412,1.0,1.75,7,17,4
4330,2,1,70,70,70.0,1.0,1.0,70.0,70,70,1
4331,2,1,41,41,41.0,0.927,1.0,12.67,38,41,3
4332,2,1,19,19,19.0,0.632,1.0,4.0,12,19,3
4333,2,3,54,162,18.0,0.364,0.519,8.43,59,84,7
4334,2,1,14,14,14.0,1.0,1.0,14.0,14,14,1
4335,2,3,538,1614,179.33,0.37,0.424,22.11,597,685,27
4336,2,2,537,1074,268.5,0.537,0.609,22.19,577,654,26
4337,2,2,100,200,50.0,0.46,0.505,11.5,92,101,8
4338,2,1,41,41,41.0,0.78,1.0,4.57,32,41,7
4339,2,1,70,70,70.0,0.943,1.0,22.0,66,70,3
4340,2,1,20,20,20.0,0.55,1.0,1.38,11,20,8
4341,2,9,13,117,1.444,0.103,0.752,4.0,12,88,3
4342,2,1,20,20,20.0,0.85,1.0,8.5,17,20,2
4343,2,1,58,58,58.0,0.845,1.0,9.8,49,58,5
4344,2,1,58,58,58.0,0.845,1.0,9.8,49,58,5
4345,2,2,18,36,9.0,0.667,0.694,24.0,24,25,1
4346,2,2,538,1076,269.0,0.519,0.684,34.88,558,736,16
4347,2,1,19,19,19.0,0.789,1.0,3.75,15,19,4
4348,2,2,537,1074,268.5,0.537,0.609,22.19,577,654,26
4349,2,1,35,35,35.0,0.857,1.0,10.0,30,35,3
4350,2,2,112,224,56.0,0.496,0.504,55.5,111,113,2
4351,2,3,537,1611,179.0,0.353,0.364,71.13,569,587,8
4352,2,1,13,13,13.0,0.846,1.0,5.5,11,13,2
4353,2,2,446,892,223.0,0.439,0.603,17.82,392,538,22
4354,2,1,7,7,7.0,1.0,1.0,7.0,7,7,1
4355,2,18,342,6156,19.0,0.847,0.897,43.48,217,522,120
4356,2,1,75,75,75.0,0.92,1.0,11.5,69,75,6
4357,2,1,95,95,95.0,1.0,1.0,95.0,95,95,1
4358,2,2,16,32,8.0,0.25,0.531,2.67,8,17,3
4359,2,1,16,16,16.0,1.0,1.0,16.0,16,16,1
4360,2,1,13,13,13.0,0.692,1.0,4.5,9,13,2
4361,2,2,20,40,10.0,0.725,0.875,29.0,29,35,1
4362,2,2,14,28,7.0,0.286,0.821,8.0,8,23,1
4363,2,1,48,48,48.0,0.875,1.0,10.5,42,48,4
4364,2,1,43,43,43.0,0.907,1.0,9.75,39,43,4
4365,2,2,536,1072,268.0,0.498,0.533,41.08,534,571,13
4366,2,1,17,17,17.0,0.824,1.0,4.67,14,17,3
4367,2,7,46,322,6.571,0.177,0.304,8.14,57,98,7
4368,2,1,40,40,40.0,0.875,1.0,11.67,35,40,3
4369,2,2,536,1072,268.0,0.498,0.533,41.08,534,571,13
4370,2,3,132,396,44.0,0.505,0.558,20.0,200,221,10
4371,2,2,24,48,12.0,0.354,1.0,3.4,17,48,5
4372,2,2,99,198,49.5,0.253,0.616,4.55,50,122,11
4373,2,1,19,19,19.0,0.632,1.0,4.0,12,19,3
4374,2,1,19,19,19.0,0.684,1.0,4.33,13,19,3
4375,2,1,11,11,11.0,1.0,1.0,11.0,11,11,1
4376,2,2,24,48,12.0,0.354,1.0,3.4,17,48,5
4377,2,7,14,98,2.0,0.102,0.204,10.0,10,20,1
4378,2,4,19,76,4.75,0.276,0.382,5.25,21,29,4
4379,2,1,136,136,136.0,0.963,1.0,32.75,131,136,4
4380,2,8,231,1848,28.875,0.872,0.882,179.0,611,630,9
4381,2,1,11,11,11.0,0.909,1.0,10.0,10,11,1
4382,2,1,75,75,75.0,0.92,1.0,11.5,69,75,6
4383,2,1,206,206,206.0,0.99,1.0,204.0,204,206,1
4384,2,1,46,46,46.0,0.239,1.0,1.38,11,46,8
4385,2,28,330,9240,11.786,0.057,0.066,31.0,527,614,17
4386,2,1,46,46,46.0,0.239,1.0,1.38,11,46,8
4387,2,1,16,16,16.0,1.0,1.0,16.0,16,16,1
4388,2,1,36,36,36.0,0.306,1.0,1.83,11,36,6
4389,2,1,278,278,278.0,0.946,1.0,29.22,263,278,9
4390,2,1,10,10,10.0,1.0,1.0,10.0,10,10,1
4391,2,1,71,71,71.0,0.521,1.0,2.31,37,71,16
4392,2,1,45,45,45.0,0.756,1.0,5.67,34,45,6
4393,2,1,161,161,161.0,0.41,1.0,1.02,66,161,65
4394,2,1,147,147,147.0,0.864,1.0,11.55,127,147,11
4395,2,1,36,36,36.0,0.583,1.0,4.2,21,36,5
4396,2,2,14,28,7.0,0.464,0.536,13.0,13,15,1
4397,2,1,52,52,52.0,0.788,1.0,10.25,41,52,4
4398,2,1,172,172,172.0,0.465,1.0,1.04,80,172,77
4399,2,1,27,27,27.0,0.407,1.0,1.83,11,27,6
4400,2,8,231,1848,28.875,0.872,0.882,179.0,611,630,9
4401,2,1,114,114,114.0,0.939,1.0,21.4,107,114,5
4402,2,1,19,19,19.0,0.737,1.0,4.67,14,19,3
4403,2,8,231,1848,28.875,0.872,0.882,179.0,611,630,9
4404,2,1,32,32,32.0,0.719,1.0,5.75,23,32,4
4405,2,2,236,472,118.0,0.566,0.689,10.27,267,325,26
4406,2,1,40,40,40.0,0.875,1.0,11.67,35,40,3
4407,2,1,28,28,28.0,0.536,1.0,3.0,15,28,5
4408,2,3,183,549,61.0,0.488,0.577,29.78,268,317,9
4409,2,1,52,52,52.0,0.981,1.0,51.0,51,52,1
4410,2,1,30,30,30.0,0.4,1.0,2.4,12,30,5
4411,2,1,14,14,14.0,1.0,1.0,14.0,14,14,1
4412,2,3,550,1650,183.33,0.329,0.375,27.15,543,619,20
4413,2,1,36,36,36.0,0.306,1.0,1.83,11,36,6
4414,2,2,536,1072,268.0,0.568,0.688,24.36,609,737,25
4415,2,1,34,34,34.0,0.471,1.0,1.07,16,34,15
4416,2,2,46,92,23.0,0.511,0.554,47.0,47,51,1
4417,2,1,19,19,19.0,0.632,1.0,4.0,12,19,3
4418,2,2,20,40,10.0,0.725,0.875,29.0,29,35,1
4419,2,3,132,396,44.0,0.505,0.558,20.0,200,221,10
4420,2,1,8,8,8.0,0.875,1.0,7.0,7,8,1
4421,2,1,16,16,16.0,1.0,1.0,16.0,16,16,1
4422,2,1,19,19,19.0,0.737,1.0,4.67,14,19,3
4423,2,3,470,1410,156.67,0.352,0.387,23.62,496,545,21
4424,2,3,259,777,86.333,0.411,0.481,13.29,319,374,24
4425,2,1,138,138,138.0,1.0,1.0,138.0,138,138,1
4426,2,4,108,432,27.0,0.778,0.826,56.0,336,357,6
4427,2,1,52,52,52.0,0.538,1.0,14.0,28,52,2
4428,2,1,29,29,29.0,1.0,1.0,29.0,29,29,1
4429,2,1,9,9,9.0,1.0,1.0,9.0,9,9,1
4430,2,1,187,187,187.0,0.963,1.0,25.71,180,187,7
4431,2,1,413,413,413.0,0.998,1.0,412.0,412,413,1
4432,2,1,46,46,46.0,0.239,1.0,1.38,11,46,8
4433,2,1,17,17,17.0,0.824,1.0,4.67,14,17,3
4434,2,2,20,40,10.0,0.775,0.85,31.0,31,34,1
4435,2,1,19,19,19.0,0.579,1.0,3.67,11,19,3
4436,2,3,536,1608,178.67,0.341,0.353,61.0,549,567,9
4437,2,1,7,7,7.0,1.0,1.0,7.0,7,7,1
4438,2,2,236,472,118.0,0.566,0.689,10.27,267,325,26
4439,2,12,278,3336,23.167,0.11,0.144,15.91,366,479,23
4440,2,1,14,14,14.0,0.929,1.0,13.0,13,14,1
4441,2,3,116,348,38.667,0.356,0.371,62.0,124,129,2
4442,2,2,46,92,23.0,0.587,0.761,18.0,54,70,3
4443,2,4,524,2096,131.0,0.542,0.603,40.57,136,264,28
4444,2,2,25,50,12.5,0.36,1.0,4.5,18,50,4
4445,2,1,10,10,10.0,1.0,1.0,10.0,10,10,1
4446,2,1,65,65,65.0,0.646,1.0,3.0,42,65,14
4447,2,1,7,7,7.0,1.0,1.0,7.0,7,7,1
4448,2,1,85,85,85.0,0.882,1.0,12.5,75,85,6
4449,2,17,342,5814,20.118,0.916,0.996,30.27,328,790,176
4450,2,2,101,202,50.5,0.54,0.743,10.9,109,150,10
4451,2,1,13,13,13.0,1.0,1.0,13.0,13,13,1
4452,2,3,550,1650,183.33,0.339,0.401,15.11,559,662,37
4453,2,3,59,177,19.667,0.475,0.475,84.0,84,84,1
4454,2,2,62,124,31.0,0.452,0.565,11.2,56,70,5
4455,2,1,102,102,102.0,0.961,1.0,24.5,98,102,4
4456,2,1,8,8,8.0,1.0,1.0,8.0,8,8,1
4457,2,2,20,40,10.0,0.675,0.675,27.0,27,27,1
4458,2,1,14,14,14.0,1.0,1.0,14.0,14,14,1
4459,2,3,132,396,44.0,0.505,0.558,20.0,200,221,10
4460,2,2,537,1074,268.5,0.51,0.534,49.82,548,574,11
4461,2,12,278,3336,23.167,0.11,0.144,15.91,366,479,23
4462,2,1,46,46,46.0,0.783,1.0,12.0,36,46,3
4463,2,12,278,3336,23.167,0.11,0.144,15.91,366,479,23
4464,2,2,537,1074,268.5,0.523,0.567,62.44,562,609,9
4465,2,2,537,1074,268.5,0.538,0.555,82.57,578,596,7
4466,2,1,8,8,8.0,1.0,1.0,8.0,8,8,1
4467,2,1,28,28,28.0,0.464,1.0,2.17,13,28,6
4468,2,1,69,69,69.0,0.841,1.0,8.29,58,69,7
4469,2,1,15,15,15.0,0.533,1.0,2.0,8,15,4
4470,2,1,34,34,34.0,0.353,1.0,1.71,12,34,7
4471,2,2,537,1074,268.5,0.538,0.555,82.57,578,596,7
4472,2,2,100,200,50.0,0.46,0.505,11.5,92,101,8
4473,2,25,169,4225,6.76,0.215,0.947,1.57,907,0,579
4474,2,1,15,15,15.0,0.867,1.0,6.5,13,15,2
4475,2,1,52,52,52.0,0.981,1.0,51.0,51,52,1
4476,2,1,15,15,15.0,0.867,1.0,6.5,13,15,2
4477,2,9,13,117,1.444,0.103,0.752,4.0,12,88,3
4478,2,1,17,17,17.0,0.941,1.0,16.0,16,17,1
4479,2,1,67,67,67.0,0.985,1.0,66.0,66,67,1
4480,2,1,52,52,52.0,0.538,1.0,14.0,28,52,2
4481,2,3,259,777,86.333,0.96,0.978,67.82,746,760,11
4482,2,2,537,1074,268.5,0.621,0.747,16.68,667,802,40
4483,2,1,17,17,17.0,1.0,1.0,17.0,17,17,1
4484,2,1,35,35,35.0,0.829,1.0,9.67,29,35,3
4485,2,1,186,186,186.0,0.828,1.0,9.06,154,186,17
4486,2,1,41,41,41.0,0.927,1.0,12.67,38,41,3
4487,2,2,537,1074,268.5,0.538,0.555,82.57,578,596,7
4488,2,1,39,39,39.0,0.897,1.0,8.75,35,39,4
4489,2,1,159,159,159.0,0.994,1.0,158.0,158,159,1
4490,2,1,20,20,20.0,0.55,1.0,1.38,11,20,8
4491,2,11,427,4697,38.818,0.566,0.57,189.79,657,676,14
4492,2,3,116,348,38.667,0.356,0.371,62.0,124,129,2
4493,2,1,10,10,10.0,0.9,1.0,9.0,9,10,1
4494,2,1,35,35,35.0,0.857,1.0,10.0,30,35,3
4495,2,3,550,1650,183.33,0.329,0.375,27.15,543,619,20
4496,2,1,17,17,17.0,1.0,1.0,17.0,17,17,1
4497,2,3,132,396,44.0,0.505,0.558,20.0,200,221,10
4498,2,1,71,71,71.0,0.521,1.0,2.31,37,71,16
4499,2,1,279,279,279.0,0.964,1.0,38.43,269,279,7
4500,2,1,186,186,186.0,0.828,1.0,9.06,154,186,17
4501,2,1,104,104,104.0,0.971,1.0,50.5,101,104,2
4502,2,1,14,14,14.0,1.0,1.0,14.0,14,14,1
4503,2,1,199,199,199.0,0.945,1.0,37.6,188,199,5
4504,2,1,147,147,147.0,0.864,1.0,11.55,127,147,11
4505,2,1,11,11,11.0,0.727,1.0,4.0,8,11,2
4506,2,2,538,1076,269.0,0.519,0.684,34.88,558,736,16
4507,2,3,470,1410,156.67,0.352,0.387,23.62,496,545,21
4508,2,1,124,124,124.0,0.444,1.0,7.86,55,124,7
4509,2,2,46,92,23.0,0.587,0.761,18.0,54,70,3
4510,2,1,20,20,20.0,0.75,1.0,3.0,15,20,5
4511,2,1,42,42,42.0,0.19,1.0,1.6,8,42,5
4512,2,1,20,20,20.0,0.75,1.0,3.0,15,20,5
4513,2,1,39,39,39.0,0.897,1.0,8.75,35,39,4
4514,2,1,71,71,71.0,0.521,1.0,2.31,37,71,16
4515,2,1,17,17,17.0,0.765,1.0,3.25,13,17,4
4516,2,1,44,44,44.0,0.909,1.0,20.0,40,44,2
4517,2,1,17,17,17.0,0.824,1.0,4.67,14,17,3
4518,2,1,69,69,69.0,0.841,1.0,8.29,58,69,7
4519,2,1,17,17,17.0,0.765,1.0,6.5,13,17,2
4520,2,3,550,1650,183.33,0.329,0.375,27.15,543,619,20
4521,2,1,23,23,23.0,0.826,1.0,19.0,19,23,1
4522,2,3,537,1611,179.0,0.353,0.364,71.13,569,587,8
4523,2,1,235,235,235.0,0.923,1.0,27.13,217,235,8
4524,2,1,62,62,62.0,0.984,1.0,61.0,61,62,1
4525,2,1,12,12,12.0,0.75,1.0,9.0,9,12,1
4526,2,2,535,1070,267.5,0.55,0.586,117.8,589,627,5
4527,2,1,14,14,14.0,0.929,1.0,13.0,13,14,1
4528,2,1,52,52,52.0,0.962,1.0,25.0,50,52,2
4529,2,1,7,7,7.0,1.0,1.0,7.0,7,7,1
4530,2,8,16,128,2.0,0.398,0.695,2.55,51,89,20
4531,2,2,537,1074,268.5,0.538,0.594,32.11,578,638,18
4532,2,1,17,17,17.0,1.0,1.0,17.0,17,17,1
4533,2,2,14,28,7.0,0.464,0.536,13.0,13,15,1
4534,2,1,8,8,8.0,1.0,1.0,8.0,8,8,1
4535,2,12,278,3336,23.167,0.11,0.144,15.91,366,479,23
4536,2,1,148,148,148.0,0.986,1.0,73.0,146,148,2
4537,2,1,9,9,9.0,1.0,1.0,9.0,9,9,1
4538,2,4,194,776,48.5,0.263,0.273,34.0,204,212,6
4539,2,6,142,852,23.667,0.115,0.173,6.53,98,147,15
4540,2,2,537,1074,268.5,0.523,0.567,62.44,562,609,9
4541,2,11,552,6072,50.182,0.816,0.816,955.0,955,955,1
4542,2,2,446,892,223.0,0.439,0.603,17.82,392,538,22
4543,2,12,278,3336,23.167,0.11,0.144,15.91,366,479,23
4544,2,1,17,17,17.0,0.765,1.0,6.5,13,17,2
4545,2,1,199,199,199.0,0.99,1.0,197.0,197,199,1
4546,2,1,41,41,41.0,0.927,1.0,12.67,38,41,3
4547,2,1,13,13,13.0,0.692,1.0,4.5,9,13,2
4548,2,3,106,318,35.333,0.258,0.34,6.31,82,108,13
4549,2,1,36,36,36.0,0.583,1.0,5.25,21,36,4
4550,2,1,13,13,13.0,0.846,1.0,5.5,11,13,2
4551,2,6,7,42,1.167,0.238,0.69,10.0,10,29,1
4552,2,1,8,8,8.0,1.0,1.0,8.0,8,8,1
4553,2,3,304,912,101.33,0.555,0.686,42.17,506,626,12
4554,2,1,13,13,13.0,0.692,1.0,3.0,9,13,3
4555,2,2,48,96,24.0,0.625,0.677,30.0,60,65,2
4556,2,1,78,78,78.0,0.949,1.0,24.67,74,78,3
4557,2,1,45,45,45.0,0.756,1.0,5.67,34,45,6
4558,2,1,20,20,20.0,0.85,1.0,8.5,17,20,2
4559,2,3,59,177,19.667,0.475,0.475,84.0,84,84,1
4560,2,2,536,1072,268.0,0.532,0.558,30.0,570,598,19
4561,2,1,19,19,19.0,0.789,1.0,3.75,15,19,4
4562,2,2,536,1072,268.0,0.538,0.737,30.37,577,790,19
4563,2,1,19,19,19.0,0.579,1.0,3.67,11,19,3
4564,2,1,8,8,8.0,1.0,1.0,8.0,8,8,1
4565,2,1,32,32,32.0,0.469,1.0,1.88,15,32,8
4566,2,4,524,2096,131.0,0.542,0.603,40.57,136,264,28
4567,2,1,28,28,28.0,0.536,1.0,3.0,15,28,5
4568,2,1,87,87,87.0,0.92,1.0,16.0,80,87,5
4569,2,1,32,32,32.0,0.719,1.0,5.75,23,32,4
4570,2,1,10,10,10.0,1.0,1.0,10.0,10,10,1
4571,2,1,46,46,46.0,0.239,1.0,1.38,11,46,8
4572,2,1,30,30,30.0,0.4,1.0,2.4,12,30,5
4573,2,17,341,5797,20.059,0.935,0.998,36.38,420,784,149
4574,2,1,15,15,15.0,0.533,1.0,2.0,8,15,4
4575,2,1,17,17,17.0,1.0,1.0,17.0,17,17,1
4576,2,1,30,30,30.0,0.4,1.0,2.4,12,30,5
4577,2,1,13,13,13.0,1.0,1.0,13.0,13,13,1
4578,2,1,30,30,30.0,0.4,1.0,2.4,12,30,5
4579,2,1,22,22,22.0,0.955,1.0,21.0,21,22,1
4580,2,3,550,1650,183.33,0.329,0.375,27.15,543,619,20
4581,2,3,113,339,37.667,0.357,0.378,30.25,121,128,4
4582,2,3,286,858,95.333,0.406,0.427,87.0,348,366,4
4583,2,1,16,16,16.0,1.0,1.0,16.0,16,16,1
4584,2,3,129,387,43.0,0.305,0.377,11.8,118,146,10
4585,2,1,26,26,26.0,1.0,1.0,26.0,26,26,1
4586,2,1,186,186,186.0,0.828,1.0,9.06,154,186,17
4587,2,1,214,214,214.0,1.0,1.0,214.0,214,214,1
4588,2,1,279,279,279.0,0.964,1.0,38.43,269,279,7
4589,2,1,17,17,17.0,0.824,1.0,4.67,14,17,3
4590,2,3,106,318,35.333,0.258,0.34,6.31,82,108,13
4591,2,1,19,19,19.0,0.684,1.0,4.33,13,19,3
4592,2,1,20,20,20.0,0.55,1.0,1.38,11,20,8
4593,2,3,183,549,61.0,0.488,0.577,29.78,268,317,9
4594,2,6,7,42,1.167,0.238,0.69,10.0,10,29,1
4595,2,1,13,13,13.0,0.846,1.0,5.5,11,13,2
4596,2,1,54,54,54.0,0.944,1.0,17.0,51,54,3
4597,2,1,193,193,193.0,0.57,1.0,2.97,110,193,37
4598,2,2,157,314,78.5,0.506,0.551,26.5,159,173,6
4599,2,2,16,32,8.0,0.25,0.531,2.67,8,17,3
4600,2,1,106,106,106.0,0.858,1.0,15.17,91,106,6
4601,2,2,98,196,49.0,0.48,0.653,9.4,94,128,10
4602,2,1,55,55,55.0,0.564,1.0,10.33,31,55,3
4603,2,1,17,17,17.0,0.412,1.0,1.75,7,17,4
4604,2,21,2,42,0.095,0.738,0.738,31.0,31,31,1
4605,2,1,131,131,131.0,0.977,1.0,64.0,128,131,2
4606,2,1,9,9,9.0,0.778,1.0,7.0,7,9,1
4607,2,1,79,79,79.0,0.608,1.0,6.86,48,79,7
4608,2,2,536,1072,268.0,0.538,0.737,30.37,577,790,19
4609,2,1,16,16,16.0,1.0,1.0,16.0,16,16,1
4610,2,6,47,282,7.833,0.202,0.202,57.0,57,57,1
4611,2,1,52,52,52.0,0.962,1.0,25.0,50,52,2
4612,2,18,342,6156,19.0,0.847,0.897,43.48,217,522,120
4613,2,1,27,27,27.0,0.407,1.0,1.83,11,27,6
4614,2,6,142,852,23.667,0.115,0.173,6.53,98,147,15
4615,2,2,32,64,16.0,0.516,0.531,33.0,33,34,1
4616,2,1,16,16,16.0,1.0,1.0,16.0,16,16,1
4617,2,1,14,14,14.0,1.0,1.0,14.0,14,14,1
4618,2,4,115,460,28.75,0.426,0.487,17.82,196,224,11
4619,2,1,87,87,87.0,0.92,1.0,16.0,80,87,5
4620,2,3,129,387,43.0,0.305,0.377,11.8,118,146,10
4621,2,1,52,52,52.0,0.981,1.0,51.0,51,52,1
4622,2,1,11,11,11.0,1.0,1.0,11.0,11,11,1
4623,2,1,14,14,14.0,0.643,1.0,4.5,9,14,2
4624,2,2,52,104,26.0,0.231,0.529,1.5,24,55,16
4625,2,1,19,19,19.0,0.632,1.0,4.0,12,19,3
4626,2,1,71,71,71.0,0.521,1.0,2.31,37,71,16
4627,2,1,98,98,98.0,0.939,1.0,30.67,92,98,3
4628,2,1,107,107,107.0,0.869,1.0,18.6,93,107,5
4629,2,17,342,5814,20.118,0.916,0.996,30.27,328,790,176
4630,2,8,16,128,2.0,0.398,0.695,2.55,51,89,20
4631,2,1,46,46,46.0,0.239,1.0,1.38,11,46,8
4632,2,3,286,858,95.333,0.406,0.427,87.0,348,366,4
4633,2,1,277,277,277.0,0.993,1.0,137.5,275,277,2
4634,2,1,107,107,107.0,0.869,1.0,18.6,93,107,5
4635,2,1,70,70,70.0,0.943,1.0,22.0,66,70,3
4636,2,2,64,128,32.0,0.531,0.586,17.0,68,75,4
4637,2,1,117,117,117.0,0.393,1.0,5.75,46,117,8
4638,2,3,113,339,37.667,0.357,0.378,30.25,121,128,4
4639,2,1,136,136,136.0,0.963,1.0,32.75,131,136,4
4640,2,1,199,199,199.0,0.945,1.0,37.6,188,199,5
4641,2,1,47,47,47.0,1.0,1.0,47.0,47,47,1
4642,2,1,13,13,13.0,0.692,1.0,4.5,9,13,2
4643,2,3,541,1623,180.33,0.71,0.747,88.62,152,213,13
4644,2,1,84,84,84.0,0.917,1.0,19.25,77,84,4
4645,2,1,35,35,35.0,0.857,1.0,10.0,30,35,3
4646,2,3,550,1650,183.33,0.329,0.375,27.15,543,619,20
4647,2,5,128,640,25.6,0.759,0.764,162.0,486,489,3
4648,2,2,537,1074,268.5,0.594,0.655,21.27,638,703,30
4649,2,1,193,193,193.0,0.57,1.0,2.97,110,193,37
4650,2,6,47,282,7.833,0.202,0.202,57.0,57,57,1
4651,2,11,252,2772,22.909,0.092,0.095,63.75,255,262,4
4652,2,2,535,1070,267.5,0.545,0.629,24.29,583,673,24
4653,2,1,127,127,127.0,0.646,1.0,13.67,82,127,6
4654,2,1,127,127,127.0,0.646,1.0,13.67,82,127,6
4655,2,2,21,42,10.5,0.452,1.0,6.33,19,42,3
4656,2,1,152,152,152.0,0.822,1.0,11.36,125,152,11
4657,2,1,26,26,26.0,1.0,1.0,26.0,26,26,1
4658,2,1,44,44,44.0,0.909,1.0,20.0,40,44,2
4659,2,1,33,33,33.0,1.0,1.0,33.0,33,33,1
4660,2,2,536,1072,268.0,0.505,0.512,180.33,541,549,3
4661,2,7,14,98,2.0,0.102,0.204,10.0,10,20,1
4662,2,3,470,1410,156.67,0.352,0.387,23.62,496,545,21
4663,2,17,341,5797,20.059,0.935,0.998,36.38,420,784,149
4664,2,1,8,8,8.0,1.0,1.0,8.0,8,8,1
4665,2,2,536,1072,268.0,0.532,0.558,30.0,570,598,19
4666,2,2,63,126,31.5,0.341,0.508,10.75,43,64,4
4667,2,2,535,1070,267.5,0.545,0.629,24.29,583,673,24
4668,2,3,536,1608,178.67,0.341,0.353,61.0,549,567,9
4669,2,1,33,33,33.0,1.0,1.0,33.0,33,33,1
4670,2,1,131,131,131.0,0.977,1.0,64.0,128,131,2
4671,2,1,17,17,17.0,1.0,1.0,17.0,17,17,1
4672,2,1,413,413,413.0,0.998,1.0,412.0,412,413,1
4673,2,1,35,35,35.0,0.857,1.0,10.0,30,35,3
4674,2,3,541,1623,180.33,0.71,0.747,88.62,152,213,13
4675,2,1,52,52,52.0,0.538,1.0,14.0,28,52,2
4676,2,1,14,14,14.0,1.0,1.0,14.0,14,14,1
4677,2,1,20,20,20.0,0.75,1.0,3.0,15,20,5
4678,2,1,63,63,63.0,0.587,1.0,2.31,37,63,16
4679,2,1,22,22,22.0,0.955,1.0,21.0,21,22,1
4680,2,1,62,62,62.0,0.984,1.0,61.0,61,62,1
4681,2,17,341,5797,20.059,0.935,0.998,36.38,420,784,149
4682,2,1,14,14,14.0,1.0,1.0,14.0,14,14,1
4683,2,1,18,18,18.0,0.944,1.0,17.0,17,18,1
4684,2,1,94,94,94.0,0.564,1.0,3.31,53,94,16
4685,2,1,78,78,78.0,0.949,1.0,24.67,74,78,3
4686,2,2,536,1072,268.0,0.505,0.512,180.33,541,549,3
4687,2,1,98,98,98.0,0.939,1.0,30.67,92,98,3
4688,2,2,46,92,23.0,0.587,0.761,18.0,54,70,3
4689,2,1,16,16,16.0,1.0,1.0,16.0,16,16,1
4690,2,1,45,45,45.0,0.244,1.0,1.38,11,45,8
4691,2,2,537,1074,268.5,0.523,0.567,62.44,562,609,9
4692,2,1,22,22,22.0,0.5,1.0,1.83,11,22,6
4693,2,1,42,42,42.0,0.31,1.0,2.6,13,42,5
4694,2,1,277,277,277.0,0.993,1.0,137.5,275,277,2
4695,2,2,18,36,9.0,0.722,0.722,26.0,26,26,1
4696,2,3,59,177,19.667,0.475,0.475,84.0,84,84,1
4697,2,3,113,339,37.667,0.41,0.472,13.9,139,160,10
4698,2,3,500,1500,166.67,0.373,0.421,19.28,559,632,29
4699,2,1,98,98,98.0,0.939,1.0,30.67,92,98,3
4700,2,1,14,14,14.0,0.571,1.0,2.0,8,14,4
4701,2,1,29,29,29.0,0.931,1.0,13.5,27,29,2
4702,2,6,39,234,6.5,0.192,0.197,45.0,45,46,1
4703,2,1,14,14,14.0,1.0,1.0,14.0,14,14,1
4704,2,2,538,1076,269.0,0.637,0.703,29.78,685,756,23
4705,2,2,64,128,32.0,0.43,0.602,3.93,55,77,14
4706,2,4,19,76,4.75,0.276,0.382,5.25,21,29,4
4707,2,1,52,52,52.0,0.788,1.0,10.25,41,52,4
4708,2,2,537,1074,268.5,0.556,0.655,24.88,597,704,24
4709,2,1,17,17,17.0,0.824,1.0,4.67,14,17,3
4710,2,1,51,51,51.0,0.471,1.0,2.4,24,51,10
4711,2,1,17,17,17.0,0.824,1.0,4.67,14,17,3
4712,2,1,52,52,52.0,0.788,1.0,10.25,41,52,4
4713,2,2,20,40,10.0,0.675,0.675,27.0,27,27,1
4714,2,2,537,1074,268.5,0.538,0.555,82.57,578,596,7
4715,2,1,17,17,17.0,0.765,1.0,6.5,13,17,2
4716,2,2,116,232,58.0,0.616,0.802,17.88,143,186,8
4717,2,6,142,852,23.667,0.115,0.173,6.53,98,147,15
4718,2,2,22,44,11.0,0.75,0.75,33.0,33,33,1
4719,2,1,39,39,39.0,0.897,1.0,8.75,35,39,4
4720,2,1,52,52,52.0,0.981,1.0,51.0,51,52,1
4721,2,1,62,62,62.0,0.984,1.0,61.0,61,62,1
4722,2,2,25,50,12.5,0.36,1.0,4.5,18,50,4
4723,2,1,19,19,19.0,0.632,1.0,4.0,12,19,3
4724,2,3,132,396,44.0,0.505,0.558,20.0,200,221,10
4725,2,2,537,1074,268.5,0.51,0.534,49.82,548,574,11
4726,2,2,62,124,31.0,0.452,0.565,11.2,56,70,5
4727,2,1,17,17,17.0,0.882,1.0,7.5,15,17,2
4728,2,1,14,14,14.0,0.571,1.0,2.0,8,14,4
4729,2,1,18,18,18.0,0.5,1.0,3.0,9,18,3
4730,2,2,536,1072,268.0,0.586,0.686,21.66,628,735,29
4731,2,25,169,4225,6.76,0.215,0.947,1.57,907,0,579
4732,2,1,148,148,148.0,0.959,1.0,47.33,142,148,3
4733,2,2,537,1074,268.5,0.621,0.747,16.68,667,802,40
4734,2,1,94,94,94.0,0.564,1.0,3.31,53,94,16
4735,2,6,47,282,7.833,0.202,0.202,57.0,57,57,1
4736,2,7,46,322,6.571,0.177,0.304,8.14,57,98,7
4737,2,3,113,339,37.667,0.357,0.378,30.25,121,128,4
4738,2,2,48,96,24.0,0.625,0.677,30.0,60,65,2
4739,2,2,415,830,207.5,0.505,0.578,16.76,419,480,25
4740,2,1,63,63,63.0,0.952,1.0,20.0,60,63,3
4741,2,1,75,75,75.0,0.813,1.0,5.55,61,75,11
4742,2,1,28,28,28.0,0.464,1.0,2.17,13,28,6
4743,2,1,84,84,84.0,0.917,1.0,19.25,77,84,4
4744,2,4,108,432,27.0,0.778,0.826,56.0,336,357,6
4745,2,1,29,29,29.0,1.0,1.0,29.0,29,29,1
4746,2,1,37,37,37.0,0.811,1.0,6.0,30,37,5
4747,2,1,52,52,52.0,0.538,1.0,14.0,28,52,2
4748,2,2,48,96,24.0,0.625,0.677,30.0,60,65,2
4749,2,1,8,8,8.0,1.0,1.0,8.0,8,8,1
4750,2,1,14,14,14.0,0.643,1.0,4.5,9,14,2
4751,2,1,58,58,58.0,0.845,1.0,9.8,49,58,5
4752,2,1,36,36,36.0,0.583,1.0,5.25,21,36,4
4753,2,1,34,34,34.0,0.471,1.0,1.07,16,34,15
4754,2,1,17,17,17.0,1.0,1.0,17.0,17,17,1
4755,2,1,16,16,16.0,1.0,1.0,16.0,16,16,1
4756,2,1,13,13,13.0,0.692,1.0,3.0,9,13,3
4757,2,1,257,257,257.0,1.0,1.0,257.0,257,257,1
4758,2,17,341,5797,20.059,0.935,0.998,36.38,420,784,149
4759,2,2,6,12,3.0,0.667,1.0,4.0,8,12,2
4760,2,1,35,35,35.0,0.857,1.0,10.0,30,35,3
4761,2,2,64,128,32.0,0.531,0.586,17.0,68,75,4
4762,2,1,8,8,8.0,1.0,1.0,8.0,8,8,1
4763,2,1,35,35,35.0,0.857,1.0,10.0,30,35,3
4764,2,3,550,1650,183.33,0.329,0.375,27.15,543,619,20
4765,2,1,19,19,19.0,0.737,1.0,4.67,14,19,3
4766,2,1,172,172,172.0,0.465,1.0,1.04,80,172,77
4767,2,6,21,126,3.5,0.246,0.254,31.0,31,32,1
4768,2,2,17,34,8.5,0.588,0.971,6.67,20,33,3
4769,2,1,81,81,81.0,0.901,1.0,24.33,73,81,3
4770,2,1,52,52,52.0,0.538,1.0,14.0,28,52,2
4771,2,1,98,98,98.0,0.939,1.0,30.67,92,98,3
4772,2,2,537,1074,268.5,0.538,0.594,32.11,578,638,18
4773,2,28,330,9240,11.786,0.057,0.066,31.0,527,614,17
4774,2,1,19,19,19.0,0.632,1.0,4.0,12,19,3
4775,2,1,159,159,159.0,0.975,1.0,77.5,155,159,2
4776,2,1,10,10,10.0,1.0,1.0,10.0,10,10,1
4777,2,5,7,35,1.4,0.2,0.314,7.0,7,11,1
4778,2,2,24,48,12.0,0.354,1.0,3.4,17,48,5
4779,2,4,115,460,28.75,0.426,0.487,17.82,196,224,11
4780,2,1,235,235,235.0,0.923,1.0,27.13,217,235,8
4781,2,1,45,45,45.0,0.756,1.0,5.67,34,45,6
4782,2,1,11,11,11.0,0.909,1.0,10.0,10,11,1
4783,2,1,186,186,186.0,0.828,1.0,9.06,154,186,17
4784,2,1,75,75,75.0,0.92,1.0,11.5,69,75,6
4785,2,3,550,1650,183.33,0.329,0.375,27.15,543,619,20
4786,2,1,193,193,193.0,0.57,1.0,2.97,110,193,37
4787,2,3,304,912,101.33,0.555,0.686,42.17,506,626,12
4788,2,1,33,33,33.0,1.0,1.0,33.0,33,33,1
4789,2,1,87,87,87.0,0.92,1.0,16.0,80,87,5
4790,2,3,538,1614,179.33,0.37,0.424,22.11,597,685,27
4791,2,2,538,1076,269.0,0.518,0.596,29.32,557,641,19
4792,2,2,9,18,4.5,0.556,0.556,10.0,10,10,1
4793,2,1,9,9,9.0,0.778,1.0,7.0,7,9,1
4794,2,5,280,1400,56.0,0.78,0.786,156.0,92,100,7
4795,2,1,9,9,9.0,0.778,1.0,7.0,7,9,1
4796,2,1,55,55,55.0,0.564,1.0,10.33,31,55,3
4797,2,3,116,348,38.667,0.356,0.371,62.0,124,129,2
4798,2,1,19,19,19.0,0.579,1.0,3.67,11,19,3
4799,2,1,8,8,8.0,1.0,1.0,8.0,8,8,1
4800,2,2,25,50,12.5,0.36,1.0,4.5,18,50,4
4801,2,2,46,92,23.0,0.587,0.761,18.0,54,70,3
4802,2,1,17,17,17.0,0.765,1.0,6.5,13,17,2
4803,2,1,20,20,20.0,0.55,1.0,1.38,11,20,8
4804,2,1,114,114,114.0,0.939,1.0,21.4,107,114,5
4805,2,1,84,84,84.0,0.917,1.0,19.25,77,84,4
4806,2,4,194,776,48.5,0.263,0.273,34.0,204,212,6
4807,2,1,10,10,10.0,1.0,1.0,10.0,10,10,1
4808,2,3,259,777,86.333,0.411,0.481,13.29,319,374,24
4809,2,1,58,58,58.0,0.845,1.0,9.8,49,58,5
4810,2,1,235,235,235.0,0.923,1.0,27.13,217,235,8
4811,2,1,106,106,106.0,0.434,1.0,1.02,46,106,45
4812,2,1,85,85,85.0,0.882,1.0,12.5,75,85,6
4813,2,1,10,10,10.0,0.8,1.0,4.0,8,10,2
4814,2,1,67,67,67.0,0.985,1.0,66.0,66,67,1
4815,2,2,536,1072,268.0,0.505,0.512,180.33,541,549,3
4816,2,1,136,136,136.0,0.963,1.0,32.75,131,136,4
4817,2,25,300,7500,12.0,0.065,0.071,40.33,484,531,12
4818,2,3,129,387,43.0,0.305,0.377,11.8,118,146,10
4819,2,1,138,138,138.0,1.0,1.0,138.0,138,138,1
4820,2,3,113,339,37.667,0.41,0.472,13.9,139,160,10
4821,2,1,7,7,7.0,1.0,1.0,7.0,7,7,1
4822,2,1,8,8,8.0,1.0,1.0,8.0,8,8,1
4823,2,1,45,45,45.0,0.756,1.0,5.67,34,45,6
4824,2,1,79,79,79.0,0.608,1.0,6.86,48,79,7
4825,2,1,235,235,235.0,0.923,1.0,27.13,217,235,8
4826,2,1,9,9,9.0,0.889,1.0,8.0,8,9,1
4827,2,1,196,196,196.0,0.98,1.0,64.0,192,196,3
4828,2,2,46,92,23.0,0.587,0.761,18.0,54,70,3
4829,2,1,46,46,46.0,0.239,1.0,1.38,11,46,8
4830,2,4,194,776,48.5,0.263,0.273,34.0,204,212,6
4831,2,1,277,277,277.0,0.993,1.0,137.5,275,277,2
4832,2,1,102,102,102.0,0.961,1.0,24.5,98,102,4
4833,2,3,286,858,95.333,0.406,0.427,87.0,348,366,4
4834,2,1,14,14,14.0,0.643,1.0,4.5,9,14,2
4835,2,18,342,6156,19.0,0.847,0.897,43.48,217,522,120
4836,2,28,330,9240,11.786,0.057,0.066,31.0,527,614,17
4837,2,1,37,37,37.0,0.811,1.0,6.0,30,37,5
4838,2,1,206,206,206.0,0.99,1.0,204.0,204,206,1
4839,2,3,537,1611,179.0,0.353,0.364,71.13,569,587,8
4840,2,1,44,44,44.0,0.25,1.0,2.2,11,44,5
4841,2,1,379,379,379.0,0.963,1.0,60.83,365,379,6
4842,2,10,553,5530,55.3,0.797,0.884,21.3,409,890,207
4843,2,2,46,92,23.0,0.587,0.761,18.0,54,70,3
4844,2,2,236,472,118.0,0.566,0.689,10.27,267,325,26
4845,2,1,17,17,17.0,0.412,1.0,1.75,7,17,4
4846,2,1,29,29,29.0,0.586,1.0,2.13,17,29,8
4847,2,1,36,36,36.0,0.306,1.0,1.83,11,36,6
4848,2,3,11,33,3.667,0.364,0.667,3.0,12,22,4
4849,2,1,255,255,255.0,0.686,1.0,4.86,175,255,36
4850,2,1,161,161,161.0,0.41,1.0,1.02,66,161,65
4851,2,9,13,117,1.444,0.103,0.752,4.0,12,88,3
4852,2,3,550,1650,183.33,0.339,0.401,15.11,559,662,37
4853,2,2,536,1072,268.0,0.586,0.686,21.66,628,735,29
4854,2,1,152,152,152.0,0.822,1.0,11.36,125,152,11
4855,2,1,23,23,23.0,0.348,1.0,1.6,8,23,5
4856,2,4,115,460,28.75,0.426,0.487,17.82,196,224,11
4857,2,1,27,27,27.0,0.259,1.0,1.4,7,27,5
4858,2,1,37,37,37.0,0.811,1.0,6.0,30,37,5
4859,2,1,19,19,19.0,0.684,1.0,4.33,13,19,3
4860,2,1,10,10,10.0,0.8,1.0,4.0,8,10,2
4861,2,1,86,86,86.0,0.93,1.0,40.0,80,86,2
4862,2,2,537,1074,268.5,0.594,0.655,21.27,638,703,30
4863,2,2,535,1070,267.5,0.564,0.614,40.2,603,657,15
4864,2,2,18,36,9.0,0.667,0.694,24.0,24,25,1
4865,2,2,537,1074,268.5,0.621,0.747,16.68,667,802,40
4866,2,1,8,8,8.0,1.0,1.0,8.0,8,8,1
4867,2,1,19,19,19.0,0.789,1.0,3.75,15,19,4
4868,2,37,1,37,0.027,1.0,1.0,37.0,37,37,1
4869,2,3,259,777,86.333,0.96,0.978,67.82,746,760,11
4870,2,1,17,17,17.0,0.824,1.0,4.67,14,17,3
4871,2,1,36,36,36.0,0.306,1.0,1.83,11,36,6
4872,2,1,10,10,10.0,1.0,1.0,10.0,10,10,1
4873,2,1,186,186,186.0,0.828,1.0,9.06,154,186,17
4874,2,1,71,71,71.0,0.521,1.0,2.31,37,71,16
4875,2,1,8,8,8.0,1.0,1.0,8.0,8,8,1
4876,2,1,52,52,52.0,0.538,1.0,14.0,28,52,2
4877,2,1,10,10,10.0,1.0,1.0,10.0,10,10,1
4878,2,1,18,18,18.0,0.944,1.0,17.0,17,18,1
4879,2,3,544,1632,181.33,0.326,0.406,16.12,532,662,33
4880,2,1,19,19,19.0,0.684,1.0,4.33,13,19,3
4881,2,3,113,339,37.667,0.41,0.472,13.9,139,160,10
4882,2,2,52,104,26.0,0.231,0.529,1.5,24,55,16
4883,2,1,75,75,75.0,0.92,1.0,11.5,69,75,6
4884,2,1,106,106,106.0,0.434,1.0,1.02,46,106,45
4885,2,1,36,36,36.0,0.583,1.0,4.2,21,36,5
4886,2,1,152,152,152.0,0.822,1.0,11.36,125,152,11
4887,2,1,35,35,35.0,0.829,1.0,9.67,29,35,3
4888,2,1,17,17,17.0,0.941,1.0,16.0,16,17,1
4889,2,1,33,33,33.0,0.667,1.0,3.67,22,33,6
4890,2,1,22,22,22.0,0.818,1.0,4.5,18,22,4
4891,2,1,10,10,10.0,0.8,1.0,4.0,8,10,2
4892,2,1,75,75,75.0,0.92,1.0,11.5,69,75,6
4893,2,1,159,159,159.0,0.975,1.0,77.5,155,159,2
4894,2,1,8,8,8.0,1.0,1.0,8.0,8,8,1
4895,2,6,142,852,23.667,0.115,0.173,6.53,98,147,15
4896,2,2,64,128,32.0,0.531,0.586,17.0,68,75,4
4897,2,1,51,51,51.0,0.471,1.0,2.4,24,51,10
4898,2,1,9,9,9.0,0.778,1.0,7.0,7,9,1
4899,2,1,79,79,79.0,0.608,1.0,6.86,48,79,7
4900,2,2,18,36,9.0,0.722,0.722,26.0,26,26,1
4901,2,1,106,106,106.0,0.858,1.0,15.17,91,106,6
4902,2,1,79,79,79.0,0.608,1.0,6.86,48,79,7
4903,2,1,52,52,52.0,0.538,1.0,14.0,28,52,2
4904,2,1,214,214,214.0,1.0,1.0,214.0,214,214,1
4905,2,1,8,8,8.0,1.0,1.0,8.0,8,8,1
4906,2,2,69,138,34.5,0.623,0.906,10.75,86,125,8
4907,2,1,127,127,127.0,0.646,1.0,13.67,82,127,6
4908,2,1,40,40,40.0,1.0,1.0,40.0,40,40,1
4909,2,1,22,22,22.0,0.955,1.0,21.0,21,22,1
4910,2,1,20,20,20.0,0.55,1.0,1.38,11,20,8
4911,2,1,35,35,35.0,0.857,1.0,10.0,30,35,3
4912,2,1,148,148,148.0,0.986,1.0,73.0,146,148,2
4913,2,7,14,98,2.0,0.102,0.204,10.0,10,20,1
4914,2,1,45,45,45.0,0.244,1.0,1.38,11,45,8
4915,2,6,142,852,23.667,0.115,0.173,6.53,98,147,15
4916,2,4,524,2096,131.0,0.542,0.603,40.57,136,264,28
4917,2,1,235,235,235.0,0.923,1.0,27.13,217,235,8
4918,2,37,1,37,0.027,1.0,1.0,37.0,37,37,1
4919,2,2,98,196,49.0,0.48,0.653,9.4,94,128,10
4920,2,1,14,14,14.0,0.571,1.0,2.0,8,14,4
4921,2,3,113,339,37.667,0.357,0.378,30.25,121,128,4
4922,2,25,300,7500,12.0,0.065,0.071,40.33,484,531,12
4923,2,1,45,45,45.0,0.933,1.0,21.0,42,45,2
4924,2,1,13,13,13.0,0.846,1.0,5.5,11,13,2
4925,2,1,20,20,20.0,0.85,1.0,8.5,17,20,2
4926,2,1,63,63,63.0,0.952,1.0,20.0,60,63,3
4927,2,2,64,128,32.0,0.43,0.602,3.93,55,77,14
4928,2,12,278,3336,23.167,0.11,0.144,15.91,366,479,23
4929,2,37,1,37,0.027,1.0,1.0,37.0,37,37,1
4930,2,1,69,69,69.0,0.841,1.0,8.29,58,69,7
4931,2,1,161,161,161.0,0.41,1.0,1.02,66,161,65
4932,2,3,500,1500,166.67,0.373,0.421,19.28,559,632,29
4933,2,1,33,33,33.0,0.667,1.0,3.67,22,33,6
4934,2,1,35,35,35.0,0.857,1.0,10.0,30,35,3
4935,2,1,29,29,29.0,0.586,1.0,2.13,17,29,8
4936,2,2,537,1074,268.5,0.507,0.528,181.33,544,567,3
4937,2,1,278,278,278.0,0.946,1.0,29.22,263,278,9
4938,2,1,51,51,51.0,0.471,1.0,2.4,24,51,10
4939,2,1,44,44,44.0,0.25,1.0,2.2,11,44,5
4940,3,8,1,8,0.125,1.0,1.0,8.0,8,8,1
4941,3,8,1,8,0.125,1.0,1.0,8.0,8,8,1
4942,3,8,1,8,0.125,1.0,1.0,8.0,8,8,1
4943,3,8,1,8,0.125,1.0,1.0,8.0,8,8,1
4944,3,53,1,53,0.019,1.0,1.0,53.0,53,53,1
4945,3,14,1,14,0.071,1.0,1.0,14.0,14,14,1
4946,3,26,1,26,0.038,1.0,1.0,26.0,26,26,1
4947,3,9,1,9,0.111,1.0,1.0,9.0,9,9,1
4948,3,5,2,10,0.4,0.8,0.8,8.0,8,8,1
4949,3,4,2,8,0.5,1.0,1.0,8.0,8,8,1
4950,3,7,1,7,0.143,1.0,1.0,7.0,7,7,1
4951,3,11,2,22,0.182,0.636,0.636,14.0,14,14,1
4952,3,9,1,9,0.111,1.0,1.0,9.0,9,9,1
4953,3,10,1,10,0.1,1.0,1.0,10.0,10,10,1
4954,3,54,1,54,0.019,1.0,1.0,54.0,54,54,1
4955,3,15,1,15,0.067,1.0,1.0,15.0,15,15,1
4956,3,9,1,9,0.111,1.0,1.0,9.0,9,9,1
4957,3,9,1,9,0.111,1.0,1.0,9.0,9,9,1
4958,3,5,2,10,0.4,0.9,0.9,9.0,9,9,1
4959,3,19,2,38,0.105,0.816,0.816,31.0,31,31,1
4960,3,18,1,18,0.056,1.0,1.0,18.0,18,18,1
4961,3,23,1,23,0.043,1.0,1.0,23.0,23,23,1
4962,3,34,1,34,0.029,1.0,1.0,34.0,34,34,1
4963,3,7,1,7,0.143,1.0,1.0,7.0,7,7,1
4964,3,11,2,22,0.182,0.636,0.636,14.0,14,14,1
4965,3,13,1,13,0.077,1.0,1.0,13.0,13,13,1
4966,3,13,1,13,0.077,1.0,1.0,13.0,13,13,1
4967,3,9,1,9,0.111,1.0,1.0,9.0,9,9,1
4968,3,18,1,18,0.056,1.0,1.0,18.0,18,18,1
4969,3,13,1,13,0.077,1.0,1.0,13.0,13,13,1
4970,3,39,1,39,0.026,1.0,1.0,39.0,39,39,1
4971,3,26,1,26,0.038,1.0,1.0,26.0,26,26,1
4972,3,16,1,16,0.063,1.0,1.0,16.0,16,16,1
4973,3,53,1,53,0.019,1.0,1.0,53.0,53,53,1
4974,3,58,3,174,0.052,0.339,0.345,59.0,59,60,1
4975,3,66,3,198,0.045,0.657,0.909,2.6,130,180,50
4976,3,10,1,10,0.1,1.0,1.0,10.0,10,10,1
4977,3,47,1,47,0.021,1.0,1.0,47.0,47,47,1
4978,3,4,11,8844,0.014,0.191,0.233,15.64,689,58,108
4979,3,7,1,7,0.143,1.0,1.0,7.0,7,7,1
4980,3,12,2,24,0.167,0.625,0.667,15.0,15,16,1
4981,3,25,1,25,0.04,1.0,1.0,25.0,25,25,1
4982,3,38,1,38,0.026,1.0,1.0,38.0,38,38,1
4983,3,19,2,38,0.105,0.816,0.816,31.0,31,31,1
4984,3,4,2,8,0.5,0.875,0.875,7.0,7,7,1
4985,3,27,1,27,0.037,1.0,1.0,27.0,27,27,1
4986,3,26,1,26,0.038,1.0,1.0,26.0,26,26,1
4987,3,8,1,8,0.125,1.0,1.0,8.0,8,8,1
4988,3,6,21,126,3.5,0.198,0.444,1.67,25,56,15
4989,3,11,2,22,0.182,0.636,0.636,14.0,14,14,1
4990,3,9,1,9,0.111,1.0,1.0,9.0,9,9,1
4991,3,7,1,7,0.143,1.0,1.0,7.0,7,7,1
4992,3,8,1,8,0.125,1.0,1.0,8.0,8,8,1
4993,3,37,1,37,0.027,1.0,1.0,37.0,37,37,1
4994,3,7,1,7,0.143,1.0,1.0,7.0,7,7,1
4995,3,22,1,22,0.045,1.0,1.0,22.0,22,22,1
4996,3,8,1,8,0.125,0.875,1.0,7.0,7,8,1
4997,3,9,1,9,0.111,1.0,1.0,9.0,9,9,1
4998,3,31,1,31,0.032,1.0,1.0,31.0,31,31,1
4999,3,9,1,9,0.111,1.0,1.0,9.0,9,9,1
5000,3,8,1,8,0.125,1.0,1.0,8.0,8,8,1
5001,3,11,1,11,0.091,1.0,1.0,11.0,11,11,1
5002,3,9,1,9,0.111,1.0,1.0,9.0,9,9,1
5003,3,27,4,108,0.148,0.38,0.75,2.56,41,81,16
5004,3,7,1,7,0.143,1.0,1.0,7.0,7,7,1
5005,3,34,1,34,0.029,1.0,1.0,34.0,34,34,1
5006,3,13,1,13,0.077,1.0,1.0,13.0,13,13,1
5007,3,42,1,42,0.024,1.0,1.0,42.0,42,42,1
5008,3,27,4,108,0.148,0.38,0.75,2.56,41,81,16
5009,3,11,1,11,0.091,1.0,1.0,11.0,11,11,1
5010,3,1,25,25,25.0,1.0,1.0,25.0,25,25,1
5011,3,69,3,207,0.043,0.643,0.952,2.08,133,197,64
5012,3,8,1,8,0.125,0.875,1.0,7.0,7,8,1
5013,3,9,1,9,0.111,1.0,1.0,9.0,9,9,1
5014,3,27,4,108,0.148,0.38,0.75,2.56,41,81,16
5015,3,42,7,294,0.167,0.282,0.432,2.18,83,127,38
5016,3,9,1,9,0.111,1.0,1.0,9.0,9,9,1
5017,3,54,1,54,0.019,1.0,1.0,54.0,54,54,1
5018,3,10,1,10,0.1,1.0,1.0,10.0,10,10,1
5019,3,5,2,10,0.4,0.8,0.8,8.0,8,8,1
5020,3,5,2,10,0.4,0.7,0.7,7.0,7,7,1
5021,3,18,1,18,0.056,1.0,1.0,18.0,18,18,1
5022,3,42,1,42,0.024,1.0,1.0,42.0,42,42,1
5023,3,58,3,174,0.052,0.339,0.345,59.0,59,60,1
5024,3,84,1,84,0.012,1.0,1.0,84.0,84,84,1
5025,3,76,1,76,0.013,1.0,1.0,76.0,76,76,1
5026,3,31,1,31,0.032,1.0,1.0,31.0,31,31,1
5027,3,9,1,9,0.111,1.0,1.0,9.0,9,9,1
5028,3,31,1,31,0.032,1.0,1.0,31.0,31,31,1
5029,3,25,1,25,0.04,1.0,1.0,25.0,25,25,1
5030,3,13,1,13,0.077,1.0,1.0,13.0,13,13,1
5031,3,84,1,84,0.012,1.0,1.0,84.0,84,84,1
5032,3,7,1,7,0.143,1.0,1.0,7.0,7,7,1
5033,3,26,1,26,0.038,1.0,1.0,26.0,26,26,1
5034,3,69,3,207,0.043,0.643,0.952,2.08,133,197,64
5035,3,94,2,188,0.021,0.516,0.516,97.0,97,97,1
5036,3,9,1,9,0.111,1.0,1.0,9.0,9,9,1
5037,3,42,7,294,0.167,0.282,0.432,2.18,83,127,38
5038,3,47,1,47,0.021,1.0,1.0,47.0,47,47,1
5039,3,27,4,108,0.148,0.38,0.75,2.56,41,81,16
5040,3,13,1,13,0.077,1.0,1.0,13.0,13,13,1
5041,3,8,1,8,0.125,0.875,1.0,7.0,7,8,1
5042,3,8,1,8,0.125,1.0,1.0,8.0,8,8,1
5043,3,17,1,117,0.009,1.0,1.0,117.0,117,117,1
5044,3,14,2,28,0.143,0.536,0.536,15.0,15,15,1
5045,3,54,1,54,0.019,1.0,1.0,54.0,54,54,1
5046,3,5,2,210,0.019,0.529,0.533,111.0,111,112,1
5047,3,98,3,294,0.031,0.48,0.486,141.0,141,143,1
5048,3,7,1,7,0.143,1.0,1.0,7.0,7,7,1
5049,3,8,1,8,0.125,1.0,1.0,8.0,8,8,1
5050,3,5,2,210,0.019,0.529,0.533,111.0,111,112,1
5051,3,32,1,32,0.031,1.0,1.0,32.0,32,32,1
5052,3,9,1,9,0.111,1.0,1.0,9.0,9,9,1
5053,3,32,1,32,0.031,1.0,1.0,32.0,32,32,1
5054,3,4,11,8844,0.014,0.191,0.233,15.64,689,58,108
5055,3,18,1,18,0.056,1.0,1.0,18.0,18,18,1
5056,3,39,1,39,0.026,1.0,1.0,39.0,39,39,1
5057,3,7,1,7,0.143,1.0,1.0,7.0,7,7,1
5058,3,13,1,13,0.077,1.0,1.0,13.0,13,13,1
5059,3,4,11,8844,0.014,0.191,0.233,15.64,689,58,108
5060,3,7,1,7,0.143,1.0,1.0,7.0,7,7,1
5061,3,8,1,8,0.125,1.0,1.0,8.0,8,8,1
5062,3,76,1,76,0.013,1.0,1.0,76.0,76,76,1
5063,3,58,3,174,0.052,0.339,0.345,59.0,59,60,1
5064,3,5,2,10,0.4,0.8,0.8,8.0,8,8,1
5065,3,9,1,9,0.111,1.0,1.0,9.0,9,9,1
5066,3,27,4,108,0.148,0.38,0.75,2.56,41,81,16
5067,3,36,1,136,0.007,0.993,1.0,135.0,135,136,1
5068,3,18,1,18,0.056,1.0,1.0,18.0,18,18,1
5069,3,54,1,54,0.019,1.0,1.0,54.0,54,54,1
5070,3,7,1,7,0.143,1.0,1.0,7.0,7,7,1
5071,3,23,1,23,0.043,1.0,1.0,23.0,23,23,1
5072,3,12,1,12,0.083,1.0,1.0,12.0,12,12,1
5073,3,9,1,9,0.111,1.0,1.0,9.0,9,9,1
5074,3,15,1,15,0.067,1.0,1.0,15.0,15,15,1
5075,3,30,5,2150,0.012,0.216,0.221,46.5,465,475,10
5076,3,8,1,8,0.125,1.0,1.0,8.0,8,8,1
5077,3,7,1,7,0.143,1.0,1.0,7.0,7,7,1
5078,3,66,3,198,0.045,0.657,0.909,2.6,130,180,50
5079,3,30,5,2150,0.012,0.216,0.221,46.5,465,475,10
5080,3,10,1,10,0.1,1.0,1.0,10.0,10,10,1
5081,3,7,1,7,0.143,1.0,1.0,7.0,7,7,1
5082,3,9,1,9,0.111,1.0,1.0,9.0,9,9,1
5083,3,4,2,8,0.5,1.0,1.0,8.0,8,8,1
5084,3,27,4,108,0.148,0.333,0.667,2.57,36,72,14
5085,3,61,30,7830,0.115,0.063,0.09,2.4,492,701,205
5086,3,9,1,9,0.111,1.0,1.0,9.0,9,9,1
5087,3,27,4,108,0.148,0.333,0.667,2.57,36,72,14
5088,3,5,2,10,0.4,0.8,0.8,8.0,8,8,1
5089,3,13,1,13,0.077,1.0,1.0,13.0,13,13,1
5090,3,76,1,76,0.013,1.0,1.0,76.0,76,76,1
5091,3,10,1,10,0.1,1.0,1.0,10.0,10,10,1
5092,3,1,25,25,25.0,1.0,1.0,25.0,25,25,1
5093,3,9,1,9,0.111,1.0,1.0,9.0,9,9,1
5094,3,10,1,10,0.1,1.0,1.0,10.0,10,10,1
5095,3,12,2,24,0.167,0.625,0.667,15.0,15,16,1
5096,3,8,1,8,0.125,1.0,1.0,8.0,8,8,1
5097,3,94,2,188,0.021,0.516,0.516,97.0,97,97,1
5098,3,13,1,13,0.077,1.0,1.0,13.0,13,13,1
5099,3,14,2,28,0.143,0.536,0.536,15.0,15,15,1
5100,3,9,2,18,0.222,0.611,0.722,11.0,11,13,1
5101,3,69,3,207,0.043,0.643,0.952,2.08,133,197,64
5102,3,98,3,294,0.031,0.48,0.486,141.0,141,143,1
5103,3,93,4,372,0.043,0.419,0.565,2.89,156,210,54
5104,3,13,1,13,0.077,1.0,1.0,13.0,13,13,1
5105,3,9,1,9,0.111,1.0,1.0,9.0,9,9,1
5106,3,61,30,7830,0.115,0.063,0.09,2.4,492,701,205
5107,3,31,1,31,0.032,1.0,1.0,31.0,31,31,1
5108,3,47,1,47,0.021,1.0,1.0,47.0,47,47,1
5109,3,76,1,76,0.013,1.0,1.0,76.0,76,76,1
5110,3,58,3,174,0.052,0.339,0.345,59.0,59,60,1
5111,3,31,1,31,0.032,1.0,1.0,31.0,31,31,1
5112,3,66,3,198,0.045,0.657,0.909,2.6,130,180,50
5113,3,12,2,24,0.167,0.625,0.667,15.0,15,16,1
5114,3,47,1,47,0.021,1.0,1.0,47.0,47,47,1
5115,3,53,1,53,0.019,1.0,1.0,53.0,53,53,1
5116,3,1,25,25,25.0,1.0,1.0,25.0,25,25,1
5117,3,44,3,132,0.068,0.598,0.841,2.47,79,111,32
5118,3,10,1,10,0.1,1.0,1.0,10.0,10,10,1
5119,3,27,1,27,0.037,1.0,1.0,27.0,27,27,1
5120,3,14,1,14,0.071,1.0,1.0,14.0,14,14,1
5121,3,13,1,13,0.077,1.0,1.0,13.0,13,13,1
5122,3,22,1,22,0.045,1.0,1.0,22.0,22,22,1
5123,3,32,1,32,0.031,1.0,1.0,32.0,32,32,1
5124,3,17,2,34,0.118,0.706,0.706,24.0,24,24,1
5125,3,17,1,117,0.009,1.0,1.0,117.0,117,117,1
5126,3,12,2,24,0.167,0.625,0.667,15.0,15,16,1
5127,3,17,1,17,0.059,1.0,1.0,17.0,17,17,1
5128,3,66,3,198,0.045,0.657,0.909,2.6,130,180,50
5129,3,5,2,10,0.4,0.7,0.7,7.0,7,7,1
5130,3,20,1,20,0.05,1.0,1.0,20.0,20,20,1
5131,3,84,1,84,0.012,1.0,1.0,84.0,84,84,1
5132,3,54,1,54,0.019,1.0,1.0,54.0,54,54,1
5133,3,42,7,294,0.167,0.282,0.432,2.18,83,127,38
5134,3,27,1,27,0.037,1.0,1.0,27.0,27,27,1
5135,3,9,1,9,0.111,1.0,1.0,9.0,9,9,1
5136,3,93,4,372,0.043,0.419,0.565,2.89,156,210,54
5137,3,4,2,8,0.5,0.875,0.875,7.0,7,7,1
5138,3,10,1,10,0.1,1.0,1.0,10.0,10,10,1
5139,3,9,1,9,0.111,1.0,1.0,9.0,9,9,1
5140,3,47,1,47,0.021,1.0,1.0,47.0,47,47,1
5141,3,7,1,7,0.143,1.0,1.0,7.0,7,7,1
5142,3,7,1,7,0.143,1.0,1.0,7.0,7,7,1
5143,3,4,2,8,0.5,0.875,0.875,7.0,7,7,1
5144,3,15,1,15,0.067,1.0,1.0,15.0,15,15,1
5145,3,4,2,8,0.5,0.875,0.875,7.0,7,7,1
5146,3,53,1,53,0.019,1.0,1.0,53.0,53,53,1
5147,3,54,1,54,0.019,1.0,1.0,54.0,54,54,1
5148,3,17,1,117,0.009,1.0,1.0,117.0,117,117,1
5149,3,13,1,13,0.077,1.0,1.0,13.0,13,13,1
5150,3,22,1,22,0.045,1.0,1.0,22.0,22,22,1
5151,3,10,1,10,0.1,1.0,1.0,10.0,10,10,1
5152,3,7,1,7,0.143,1.0,1.0,7.0,7,7,1
5153,3,7,1,7,0.143,1.0,1.0,7.0,7,7,1
5154,3,32,1,32,0.031,1.0,1.0,32.0,32,32,1
5155,3,37,1,37,0.027,1.0,1.0,37.0,37,37,1
5156,3,37,1,37,0.027,1.0,1.0,37.0,37,37,1
5157,3,10,1,10,0.1,1.0,1.0,10.0,10,10,1
5158,3,9,1,9,0.111,1.0,1.0,9.0,9,9,1
5159,3,84,1,84,0.012,1.0,1.0,84.0,84,84,1
5160,3,10,1,10,0.1,1.0,1.0,10.0,10,10,1
5161,3,13,1,13,0.077,1.0,1.0,13.0,13,13,1
5162,3,84,1,84,0.012,1.0,1.0,84.0,84,84,1
5163,3,9,1,9,0.111,1.0,1.0,9.0,9,9,1
5164,3,9,1,9,0.111,1.0,1.0,9.0,9,9,1
5165,3,54,1,54,0.019,1.0,1.0,54.0,54,54,1
5166,3,84,1,84,0.012,1.0,1.0,84.0,84,84,1
5167,3,27,4,108,0.148,0.38,0.75,2.56,41,81,16
5168,3,10,1,10,0.1,1.0,1.0,10.0,10,10,1
5169,3,76,1,76,0.013,1.0,1.0,76.0,76,76,1
5170,3,22,1,22,0.045,1.0,1.0,22.0,22,22,1
5171,3,19,2,38,0.105,0.816,0.816,31.0,31,31,1
5172,3,1,25,25,25.0,1.0,1.0,25.0,25,25,1
5173,3,5,2,10,0.4,0.7,0.7,7.0,7,7,1
5174,3,8,1,8,0.125,1.0,1.0,8.0,8,8,1
5175,3,11,2,22,0.182,0.636,0.636,14.0,14,14,1
5176,3,12,1,12,0.083,1.0,1.0,12.0,12,12,1
5177,3,98,3,294,0.031,0.48,0.486,141.0,141,143,1
5178,3,10,1,10,0.1,1.0,1.0,10.0,10,10,1
5179,3,7,1,7,0.143,1.0,1.0,7.0,7,7,1
5180,3,9,2,18,0.222,0.611,0.722,11.0,11,13,1
5181,3,32,1,32,0.031,1.0,1.0,32.0,32,32,1
5182,3,8,1,8,0.125,1.0,1.0,8.0,8,8,1
5183,3,47,1,47,0.021,1.0,1.0,47.0,47,47,1
5184,3,13,1,13,0.077,1.0,1.0,13.0,13,13,1
5185,3,8,1,8,0.125,1.0,1.0,8.0,8,8,1
5186,3,14,1,14,0.071,1.0,1.0,14.0,14,14,1
5187,3,11,1,11,0.091,1.0,1.0,11.0,11,11,1
5188,3,61,30,7830,0.115,0.063,0.09,2.4,492,701,205
5189,3,7,2,14,0.286,0.643,0.714,9.0,9,10,1
5190,3,66,3,198,0.045,0.657,0.909,2.6,130,180,50
5191,3,69,3,207,0.043,0.643,0.952,2.08,133,197,64
5192,3,14,1,14,0.071,1.0,1.0,14.0,14,14,1
5193,3,9,1,9,0.111,1.0,1.0,9.0,9,9,1
5194,3,6,21,126,3.5,0.198,0.444,1.67,25,56,15
5195,3,17,1,117,0.009,1.0,1.0,117.0,117,117,1
5196,3,30,5,2150,0.012,0.216,0.221,46.5,465,475,10
5197,3,9,2,18,0.222,0.611,0.722,11.0,11,13,1
5198,3,84,1,84,0.012,1.0,1.0,84.0,84,84,1
5199,3,9,1,9,0.111,1.0,1.0,9.0,9,9,1
5200,3,13,1,13,0.077,1.0,1.0,13.0,13,13,1
5201,3,8,1,8,0.125,1.0,1.0,8.0,8,8,1
5202,3,10,1,10,0.1,1.0,1.0,10.0,10,10,1
5203,3,16,1,16,0.063,1.0,1.0,16.0,16,16,1
5204,3,17,1,117,0.009,1.0,1.0,117.0,117,117,1
5205,3,8,1,8,0.125,1.0,1.0,8.0,8,8,1
5206,3,39,1,39,0.026,1.0,1.0,39.0,39,39,1
5207,3,54,1,54,0.019,1.0,1.0,54.0,54,54,1
5208,3,9,1,9,0.111,1.0,1.0,9.0,9,9,1
5209,3,32,1,32,0.031,1.0,1.0,32.0,32,32,1
5210,3,10,1,10,0.1,1.0,1.0,10.0,10,10,1
5211,3,8,1,8,0.125,1.0,1.0,8.0,8,8,1
5212,3,31,1,31,0.032,1.0,1.0,31.0,31,31,1
5213,3,8,1,8,0.125,1.0,1.0,8.0,8,8,1
5214,3,14,2,28,0.143,0.536,0.536,15.0,15,15,1
5215,3,93,4,372,0.043,0.419,0.565,2.89,156,210,54
5216,3,4,2,8,0.5,0.875,0.875,7.0,7,7,1
5217,3,26,1,26,0.038,1.0,1.0,26.0,26,26,1
5218,3,13,1,13,0.077,1.0,1.0,13.0,13,13,1
5219,3,16,1,16,0.063,1.0,1.0,16.0,16,16,1
5220,3,8,1,8,0.125,1.0,1.0,8.0,8,8,1
5221,3,7,1,7,0.143,1.0,1.0,7.0,7,7,1
5222,3,10,1,10,0.1,1.0,1.0,10.0,10,10,1
5223,3,8,1,8,0.125,1.0,1.0,8.0,8,8,1
5224,3,66,3,198,0.045,0.657,0.909,2.6,130,180,50
5225,3,9,1,9,0.111,1.0,1.0,9.0,9,9,1
5226,3,10,1,10,0.1,1.0,1.0,10.0,10,10,1
5227,3,34,1,34,0.029,1.0,1.0,34.0,34,34,1
5228,3,7,1,7,0.143,1.0,1.0,7.0,7,7,1
5229,3,12,1,12,0.083,1.0,1.0,12.0,12,12,1
5230,3,8,1,8,0.125,1.0,1.0,8.0,8,8,1
5231,3,7,2,14,0.286,0.643,0.714,9.0,9,10,1
5232,3,8,1,8,0.125,1.0,1.0,8.0,8,8,1
5233,3,9,1,9,0.111,1.0,1.0,9.0,9,9,1
5234,3,9,1,9,0.111,1.0,1.0,9.0,9,9,1
5235,3,34,1,34,0.029,1.0,1.0,34.0,34,34,1
5236,3,8,1,8,0.125,1.0,1.0,8.0,8,8,1
5237,3,5,2,10,0.4,0.7,0.7,7.0,7,7,1
5238,3,31,1,31,0.032,1.0,1.0,31.0,31,31,1
5239,3,98,3,294,0.031,0.48,0.486,141.0,141,143,1
5240,3,13,1,13,0.077,1.0,1.0,13.0,13,13,1
5241,3,13,1,13,0.077,1.0,1.0,13.0,13,13,1
5242,3,18,1,18,0.056,1.0,1.0,18.0,18,18,1
5243,3,5,2,10,0.4,0.9,0.9,9.0,9,9,1
5244,3,14,1,14,0.071,1.0,1.0,14.0,14,14,1
5245,3,1,25,25,25.0,1.0,1.0,25.0,25,25,1
5246,3,54,1,54,0.019,1.0,1.0,54.0,54,54,1
5247,3,39,1,39,0.026,1.0,1.0,39.0,39,39,1
5248,3,6,21,126,3.5,0.198,0.444,1.67,25,56,15
5249,3,58,3,174,0.052,0.339,0.345,59.0,59,60,1
5250,3,10,1,10,0.1,1.0,1.0,10.0,10,10,1
5251,3,4,2,8,0.5,0.875,0.875,7.0,7,7,1
5252,3,13,1,13,0.077,1.0,1.0,13.0,13,13,1
5253,3,61,30,7830,0.115,0.063,0.09,2.4,492,701,205
5254,3,10,1,10,0.1,1.0,1.0,10.0,10,10,1
5255,3,5,2,10,0.4,0.7,0.7,7.0,7,7,1
5256,3,10,1,10,0.1,1.0,1.0,10.0,10,10,1
5257,3,27,4,108,0.148,0.38,0.75,2.56,41,81,16
5258,3,36,1,136,0.007,0.993,1.0,135.0,135,136,1
5259,3,7,1,7,0.143,1.0,1.0,7.0,7,7,1
5260,3,9,1,9,0.111,1.0,1.0,9.0,9,9,1
5261,3,5,2,10,0.4,0.8,0.8,8.0,8,8,1
5262,3,54,1,54,0.019,1.0,1.0,54.0,54,54,1
5263,3,7,1,7,0.143,1.0,1.0,7.0,7,7,1
5264,3,53,1,53,0.019,1.0,1.0,53.0,53,53,1
5265,3,10,1,10,0.1,1.0,1.0,10.0,10,10,1
5266,3,4,11,8844,0.014,0.191,0.233,15.64,689,58,108
5267,3,22,1,22,0.045,1.0,1.0,22.0,22,22,1
5268,3,8,1,8,0.125,0.875,1.0,7.0,7,8,1
5269,3,14,2,28,0.143,0.536,0.536,15.0,15,15,1
5270,3,9,1,9,0.111,1.0,1.0,9.0,9,9,1
5271,3,20,1,20,0.05,1.0,1.0,20.0,20,20,1
5272,3,9,1,9,0.111,1.0,1.0,9.0,9,9,1
5273,3,10,1,10,0.1,0.9,1.0,9.0,9,10,1
5274,3,53,1,53,0.019,1.0,1.0,53.0,53,53,1
5275,3,8,1,8,0.125,1.0,1.0,8.0,8,8,1
5276,3,4,11,8844,0.014,0.191,0.233,15.64,689,58,108
5277,3,34,1,34,0.029,1.0,1.0,34.0,34,34,1
5278,3,13,1,13,0.077,1.0,1.0,13.0,13,13,1
5279,3,9,1,9,0.111,1.0,1.0,9.0,9,9,1
5280,3,8,1,8,0.125,1.0,1.0,8.0,8,8,1
5281,3,9,1,9,0.111,1.0,1.0,9.0,9,9,1
5282,3,37,1,37,0.027,1.0,1.0,37.0,37,37,1
5283,3,61,30,7830,0.115,0.063,0.09,2.4,492,701,205
5284,3,5,2,210,0.019,0.529,0.533,111.0,111,112,1
5285,3,36,1,136,0.007,0.993,1.0,135.0,135,136,1
5286,3,27,1,27,0.037,1.0,1.0,27.0,27,27,1
5287,3,31,1,31,0.032,1.0,1.0,31.0,31,31,1
5288,3,10,1,10,0.1,1.0,1.0,10.0,10,10,1
5289,3,36,1,136,0.007,0.993,1.0,135.0,135,136,1
5290,3,4,2,8,0.5,0.875,0.875,7.0,7,7,1
5291,3,5,2,10,0.4,0.7,0.7,7.0,7,7,1
5292,3,44,3,132,0.068,0.598,0.841,2.47,79,111,32
5293,3,8,1,8,0.125,1.0,1.0,8.0,8,8,1
5294,3,9,1,9,0.111,1.0,1.0,9.0,9,9,1
5295,3,12,1,12,0.083,1.0,1.0,12.0,12,12,1
5296,3,27,4,108,0.148,0.333,0.667,2.57,36,72,14
5297,3,9,1,9,0.111,1.0,1.0,9.0,9,9,1
5298,3,12,1,12,0.083,1.0,1.0,12.0,12,12,1
5299,3,10,1,10,0.1,1.0,1.0,10.0,10,10,1
5300,3,17,1,117,0.009,1.0,1.0,117.0,117,117,1
5301,3,31,1,31,0.032,1.0,1.0,31.0,31,31,1
5302,3,47,1,47,0.021,1.0,1.0,47.0,47,47,1
5303,3,8,1,8,0.125,1.0,1.0,8.0,8,8,1
5304,3,4,2,8,0.5,1.0,1.0,8.0,8,8,1
5305,3,10,1,10,0.1,1.0,1.0,10.0,10,10,1
5306,3,10,1,10,0.1,1.0,1.0,10.0,10,10,1
5307,3,37,1,37,0.027,1.0,1.0,37.0,37,37,1
5308,3,4,2,8,0.5,0.875,0.875,7.0,7,7,1
5309,3,5,2,10,0.4,0.7,0.7,7.0,7,7,1
5310,3,8,1,8,0.125,1.0,1.0,8.0,8,8,1
5311,3,5,2,210,0.019,0.529,0.533,111.0,111,112,1
5312,3,38,1,38,0.026,1.0,1.0,38.0,38,38,1
5313,3,8,1,8,0.125,1.0,1.0,8.0,8,8,1
5314,3,11,1,11,0.091,1.0,1.0,11.0,11,11,1
5315,3,4,11,8844,0.014,0.191,0.233,15.64,689,58,108
5316,3,27,1,27,0.037,1.0,1.0,27.0,27,27,1
5317,3,9,1,9,0.111,1.0,1.0,9.0,9,9,1
5318,3,8,1,8,0.125,0.875,1.0,7.0,7,8,1
5319,3,31,1,31,0.032,1.0,1.0,31.0,31,31,1
5320,3,9,1,9,0.111,1.0,1.0,9.0,9,9,1
5321,3,25,1,25,0.04,1.0,1.0,25.0,25,25,1
5322,3,37,1,37,0.027,1.0,1.0,37.0,37,37,1
5323,3,6,21,126,3.5,0.198,0.444,1.67,25,56,15
5324,3,58,3,174,0.052,0.339,0.345,59.0,59,60,1
5325,3,5,2,10,0.4,0.7,0.7,7.0,7,7,1
5326,3,38,1,38,0.026,1.0,1.0,38.0,38,38,1
5327,3,10,1,10,0.1,1.0,1.0,10.0,10,10,1
5328,3,8,1,8,0.125,1.0,1.0,8.0,8,8,1
5329,3,11,1,11,0.091,1.0,1.0,11.0,11,11,1
5330,3,31,1,31,0.032,1.0,1.0,31.0,31,31,1
5331,3,69,3,207,0.043,0.643,0.952,2.08,133,197,64
5332,3,9,1,9,0.111,1.0,1.0,9.0,9,9,1
5333,3,7,1,7,0.143,1.0,1.0,7.0,7,7,1
5334,3,9,1,9,0.111,1.0,1.0,9.0,9,9,1
5335,3,27,1,27,0.037,1.0,1.0,27.0,27,27,1
5336,3,93,4,372,0.043,0.419,0.565,2.89,156,210,54
5337,3,34,1,34,0.029,1.0,1.0,34.0,34,34,1
5338,3,9,1,9,0.111,1.0,1.0,9.0,9,9,1
5339,3,9,1,9,0.111,1.0,1.0,9.0,9,9,1
5340,3,54,1,54,0.019,1.0,1.0,54.0,54,54,1
5341,3,8,1,8,0.125,1.0,1.0,8.0,8,8,1
5342,3,69,3,207,0.043,0.643,0.952,2.08,133,197,64
5343,3,9,1,9,0.111,1.0,1.0,9.0,9,9,1
5344,3,27,4,108,0.148,0.38,0.75,2.56,41,81,16
5345,3,4,2,8,0.5,0.875,0.875,7.0,7,7,1
5346,3,4,11,8844,0.014,0.191,0.233,15.64,689,58,108
5347,3,93,4,372,0.043,0.419,0.565,2.89,156,210,54
5348,3,38,1,38,0.026,1.0,1.0,38.0,38,38,1
5349,3,19,2,38,0.105,0.816,0.816,31.0,31,31,1
5350,3,5,2,10,0.4,0.7,0.7,7.0,7,7,1
5351,3,76,1,76,0.013,1.0,1.0,76.0,76,76,1
5352,3,7,1,7,0.143,1.0,1.0,7.0,7,7,1
5353,3,1,25,25,25.0,1.0,1.0,25.0,25,25,1
5354,3,61,30,7830,0.115,0.063,0.09,2.4,492,701,205
5355,3,4,11,8844,0.014,0.191,0.233,15.64,689,58,108
5356,3,8,1,8,0.125,1.0,1.0,8.0,8,8,1
5357,3,8,1,8,0.125,0.875,1.0,7.0,7,8,1
5358,3,31,1,31,0.032,1.0,1.0,31.0,31,31,1
5359,3,5,2,10,0.4,0.9,0.9,9.0,9,9,1
5360,3,61,30,7830,0.115,0.063,0.09,2.4,492,701,205
5361,3,4,2,8,0.5,0.875,0.875,7.0,7,7,1
5362,3,37,1,37,0.027,1.0,1.0,37.0,37,37,1
5363,3,10,1,10,0.1,1.0,1.0,10.0,10,10,1
5364,3,38,1,38,0.026,1.0,1.0,38.0,38,38,1
5365,3,25,1,25,0.04,1.0,1.0,25.0,25,25,1
5366,3,44,3,132,0.068,0.598,0.841,2.47,79,111,32
5367,3,22,1,22,0.045,1.0,1.0,22.0,22,22,1
5368,3,9,1,9,0.111,1.0,1.0,9.0,9,9,1
5369,3,23,1,23,0.043,1.0,1.0,23.0,23,23,1
5370,3,26,1,26,0.038,1.0,1.0,26.0,26,26,1
5371,3,19,2,38,0.105,0.816,0.816,31.0,31,31,1
5372,3,69,3,207,0.043,0.643,0.952,2.08,133,197,64
5373,3,10,1,10,0.1,1.0,1.0,10.0,10,10,1
5374,3,16,1,16,0.063,1.0,1.0,16.0,16,16,1
5375,3,66,3,198,0.045,0.657,0.909,2.6,130,180,50
5376,3,19,2,38,0.105,0.816,0.816,31.0,31,31,1
5377,3,5,2,10,0.4,0.8,0.8,8.0,8,8,1
5378,3,9,1,9,0.111,1.0,1.0,9.0,9,9,1
5379,3,9,1,9,0.111,1.0,1.0,9.0,9,9,1
5380,3,12,1,12,0.083,1.0,1.0,12.0,12,12,1
5381,3,26,1,26,0.038,1.0,1.0,26.0,26,26,1
5382,3,34,1,34,0.029,1.0,1.0,34.0,34,34,1
5383,3,42,7,294,0.167,0.282,0.432,2.18,83,127,38
5384,3,9,1,9,0.111,1.0,1.0,9.0,9,9,1
5385,3,13,1,13,0.077,1.0,1.0,13.0,13,13,1
5386,3,54,1,54,0.019,1.0,1.0,54.0,54,54,1
5387,3,17,1,17,0.059,1.0,1.0,17.0,17,17,1
5388,3,8,1,8,0.125,1.0,1.0,8.0,8,8,1
5389,3,1,25,25,25.0,1.0,1.0,25.0,25,25,1
5390,3,69,3,207,0.043,0.643,0.952,2.08,133,197,64
5391,3,8,1,8,0.125,1.0,1.0,8.0,8,8,1
5392,3,17,2,34,0.118,0.706,0.706,24.0,24,24,1
5393,3,27,4,108,0.148,0.333,0.667,2.57,36,72,14
5394,3,76,1,76,0.013,1.0,1.0,76.0,76,76,1
5395,3,18,1,18,0.056,1.0,1.0,18.0,18,18,1
5396,3,38,1,38,0.026,1.0,1.0,38.0,38,38,1
5397,3,10,1,10,0.1,1.0,1.0,10.0,10,10,1
5398,3,5,2,10,0.4,0.8,0.8,8.0,8,8,1
5399,3,25,1,25,0.04,1.0,1.0,25.0,25,25,1
5400,3,12,2,24,0.167,0.625,0.667,15.0,15,16,1
5401,3,5,2,10,0.4,0.8,0.8,8.0,8,8,1
5402,3,14,1,14,0.071,1.0,1.0,14.0,14,14,1
5403,3,12,2,24,0.167,0.625,0.667,15.0,15,16,1
5404,3,9,1,9,0.111,1.0,1.0,9.0,9,9,1
5405,3,44,3,132,0.068,0.598,0.841,2.47,79,111,32
5406,3,10,1,10,0.1,1.0,1.0,10.0,10,10,1
5407,3,32,1,32,0.031,1.0,1.0,32.0,32,32,1
5408,3,5,2,210,0.019,0.529,0.533,111.0,111,112,1
5409,3,11,1,11,0.091,1.0,1.0,11.0,11,11,1
5410,3,54,1,54,0.019,1.0,1.0,54.0,54,54,1
5411,3,84,1,84,0.012,1.0,1.0,84.0,84,84,1
5412,3,4,2,8,0.5,1.0,1.0,8.0,8,8,1
5413,3,12,1,12,0.083,1.0,1.0,12.0,12,12,1
5414,3,27,4,108,0.148,0.333,0.667,2.57,36,72,14
5415,3,93,4,372,0.043,0.419,0.565,2.89,156,210,54
5416,3,25,1,25,0.04,1.0,1.0,25.0,25,25,1
5417,3,7,2,14,0.286,0.643,0.714,9.0,9,10,1
5418,3,13,1,13,0.077,1.0,1.0,13.0,13,13,1
5419,3,10,1,10,0.1,1.0,1.0,10.0,10,10,1
5420,3,69,3,207,0.043,0.643,0.952,2.08,133,197,64
5421,3,38,1,38,0.026,1.0,1.0,38.0,38,38,1
5422,3,58,3,174,0.052,0.339,0.345,59.0,59,60,1
5423,3,32,1,32,0.031,1.0,1.0,32.0,32,32,1
5424,3,25,1,25,0.04,1.0,1.0,25.0,25,25,1
5425,3,4,2,8,0.5,1.0,1.0,8.0,8,8,1
5426,3,4,2,8,0.5,0.875,0.875,7.0,7,7,1
5427,3,11,2,22,0.182,0.636,0.636,14.0,14,14,1
5428,3,7,1,7,0.143,1.0,1.0,7.0,7,7,1
5429,3,8,1,8,0.125,1.0,1.0,8.0,8,8,1
5430,3,4,11,8844,0.014,0.191,0.233,15.64,689,58,108
5431,3,32,1,32,0.031,1.0,1.0,32.0,32,32,1
5432,3,14,2,28,0.143,0.536,0.536,15.0,15,15,1
5433,3,7,1,7,0.143,1.0,1.0,7.0,7,7,1
5434,3,7,1,7,0.143,1.0,1.0,7.0,7,7,1
5435,3,27,4,108,0.148,0.333,0.667,2.57,36,72,14
5436,3,61,30,7830,0.115,0.063,0.09,2.4,492,701,205
5437,3,8,1,8,0.125,1.0,1.0,8.0,8,8,1
5438,3,9,1,9,0.111,1.0,1.0,9.0,9,9,1
5439,3,13,1,13,0.077,1.0,1.0,13.0,13,13,1
5440,3,14,1,14,0.071,1.0,1.0,14.0,14,14,1
5441,3,7,1,7,0.143,1.0,1.0,7.0,7,7,1
5442,3,61,30,7830,0.115,0.063,0.09,2.4,492,701,205
5443,3,58,3,174,0.052,0.339,0.345,59.0,59,60,1
5444,3,23,1,23,0.043,1.0,1.0,23.0,23,23,1
5445,3,10,1,10,0.1,1.0,1.0,10.0,10,10,1
5446,3,54,1,54,0.019,1.0,1.0,54.0,54,54,1
5447,3,8,1,8,0.125,1.0,1.0,8.0,8,8,1
5448,3,84,1,84,0.012,1.0,1.0,84.0,84,84,1
5449,3,4,2,8,0.5,0.875,0.875,7.0,7,7,1
5450,3,58,3,174,0.052,0.339,0.345,59.0,59,60,1
5451,3,54,1,54,0.019,1.0,1.0,54.0,54,54,1
5452,3,98,3,294,0.031,0.48,0.486,141.0,141,143,1
5453,3,5,2,10,0.4,0.8,0.8,8.0,8,8,1
5454,3,39,1,39,0.026,1.0,1.0,39.0,39,39,1
5455,3,4,2,8,0.5,0.875,0.875,7.0,7,7,1
5456,3,39,1,39,0.026,1.0,1.0,39.0,39,39,1
5457,3,9,1,9,0.111,1.0,1.0,9.0,9,9,1
5458,3,11,1,11,0.091,1.0,1.0,11.0,11,11,1
5459,3,66,3,198,0.045,0.657,0.909,2.6,130,180,50
5460,3,32,1,32,0.031,1.0,1.0,32.0,32,32,1
5461,3,14,1,14,0.071,1.0,1.0,14.0,14,14,1
5462,3,5,2,10,0.4,0.8,0.8,8.0,8,8,1
5463,3,14,1,14,0.071,1.0,1.0,14.0,14,14,1
5464,3,7,1,7,0.143,1.0,1.0,7.0,7,7,1
5465,3,61,30,7830,0.115,0.063,0.09,2.4,492,701,205
5466,3,34,1,34,0.029,1.0,1.0,34.0,34,34,1
5467,3,84,1,84,0.012,1.0,1.0,84.0,84,84,1
5468,3,5,2,10,0.4,0.9,0.9,9.0,9,9,1
5469,3,5,2,210,0.019,0.529,0.533,111.0,111,112,1
5470,3,9,1,9,0.111,1.0,1.0,9.0,9,9,1
5471,3,11,2,22,0.182,0.636,0.636,14.0,14,14,1
5472,3,10,1,10,0.1,1.0,1.0,10.0,10,10,1
5473,3,8,1,8,0.125,1.0,1.0,8.0,8,8,1
5474,3,8,1,8,0.125,1.0,1.0,8.0,8,8,1
5475,3,36,1,136,0.007,0.993,1.0,135.0,135,136,1
5476,3,9,1,9,0.111,1.0,1.0,9.0,9,9,1
5477,3,8,1,8,0.125,1.0,1.0,8.0,8,8,1
5478,3,8,1,8,0.125,1.0,1.0,8.0,8,8,1
5479,3,14,1,14,0.071,1.0,1.0,14.0,14,14,1
5480,3,18,1,18,0.056,1.0,1.0,18.0,18,18,1
5481,3,61,30,7830,0.115,0.063,0.09,2.4,492,701,205
5482,3,5,2,210,0.019,0.529,0.533,111.0,111,112,1
5483,3,5,2,10,0.4,0.8,0.8,8.0,8,8,1
5484,3,7,2,14,0.286,0.643,0.714,9.0,9,10,1
5485,3,8,1,8,0.125,1.0,1.0,8.0,8,8,1
5486,3,6,21,126,3.5,0.198,0.444,1.67,25,56,15
5487,3,9,1,9,0.111,1.0,1.0,9.0,9,9,1
5488,3,12,1,12,0.083,1.0,1.0,12.0,12,12,1
5489,3,17,2,34,0.118,0.706,0.706,24.0,24,24,1
5490,3,9,1,9,0.111,1.0,1.0,9.0,9,9,1
5491,3,9,1,9,0.111,1.0,1.0,9.0,9,9,1
5492,3,14,1,14,0.071,1.0,1.0,14.0,14,14,1
5493,3,98,3,294,0.031,0.48,0.486,141.0,141,143,1
5494,3,7,1,7,0.143,1.0,1.0,7.0,7,7,1
5495,3,36,1,136,0.007,0.993,1.0,135.0,135,136,1
5496,3,7,1,7,0.143,1.0,1.0,7.0,7,7,1
5497,3,14,1,14,0.071,1.0,1.0,14.0,14,14,1
5498,3,17,2,34,0.118,0.706,0.706,24.0,24,24,1
5499,3,7,1,7,0.143,1.0,1.0,7.0,7,7,1
5500,3,37,1,37,0.027,1.0,1.0,37.0,37,37,1
5501,3,94,2,188,0.021,0.516,0.516,97.0,97,97,1
5502,3,10,1,10,0.1,1.0,1.0,10.0,10,10,1
5503,3,8,1,8,0.125,1.0,1.0,8.0,8,8,1
5504,3,18,1,18,0.056,1.0,1.0,18.0,18,18,1
5505,3,20,1,20,0.05,1.0,1.0,20.0,20,20,1
5506,3,76,1,76,0.013,1.0,1.0,76.0,76,76,1
5507,3,13,1,13,0.077,1.0,1.0,13.0,13,13,1
5508,3,14,1,14,0.071,1.0,1.0,14.0,14,14,1
5509,3,15,1,15,0.067,1.0,1.0,15.0,15,15,1
5510,3,9,1,9,0.111,1.0,1.0,9.0,9,9,1
5511,3,27,4,108,0.148,0.333,0.667,2.57,36,72,14
5512,3,8,1,8,0.125,1.0,1.0,8.0,8,8,1
5513,3,12,1,12,0.083,1.0,1.0,12.0,12,12,1
5514,3,31,1,31,0.032,1.0,1.0,31.0,31,31,1
5515,3,9,1,9,0.111,1.0,1.0,9.0,9,9,1
5516,3,11,2,22,0.182,0.636,0.636,14.0,14,14,1
5517,3,17,2,34,0.118,0.706,0.706,24.0,24,24,1
5518,3,47,1,47,0.021,1.0,1.0,47.0,47,47,1
5519,3,37,1,37,0.027,1.0,1.0,37.0,37,37,1
5520,3,5,2,10,0.4,0.8,0.8,8.0,8,8,1
5521,3,9,1,9,0.111,1.0,1.0,9.0,9,9,1
5522,3,38,1,38,0.026,1.0,1.0,38.0,38,38,1
5523,3,8,1,8,0.125,1.0,1.0,8.0,8,8,1
5524,3,14,1,14,0.071,1.0,1.0,14.0,14,14,1
5525,3,7,2,14,0.286,0.643,0.714,9.0,9,10,1
5526,3,1,25,25,25.0,1.0,1.0,25.0,25,25,1
5527,3,13,1,13,0.077,1.0,1.0,13.0,13,13,1
5528,3,42,7,294,0.167,0.282,0.432,2.18,83,127,38
5529,3,13,1,13,0.077,1.0,1.0,13.0,13,13,1
5530,3,54,1,54,0.019,1.0,1.0,54.0,54,54,1
5531,3,18,1,18,0.056,1.0,1.0,18.0,18,18,1
5532,3,61,30,7830,0.115,0.063,0.09,2.4,492,701,205
5533,3,18,1,18,0.056,1.0,1.0,18.0,18,18,1
5534,3,10,1,10,0.1,1.0,1.0,10.0,10,10,1
5535,3,7,1,7,0.143,1.0,1.0,7.0,7,7,1
5536,3,7,1,7,0.143,1.0,1.0,7.0,7,7,1
5537,3,54,1,54,0.019,1.0,1.0,54.0,54,54,1
5538,3,10,1,10,0.1,1.0,1.0,10.0,10,10,1
5539,3,36,1,136,0.007,0.993,1.0,135.0,135,136,1
5540,3,17,1,117,0.009,1.0,1.0,117.0,117,117,1
5541,3,13,1,13,0.077,1.0,1.0,13.0,13,13,1
5542,3,7,1,7,0.143,1.0,1.0,7.0,7,7,1
5543,3,11,1,11,0.091,1.0,1.0,11.0,11,11,1
5544,3,23,1,23,0.043,1.0,1.0,23.0,23,23,1
5545,3,76,1,76,0.013,1.0,1.0,76.0,76,76,1
5546,3,32,1,32,0.031,1.0,1.0,32.0,32,32,1
5547,3,9,1,9,0.111,1.0,1.0,9.0,9,9,1
5548,3,10,1,10,0.1,1.0,1.0,10.0,10,10,1
5549,3,39,1,39,0.026,1.0,1.0,39.0,39,39,1
5550,3,12,1,12,0.083,1.0,1.0,12.0,12,12,1
5551,3,9,1,9,0.111,1.0,1.0,9.0,9,9,1
5552,3,5,2,210,0.019,0.529,0.533,111.0,111,112,1
5553,3,14,1,14,0.071,1.0,1.0,14.0,14,14,1
5554,3,31,1,31,0.032,1.0,1.0,31.0,31,31,1
5555,3,9,1,9,0.111,1.0,1.0,9.0,9,9,1
5556,3,5,2,210,0.019,0.529,0.533,111.0,111,112,1
5557,3,17,2,34,0.118,0.706,0.706,24.0,24,24,1
5558,3,27,1,27,0.037,1.0,1.0,27.0,27,27,1
5559,3,9,1,9,0.111,1.0,1.0,9.0,9,9,1
5560,3,7,1,7,0.143,1.0,1.0,7.0,7,7,1
5561,3,25,1,25,0.04,1.0,1.0,25.0,25,25,1
5562,3,17,1,117,0.009,1.0,1.0,117.0,117,117,1
5563,3,14,1,14,0.071,1.0,1.0,14.0,14,14,1
5564,3,9,1,9,0.111,1.0,1.0,9.0,9,9,1
5565,3,9,1,9,0.111,1.0,1.0,9.0,9,9,1
5566,3,42,7,294,0.167,0.282,0.432,2.18,83,127,38
5567,3,22,1,22,0.045,1.0,1.0,22.0,22,22,1
5568,3,22,1,22,0.045,1.0,1.0,22.0,22,22,1
5569,3,8,1,8,0.125,1.0,1.0,8.0,8,8,1
5570,3,69,3,207,0.043,0.643,0.952,2.08,133,197,64
5571,3,61,30,7830,0.115,0.063,0.09,2.4,492,701,205
5572,3,31,1,31,0.032,1.0,1.0,31.0,31,31,1
5573,3,36,1,136,0.007,0.993,1.0,135.0,135,136,1
5574,3,42,7,294,0.167,0.282,0.432,2.18,83,127,38
5575,3,8,1,8,0.125,0.875,1.0,7.0,7,8,1
5576,3,23,1,23,0.043,1.0,1.0,23.0,23,23,1
5577,3,10,1,10,0.1,0.9,1.0,9.0,9,10,1
5578,3,8,1,8,0.125,1.0,1.0,8.0,8,8,1
5579,3,30,5,2150,0.012,0.216,0.221,46.5,465,475,10
5580,3,5,2,10,0.4,0.9,0.9,9.0,9,9,1
5581,3,31,1,31,0.032,1.0,1.0,31.0,31,31,1
5582,3,4,2,8,0.5,0.875,0.875,7.0,7,7,1
5583,3,7,2,14,0.286,0.643,0.714,9.0,9,10,1
5584,3,12,2,24,0.167,0.625,0.667,15.0,15,16,1
5585,3,1,25,25,25.0,1.0,1.0,25.0,25,25,1
5586,3,13,1,13,0.077,1.0,1.0,13.0,13,13,1
5587,3,10,1,10,0.1,0.9,1.0,9.0,9,10,1
5588,3,9,2,18,0.222,0.611,0.722,11.0,11,13,1
5589,3,14,1,14,0.071,1.0,1.0,14.0,14,14,1
5590,3,17,1,17,0.059,1.0,1.0,17.0,17,17,1
5591,3,20,1,20,0.05,1.0,1.0,20.0,20,20,1
5592,3,13,1,13,0.077,1.0,1.0,13.0,13,13,1
5593,3,58,3,174,0.052,0.339,0.345,59.0,59,60,1
5594,3,9,1,9,0.111,1.0,1.0,9.0,9,9,1
5595,3,9,1,9,0.111,1.0,1.0,9.0,9,9,1
5596,3,17,1,117,0.009,1.0,1.0,117.0,117,117,1
5597,3,18,1,18,0.056,1.0,1.0,18.0,18,18,1
5598,3,13,1,13,0.077,1.0,1.0,13.0,13,13,1
5599,3,98,3,294,0.031,0.48,0.486,141.0,141,143,1
5600,3,14,1,14,0.071,1.0,1.0,14.0,14,14,1
5601,3,54,1,54,0.019,1.0,1.0,54.0,54,54,1
5602,3,66,3,198,0.045,0.657,0.909,2.6,130,180,50
5603,3,7,2,14,0.286,0.643,0.714,9.0,9,10,1
5604,3,9,1,9,0.111,1.0,1.0,9.0,9,9,1
5605,3,17,1,17,0.059,1.0,1.0,17.0,17,17,1
5606,3,13,1,13,0.077,1.0,1.0,13.0,13,13,1
5607,3,14,2,28,0.143,0.536,0.536,15.0,15,15,1
5608,3,42,1,42,0.024,1.0,1.0,42.0,42,42,1
5609,3,26,1,26,0.038,1.0,1.0,26.0,26,26,1
5610,3,9,2,18,0.222,0.611,0.722,11.0,11,13,1
5611,3,10,1,10,0.1,0.9,1.0,9.0,9,10,1
5612,3,4,11,8844,0.014,0.191,0.233,15.64,689,58,108
5613,3,31,1,31,0.032,1.0,1.0,31.0,31,31,1
5614,3,84,1,84,0.012,1.0,1.0,84.0,84,84,1
5615,3,93,4,372,0.043,0.419,0.565,2.89,156,210,54
5616,3,8,1,8,0.125,1.0,1.0,8.0,8,8,1
5617,3,8,1,8,0.125,1.0,1.0,8.0,8,8,1
5618,3,38,1,38,0.026,1.0,1.0,38.0,38,38,1
5619,3,66,3,198,0.045,0.657,0.909,2.6,130,180,50
5620,3,7,1,7,0.143,1.0,1.0,7.0,7,7,1
5621,3,5,2,10,0.4,0.7,0.7,7.0,7,7,1
5622,3,53,1,53,0.019,1.0,1.0,53.0,53,53,1
5623,3,7,1,7,0.143,1.0,1.0,7.0,7,7,1
5624,3,5,2,10,0.4,0.7,0.7,7.0,7,7,1
5625,3,26,1,26,0.038,1.0,1.0,26.0,26,26,1
5626,3,4,2,8,0.5,0.875,0.875,7.0,7,7,1
5627,3,15,1,15,0.067,1.0,1.0,15.0,15,15,1
5628,3,19,2,38,0.105,0.816,0.816,31.0,31,31,1
5629,3,7,1,7,0.143,1.0,1.0,7.0,7,7,1
5630,3,9,1,9,0.111,1.0,1.0,9.0,9,9,1
5631,3,4,11,8844,0.014,0.191,0.233,15.64,689,58,108
5632,3,12,1,12,0.083,1.0,1.0,12.0,12,12,1
5633,3,8,1,8,0.125,1.0,1.0,8.0,8,8,1
5634,3,54,1,54,0.019,1.0,1.0,54.0,54,54,1
5635,3,12,1,12,0.083,1.0,1.0,12.0,12,12,1
5636,3,17,1,117,0.009,1.0,1.0,117.0,117,117,1
5637,3,84,1,84,0.012,1.0,1.0,84.0,84,84,1
5638,3,9,1,9,0.111,1.0,1.0,9.0,9,9,1
5639,3,31,1,31,0.032,1.0,1.0,31.0,31,31,1
5640,3,34,1,34,0.029,1.0,1.0,34.0,34,34,1
5641,3,27,4,108,0.148,0.333,0.667,2.57,36,72,14
5642,3,93,4,372,0.043,0.419,0.565,2.89,156,210,54
5643,3,8,1,8,0.125,1.0,1.0,8.0,8,8,1
5644,3,7,1,7,0.143,1.0,1.0,7.0,7,7,1
5645,3,13,1,13,0.077,1.0,1.0,13.0,13,13,1
5646,3,9,1,9,0.111,1.0,1.0,9.0,9,9,1
5647,3,12,2,24,0.167,0.625,0.667,15.0,15,16,1
5648,3,44,3,132,0.068,0.598,0.841,2.47,79,111,32
5649,3,27,1,27,0.037,1.0,1.0,27.0,27,27,1
5650,3,8,1,8,0.125,1.0,1.0,8.0,8,8,1
5651,3,69,3,207,0.043,0.643,0.952,2.08,133,197,64
5652,3,9,1,9,0.111,1.0,1.0,9.0,9,9,1
5653,3,9,1,9,0.111,1.0,1.0,9.0,9,9,1
5654,3,17,1,17,0.059,1.0,1.0,17.0,17,17,1
5655,3,47,1,47,0.021,1.0,1.0,47.0,47,47,1
5656,3,8,1,8,0.125,1.0,1.0,8.0,8,8,1
5657,3,10,1,10,0.1,1.0,1.0,10.0,10,10,1
5658,3,11,2,22,0.182,0.636,0.636,14.0,14,14,1
5659,3,13,1,13,0.077,1.0,1.0,13.0,13,13,1
5660,3,8,1,8,0.125,1.0,1.0,8.0,8,8,1
5661,3,7,1,7,0.143,1.0,1.0,7.0,7,7,1
5662,3,94,2,188,0.021,0.516,0.516,97.0,97,97,1
5663,3,13,1,13,0.077,1.0,1.0,13.0,13,13,1
5664,3,66,3,198,0.045,0.657,0.909,2.6,130,180,50
5665,3,14,2,28,0.143,0.536,0.536,15.0,15,15,1
5666,3,58,3,174,0.052,0.339,0.345,59.0,59,60,1
5667,3,9,1,9,0.111,1.0,1.0,9.0,9,9,1
5668,3,42,7,294,0.167,0.282,0.432,2.18,83,127,38
5669,3,44,3,132,0.068,0.598,0.841,2.47,79,111,32
5670,3,9,1,9,0.111,1.0,1.0,9.0,9,9,1
5671,3,31,1,31,0.032,1.0,1.0,31.0,31,31,1
5672,3,42,7,294,0.167,0.282,0.432,2.18,83,127,38
5673,3,53,1,53,0.019,1.0,1.0,53.0,53,53,1
5674,3,9,1,9,0.111,1.0,1.0,9.0,9,9,1
5675,3,5,2,210,0.019,0.529,0.533,111.0,111,112,1
5676,3,4,2,8,0.5,1.0,1.0,8.0,8,8,1
5677,3,32,1,32,0.031,1.0,1.0,32.0,32,32,1
5678,3,7,1,7,0.143,1.0,1.0,7.0,7,7,1
5679,3,42,7,294,0.167,0.282,0.432,2.18,83,127,38
5680,3,9,1,9,0.111,1.0,1.0,9.0,9,9,1
5681,3,18,1,18,0.056,1.0,1.0,18.0,18,18,1
5682,3,31,1,31,0.032,1.0,1.0,31.0,31,31,1
5683,3,6,21,126,3.5,0.198,0.444,1.67,25,56,15
5684,3,44,3,132,0.068,0.598,0.841,2.47,79,111,32
5685,3,27,4,108,0.148,0.333,0.667,2.57,36,72,14
5686,3,12,2,24,0.167,0.625,0.667,15.0,15,16,1
5687,3,11,1,11,0.091,1.0,1.0,11.0,11,11,1
5688,3,42,7,294,0.167,0.282,0.432,2.18,83,127,38
5689,3,10,1,10,0.1,1.0,1.0,10.0,10,10,1
5690,3,42,7,294,0.167,0.282,0.432,2.18,83,127,38
5691,3,27,1,27,0.037,1.0,1.0,27.0,27,27,1
5692,3,23,1,23,0.043,1.0,1.0,23.0,23,23,1
5693,3,69,3,207,0.043,0.643,0.952,2.08,133,197,64
5694,3,38,1,38,0.026,1.0,1.0,38.0,38,38,1
5695,3,7,1,7,0.143,1.0,1.0,7.0,7,7,1
5696,3,5,2,210,0.019,0.529,0.533,111.0,111,112,1
5697,3,25,1,25,0.04,1.0,1.0,25.0,25,25,1
5698,3,7,1,7,0.143,1.0,1.0,7.0,7,7,1
5699,3,4,2,8,0.5,0.875,0.875,7.0,7,7,1
5700,3,25,1,25,0.04,1.0,1.0,25.0,25,25,1
5701,3,9,1,9,0.111,1.0,1.0,9.0,9,9,1
5702,3,8,1,8,0.125,0.875,1.0,7.0,7,8,1
5703,3,16,1,16,0.063,1.0,1.0,16.0,16,16,1
5704,3,13,1,13,0.077,1.0,1.0,13.0,13,13,1
5705,3,10,1,10,0.1,1.0,1.0,10.0,10,10,1
5706,3,9,1,9,0.111,1.0,1.0,9.0,9,9,1
5707,3,13,1,13,0.077,1.0,1.0,13.0,13,13,1
5708,3,17,1,117,0.009,1.0,1.0,117.0,117,117,1
5709,3,12,2,24,0.167,0.625,0.667,15.0,15,16,1
5710,3,61,30,7830,0.115,0.063,0.09,2.4,492,701,205
5711,3,13,1,13,0.077,1.0,1.0,13.0,13,13,1
5712,3,10,1,10,0.1,1.0,1.0,10.0,10,10,1
5713,3,9,1,9,0.111,1.0,1.0,9.0,9,9,1
5714,3,10,1,10,0.1,1.0,1.0,10.0,10,10,1
5715,3,11,1,11,0.091,1.0,1.0,11.0,11,11,1
5716,3,10,1,10,0.1,1.0,1.0,10.0,10,10,1
5717,3,18,1,18,0.056,1.0,1.0,18.0,18,18,1
5718,3,9,1,9,0.111,1.0,1.0,9.0,9,9,1
5719,3,69,3,207,0.043,0.643,0.952,2.08,133,197,64
5720,3,42,1,42,0.024,1.0,1.0,42.0,42,42,1
5721,3,10,1,10,0.1,1.0,1.0,10.0,10,10,1
5722,3,14,1,14,0.071,1.0,1.0,14.0,14,14,1
5723,3,39,1,39,0.026,1.0,1.0,39.0,39,39,1
5724,3,5,2,10,0.4,0.7,0.7,7.0,7,7,1
5725,3,8,1,8,0.125,0.875,1.0,7.0,7,8,1
5726,3,17,1,117,0.009,1.0,1.0,117.0,117,117,1
5727,3,8,1,8,0.125,1.0,1.0,8.0,8,8,1
5728,3,27,4,108,0.148,0.38,0.75,2.56,41,81,16
5729,3,30,5,2150,0.012,0.216,0.221,46.5,465,475,10
5730,3,53,1,53,0.019,1.0,1.0,53.0,53,53,1
5731,3,17,1,117,0.009,1.0,1.0,117.0,117,117,1
5732,3,1,25,25,25.0,1.0,1.0,25.0,25,25,1
5733,3,53,1,53,0.019,1.0,1.0,53.0,53,53,1
5734,3,14,1,14,0.071,1.0,1.0,14.0,14,14,1
5735,3,76,1,76,0.013,1.0,1.0,76.0,76,76,1
5736,3,14,1,14,0.071,1.0,1.0,14.0,14,14,1
5737,3,10,1,10,0.1,0.9,1.0,9.0,9,10,1
5738,3,7,1,7,0.143,1.0,1.0,7.0,7,7,1
5739,3,8,1,8,0.125,1.0,1.0,8.0,8,8,1
5740,3,12,1,12,0.083,1.0,1.0,12.0,12,12,1
5741,3,53,1,53,0.019,1.0,1.0,53.0,53,53,1
5742,3,8,1,8,0.125,1.0,1.0,8.0,8,8,1
5743,3,8,1,8,0.125,1.0,1.0,8.0,8,8,1
5744,3,18,1,18,0.056,1.0,1.0,18.0,18,18,1
5745,3,8,1,8,0.125,0.875,1.0,7.0,7,8,1
5746,3,8,1,8,0.125,1.0,1.0,8.0,8,8,1
5747,3,8,1,8,0.125,1.0,1.0,8.0,8,8,1
5748,3,8,1,8,0.125,1.0,1.0,8.0,8,8,1
5749,3,4,2,8,0.5,1.0,1.0,8.0,8,8,1
5750,3,10,1,10,0.1,0.9,1.0,9.0,9,10,1
5751,3,11,1,11,0.091,1.0,1.0,11.0,11,11,1
5752,3,42,1,42,0.024,1.0,1.0,42.0,42,42,1
5753,3,14,1,14,0.071,1.0,1.0,14.0,14,14,1
5754,3,20,1,20,0.05,1.0,1.0,20.0,20,20,1
5755,3,9,1,9,0.111,1.0,1.0,9.0,9,9,1
5756,3,31,1,31,0.032,1.0,1.0,31.0,31,31,1
5757,3,93,4,372,0.043,0.419,0.565,2.89,156,210,54
5758,3,10,1,10,0.1,1.0,1.0,10.0,10,10,1
5759,3,16,1,16,0.063,1.0,1.0,16.0,16,16,1
5760,3,17,1,117,0.009,1.0,1.0,117.0,117,117,1
5761,3,25,1,25,0.04,1.0,1.0,25.0,25,25,1
5762,3,16,1,16,0.063,1.0,1.0,16.0,16,16,1
5763,3,22,1,22,0.045,1.0,1.0,22.0,22,22,1
5764,3,9,1,9,0.111,1.0,1.0,9.0,9,9,1
5765,3,17,1,17,0.059,1.0,1.0,17.0,17,17,1
5766,3,12,1,12,0.083,1.0,1.0,12.0,12,12,1
5767,3,8,1,8,0.125,1.0,1.0,8.0,8,8,1
5768,3,17,2,34,0.118,0.706,0.706,24.0,24,24,1
5769,3,31,1,31,0.032,1.0,1.0,31.0,31,31,1
5770,3,93,4,372,0.043,0.419,0.565,2.89,156,210,54
5771,3,66,3,198,0.045,0.657,0.909,2.6,130,180,50
5772,3,76,1,76,0.013,1.0,1.0,76.0,76,76,1
5773,3,10,1,10,0.1,1.0,1.0,10.0,10,10,1
5774,3,11,1,11,0.091,1.0,1.0,11.0,11,11,1
5775,3,38,1,38,0.026,1.0,1.0,38.0,38,38,1
5776,3,15,1,15,0.067,1.0,1.0,15.0,15,15,1
5777,3,9,1,9,0.111,1.0,1.0,9.0,9,9,1
5778,3,27,4,108,0.148,0.333,0.667,2.57,36,72,14
5779,3,16,1,16,0.063,1.0,1.0,16.0,16,16,1
5780,3,54,1,54,0.019,1.0,1.0,54.0,54,54,1
5781,3,27,4,108,0.148,0.38,0.75,2.56,41,81,16
5782,3,9,2,18,0.222,0.611,0.722,11.0,11,13,1
5783,3,10,1,10,0.1,1.0,1.0,10.0,10,10,1
5784,3,17,1,117,0.009,1.0,1.0,117.0,117,117,1
5785,3,9,1,9,0.111,1.0,1.0,9.0,9,9,1
5786,3,58,3,174,0.052,0.339,0.345,59.0,59,60,1
5787,3,58,3,174,0.052,0.339,0.345,59.0,59,60,1
5788,3,9,1,9,0.111,1.0,1.0,9.0,9,9,1
5789,3,8,1,8,0.125,1.0,1.0,8.0,8,8,1
5790,3,37,1,37,0.027,1.0,1.0,37.0,37,37,1
5791,3,27,4,108,0.148,0.38,0.75,2.56,41,81,16
5792,3,5,2,10,0.4,0.8,0.8,8.0,8,8,1
5793,3,42,7,294,0.167,0.282,0.432,2.18,83,127,38
5794,3,5,2,10,0.4,0.8,0.8,8.0,8,8,1
5795,3,47,1,47,0.021,1.0,1.0,47.0,47,47,1
5796,3,36,1,136,0.007,0.993,1.0,135.0,135,136,1
5797,3,12,2,24,0.167,0.625,0.667,15.0,15,16,1
5798,3,34,1,34,0.029,1.0,1.0,34.0,34,34,1
5799,3,5,2,10,0.4,0.7,0.7,7.0,7,7,1
5800,3,8,1,8,0.125,1.0,1.0,8.0,8,8,1
5801,3,1,25,25,25.0,1.0,1.0,25.0,25,25,1
5802,3,93,4,372,0.043,0.419,0.565,2.89,156,210,54
5803,3,54,1,54,0.019,1.0,1.0,54.0,54,54,1
5804,3,14,2,28,0.143,0.536,0.536,15.0,15,15,1
5805,3,11,1,11,0.091,1.0,1.0,11.0,11,11,1
5806,3,8,1,8,0.125,1.0,1.0,8.0,8,8,1
5807,3,4,2,8,0.5,0.875,0.875,7.0,7,7,1
5808,3,17,1,17,0.059,1.0,1.0,17.0,17,17,1
5809,3,6,21,126,3.5,0.198,0.444,1.67,25,56,15
5810,3,27,4,108,0.148,0.38,0.75,2.56,41,81,16
5811,3,11,1,11,0.091,1.0,1.0,11.0,11,11,1
5812,3,7,1,7,0.143,1.0,1.0,7.0,7,7,1
5813,3,9,1,9,0.111,1.0,1.0,9.0,9,9,1
5814,3,5,2,210,0.019,0.529,0.533,111.0,111,112,1
5815,3,54,1,54,0.019,1.0,1.0,54.0,54,54,1
5816,3,27,1,27,0.037,1.0,1.0,27.0,27,27,1
5817,3,7,1,7,0.143,1.0,1.0,7.0,7,7,1
5818,3,30,5,2150,0.012,0.216,0.221,46.5,465,475,10
5819,3,7,2,14,0.286,0.643,0.714,9.0,9,10,1
5820,3,9,1,9,0.111,1.0,1.0,9.0,9,9,1
5821,3,4,11,8844,0.014,0.191,0.233,15.64,689,58,108
5822,3,10,1,10,0.1,1.0,1.0,10.0,10,10,1
5823,3,34,1,34,0.029,1.0,1.0,34.0,34,34,1
5824,3,9,1,9,0.111,1.0,1.0,9.0,9,9,1
5825,3,4,2,8,0.5,1.0,1.0,8.0,8,8,1
5826,3,16,1,16,0.063,1.0,1.0,16.0,16,16,1
5827,3,76,1,76,0.013,1.0,1.0,76.0,76,76,1
5828,3,17,1,117,0.009,1.0,1.0,117.0,117,117,1
5829,3,58,3,174,0.052,0.339,0.345,59.0,59,60,1
5830,3,47,1,47,0.021,1.0,1.0,47.0,47,47,1
5831,3,11,2,22,0.182,0.636,0.636,14.0,14,14,1
5832,3,54,1,54,0.019,1.0,1.0,54.0,54,54,1
5833,3,8,1,8,0.125,1.0,1.0,8.0,8,8,1
5834,3,13,1,13,0.077,1.0,1.0,13.0,13,13,1
5835,3,34,1,34,0.029,1.0,1.0,34.0,34,34,1
5836,3,7,1,7,0.143,1.0,1.0,7.0,7,7,1
5837,3,31,1,31,0.032,1.0,1.0,31.0,31,31,1
5838,3,66,3,198,0.045,0.657,0.909,2.6,130,180,50
5839,3,18,1,18,0.056,1.0,1.0,18.0,18,18,1
5840,3,22,1,22,0.045,1.0,1.0,22.0,22,22,1
5841,3,8,1,8,0.125,1.0,1.0,8.0,8,8,1
5842,3,37,1,37,0.027,1.0,1.0,37.0,37,37,1
5843,3,7,1,7,0.143,1.0,1.0,7.0,7,7,1
5844,3,22,1,22,0.045,1.0,1.0,22.0,22,22,1
5845,3,12,2,24,0.167,0.625,0.667,15.0,15,16,1
5846,3,12,1,12,0.083,1.0,1.0,12.0,12,12,1
5847,3,5,2,10,0.4,0.8,0.8,8.0,8,8,1
5848,3,8,1,8,0.125,1.0,1.0,8.0,8,8,1
5849,3,18,1,18,0.056,1.0,1.0,18.0,18,18,1
5850,3,8,1,8,0.125,1.0,1.0,8.0,8,8,1
5851,3,10,1,10,0.1,1.0,1.0,10.0,10,10,1
5852,3,11,2,22,0.182,0.636,0.636,14.0,14,14,1
5853,3,98,3,294,0.031,0.48,0.486,141.0,141,143,1
5854,3,7,1,7,0.143,1.0,1.0,7.0,7,7,1
5855,3,42,1,42,0.024,1.0,1.0,42.0,42,42,1
5856,3,20,1,20,0.05,1.0,1.0,20.0,20,20,1
5857,3,8,1,8,0.125,0.875,1.0,7.0,7,8,1
5858,3,12,2,24,0.167,0.625,0.667,15.0,15,16,1
5859,3,8,1,8,0.125,1.0,1.0,8.0,8,8,1
5860,3,84,1,84,0.012,1.0,1.0,84.0,84,84,1
5861,3,8,1,8,0.125,1.0,1.0,8.0,8,8,1
5862,3,76,1,76,0.013,1.0,1.0,76.0,76,76,1
5863,3,9,1,9,0.111,1.0,1.0,9.0,9,9,1
5864,3,26,1,26,0.038,1.0,1.0,26.0,26,26,1
5865,3,10,1,10,0.1,0.9,1.0,9.0,9,10,1
5866,3,5,2,10,0.4,0.9,0.9,9.0,9,9,1
5867,3,16,1,16,0.063,1.0,1.0,16.0,16,16,1
5868,3,7,1,7,0.143,1.0,1.0,7.0,7,7,1
5869,3,9,1,9,0.111,1.0,1.0,9.0,9,9,1
5870,3,9,1,9,0.111,1.0,1.0,9.0,9,9,1
5871,3,14,1,14,0.071,1.0,1.0,14.0,14,14,1
5872,3,22,1,22,0.045,1.0,1.0,22.0,22,22,1
5873,3,14,1,14,0.071,1.0,1.0,14.0,14,14,1
5874,3,8,1,8,0.125,1.0,1.0,8.0,8,8,1
5875,3,17,1,117,0.009,1.0,1.0,117.0,117,117,1
5876,3,47,1,47,0.021,1.0,1.0,47.0,47,47,1
5877,3,11,1,11,0.091,1.0,1.0,11.0,11,11,1
5878,3,53,1,53,0.019,1.0,1.0,53.0,53,53,1
5879,3,11,1,11,0.091,1.0,1.0,11.0,11,11,1
5880,3,9,1,9,0.111,1.0,1.0,9.0,9,9,1
5881,3,7,1,7,0.143,1.0,1.0,7.0,7,7,1
5882,3,16,1,16,0.063,1.0,1.0,16.0,16,16,1
5883,3,42,7,294,0.167,0.282,0.432,2.18,83,127,38
5884,3,5,2,10,0.4,0.9,0.9,9.0,9,9,1
5885,3,14,1,14,0.071,1.0,1.0,14.0,14,14,1
5886,3,53,1,53,0.019,1.0,1.0,53.0,53,53,1
5887,3,9,2,18,0.222,0.611,0.722,11.0,11,13,1
5888,3,32,1,32,0.031,1.0,1.0,32.0,32,32,1
5889,3,9,1,9,0.111,1.0,1.0,9.0,9,9,1
5890,3,13,1,13,0.077,1.0,1.0,13.0,13,13,1
5891,3,32,1,32,0.031,1.0,1.0,32.0,32,32,1
5892,3,36,1,136,0.007,0.993,1.0,135.0,135,136,1
5893,3,5,2,10,0.4,0.7,0.7,7.0,7,7,1
5894,3,37,1,37,0.027,1.0,1.0,37.0,37,37,1
5895,3,25,1,25,0.04,1.0,1.0,25.0,25,25,1
5896,3,8,1,8,0.125,1.0,1.0,8.0,8,8,1
5897,3,7,1,7,0.143,1.0,1.0,7.0,7,7,1
5898,3,8,1,8,0.125,1.0,1.0,8.0,8,8,1
5899,3,13,1,13,0.077,1.0,1.0,13.0,13,13,1
5900,3,9,1,9,0.111,1.0,1.0,9.0,9,9,1
5901,3,14,2,28,0.143,0.536,0.536,15.0,15,15,1
5902,3,7,1,7,0.143,1.0,1.0,7.0,7,7,1
5903,3,66,3,198,0.045,0.657,0.909,2.6,130,180,50
5904,3,9,1,9,0.111,1.0,1.0,9.0,9,9,1
5905,3,8,1,8,0.125,1.0,1.0,8.0,8,8,1
5906,3,8,1,8,0.125,1.0,1.0,8.0,8,8,1
5907,3,98,3,294,0.031,0.48,0.486,141.0,141,143,1
5908,3,47,1,47,0.021,1.0,1.0,47.0,47,47,1
5909,3,4,2,8,0.5,0.875,0.875,7.0,7,7,1
5910,3,20,1,20,0.05,1.0,1.0,20.0,20,20,1
5911,3,7,1,7,0.143,1.0,1.0,7.0,7,7,1
5912,3,7,1,7,0.143,1.0,1.0,7.0,7,7,1
5913,3,34,1,34,0.029,1.0,1.0,34.0,34,34,1
5914,3,42,1,42,0.024,1.0,1.0,42.0,42,42,1
5915,3,20,1,20,0.05,1.0,1.0,20.0,20,20,1
5916,3,7,1,7,0.143,1.0,1.0,7.0,7,7,1
5917,3,17,1,17,0.059,1.0,1.0,17.0,17,17,1
5918,3,13,1,13,0.077,1.0,1.0,13.0,13,13,1
5919,3,58,3,174,0.052,0.339,0.345,59.0,59,60,1
5920,3,7,1,7,0.143,1.0,1.0,7.0,7,7,1
5921,3,14,1,14,0.071,1.0,1.0,14.0,14,14,1
5922,3,69,3,207,0.043,0.643,0.952,2.08,133,197,64
5923,3,38,1,38,0.026,1.0,1.0,38.0,38,38,1
5924,3,13,1,13,0.077,1.0,1.0,13.0,13,13,1
5925,3,9,1,9,0.111,1.0,1.0,9.0,9,9,1
5926,3,84,1,84,0.012,1.0,1.0,84.0,84,84,1
5927,3,10,1,10,0.1,1.0,1.0,10.0,10,10,1
5928,3,4,11,8844,0.014,0.191,0.233,15.64,689,58,108
5929,3,11,1,11,0.091,1.0,1.0,11.0,11,11,1
5930,3,8,1,8,0.125,1.0,1.0,8.0,8,8,1
5931,3,8,1,8,0.125,1.0,1.0,8.0,8,8,1
5932,3,22,1,22,0.045,1.0,1.0,22.0,22,22,1
5933,3,19,2,38,0.105,0.816,0.816,31.0,31,31,1
5934,3,7,1,7,0.143,1.0,1.0,7.0,7,7,1
5935,3,12,1,12,0.083,1.0,1.0,12.0,12,12,1
5936,3,9,2,18,0.222,0.611,0.722,11.0,11,13,1
5937,3,4,2,8,0.5,1.0,1.0,8.0,8,8,1
5938,3,10,1,10,0.1,1.0,1.0,10.0,10,10,1
5939,3,84,1,84,0.012,1.0,1.0,84.0,84,84,1
5940,3,26,1,26,0.038,1.0,1.0,26.0,26,26,1
5941,3,9,1,9,0.111,1.0,1.0,9.0,9,9,1
5942,3,37,1,37,0.027,1.0,1.0,37.0,37,37,1
5943,3,54,1,54,0.019,1.0,1.0,54.0,54,54,1
5944,3,25,1,25,0.04,1.0,1.0,25.0,25,25,1
5945,3,7,1,7,0.143,1.0,1.0,7.0,7,7,1
5946,3,23,1,23,0.043,1.0,1.0,23.0,23,23,1
5947,3,6,21,126,3.5,0.198,0.444,1.67,25,56,15
5948,3,10,1,10,0.1,1.0,1.0,10.0,10,10,1
5949,3,7,1,7,0.143,1.0,1.0,7.0,7,7,1
5950,3,10,1,10,0.1,1.0,1.0,10.0,10,10,1
5951,3,10,1,10,0.1,1.0,1.0,10.0,10,10,1
5952,3,13,1,13,0.077,1.0,1.0,13.0,13,13,1
5953,3,27,4,108,0.148,0.38,0.75,2.56,41,81,16
5954,3,5,2,10,0.4,0.9,0.9,9.0,9,9,1
5955,3,8,1,8,0.125,1.0,1.0,8.0,8,8,1
5956,3,10,1,10,0.1,0.9,1.0,9.0,9,10,1
5957,3,14,2,28,0.143,0.536,0.536,15.0,15,15,1
5958,3,10,1,10,0.1,1.0,1.0,10.0,10,10,1
5959,3,13,1,13,0.077,1.0,1.0,13.0,13,13,1
5960,3,84,1,84,0.012,1.0,1.0,84.0,84,84,1
5961,3,11,1,11,0.091,1.0,1.0,11.0,11,11,1
5962,3,7,1,7,0.143,1.0,1.0,7.0,7,7,1
5963,3,18,1,18,0.056,1.0,1.0,18.0,18,18,1
5964,3,26,1,26,0.038,1.0,1.0,26.0,26,26,1
5965,3,93,4,372,0.043,0.419,0.565,2.89,156,210,54
5966,3,31,1,31,0.032,1.0,1.0,31.0,31,31,1
5967,3,8,1,8,0.125,1.0,1.0,8.0,8,8,1
5968,3,42,1,42,0.024,1.0,1.0,42.0,42,42,1
5969,3,44,3,132,0.068,0.598,0.841,2.47,79,111,32
5970,3,37,1,37,0.027,1.0,1.0,37.0,37,37,1
5971,3,9,1,9,0.111,1.0,1.0,9.0,9,9,1
5972,3,42,7,294,0.167,0.282,0.432,2.18,83,127,38
5973,3,19,2,38,0.105,0.816,0.816,31.0,31,31,1
5974,3,12,1,12,0.083,1.0,1.0,12.0,12,12,1
5975,3,14,1,14,0.071,1.0,1.0,14.0,14,14,1
5976,3,4,2,8,0.5,0.875,0.875,7.0,7,7,1
5977,3,8,1,8,0.125,1.0,1.0,8.0,8,8,1
5978,3,27,1,27,0.037,1.0,1.0,27.0,27,27,1
5979,3,13,1,13,0.077,1.0,1.0,13.0,13,13,1
5980,3,6,21,126,3.5,0.198,0.444,1.67,25,56,15
5981,3,9,1,9,0.111,1.0,1.0,9.0,9,9,1
5982,3,5,2,10,0.4,0.8,0.8,8.0,8,8,1
5983,3,94,2,188,0.021,0.516,0.516,97.0,97,97,1
5984,3,23,1,23,0.043,1.0,1.0,23.0,23,23,1
5985,3,10,1,10,0.1,1.0,1.0,10.0,10,10,1
5986,3,5,2,10,0.4,0.7,0.7,7.0,7,7,1
5987,3,9,2,18,0.222,0.611,0.722,11.0,11,13,1
5988,3,10,1,10,0.1,1.0,1.0,10.0,10,10,1
5989,3,9,1,9,0.111,1.0,1.0,9.0,9,9,1
5990,3,7,1,7,0.143,1.0,1.0,7.0,7,7,1
5991,3,38,1,38,0.026,1.0,1.0,38.0,38,38,1
5992,3,18,1,18,0.056,1.0,1.0,18.0,18,18,1
5993,3,13,1,13,0.077,1.0,1.0,13.0,13,13,1
5994,3,9,1,9,0.111,1.0,1.0,9.0,9,9,1
5995,3,12,2,24,0.167,0.625,0.667,15.0,15,16,1
5996,3,7,1,7,0.143,1.0,1.0,7.0,7,7,1
5997,3,17,1,17,0.059,1.0,1.0,17.0,17,17,1
5998,3,17,1,117,0.009,1.0,1.0,117.0,117,117,1
5999,3,10,1,10,0.1,1.0,1.0,10.0,10,10,1
6000,3,5,2,10,0.4,0.8,0.8,8.0,8,8,1
6001,3,6,21,126,3.5,0.198,0.444,1.67,25,56,15
6002,3,13,1,13,0.077,1.0,1.0,13.0,13,13,1
6003,3,15,1,15,0.067,1.0,1.0,15.0,15,15,1
6004,3,10,1,10,0.1,0.9,1.0,9.0,9,10,1
6005,3,6,21,126,3.5,0.198,0.444,1.67,25,56,15
6006,3,9,1,9,0.111,1.0,1.0,9.0,9,9,1
6007,3,38,1,38,0.026,1.0,1.0,38.0,38,38,1
6008,3,22,1,22,0.045,1.0,1.0,22.0,22,22,1
6009,3,16,1,16,0.063,1.0,1.0,16.0,16,16,1
6010,3,42,7,294,0.167,0.282,0.432,2.18,83,127,38
6011,3,7,1,7,0.143,1.0,1.0,7.0,7,7,1
6012,3,27,4,108,0.148,0.38,0.75,2.56,41,81,16
6013,3,10,1,10,0.1,0.9,1.0,9.0,9,10,1
6014,3,10,1,10,0.1,1.0,1.0,10.0,10,10,1
6015,3,20,1,20,0.05,1.0,1.0,20.0,20,20,1
6016,3,10,1,10,0.1,1.0,1.0,10.0,10,10,1
6017,3,37,1,37,0.027,1.0,1.0,37.0,37,37,1
6018,3,9,1,9,0.111,1.0,1.0,9.0,9,9,1
6019,3,22,1,22,0.045,1.0,1.0,22.0,22,22,1
6020,3,58,3,174,0.052,0.339,0.345,59.0,59,60,1
6021,3,26,1,26,0.038,1.0,1.0,26.0,26,26,1
6022,3,94,2,188,0.021,0.516,0.516,97.0,97,97,1
6023,3,19,2,38,0.105,0.816,0.816,31.0,31,31,1
6024,3,9,1,9,0.111,1.0,1.0,9.0,9,9,1
6025,3,13,1,13,0.077,1.0,1.0,13.0,13,13,1
6026,3,19,2,38,0.105,0.816,0.816,31.0,31,31,1
6027,3,11,1,11,0.091,1.0,1.0,11.0,11,11,1
6028,3,4,2,8,0.5,0.875,0.875,7.0,7,7,1
6029,3,7,1,7,0.143,1.0,1.0,7.0,7,7,1
6030,3,37,1,37,0.027,1.0,1.0,37.0,37,37,1
6031,3,8,1,8,0.125,0.875,1.0,7.0,7,8,1
6032,3,8,1,8,0.125,1.0,1.0,8.0,8,8,1
6033,3,14,1,14,0.071,1.0,1.0,14.0,14,14,1
6034,3,11,2,22,0.182,0.636,0.636,14.0,14,14,1
6035,3,7,1,7,0.143,1.0,1.0,7.0,7,7,1
6036,3,12,2,24,0.167,0.625,0.667,15.0,15,16,1
6037,3,37,1,37,0.027,1.0,1.0,37.0,37,37,1
6038,3,42,7,294,0.167,0.282,0.432,2.18,83,127,38
6039,3,17,2,34,0.118,0.706,0.706,24.0,24,24,1
6040,3,8,1,8,0.125,1.0,1.0,8.0,8,8,1
6041,3,39,1,39,0.026,1.0,1.0,39.0,39,39,1
6042,3,13,1,13,0.077,1.0,1.0,13.0,13,13,1
6043,3,39,1,39,0.026,1.0,1.0,39.0,39,39,1
6044,3,69,3,207,0.043,0.643,0.952,2.08,133,197,64
6045,3,7,1,7,0.143,1.0,1.0,7.0,7,7,1
6046,3,8,1,8,0.125,1.0,1.0,8.0,8,8,1
6047,3,42,7,294,0.167,0.282,0.432,2.18,83,127,38
6048,3,7,2,14,0.286,0.643,0.714,9.0,9,10,1
6049,3,18,1,18,0.056,1.0,1.0,18.0,18,18,1
6050,3,8,1,8,0.125,1.0,1.0,8.0,8,8,1
6051,3,9,1,9,0.111,1.0,1.0,9.0,9,9,1
6052,3,38,1,38,0.026,1.0,1.0,38.0,38,38,1
6053,3,6,21,126,3.5,0.198,0.444,1.67,25,56,15
6054,3,5,2,10,0.4,0.8,0.8,8.0,8,8,1
6055,3,34,1,34,0.029,1.0,1.0,34.0,34,34,1
6056,3,32,1,32,0.031,1.0,1.0,32.0,32,32,1
6057,3,7,1,7,0.143,1.0,1.0,7.0,7,7,1
6058,3,11,2,22,0.182,0.636,0.636,14.0,14,14,1
6059,3,94,2,188,0.021,0.516,0.516,97.0,97,97,1
6060,3,8,1,8,0.125,1.0,1.0,8.0,8,8,1
6061,3,9,1,9,0.111,1.0,1.0,9.0,9,9,1
6062,3,9,1,9,0.111,1.0,1.0,9.0,9,9,1
6063,3,32,1,32,0.031,1.0,1.0,32.0,32,32,1
6064,3,11,1,11,0.091,1.0,1.0,11.0,11,11,1
6065,3,9,1,9,0.111,1.0,1.0,9.0,9,9,1
6066,3,8,1,8,0.125,1.0,1.0,8.0,8,8,1
6067,3,94,2,188,0.021,0.516,0.516,97.0,97,97,1
6068,3,27,1,27,0.037,1.0,1.0,27.0,27,27,1
6069,3,4,2,8,0.5,1.0,1.0,8.0,8,8,1
6070,3,30,5,2150,0.012,0.216,0.221,46.5,465,475,10
6071,3,32,1,32,0.031,1.0,1.0,32.0,32,32,1
6072,3,25,1,25,0.04,1.0,1.0,25.0,25,25,1
6073,3,15,1,15,0.067,1.0,1.0,15.0,15,15,1
6074,3,32,1,32,0.031,1.0,1.0,32.0,32,32,1
6075,3,58,3,174,0.052,0.339,0.345,59.0,59,60,1
6076,3,93,4,372,0.043,0.419,0.565,2.89,156,210,54
6077,3,13,1,13,0.077,1.0,1.0,13.0,13,13,1
6078,3,47,1,47,0.021,1.0,1.0,47.0,47,47,1
6079,3,7,1,7,0.143,1.0,1.0,7.0,7,7,1
6080,3,7,1,7,0.143,1.0,1.0,7.0,7,7,1
6081,3,9,1,9,0.111,1.0,1.0,9.0,9,9,1
6082,3,9,1,9,0.111,1.0,1.0,9.0,9,9,1
6083,3,38,1,38,0.026,1.0,1.0,38.0,38,38,1
6084,3,14,1,14,0.071,1.0,1.0,14.0,14,14,1
6085,3,15,1,15,0.067,1.0,1.0,15.0,15,15,1
6086,3,12,1,12,0.083,1.0,1.0,12.0,12,12,1
6087,3,22,1,22,0.045,1.0,1.0,22.0,22,22,1
6088,3,15,1,15,0.067,1.0,1.0,15.0,15,15,1
6089,3,6,21,126,3.5,0.198,0.444,1.67,25,56,15
6090,3,39,1,39,0.026,1.0,1.0,39.0,39,39,1
6091,3,54,1,54,0.019,1.0,1.0,54.0,54,54,1
6092,3,37,1,37,0.027,1.0,1.0,37.0,37,37,1
6093,3,12,1,12,0.083,1.0,1.0,12.0,12,12,1
6094,3,4,11,8844,0.014,0.191,0.233,15.64,689,58,108
6095,3,8,1,8,0.125,1.0,1.0,8.0,8,8,1
6096,3,54,1,54,0.019,1.0,1.0,54.0,54,54,1
6097,3,9,1,9,0.111,1.0,1.0,9.0,9,9,1
6098,3,14,1,14,0.071,1.0,1.0,14.0,14,14,1
6099,3,93,4,372,0.043,0.419,0.565,2.89,156,210,54
6100,3,42,1,42,0.024,1.0,1.0,42.0,42,42,1
6101,3,8,1,8,0.125,1.0,1.0,8.0,8,8,1
6102,3,14,1,14,0.071,1.0,1.0,14.0,14,14,1
6103,3,94,2,188,0.021,0.516,0.516,97.0,97,97,1
6104,3,19,2,38,0.105,0.816,0.816,31.0,31,31,1
6105,3,84,1,84,0.012,1.0,1.0,84.0,84,84,1
6106,3,76,1,76,0.013,1.0,1.0,76.0,76,76,1
6107,3,27,1,27,0.037,1.0,1.0,27.0,27,27,1
6108,3,7,1,7,0.143,1.0,1.0,7.0,7,7,1
6109,3,20,1,20,0.05,1.0,1.0,20.0,20,20,1
6110,3,47,1,47,0.021,1.0,1.0,47.0,47,47,1
6111,3,42,7,294,0.167,0.282,0.432,2.18,83,127,38
6112,3,5,2,10,0.4,0.8,0.8,8.0,8,8,1
6113,3,4,2,8,0.5,1.0,1.0,8.0,8,8,1
6114,3,53,1,53,0.019,1.0,1.0,53.0,53,53,1
6115,3,14,2,28,0.143,0.536,0.536,15.0,15,15,1
6116,3,12,2,24,0.167,0.625,0.667,15.0,15,16,1
6117,3,4,2,8,0.5,1.0,1.0,8.0,8,8,1
6118,3,13,1,13,0.077,1.0,1.0,13.0,13,13,1
6119,3,11,1,11,0.091,1.0,1.0,11.0,11,11,1
6120,3,23,1,23,0.043,1.0,1.0,23.0,23,23,1
6121,3,8,1,8,0.125,1.0,1.0,8.0,8,8,1
6122,3,9,1,9,0.111,1.0,1.0,9.0,9,9,1
6123,3,8,1,8,0.125,1.0,1.0,8.0,8,8,1
6124,3,14,1,14,0.071,1.0,1.0,14.0,14,14,1
6125,3,27,1,27,0.037,1.0,1.0,27.0,27,27,1
6126,3,19,2,38,0.105,0.816,0.816,31.0,31,31,1
6127,3,4,2,8,0.5,0.875,0.875,7.0,7,7,1
6128,3,54,1,54,0.019,1.0,1.0,54.0,54,54,1
6129,3,8,1,8,0.125,1.0,1.0,8.0,8,8,1
6130,3,42,7,294,0.167,0.282,0.432,2.18,83,127,38
6131,3,36,1,136,0.007,0.993,1.0,135.0,135,136,1
6132,3,42,1,42,0.024,1.0,1.0,42.0,42,42,1
6133,3,69,3,207,0.043,0.643,0.952,2.08,133,197,64
6134,3,4,2,8,0.5,0.875,0.875,7.0,7,7,1
6135,3,15,1,15,0.067,1.0,1.0,15.0,15,15,1
6136,3,12,2,24,0.167,0.625,0.667,15.0,15,16,1
6137,3,30,5,2150,0.012,0.216,0.221,46.5,465,475,10
6138,3,5,2,10,0.4,0.7,0.7,7.0,7,7,1
6139,3,9,1,9,0.111,1.0,1.0,9.0,9,9,1
6140,3,7,1,7,0.143,1.0,1.0,7.0,7,7,1
6141,3,27,4,108,0.148,0.333,0.667,2.57,36,72,14
6142,3,23,1,23,0.043,1.0,1.0,23.0,23,23,1
6143,3,16,1,16,0.063,1.0,1.0,16.0,16,16,1
6144,3,1,25,25,25.0,1.0,1.0,25.0,25,25,1
6145,3,32,1,32,0.031,1.0,1.0,32.0,32,32,1
6146,3,11,1,11,0.091,1.0,1.0,11.0,11,11,1
6147,3,54,1,54,0.019,1.0,1.0,54.0,54,54,1
6148,3,7,2,14,0.286,0.643,0.714,9.0,9,10,1
6149,3,6,21,126,3.5,0.198,0.444,1.67,25,56,15
6150,3,54,1,54,0.019,1.0,1.0,54.0,54,54,1
6151,3,26,1,26,0.038,1.0,1.0,26.0,26,26,1
6152,3,11,1,11,0.091,1.0,1.0,11.0,11,11,1
6153,3,13,1,13,0.077,1.0,1.0,13.0,13,13,1
6154,3,14,1,14,0.071,1.0,1.0,14.0,14,14,1
6155,3,22,1,22,0.045,1.0,1.0,22.0,22,22,1
6156,3,8,1,8,0.125,1.0,1.0,8.0,8,8,1
6157,3,4,11,8844,0.014,0.191,0.233,15.64,689,58,108
6158,3,10,1,10,0.1,1.0,1.0,10.0,10,10,1
6159,3,23,1,23,0.043,1.0,1.0,23.0,23,23,1
6160,3,8,1,8,0.125,1.0,1.0,8.0,8,8,1
6161,3,9,2,18,0.222,0.611,0.722,11.0,11,13,1
6162,3,4,11,8844,0.014,0.191,0.233,15.64,689,58,108
6163,3,93,4,372,0.043,0.419,0.565,2.89,156,210,54
6164,3,8,1,8,0.125,1.0,1.0,8.0,8,8,1
6165,3,13,1,13,0.077,1.0,1.0,13.0,13,13,1
6166,3,98,3,294,0.031,0.48,0.486,141.0,141,143,1
6167,3,13,1,13,0.077,1.0,1.0,13.0,13,13,1
6168,3,6,21,126,3.5,0.198,0.444,1.67,25,56,15
6169,3,4,2,8,0.5,1.0,1.0,8.0,8,8,1
6170,3,9,1,9,0.111,1.0,1.0,9.0,9,9,1
6171,3,1,25,25,25.0,1.0,1.0,25.0,25,25,1
6172,3,4,2,8,0.5,0.875,0.875,7.0,7,7,1
6173,3,44,3,132,0.068,0.598,0.841,2.47,79,111,32
6174,3,27,4,108,0.148,0.38,0.75,2.56,41,81,16
6175,3,5,2,10,0.4,0.8,0.8,8.0,8,8,1
6176,3,7,1,7,0.143,1.0,1.0,7.0,7,7,1
6177,3,14,1,14,0.071,1.0,1.0,14.0,14,14,1
6178,3,5,2,10,0.4,0.8,0.8,8.0,8,8,1
6179,3,54,1,54,0.019,1.0,1.0,54.0,54,54,1
6180,3,25,1,25,0.04,1.0,1.0,25.0,25,25,1
6181,3,14,1,14,0.071,1.0,1.0,14.0,14,14,1
6182,3,8,1,8,0.125,1.0,1.0,8.0,8,8,1
6183,3,8,1,8,0.125,1.0,1.0,8.0,8,8,1
6184,3,8,1,8,0.125,0.875,1.0,7.0,7,8,1
6185,3,42,7,294,0.167,0.282,0.432,2.18,83,127,38
6186,3,14,2,28,0.143,0.536,0.536,15.0,15,15,1
6187,3,32,1,32,0.031,1.0,1.0,32.0,32,32,1
6188,3,44,3,132,0.068,0.598,0.841,2.47,79,111,32
6189,3,5,2,210,0.019,0.529,0.533,111.0,111,112,1
6190,3,20,1,20,0.05,1.0,1.0,20.0,20,20,1
6191,3,8,1,8,0.125,1.0,1.0,8.0,8,8,1
6192,3,5,2,210,0.019,0.529,0.533,111.0,111,112,1
6193,3,9,1,9,0.111,1.0,1.0,9.0,9,9,1
6194,3,18,1,18,0.056,1.0,1.0,18.0,18,18,1
6195,3,5,2,10,0.4,0.8,0.8,8.0,8,8,1
6196,3,8,1,8,0.125,1.0,1.0,8.0,8,8,1
6197,3,31,1,31,0.032,1.0,1.0,31.0,31,31,1
6198,3,44,3,132,0.068,0.598,0.841,2.47,79,111,32
6199,3,15,1,15,0.067,1.0,1.0,15.0,15,15,1
6200,3,42,1,42,0.024,1.0,1.0,42.0,42,42,1
6201,3,7,2,14,0.286,0.643,0.714,9.0,9,10,1
6202,3,19,2,38,0.105,0.816,0.816,31.0,31,31,1
6203,3,11,1,11,0.091,1.0,1.0,11.0,11,11,1
6204,3,47,1,47,0.021,1.0,1.0,47.0,47,47,1
6205,3,8,1,8,0.125,1.0,1.0,8.0,8,8,1
6206,3,58,3,174,0.052,0.339,0.345,59.0,59,60,1
6207,3,10,1,10,0.1,1.0,1.0,10.0,10,10,1
6208,3,13,1,13,0.077,1.0,1.0,13.0,13,13,1
6209,3,27,1,27,0.037,1.0,1.0,27.0,27,27,1
6210,3,8,1,8,0.125,1.0,1.0,8.0,8,8,1
6211,3,17,1,117,0.009,1.0,1.0,117.0,117,117,1
6212,3,7,1,7,0.143,1.0,1.0,7.0,7,7,1
6213,3,36,1,136,0.007,0.993,1.0,135.0,135,136,1
6214,3,13,1,13,0.077,1.0,1.0,13.0,13,13,1
6215,3,54,1,54,0.019,1.0,1.0,54.0,54,54,1
6216,3,7,2,14,0.286,0.643,0.714,9.0,9,10,1
6217,3,19,2,38,0.105,0.816,0.816,31.0,31,31,1
6218,3,9,1,9,0.111,1.0,1.0,9.0,9,9,1
6219,3,7,1,7,0.143,1.0,1.0,7.0,7,7,1
6220,3,44,3,132,0.068,0.598,0.841,2.47,79,111,32
6221,3,11,2,22,0.182,0.636,0.636,14.0,14,14,1
6222,3,9,1,9,0.111,1.0,1.0,9.0,9,9,1
6223,3,31,1,31,0.032,1.0,1.0,31.0,31,31,1
6224,3,84,1,84,0.012,1.0,1.0,84.0,84,84,1
6225,3,4,11,8844,0.014,0.191,0.233,15.64,689,58,108
6226,3,12,2,24,0.167,0.625,0.667,15.0,15,16,1
6227,3,7,2,14,0.286,0.643,0.714,9.0,9,10,1
6228,3,54,1,54,0.019,1.0,1.0,54.0,54,54,1
6229,3,66,3,198,0.045,0.657,0.909,2.6,130,180,50
6230,3,18,1,18,0.056,1.0,1.0,18.0,18,18,1
6231,3,54,1,54,0.019,1.0,1.0,54.0,54,54,1
6232,3,93,4,372,0.043,0.419,0.565,2.89,156,210,54
6233,3,9,1,9,0.111,1.0,1.0,9.0,9,9,1
6234,3,20,1,20,0.05,1.0,1.0,20.0,20,20,1
6235,3,76,1,76,0.013,1.0,1.0,76.0,76,76,1
6236,3,7,1,7,0.143,1.0,1.0,7.0,7,7,1
6237,3,7,1,7,0.143,1.0,1.0,7.0,7,7,1
6238,3,9,1,9,0.111,1.0,1.0,9.0,9,9,1
6239,3,16,1,16,0.063,1.0,1.0,16.0,16,16,1
6240,3,9,1,9,0.111,1.0,1.0,9.0,9,9,1
6241,3,32,1,32,0.031,1.0,1.0,32.0,32,32,1
6242,3,13,1,13,0.077,1.0,1.0,13.0,13,13,1
6243,3,42,1,42,0.024,1.0,1.0,42.0,42,42,1
6244,3,8,1,8,0.125,1.0,1.0,8.0,8,8,1
6245,3,76,1,76,0.013,1.0,1.0,76.0,76,76,1
6246,3,8,1,8,0.125,1.0,1.0,8.0,8,8,1
6247,3,15,1,15,0.067,1.0,1.0,15.0,15,15,1
6248,3,22,1,22,0.045,1.0,1.0,22.0,22,22,1
6249,3,15,1,15,0.067,1.0,1.0,15.0,15,15,1
6250,3,15,1,15,0.067,1.0,1.0,15.0,15,15,1
6251,3,42,7,294,0.167,0.282,0.432,2.18,83,127,38
6252,3,4,2,8,0.5,0.875,0.875,7.0,7,7,1
6253,3,8,1,8,0.125,1.0,1.0,8.0,8,8,1
6254,3,27,4,108,0.148,0.333,0.667,2.57,36,72,14
6255,3,12,1,12,0.083,1.0,1.0,12.0,12,12,1
6256,3,8,1,8,0.125,0.875,1.0,7.0,7,8,1
6257,3,20,1,20,0.05,1.0,1.0,20.0,20,20,1
6258,3,7,1,7,0.143,1.0,1.0,7.0,7,7,1
6259,3,5,2,10,0.4,0.9,0.9,9.0,9,9,1
6260,3,7,1,7,0.143,1.0,1.0,7.0,7,7,1
6261,3,9,1,9,0.111,1.0,1.0,9.0,9,9,1
6262,3,31,1,31,0.032,1.0,1.0,31.0,31,31,1
6263,3,76,1,76,0.013,1.0,1.0,76.0,76,76,1
6264,3,47,1,47,0.021,1.0,1.0,47.0,47,47,1
6265,3,6,21,126,3.5,0.198,0.444,1.67,25,56,15
6266,3,42,7,294,0.167,0.282,0.432,2.18,83,127,38
6267,3,9,1,9,0.111,1.0,1.0,9.0,9,9,1
6268,3,9,1,9,0.111,1.0,1.0,9.0,9,9,1
6269,3,27,1,27,0.037,1.0,1.0,27.0,27,27,1
6270,3,11,1,11,0.091,1.0,1.0,11.0,11,11,1
6271,3,32,1,32,0.031,1.0,1.0,32.0,32,32,1
6272,3,9,2,18,0.222,0.611,0.722,11.0,11,13,1
6273,3,30,5,2150,0.012,0.216,0.221,46.5,465,475,10
6274,3,9,1,9,0.111,1.0,1.0,9.0,9,9,1
6275,3,9,1,9,0.111,1.0,1.0,9.0,9,9,1
6276,3,9,1,9,0.111,1.0,1.0,9.0,9,9,1
6277,3,10,1,10,0.1,1.0,1.0,10.0,10,10,1
6278,3,6,21,126,3.5,0.198,0.444,1.67,25,56,15
6279,3,54,1,54,0.019,1.0,1.0,54.0,54,54,1
6280,3,9,1,9,0.111,1.0,1.0,9.0,9,9,1
6281,3,9,2,18,0.222,0.611,0.722,11.0,11,13,1
6282,3,5,2,210,0.019,0.529,0.533,111.0,111,112,1
6283,3,7,1,7,0.143,1.0,1.0,7.0,7,7,1
6284,3,14,1,14,0.071,1.0,1.0,14.0,14,14,1
6285,3,26,1,26,0.038,1.0,1.0,26.0,26,26,1
6286,3,4,2,8,0.5,1.0,1.0,8.0,8,8,1
6287,3,39,1,39,0.026,1.0,1.0,39.0,39,39,1
6288,3,25,1,25,0.04,1.0,1.0,25.0,25,25,1
6289,3,6,21,126,3.5,0.198,0.444,1.67,25,56,15
6290,3,12,2,24,0.167,0.625,0.667,15.0,15,16,1
6291,3,31,1,31,0.032,1.0,1.0,31.0,31,31,1
6292,3,27,4,108,0.148,0.38,0.75,2.56,41,81,16
6293,3,54,1,54,0.019,1.0,1.0,54.0,54,54,1
6294,3,9,1,9,0.111,1.0,1.0,9.0,9,9,1
6295,3,14,1,14,0.071,1.0,1.0,14.0,14,14,1
6296,3,27,4,108,0.148,0.38,0.75,2.56,41,81,16
6297,3,9,2,18,0.222,0.611,0.722,11.0,11,13,1
6298,3,12,1,12,0.083,1.0,1.0,12.0,12,12,1
6299,3,7,2,14,0.286,0.643,0.714,9.0,9,10,1
6300,3,16,1,16,0.063,1.0,1.0,16.0,16,16,1
6301,3,94,2,188,0.021,0.516,0.516,97.0,97,97,1
6302,3,5,2,210,0.019,0.529,0.533,111.0,111,112,1
6303,3,18,1,18,0.056,1.0,1.0,18.0,18,18,1
6304,3,30,5,2150,0.012,0.216,0.221,46.5,465,475,10
6305,3,9,1,9,0.111,1.0,1.0,9.0,9,9,1
6306,3,31,1,31,0.032,1.0,1.0,31.0,31,31,1
6307,3,14,1,14,0.071,1.0,1.0,14.0,14,14,1
6308,3,13,1,13,0.077,1.0,1.0,13.0,13,13,1
6309,3,94,2,188,0.021,0.516,0.516,97.0,97,97,1
6310,3,8,1,8,0.125,1.0,1.0,8.0,8,8,1
6311,3,9,1,9,0.111,1.0,1.0,9.0,9,9,1
6312,3,26,1,26,0.038,1.0,1.0,26.0,26,26,1
6313,3,7,1,7,0.143,1.0,1.0,7.0,7,7,1
6314,3,13,1,13,0.077,1.0,1.0,13.0,13,13,1
6315,3,10,1,10,0.1,0.9,1.0,9.0,9,10,1
6316,3,20,1,20,0.05,1.0,1.0,20.0,20,20,1
6317,3,11,1,11,0.091,1.0,1.0,11.0,11,11,1
6318,3,38,1,38,0.026,1.0,1.0,38.0,38,38,1
6319,3,53,1,53,0.019,1.0,1.0,53.0,53,53,1
6320,3,9,1,9,0.111,1.0,1.0,9.0,9,9,1
6321,3,31,1,31,0.032,1.0,1.0,31.0,31,31,1
6322,3,9,1,9,0.111,1.0,1.0,9.0,9,9,1
6323,3,4,2,8,0.5,1.0,1.0,8.0,8,8,1
6324,3,5,2,10,0.4,0.7,0.7,7.0,7,7,1
6325,3,13,1,13,0.077,1.0,1.0,13.0,13,13,1
6326,3,12,1,12,0.083,1.0,1.0,12.0,12,12,1
6327,3,16,1,16,0.063,1.0,1.0,16.0,16,16,1
6328,3,37,1,37,0.027,1.0,1.0,37.0,37,37,1
6329,3,8,1,8,0.125,1.0,1.0,8.0,8,8,1
6330,3,94,2,188,0.021,0.516,0.516,97.0,97,97,1
6331,3,4,11,8844,0.014,0.191,0.233,15.64,689,58,108
6332,3,16,1,16,0.063,1.0,1.0,16.0,16,16,1
6333,3,34,1,34,0.029,1.0,1.0,34.0,34,34,1
6334,3,8,1,8,0.125,1.0,1.0,8.0,8,8,1
6335,3,30,5,2150,0.012,0.216,0.221,46.5,465,475,10
6336,3,9,1,9,0.111,1.0,1.0,9.0,9,9,1
6337,3,9,1,9,0.111,1.0,1.0,9.0,9,9,1
6338,3,12,2,24,0.167,0.625,0.667,15.0,15,16,1
6339,3,12,2,24,0.167,0.625,0.667,15.0,15,16,1
6340,3,1,25,25,25.0,1.0,1.0,25.0,25,25,1
6341,3,13,1,13,0.077,1.0,1.0,13.0,13,13,1
6342,3,36,1,136,0.007,0.993,1.0,135.0,135,136,1
6343,3,8,1,8,0.125,0.875,1.0,7.0,7,8,1
6344,3,37,1,37,0.027,1.0,1.0,37.0,37,37,1
6345,3,38,1,38,0.026,1.0,1.0,38.0,38,38,1
6346,3,7,1,7,0.143,1.0,1.0,7.0,7,7,1
6347,3,9,2,18,0.222,0.611,0.722,11.0,11,13,1
6348,3,42,1,42,0.024,1.0,1.0,42.0,42,42,1
6349,3,25,1,25,0.04,1.0,1.0,25.0,25,25,1
6350,3,27,4,108,0.148,0.333,0.667,2.57,36,72,14
6351,3,8,1,8,0.125,1.0,1.0,8.0,8,8,1
6352,3,42,1,42,0.024,1.0,1.0,42.0,42,42,1
6353,3,9,1,9,0.111,1.0,1.0,9.0,9,9,1
6354,3,8,1,8,0.125,0.875,1.0,7.0,7,8,1
6355,3,31,1,31,0.032,1.0,1.0,31.0,31,31,1
6356,3,4,2,8,0.5,0.875,0.875,7.0,7,7,1
6357,3,17,1,17,0.059,1.0,1.0,17.0,17,17,1
6358,3,13,1,13,0.077,1.0,1.0,13.0,13,13,1
6359,3,34,1,34,0.029,1.0,1.0,34.0,34,34,1
6360,3,39,1,39,0.026,1.0,1.0,39.0,39,39,1
6361,3,12,1,12,0.083,1.0,1.0,12.0,12,12,1
6362,3,18,1,18,0.056,1.0,1.0,18.0,18,18,1
6363,3,53,1,53,0.019,1.0,1.0,53.0,53,53,1
6364,3,12,1,12,0.083,1.0,1.0,12.0,12,12,1
6365,3,42,1,42,0.024,1.0,1.0,42.0,42,42,1
6366,3,23,1,23,0.043,1.0,1.0,23.0,23,23,1
6367,3,32,1,32,0.031,1.0,1.0,32.0,32,32,1
6368,3,53,1,53,0.019,1.0,1.0,53.0,53,53,1
6369,3,27,4,108,0.148,0.333,0.667,2.57,36,72,14
6370,3,30,5,2150,0.012,0.216,0.221,46.5,465,475,10
6371,3,9,1,9,0.111,1.0,1.0,9.0,9,9,1
6372,3,4,2,8,0.5,1.0,1.0,8.0,8,8,1
6373,3,27,4,108,0.148,0.38,0.75,2.56,41,81,16
6374,3,9,1,9,0.111,1.0,1.0,9.0,9,9,1
6375,3,34,1,34,0.029,1.0,1.0,34.0,34,34,1
6376,3,14,1,14,0.071,1.0,1.0,14.0,14,14,1
6377,3,17,2,34,0.118,0.706,0.706,24.0,24,24,1
6378,3,76,1,76,0.013,1.0,1.0,76.0,76,76,1
6379,3,8,1,8,0.125,1.0,1.0,8.0,8,8,1
6380,3,5,2,10,0.4,0.9,0.9,9.0,9,9,1
6381,3,42,7,294,0.167,0.282,0.432,2.18,83,127,38
6382,3,17,1,117,0.009,1.0,1.0,117.0,117,117,1
6383,3,34,1,34,0.029,1.0,1.0,34.0,34,34,1
6384,3,22,1,22,0.045,1.0,1.0,22.0,22,22,1
6385,3,11,1,11,0.091,1.0,1.0,11.0,11,11,1
6386,3,12,2,24,0.167,0.625,0.667,15.0,15,16,1
6387,3,26,1,26,0.038,1.0,1.0,26.0,26,26,1
6388,3,27,4,108,0.148,0.333,0.667,2.57,36,72,14
6389,3,9,2,18,0.222,0.611,0.722,11.0,11,13,1
6390,3,9,1,9,0.111,1.0,1.0,9.0,9,9,1
6391,3,10,1,10,0.1,1.0,1.0,10.0,10,10,1
6392,3,5,2,10,0.4,0.8,0.8,8.0,8,8,1
6393,3,94,2,188,0.021,0.516,0.516,97.0,97,97,1
6394,3,11,2,22,0.182,0.636,0.636,14.0,14,14,1
6395,3,14,1,14,0.071,1.0,1.0,14.0,14,14,1
6396,3,14,1,14,0.071,1.0,1.0,14.0,14,14,1
6397,3,12,2,24,0.167,0.625,0.667,15.0,15,16,1
6398,3,10,1,10,0.1,1.0,1.0,10.0,10,10,1
6399,3,8,1,8,0.125,1.0,1.0,8.0,8,8,1
6400,3,13,1,13,0.077,1.0,1.0,13.0,13,13,1
6401,3,4,2,8,0.5,0.875,0.875,7.0,7,7,1
6402,3,14,1,14,0.071,1.0,1.0,14.0,14,14,1
6403,3,32,1,32,0.031,1.0,1.0,32.0,32,32,1
6404,3,5,2,10,0.4,0.8,0.8,8.0,8,8,1
6405,3,5,2,10,0.4,0.9,0.9,9.0,9,9,1
6406,3,5,2,210,0.019,0.529,0.533,111.0,111,112,1
6407,3,31,1,31,0.032,1.0,1.0,31.0,31,31,1
6408,3,5,2,10,0.4,0.9,0.9,9.0,9,9,1
6409,3,4,2,8,0.5,1.0,1.0,8.0,8,8,1
6410,3,9,1,9,0.111,1.0,1.0,9.0,9,9,1
6411,3,26,1,26,0.038,1.0,1.0,26.0,26,26,1
6412,3,4,2,8,0.5,0.875,0.875,7.0,7,7,1
6413,3,34,1,34,0.029,1.0,1.0,34.0,34,34,1
6414,3,7,1,7,0.143,1.0,1.0,7.0,7,7,1
6415,3,37,1,37,0.027,1.0,1.0,37.0,37,37,1
6416,3,4,2,8,0.5,0.875,0.875,7.0,7,7,1
6417,3,66,3,198,0.045,0.657,0.909,2.6,130,180,50
6418,3,8,1,8,0.125,1.0,1.0,8.0,8,8,1
6419,3,9,1,9,0.111,1.0,1.0,9.0,9,9,1
6420,3,53,1,53,0.019,1.0,1.0,53.0,53,53,1
6421,3,1,25,25,25.0,1.0,1.0,25.0,25,25,1
6422,3,14,2,28,0.143,0.536,0.536,15.0,15,15,1
6423,3,84,1,84,0.012,1.0,1.0,84.0,84,84,1
6424,3,14,1,14,0.071,1.0,1.0,14.0,14,14,1
6425,3,7,2,14,0.286,0.643,0.714,9.0,9,10,1
6426,3,66,3,198,0.045,0.657,0.909,2.6,130,180,50
6427,3,76,1,76,0.013,1.0,1.0,76.0,76,76,1
6428,3,31,1,31,0.032,1.0,1.0,31.0,31,31,1
6429,3,42,1,42,0.024,1.0,1.0,42.0,42,42,1
6430,3,22,1,22,0.045,1.0,1.0,22.0,22,22,1
6431,3,11,1,11,0.091,1.0,1.0,11.0,11,11,1
6432,3,94,2,188,0.021,0.516,0.516,97.0,97,97,1
6433,3,93,4,372,0.043,0.419,0.565,2.89,156,210,54
6434,3,7,1,7,0.143,1.0,1.0,7.0,7,7,1
6435,3,19,2,38,0.105,0.816,0.816,31.0,31,31,1
6436,3,4,2,8,0.5,0.875,0.875,7.0,7,7,1
6437,3,15,1,15,0.067,1.0,1.0,15.0,15,15,1
6438,3,39,1,39,0.026,1.0,1.0,39.0,39,39,1
6439,3,14,1,14,0.071,1.0,1.0,14.0,14,14,1
6440,3,14,2,28,0.143,0.536,0.536,15.0,15,15,1
6441,3,11,1,11,0.091,1.0,1.0,11.0,11,11,1
6442,3,13,1,13,0.077,1.0,1.0,13.0,13,13,1
6443,3,8,1,8,0.125,1.0,1.0,8.0,8,8,1
6444,3,5,2,210,0.019,0.529,0.533,111.0,111,112,1
6445,3,10,1,10,0.1,0.9,1.0,9.0,9,10,1
6446,3,44,3,132,0.068,0.598,0.841,2.47,79,111,32
6447,3,4,11,8844,0.014,0.191,0.233,15.64,689,58,108
6448,3,7,1,7,0.143,1.0,1.0,7.0,7,7,1
6449,3,9,1,9,0.111,1.0,1.0,9.0,9,9,1
6450,3,5,2,10,0.4,0.9,0.9,9.0,9,9,1
6451,3,17,2,34,0.118,0.706,0.706,24.0,24,24,1
6452,3,9,1,9,0.111,1.0,1.0,9.0,9,9,1
6453,3,11,1,11,0.091,1.0,1.0,11.0,11,11,1
6454,3,13,1,13,0.077,1.0,1.0,13.0,13,13,1
6455,3,8,1,8,0.125,1.0,1.0,8.0,8,8,1
6456,3,31,1,31,0.032,1.0,1.0,31.0,31,31,1
6457,3,76,1,76,0.013,1.0,1.0,76.0,76,76,1
6458,3,44,3,132,0.068,0.598,0.841,2.47,79,111,32
6459,3,42,1,42,0.024,1.0,1.0,42.0,42,42,1
6460,3,7,1,7,0.143,1.0,1.0,7.0,7,7,1
6461,3,31,1,31,0.032,1.0,1.0,31.0,31,31,1
6462,3,66,3,198,0.045,0.657,0.909,2.6,130,180,50
6463,3,31,1,31,0.032,1.0,1.0,31.0,31,31,1
6464,3,32,1,32,0.031,1.0,1.0,32.0,32,32,1
6465,3,58,3,174,0.052,0.339,0.345,59.0,59,60,1
6466,3,12,2,24,0.167,0.625,0.667,15.0,15,16,1
6467,3,34,1,34,0.029,1.0,1.0,34.0,34,34,1
6468,3,22,1,22,0.045,1.0,1.0,22.0,22,22,1
6469,3,7,1,7,0.143,1.0,1.0,7.0,7,7,1
6470,3,23,1,23,0.043,1.0,1.0,23.0,23,23,1
6471,3,4,2,8,0.5,0.875,0.875,7.0,7,7,1
6472,3,1,25,25,25.0,1.0,1.0,25.0,25,25,1
6473,3,8,1,8,0.125,1.0,1.0,8.0,8,8,1
6474,3,37,1,37,0.027,1.0,1.0,37.0,37,37,1
6475,3,93,4,372,0.043,0.419,0.565,2.89,156,210,54
6476,3,9,1,9,0.111,1.0,1.0,9.0,9,9,1
6477,3,94,2,188,0.021,0.516,0.516,97.0,97,97,1
6478,3,53,1,53,0.019,1.0,1.0,53.0,53,53,1
6479,3,9,1,9,0.111,1.0,1.0,9.0,9,9,1
6480,3,31,1,31,0.032,1.0,1.0,31.0,31,31,1
6481,3,11,2,22,0.182,0.636,0.636,14.0,14,14,1
6482,3,11,1,11,0.091,1.0,1.0,11.0,11,11,1
6483,3,16,1,16,0.063,1.0,1.0,16.0,16,16,1
6484,3,36,1,136,0.007,0.993,1.0,135.0,135,136,1
6485,3,94,2,188,0.021,0.516,0.516,97.0,97,97,1
6486,3,18,1,18,0.056,1.0,1.0,18.0,18,18,1
6487,3,42,1,42,0.024,1.0,1.0,42.0,42,42,1
6488,3,4,11,8844,0.014,0.191,0.233,15.64,689,58,108
6489,3,98,3,294,0.031,0.48,0.486,141.0,141,143,1
6490,3,94,2,188,0.021,0.516,0.516,97.0,97,97,1
6491,3,14,1,14,0.071,1.0,1.0,14.0,14,14,1
6492,3,37,1,37,0.027,1.0,1.0,37.0,37,37,1
6493,3,12,2,24,0.167,0.625,0.667,15.0,15,16,1
6494,3,8,1,8,0.125,1.0,1.0,8.0,8,8,1
6495,3,22,1,22,0.045,1.0,1.0,22.0,22,22,1
6496,3,13,1,13,0.077,1.0,1.0,13.0,13,13,1
6497,3,10,1,10,0.1,1.0,1.0,10.0,10,10,1
6498,3,1,25,25,25.0,1.0,1.0,25.0,25,25,1
6499,3,13,1,13,0.077,1.0,1.0,13.0,13,13,1
6500,3,54,1,54,0.019,1.0,1.0,54.0,54,54,1
6501,3,9,1,9,0.111,1.0,1.0,9.0,9,9,1
6502,3,1,25,25,25.0,1.0,1.0,25.0,25,25,1
6503,3,42,7,294,0.167,0.282,0.432,2.18,83,127,38
6504,3,18,1,18,0.056,1.0,1.0,18.0,18,18,1
6505,3,13,1,13,0.077,1.0,1.0,13.0,13,13,1
6506,3,12,1,12,0.083,1.0,1.0,12.0,12,12,1
6507,3,23,1,23,0.043,1.0,1.0,23.0,23,23,1
6508,3,8,1,8,0.125,1.0,1.0,8.0,8,8,1
6509,3,13,1,13,0.077,1.0,1.0,13.0,13,13,1
6510,3,8,1,8,0.125,1.0,1.0,8.0,8,8,1
6511,3,32,1,32,0.031,1.0,1.0,32.0,32,32,1
6512,3,69,3,207,0.043,0.643,0.952,2.08,133,197,64
6513,3,76,1,76,0.013,1.0,1.0,76.0,76,76,1
6514,3,12,2,24,0.167,0.625,0.667,15.0,15,16,1
6515,3,19,2,38,0.105,0.816,0.816,31.0,31,31,1
6516,3,14,1,14,0.071,1.0,1.0,14.0,14,14,1
6517,3,11,1,11,0.091,1.0,1.0,11.0,11,11,1
6518,3,8,1,8,0.125,1.0,1.0,8.0,8,8,1
6519,3,5,2,10,0.4,0.9,0.9,9.0,9,9,1
6520,3,38,1,38,0.026,1.0,1.0,38.0,38,38,1
6521,3,84,1,84,0.012,1.0,1.0,84.0,84,84,1
6522,3,22,1,22,0.045,1.0,1.0,22.0,22,22,1
6523,3,7,1,7,0.143,1.0,1.0,7.0,7,7,1
6524,3,14,1,14,0.071,1.0,1.0,14.0,14,14,1
6525,3,23,1,23,0.043,1.0,1.0,23.0,23,23,1
6526,3,10,1,10,0.1,0.9,1.0,9.0,9,10,1
6527,3,23,1,23,0.043,1.0,1.0,23.0,23,23,1
6528,3,94,2,188,0.021,0.516,0.516,97.0,97,97,1
6529,3,7,1,7,0.143,1.0,1.0,7.0,7,7,1
6530,3,32,1,32,0.031,1.0,1.0,32.0,32,32,1
6531,3,94,2,188,0.021,0.516,0.516,97.0,97,97,1
6532,3,14,1,14,0.071,1.0,1.0,14.0,14,14,1
6533,3,58,3,174,0.052,0.339,0.345,59.0,59,60,1
6534,3,4,11,8844,0.014,0.191,0.233,15.64,689,58,108
6535,3,84,1,84,0.012,1.0,1.0,84.0,84,84,1
6536,3,14,1,14,0.071,1.0,1.0,14.0,14,14,1
6537,3,17,1,17,0.059,1.0,1.0,17.0,17,17,1
6538,3,13,1,13,0.077,1.0,1.0,13.0,13,13,1
6539,3,11,2,22,0.182,0.636,0.636,14.0,14,14,1
6540,3,9,1,9,0.111,1.0,1.0,9.0,9,9,1
6541,3,27,4,108,0.148,0.333,0.667,2.57,36,72,14
6542,3,23,1,23,0.043,1.0,1.0,23.0,23,23,1
6543,3,16,1,16,0.063,1.0,1.0,16.0,16,16,1
6544,3,23,1,23,0.043,1.0,1.0,23.0,23,23,1
6545,3,13,1,13,0.077,1.0,1.0,13.0,13,13,1
6546,3,20,1,20,0.05,1.0,1.0,20.0,20,20,1
6547,3,7,1,7,0.143,1.0,1.0,7.0,7,7,1
6548,3,9,1,9,0.111,1.0,1.0,9.0,9,9,1
6549,3,10,1,10,0.1,1.0,1.0,10.0,10,10,1
6550,3,38,1,38,0.026,1.0,1.0,38.0,38,38,1
6551,3,9,1,9,0.111,1.0,1.0,9.0,9,9,1
6552,3,25,1,25,0.04,1.0,1.0,25.0,25,25,1
6553,3,7,1,7,0.143,1.0,1.0,7.0,7,7,1
6554,3,37,1,37,0.027,1.0,1.0,37.0,37,37,1
6555,3,10,1,10,0.1,1.0,1.0,10.0,10,10,1
6556,3,15,1,15,0.067,1.0,1.0,15.0,15,15,1
6557,3,66,3,198,0.045,0.657,0.909,2.6,130,180,50
6558,3,9,1,9,0.111,1.0,1.0,9.0,9,9,1
6559,3,9,1,9,0.111,1.0,1.0,9.0,9,9,1
6560,3,31,1,31,0.032,1.0,1.0,31.0,31,31,1
6561,3,14,1,14,0.071,1.0,1.0,14.0,14,14,1
6562,3,94,2,188,0.021,0.516,0.516,97.0,97,97,1
6563,3,37,1,37,0.027,1.0,1.0,37.0,37,37,1
6564,3,5,2,210,0.019,0.529,0.533,111.0,111,112,1
6565,3,13,1,13,0.077,1.0,1.0,13.0,13,13,1
6566,3,14,1,14,0.071,1.0,1.0,14.0,14,14,1
6567,3,19,2,38,0.105,0.816,0.816,31.0,31,31,1
6568,3,4,2,8,0.5,1.0,1.0,8.0,8,8,1
6569,3,32,1,32,0.031,1.0,1.0,32.0,32,32,1
6570,3,9,1,9,0.111,1.0,1.0,9.0,9,9,1
6571,3,30,5,2150,0.012,0.216,0.221,46.5,465,475,10
6572,3,8,1,8,0.125,1.0,1.0,8.0,8,8,1
6573,3,34,1,34,0.029,1.0,1.0,34.0,34,34,1
6574,3,76,1,76,0.013,1.0,1.0,76.0,76,76,1
6575,3,37,1,37,0.027,1.0,1.0,37.0,37,37,1
6576,3,9,1,9,0.111,1.0,1.0,9.0,9,9,1
6577,3,11,1,11,0.091,1.0,1.0,11.0,11,11,1
6578,3,11,2,22,0.182,0.636,0.636,14.0,14,14,1
6579,3,8,1,8,0.125,1.0,1.0,8.0,8,8,1
6580,3,61,30,7830,0.115,0.063,0.09,2.4,492,701,205
6581,3,14,2,28,0.143,0.536,0.536,15.0,15,15,1
6582,3,9,1,9,0.111,1.0,1.0,9.0,9,9,1
6583,3,15,1,15,0.067,1.0,1.0,15.0,15,15,1
6584,3,17,2,34,0.118,0.706,0.706,24.0,24,24,1
6585,3,42,7,294,0.167,0.282,0.432,2.18,83,127,38
6586,3,44,3,132,0.068,0.598,0.841,2.47,79,111,32
6587,3,9,1,9,0.111,1.0,1.0,9.0,9,9,1
6588,3,58,3,174,0.052,0.339,0.345,59.0,59,60,1
6589,3,66,3,198,0.045,0.657,0.909,2.6,130,180,50
6590,3,10,1,10,0.1,1.0,1.0,10.0,10,10,1
6591,3,13,1,13,0.077,1.0,1.0,13.0,13,13,1
6592,3,7,1,7,0.143,1.0,1.0,7.0,7,7,1
6593,3,44,3,132,0.068,0.598,0.841,2.47,79,111,32
6594,3,7,1,7,0.143,1.0,1.0,7.0,7,7,1
6595,3,25,1,25,0.04,1.0,1.0,25.0,25,25,1
6596,3,17,2,34,0.118,0.706,0.706,24.0,24,24,1
6597,3,93,4,372,0.043,0.419,0.565,2.89,156,210,54
6598,3,9,1,9,0.111,1.0,1.0,9.0,9,9,1
6599,3,13,1,13,0.077,1.0,1.0,13.0,13,13,1
6600,3,10,1,10,0.1,1.0,1.0,10.0,10,10,1
6601,3,6,21,126,3.5,0.198,0.444,1.67,25,56,15
6602,3,31,1,31,0.032,1.0,1.0,31.0,31,31,1
6603,3,44,3,132,0.068,0.598,0.841,2.47,79,111,32
6604,3,9,1,9,0.111,1.0,1.0,9.0,9,9,1
6605,3,5,2,210,0.019,0.529,0.533,111.0,111,112,1
6606,3,8,1,8,0.125,1.0,1.0,8.0,8,8,1
6607,3,12,1,12,0.083,1.0,1.0,12.0,12,12,1
6608,3,54,1,54,0.019,1.0,1.0,54.0,54,54,1
6609,3,9,1,9,0.111,1.0,1.0,9.0,9,9,1
6610,3,31,1,31,0.032,1.0,1.0,31.0,31,31,1
6611,3,27,4,108,0.148,0.38,0.75,2.56,41,81,16
6612,3,44,3,132,0.068,0.598,0.841,2.47,79,111,32
6613,3,32,1,32,0.031,1.0,1.0,32.0,32,32,1
6614,3,14,1,14,0.071,1.0,1.0,14.0,14,14,1
6615,3,38,1,38,0.026,1.0,1.0,38.0,38,38,1
6616,3,12,1,12,0.083,1.0,1.0,12.0,12,12,1
6617,3,1,25,25,25.0,1.0,1.0,25.0,25,25,1
6618,3,5,2,10,0.4,0.7,0.7,7.0,7,7,1
6619,3,8,1,8,0.125,1.0,1.0,8.0,8,8,1
6620,3,42,1,42,0.024,1.0,1.0,42.0,42,42,1
6621,3,8,1,8,0.125,1.0,1.0,8.0,8,8,1
6622,3,8,1,8,0.125,1.0,1.0,8.0,8,8,1
6623,3,7,1,7,0.143,1.0,1.0,7.0,7,7,1
6624,3,94,2,188,0.021,0.516,0.516,97.0,97,97,1
6625,3,14,1,14,0.071,1.0,1.0,14.0,14,14,1
6626,3,9,1,9,0.111,1.0,1.0,9.0,9,9,1
6627,3,14,2,28,0.143,0.536,0.536,15.0,15,15,1
6628,3,61,30,7830,0.115,0.063,0.09,2.4,492,701,205
6629,3,84,1,84,0.012,1.0,1.0,84.0,84,84,1
6630,3,10,1,10,0.1,1.0,1.0,10.0,10,10,1
6631,3,1,25,25,25.0,1.0,1.0,25.0,25,25,1
6632,3,13,1,13,0.077,1.0,1.0,13.0,13,13,1
6633,3,14,1,14,0.071,1.0,1.0,14.0,14,14,1
6634,3,66,3,198,0.045,0.657,0.909,2.6,130,180,50
6635,3,32,1,32,0.031,1.0,1.0,32.0,32,32,1
6636,3,25,1,25,0.04,1.0,1.0,25.0,25,25,1
6637,3,15,1,15,0.067,1.0,1.0,15.0,15,15,1
6638,3,4,2,8,0.5,1.0,1.0,8.0,8,8,1
6639,3,42,7,294,0.167,0.282,0.432,2.18,83,127,38
6640,3,37,1,37,0.027,1.0,1.0,37.0,37,37,1
6641,3,4,2,8,0.5,0.875,0.875,7.0,7,7,1
6642,3,4,2,8,0.5,0.875,0.875,7.0,7,7,1
6643,3,10,1,10,0.1,0.9,1.0,9.0,9,10,1
6644,3,9,1,9,0.111,1.0,1.0,9.0,9,9,1
6645,3,26,1,26,0.038,1.0,1.0,26.0,26,26,1
6646,3,23,1,23,0.043,1.0,1.0,23.0,23,23,1
6647,3,9,1,9,0.111,1.0,1.0,9.0,9,9,1
6648,3,15,1,15,0.067,1.0,1.0,15.0,15,15,1
6649,3,9,1,9,0.111,1.0,1.0,9.0,9,9,1
6650,3,8,1,8,0.125,1.0,1.0,8.0,8,8,1
6651,3,9,1,9,0.111,1.0,1.0,9.0,9,9,1
6652,3,27,4,108,0.148,0.38,0.75,2.56,41,81,16
6653,3,17,1,17,0.059,1.0,1.0,17.0,17,17,1
6654,3,10,1,10,0.1,1.0,1.0,10.0,10,10,1
6655,3,5,2,10,0.4,0.9,0.9,9.0,9,9,1
6656,3,12,1,12,0.083,1.0,1.0,12.0,12,12,1
6657,3,8,1,8,0.125,1.0,1.0,8.0,8,8,1
6658,3,42,1,42,0.024,1.0,1.0,42.0,42,42,1
6659,3,9,1,9,0.111,1.0,1.0,9.0,9,9,1
6660,3,10,1,10,0.1,1.0,1.0,10.0,10,10,1
6661,3,22,1,22,0.045,1.0,1.0,22.0,22,22,1
6662,3,39,1,39,0.026,1.0,1.0,39.0,39,39,1
6663,3,14,2,28,0.143,0.536,0.536,15.0,15,15,1
6664,3,8,1,8,0.125,1.0,1.0,8.0,8,8,1
6665,3,9,2,18,0.222,0.611,0.722,11.0,11,13,1
6666,3,15,1,15,0.067,1.0,1.0,15.0,15,15,1
6667,3,31,1,31,0.032,1.0,1.0,31.0,31,31,1
6668,3,19,2,38,0.105,0.816,0.816,31.0,31,31,1
6669,3,14,1,14,0.071,1.0,1.0,14.0,14,14,1
6670,3,27,4,108,0.148,0.38,0.75,2.56,41,81,16
6671,3,14,1,14,0.071,1.0,1.0,14.0,14,14,1
6672,3,8,1,8,0.125,1.0,1.0,8.0,8,8,1
6673,3,10,1,10,0.1,1.0,1.0,10.0,10,10,1
6674,3,36,1,136,0.007,0.993,1.0,135.0,135,136,1
6675,3,7,1,7,0.143,1.0,1.0,7.0,7,7,1
6676,3,31,1,31,0.032,1.0,1.0,31.0,31,31,1
6677,3,8,1,8,0.125,1.0,1.0,8.0,8,8,1
6678,3,93,4,372,0.043,0.419,0.565,2.89,156,210,54
6679,3,84,1,84,0.012,1.0,1.0,84.0,84,84,1
6680,3,12,1,12,0.083,1.0,1.0,12.0,12,12,1
6681,3,8,1,8,0.125,1.0,1.0,8.0,8,8,1
6682,3,69,3,207,0.043,0.643,0.952,2.08,133,197,64
6683,3,11,2,22,0.182,0.636,0.636,14.0,14,14,1
6684,3,42,1,42,0.024,1.0,1.0,42.0,42,42,1
6685,3,14,2,28,0.143,0.536,0.536,15.0,15,15,1
6686,3,5,2,10,0.4,0.9,0.9,9.0,9,9,1
6687,3,1,25,25,25.0,1.0,1.0,25.0,25,25,1
6688,3,13,1,13,0.077,1.0,1.0,13.0,13,13,1
6689,3,9,1,9,0.111,1.0,1.0,9.0,9,9,1
6690,3,9,1,9,0.111,1.0,1.0,9.0,9,9,1
6691,3,8,1,8,0.125,1.0,1.0,8.0,8,8,1
6692,3,61,30,7830,0.115,0.063,0.09,2.4,492,701,205
6693,3,17,1,117,0.009,1.0,1.0,117.0,117,117,1
6694,3,34,1,34,0.029,1.0,1.0,34.0,34,34,1
6695,3,31,1,31,0.032,1.0,1.0,31.0,31,31,1
6696,3,9,1,9,0.111,1.0,1.0,9.0,9,9,1
6697,3,32,1,32,0.031,1.0,1.0,32.0,32,32,1
6698,3,17,1,17,0.059,1.0,1.0,17.0,17,17,1
6699,3,8,1,8,0.125,1.0,1.0,8.0,8,8,1
6700,3,11,2,22,0.182,0.636,0.636,14.0,14,14,1
6701,3,13,1,13,0.077,1.0,1.0,13.0,13,13,1
6702,3,31,1,31,0.032,1.0,1.0,31.0,31,31,1
6703,3,61,30,7830,0.115,0.063,0.09,2.4,492,701,205
6704,3,14,1,14,0.071,1.0,1.0,14.0,14,14,1
6705,3,8,1,8,0.125,1.0,1.0,8.0,8,8,1
6706,3,12,1,12,0.083,1.0,1.0,12.0,12,12,1
6707,3,5,2,10,0.4,0.7,0.7,7.0,7,7,1
6708,3,7,1,7,0.143,1.0,1.0,7.0,7,7,1
6709,3,9,1,9,0.111,1.0,1.0,9.0,9,9,1
6710,3,36,1,136,0.007,0.993,1.0,135.0,135,136,1
6711,3,10,1,10,0.1,1.0,1.0,10.0,10,10,1
6712,3,5,2,10,0.4,0.7,0.7,7.0,7,7,1
6713,3,98,3,294,0.031,0.48,0.486,141.0,141,143,1
6714,3,53,1,53,0.019,1.0,1.0,53.0,53,53,1
6715,3,76,1,76,0.013,1.0,1.0,76.0,76,76,1
6716,3,14,1,14,0.071,1.0,1.0,14.0,14,14,1
6717,3,7,1,7,0.143,1.0,1.0,7.0,7,7,1
6718,3,32,1,32,0.031,1.0,1.0,32.0,32,32,1
6719,3,13,1,13,0.077,1.0,1.0,13.0,13,13,1
6720,3,11,1,11,0.091,1.0,1.0,11.0,11,11,1
6721,3,25,1,25,0.04,1.0,1.0,25.0,25,25,1
6722,3,17,1,117,0.009,1.0,1.0,117.0,117,117,1
6723,3,16,1,16,0.063,1.0,1.0,16.0,16,16,1
6724,3,27,1,27,0.037,1.0,1.0,27.0,27,27,1
6725,3,39,1,39,0.026,1.0,1.0,39.0,39,39,1
6726,3,5,2,210,0.019,0.529,0.533,111.0,111,112,1
6727,3,8,1,8,0.125,1.0,1.0,8.0,8,8,1
6728,3,42,1,42,0.024,1.0,1.0,42.0,42,42,1
6729,3,12,2,24,0.167,0.625,0.667,15.0,15,16,1
6730,3,13,1,13,0.077,1.0,1.0,13.0,13,13,1
6731,3,42,7,294,0.167,0.282,0.432,2.18,83,127,38
6732,3,7,1,7,0.143,1.0,1.0,7.0,7,7,1
6733,3,7,1,7,0.143,1.0,1.0,7.0,7,7,1
6734,3,9,1,9,0.111,1.0,1.0,9.0,9,9,1
6735,3,8,1,8,0.125,1.0,1.0,8.0,8,8,1
6736,3,47,1,47,0.021,1.0,1.0,47.0,47,47,1
6737,3,27,4,108,0.148,0.333,0.667,2.57,36,72,14
6738,3,13,1,13,0.077,1.0,1.0,13.0,13,13,1
6739,3,9,1,9,0.111,1.0,1.0,9.0,9,9,1
6740,3,9,1,9,0.111,1.0,1.0,9.0,9,9,1
6741,3,5,2,10,0.4,0.9,0.9,9.0,9,9,1
6742,3,13,1,13,0.077,1.0,1.0,13.0,13,13,1
6743,3,17,1,17,0.059,1.0,1.0,17.0,17,17,1
6744,3,61,30,7830,0.115,0.063,0.09,2.4,492,701,205
6745,3,12,1,12,0.083,1.0,1.0,12.0,12,12,1
6746,3,14,2,28,0.143,0.536,0.536,15.0,15,15,1
6747,3,9,1,9,0.111,1.0,1.0,9.0,9,9,1
6748,3,14,1,14,0.071,1.0,1.0,14.0,14,14,1
6749,3,54,1,54,0.019,1.0,1.0,54.0,54,54,1
6750,3,25,1,25,0.04,1.0,1.0,25.0,25,25,1
6751,3,9,1,9,0.111,1.0,1.0,9.0,9,9,1
6752,3,5,2,210,0.019,0.529,0.533,111.0,111,112,1
6753,3,93,4,372,0.043,0.419,0.565,2.89,156,210,54
6754,3,5,2,10,0.4,0.9,0.9,9.0,9,9,1
6755,3,8,1,8,0.125,1.0,1.0,8.0,8,8,1
6756,3,14,2,28,0.143,0.536,0.536,15.0,15,15,1
6757,3,9,1,9,0.111,1.0,1.0,9.0,9,9,1
6758,3,12,2,24,0.167,0.625,0.667,15.0,15,16,1
6759,3,8,1,8,0.125,1.0,1.0,8.0,8,8,1
6760,3,9,1,9,0.111,1.0,1.0,9.0,9,9,1
6761,3,10,1,10,0.1,0.9,1.0,9.0,9,10,1
6762,3,17,1,17,0.059,1.0,1.0,17.0,17,17,1
6763,3,4,2,8,0.5,1.0,1.0,8.0,8,8,1
6764,3,17,1,17,0.059,1.0,1.0,17.0,17,17,1
6765,3,76,1,76,0.013,1.0,1.0,76.0,76,76,1
6766,3,27,4,108,0.148,0.333,0.667,2.57,36,72,14
6767,3,9,1,9,0.111,1.0,1.0,9.0,9,9,1
6768,3,27,4,108,0.148,0.333,0.667,2.57,36,72,14
6769,3,8,1,8,0.125,1.0,1.0,8.0,8,8,1
6770,3,4,2,8,0.5,0.875,0.875,7.0,7,7,1
6771,3,5,2,10,0.4,0.9,0.9,9.0,9,9,1
6772,3,7,1,7,0.143,1.0,1.0,7.0,7,7,1
6773,3,13,1,13,0.077,1.0,1.0,13.0,13,13,1
6774,3,10,1,10,0.1,1.0,1.0,10.0,10,10,1
6775,3,8,1,8,0.125,1.0,1.0,8.0,8,8,1
6776,3,66,3,198,0.045,0.657,0.909,2.6,130,180,50
6777,3,14,2,28,0.143,0.536,0.536,15.0,15,15,1
6778,3,25,1,25,0.04,1.0,1.0,25.0,25,25,1
6779,3,36,1,136,0.007,0.993,1.0,135.0,135,136,1
6780,3,9,1,9,0.111,1.0,1.0,9.0,9,9,1
6781,3,53,1,53,0.019,1.0,1.0,53.0,53,53,1
6782,3,14,1,14,0.071,1.0,1.0,14.0,14,14,1
6783,3,31,1,31,0.032,1.0,1.0,31.0,31,31,1
6784,3,42,1,42,0.024,1.0,1.0,42.0,42,42,1
6785,3,39,1,39,0.026,1.0,1.0,39.0,39,39,1
6786,3,30,5,2150,0.012,0.216,0.221,46.5,465,475,10
6787,3,4,2,8,0.5,1.0,1.0,8.0,8,8,1
6788,3,39,1,39,0.026,1.0,1.0,39.0,39,39,1
6789,3,9,1,9,0.111,1.0,1.0,9.0,9,9,1
6790,3,44,3,132,0.068,0.598,0.841,2.47,79,111,32
6791,3,39,1,39,0.026,1.0,1.0,39.0,39,39,1
6792,3,26,1,26,0.038,1.0,1.0,26.0,26,26,1
6793,3,4,2,8,0.5,1.0,1.0,8.0,8,8,1
6794,3,22,1,22,0.045,1.0,1.0,22.0,22,22,1
6795,3,8,1,8,0.125,1.0,1.0,8.0,8,8,1
6796,3,8,1,8,0.125,1.0,1.0,8.0,8,8,1
6797,3,8,1,8,0.125,1.0,1.0,8.0,8,8,1
6798,3,4,11,8844,0.014,0.191,0.233,15.64,689,58,108
6799,3,14,1,14,0.071,1.0,1.0,14.0,14,14,1
6800,3,11,1,11,0.091,1.0,1.0,11.0,11,11,1
6801,3,16,1,16,0.063,1.0,1.0,16.0,16,16,1
6802,3,20,1,20,0.05,1.0,1.0,20.0,20,20,1
6803,3,7,1,7,0.143,1.0,1.0,7.0,7,7,1
6804,3,36,1,136,0.007,0.993,1.0,135.0,135,136,1
6805,3,54,1,54,0.019,1.0,1.0,54.0,54,54,1
6806,3,8,1,8,0.125,1.0,1.0,8.0,8,8,1
6807,3,37,1,37,0.027,1.0,1.0,37.0,37,37,1
6808,3,17,1,17,0.059,1.0,1.0,17.0,17,17,1
6809,3,8,1,8,0.125,1.0,1.0,8.0,8,8,1
6810,3,8,1,8,0.125,1.0,1.0,8.0,8,8,1
6811,3,11,1,11,0.091,1.0,1.0,11.0,11,11,1
6812,3,10,1,10,0.1,1.0,1.0,10.0,10,10,1
6813,3,4,11,8844,0.014,0.191,0.233,15.64,689,58,108
6814,3,5,2,10,0.4,0.8,0.8,8.0,8,8,1
6815,3,8,1,8,0.125,1.0,1.0,8.0,8,8,1
6816,3,13,1,13,0.077,1.0,1.0,13.0,13,13,1
6817,3,27,1,27,0.037,1.0,1.0,27.0,27,27,1
6818,3,98,3,294,0.031,0.48,0.486,141.0,141,143,1
6819,3,4,2,8,0.5,1.0,1.0,8.0,8,8,1
6820,3,5,2,10,0.4,0.8,0.8,8.0,8,8,1
6821,3,1,25,25,25.0,1.0,1.0,25.0,25,25,1
6822,3,31,1,31,0.032,1.0,1.0,31.0,31,31,1
6823,3,14,1,14,0.071,1.0,1.0,14.0,14,14,1
6824,3,14,1,14,0.071,1.0,1.0,14.0,14,14,1
6825,3,58,3,174,0.052,0.339,0.345,59.0,59,60,1
6826,3,27,4,108,0.148,0.38,0.75,2.56,41,81,16
6827,3,9,1,9,0.111,1.0,1.0,9.0,9,9,1
6828,3,42,1,42,0.024,1.0,1.0,42.0,42,42,1
6829,3,31,1,31,0.032,1.0,1.0,31.0,31,31,1
6830,3,4,11,8844,0.014,0.191,0.233,15.64,689,58,108
6831,3,9,1,9,0.111,1.0,1.0,9.0,9,9,1
6832,3,4,2,8,0.5,0.875,0.875,7.0,7,7,1
6833,3,12,1,12,0.083,1.0,1.0,12.0,12,12,1
6834,3,37,1,37,0.027,1.0,1.0,37.0,37,37,1
6835,3,94,2,188,0.021,0.516,0.516,97.0,97,97,1
6836,3,6,21,126,3.5,0.198,0.444,1.67,25,56,15
6837,3,13,1,13,0.077,1.0,1.0,13.0,13,13,1
6838,3,44,3,132,0.068,0.598,0.841,2.47,79,111,32
6839,3,7,1,7,0.143,1.0,1.0,7.0,7,7,1
6840,3,8,1,8,0.125,1.0,1.0,8.0,8,8,1
6841,3,4,2,8,0.5,0.875,0.875,7.0,7,7,1
6842,3,17,2,34,0.118,0.706,0.706,24.0,24,24,1
6843,3,32,1,32,0.031,1.0,1.0,32.0,32,32,1
6844,3,9,1,9,0.111,1.0,1.0,9.0,9,9,1
6845,3,17,2,34,0.118,0.706,0.706,24.0,24,24,1
6846,3,31,1,31,0.032,1.0,1.0,31.0,31,31,1
6847,3,61,30,7830,0.115,0.063,0.09,2.4,492,701,205
6848,3,9,1,9,0.111,1.0,1.0,9.0,9,9,1
6849,3,18,1,18,0.056,1.0,1.0,18.0,18,18,1
6850,3,39,1,39,0.026,1.0,1.0,39.0,39,39,1
6851,3,13,1,13,0.077,1.0,1.0,13.0,13,13,1
6852,3,58,3,174,0.052,0.339,0.345,59.0,59,60,1
6853,3,9,1,9,0.111,1.0,1.0,9.0,9,9,1
6854,3,1,25,25,25.0,1.0,1.0,25.0,25,25,1
6855,3,76,1,76,0.013,1.0,1.0,76.0,76,76,1
6856,3,7,1,7,0.143,1.0,1.0,7.0,7,7,1
6857,3,14,1,14,0.071,1.0,1.0,14.0,14,14,1
6858,3,14,1,14,0.071,1.0,1.0,14.0,14,14,1
6859,3,17,1,117,0.009,1.0,1.0,117.0,117,117,1
6860,3,66,3,198,0.045,0.657,0.909,2.6,130,180,50
6861,3,22,1,22,0.045,1.0,1.0,22.0,22,22,1
6862,3,13,1,13,0.077,1.0,1.0,13.0,13,13,1
6863,3,69,3,207,0.043,0.643,0.952,2.08,133,197,64
6864,3,13,1,13,0.077,1.0,1.0,13.0,13,13,1
6865,3,8,1,8,0.125,1.0,1.0,8.0,8,8,1
6866,3,27,4,108,0.148,0.333,0.667,2.57,36,72,14
6867,3,9,1,9,0.111,1.0,1.0,9.0,9,9,1
6868,3,9,2,18,0.222,0.611,0.722,11.0,11,13,1
6869,3,66,3,198,0.045,0.657,0.909,2.6,130,180,50
6870,3,27,4,108,0.148,0.38,0.75,2.56,41,81,16
6871,3,93,4,372,0.043,0.419,0.565,2.89,156,210,54
6872,3,13,1,13,0.077,1.0,1.0,13.0,13,13,1
6873,3,17,2,34,0.118,0.706,0.706,24.0,24,24,1
6874,3,17,1,117,0.009,1.0,1.0,117.0,117,117,1
6875,3,14,1,14,0.071,1.0,1.0,14.0,14,14,1
6876,3,8,1,8,0.125,0.875,1.0,7.0,7,8,1
6877,3,9,1,9,0.111,1.0,1.0,9.0,9,9,1
6878,3,12,2,24,0.167,0.625,0.667,15.0,15,16,1
6879,3,84,1,84,0.012,1.0,1.0,84.0,84,84,1
6880,3,42,7,294,0.167,0.282,0.432,2.18,83,127,38
6881,3,36,1,136,0.007,0.993,1.0,135.0,135,136,1
6882,3,13,1,13,0.077,1.0,1.0,13.0,13,13,1
6883,3,61,30,7830,0.115,0.063,0.09,2.4,492,701,205
6884,3,93,4,372,0.043,0.419,0.565,2.89,156,210,54
6885,3,5,2,10,0.4,0.9,0.9,9.0,9,9,1
6886,3,9,1,9,0.111,1.0,1.0,9.0,9,9,1
6887,3,9,1,9,0.111,1.0,1.0,9.0,9,9,1
6888,3,1,25,25,25.0,1.0,1.0,25.0,25,25,1
6889,3,26,1,26,0.038,1.0,1.0,26.0,26,26,1
6890,3,30,5,2150,0.012,0.216,0.221,46.5,465,475,10
6891,3,31,1,31,0.032,1.0,1.0,31.0,31,31,1
6892,3,5,2,210,0.019,0.529,0.533,111.0,111,112,1
6893,3,9,1,9,0.111,1.0,1.0,9.0,9,9,1
6894,3,84,1,84,0.012,1.0,1.0,84.0,84,84,1
6895,3,54,1,54,0.019,1.0,1.0,54.0,54,54,1
6896,3,17,1,17,0.059,1.0,1.0,17.0,17,17,1
6897,3,7,1,7,0.143,1.0,1.0,7.0,7,7,1
6898,3,31,1,31,0.032,1.0,1.0,31.0,31,31,1
6899,3,10,1,10,0.1,1.0,1.0,10.0,10,10,1
6900,3,27,1,27,0.037,1.0,1.0,27.0,27,27,1
6901,3,58,3,174,0.052,0.339,0.345,59.0,59,60,1
6902,3,9,1,9,0.111,1.0,1.0,9.0,9,9,1
6903,3,84,1,84,0.012,1.0,1.0,84.0,84,84,1
6904,3,98,3,294,0.031,0.48,0.486,141.0,141,143,1
6905,3,17,2,34,0.118,0.706,0.706,24.0,24,24,1
6906,3,23,1,23,0.043,1.0,1.0,23.0,23,23,1
6907,3,39,1,39,0.026,1.0,1.0,39.0,39,39,1
6908,3,10,1,10,0.1,1.0,1.0,10.0,10,10,1
6909,3,54,1,54,0.019,1.0,1.0,54.0,54,54,1
6910,3,31,1,31,0.032,1.0,1.0,31.0,31,31,1
6911,3,34,1,34,0.029,1.0,1.0,34.0,34,34,1
6912,3,37,1,37,0.027,1.0,1.0,37.0,37,37,1
6913,3,42,1,42,0.024,1.0,1.0,42.0,42,42,1
6914,3,8,1,8,0.125,1.0,1.0,8.0,8,8,1
6915,3,9,1,9,0.111,1.0,1.0,9.0,9,9,1
6916,3,7,2,14,0.286,0.643,0.714,9.0,9,10,1
6917,3,8,1,8,0.125,1.0,1.0,8.0,8,8,1
6918,3,12,1,12,0.083,1.0,1.0,12.0,12,12,1
6919,3,13,1,13,0.077,1.0,1.0,13.0,13,13,1
6920,3,10,1,10,0.1,1.0,1.0,10.0,10,10,1
6921,3,8,1,8,0.125,1.0,1.0,8.0,8,8,1
6922,3,76,1,76,0.013,1.0,1.0,76.0,76,76,1
6923,3,10,1,10,0.1,1.0,1.0,10.0,10,10,1
6924,3,8,1,8,0.125,1.0,1.0,8.0,8,8,1
6925,3,4,2,8,0.5,0.875,0.875,7.0,7,7,1
6926,3,8,1,8,0.125,1.0,1.0,8.0,8,8,1
6927,3,98,3,294,0.031,0.48,0.486,141.0,141,143,1
6928,3,37,1,37,0.027,1.0,1.0,37.0,37,37,1
6929,3,17,1,17,0.059,1.0,1.0,17.0,17,17,1
6930,3,69,3,207,0.043,0.643,0.952,2.08,133,197,64
6931,3,10,1,10,0.1,1.0,1.0,10.0,10,10,1
6932,3,22,1,22,0.045,1.0,1.0,22.0,22,22,1
6933,3,5,2,10,0.4,0.8,0.8,8.0,8,8,1
6934,3,5,2,10,0.4,0.9,0.9,9.0,9,9,1
6935,3,39,1,39,0.026,1.0,1.0,39.0,39,39,1
6936,3,34,1,34,0.029,1.0,1.0,34.0,34,34,1
6937,3,14,1,14,0.071,1.0,1.0,14.0,14,14,1
6938,3,9,2,18,0.222,0.611,0.722,11.0,11,13,1
6939,3,22,1,22,0.045,1.0,1.0,22.0,22,22,1
6940,3,16,1,16,0.063,1.0,1.0,16.0,16,16,1
6941,3,12,1,12,0.083,1.0,1.0,12.0,12,12,1
6942,3,27,4,108,0.148,0.38,0.75,2.56,41,81,16
6943,3,34,1,34,0.029,1.0,1.0,34.0,34,34,1
6944,3,9,1,9,0.111,1.0,1.0,9.0,9,9,1
6945,3,54,1,54,0.019,1.0,1.0,54.0,54,54,1
6946,3,20,1,20,0.05,1.0,1.0,20.0,20,20,1
6947,3,7,1,7,0.143,1.0,1.0,7.0,7,7,1
6948,3,53,1,53,0.019,1.0,1.0,53.0,53,53,1
6949,3,23,1,23,0.043,1.0,1.0,23.0,23,23,1
6950,3,38,1,38,0.026,1.0,1.0,38.0,38,38,1
6951,3,9,1,9,0.111,1.0,1.0,9.0,9,9,1
6952,3,5,2,210,0.019,0.529,0.533,111.0,111,112,1
6953,3,11,1,11,0.091,1.0,1.0,11.0,11,11,1
6954,3,13,1,13,0.077,1.0,1.0,13.0,13,13,1
6955,3,22,1,22,0.045,1.0,1.0,22.0,22,22,1
6956,3,12,2,24,0.167,0.625,0.667,15.0,15,16,1
6957,3,44,3,132,0.068,0.598,0.841,2.47,79,111,32
6958,3,8,1,8,0.125,0.875,1.0,7.0,7,8,1
6959,3,32,1,32,0.031,1.0,1.0,32.0,32,32,1
6960,3,38,1,38,0.026,1.0,1.0,38.0,38,38,1
6961,3,61,30,7830,0.115,0.063,0.09,2.4,492,701,205
6962,3,47,1,47,0.021,1.0,1.0,47.0,47,47,1
6963,3,98,3,294,0.031,0.48,0.486,141.0,141,143,1
6964,3,5,2,10,0.4,0.7,0.7,7.0,7,7,1
6965,3,31,1,31,0.032,1.0,1.0,31.0,31,31,1
6966,3,8,1,8,0.125,1.0,1.0,8.0,8,8,1
6967,3,93,4,372,0.043,0.419,0.565,2.89,156,210,54
6968,3,10,1,10,0.1,1.0,1.0,10.0,10,10,1
6969,3,76,1,76,0.013,1.0,1.0,76.0,76,76,1
6970,3,17,2,34,0.118,0.706,0.706,24.0,24,24,1
6971,3,14,2,28,0.143,0.536,0.536,15.0,15,15,1
6972,3,12,1,12,0.083,1.0,1.0,12.0,12,12,1
6973,3,14,1,14,0.071,1.0,1.0,14.0,14,14,1
6974,3,37,1,37,0.027,1.0,1.0,37.0,37,37,1
6975,3,8,1,8,0.125,1.0,1.0,8.0,8,8,1
6976,3,5,2,10,0.4,0.9,0.9,9.0,9,9,1
6977,3,17,2,34,0.118,0.706,0.706,24.0,24,24,1
6978,3,26,1,26,0.038,1.0,1.0,26.0,26,26,1
6979,3,8,1,8,0.125,0.875,1.0,7.0,7,8,1
6980,3,17,1,17,0.059,1.0,1.0,17.0,17,17,1
6981,3,27,4,108,0.148,0.333,0.667,2.57,36,72,14
6982,3,8,1,8,0.125,1.0,1.0,8.0,8,8,1
6983,3,13,1,13,0.077,1.0,1.0,13.0,13,13,1
6984,3,13,1,13,0.077,1.0,1.0,13.0,13,13,1
6985,3,25,1,25,0.04,1.0,1.0,25.0,25,25,1
6986,3,18,1,18,0.056,1.0,1.0,18.0,18,18,1
6987,3,7,1,7,0.143,1.0,1.0,7.0,7,7,1
6988,3,58,3,174,0.052,0.339,0.345,59.0,59,60,1
6989,3,10,1,10,0.1,0.9,1.0,9.0,9,10,1
6990,3,9,1,9,0.111,1.0,1.0,9.0,9,9,1
6991,3,27,4,108,0.148,0.38,0.75,2.56,41,81,16
6992,3,69,3,207,0.043,0.643,0.952,2.08,133,197,64
6993,3,61,30,7830,0.115,0.063,0.09,2.4,492,701,205
6994,3,9,1,9,0.111,1.0,1.0,9.0,9,9,1
6995,3,76,1,76,0.013,1.0,1.0,76.0,76,76,1
6996,3,9,1,9,0.111,1.0,1.0,9.0,9,9,1
6997,3,7,1,7,0.143,1.0,1.0,7.0,7,7,1
6998,3,7,2,14,0.286,0.643,0.714,9.0,9,10,1
6999,3,9,1,9,0.111,1.0,1.0,9.0,9,9,1
7000,3,7,1,7,0.143,1.0,1.0,7.0,7,7,1
7001,3,42,7,294,0.167,0.282,0.432,2.18,83,127,38
7002,3,16,1,16,0.063,1.0,1.0,16.0,16,16,1
7003,3,5,2,10,0.4,0.8,0.8,8.0,8,8,1
7004,3,17,1,117,0.009,1.0,1.0,117.0,117,117,1
7005,3,14,2,28,0.143,0.536,0.536,15.0,15,15,1
7006,3,4,2,8,0.5,0.875,0.875,7.0,7,7,1
7007,3,17,1,117,0.009,1.0,1.0,117.0,117,117,1
7008,3,5,2,210,0.019,0.529,0.533,111.0,111,112,1
7009,3,6,21,126,3.5,0.198,0.444,1.67,25,56,15
7010,3,37,1,37,0.027,1.0,1.0,37.0,37,37,1
7011,3,6,21,126,3.5,0.198,0.444,1.67,25,56,15
7012,3,15,1,15,0.067,1.0,1.0,15.0,15,15,1
7013,3,9,1,9,0.111,1.0,1.0,9.0,9,9,1
7014,3,5,2,10,0.4,0.8,0.8,8.0,8,8,1
7015,3,10,1,10,0.1,1.0,1.0,10.0,10,10,1
7016,3,15,1,15,0.067,1.0,1.0,15.0,15,15,1
7017,3,7,1,7,0.143,1.0,1.0,7.0,7,7,1
7018,3,9,1,9,0.111,1.0,1.0,9.0,9,9,1
7019,3,98,3,294,0.031,0.48,0.486,141.0,141,143,1
7020,3,31,1,31,0.032,1.0,1.0,31.0,31,31,1
7021,3,54,1,54,0.019,1.0,1.0,54.0,54,54,1
7022,3,13,1,13,0.077,1.0,1.0,13.0,13,13,1
7023,3,5,2,10,0.4,0.8,0.8,8.0,8,8,1
7024,3,10,1,10,0.1,1.0,1.0,10.0,10,10,1
7025,3,19,2,38,0.105,0.816,0.816,31.0,31,31,1
7026,3,9,2,18,0.222,0.611,0.722,11.0,11,13,1
7027,3,8,1,8,0.125,1.0,1.0,8.0,8,8,1
7028,3,58,3,174,0.052,0.339,0.345,59.0,59,60,1
7029,3,58,3,174,0.052,0.339,0.345,59.0,59,60,1
7030,3,7,1,7,0.143,1.0,1.0,7.0,7,7,1
7031,3,27,1,27,0.037,1.0,1.0,27.0,27,27,1
7032,3,9,2,18,0.222,0.611,0.722,11.0,11,13,1
7033,3,16,1,16,0.063,1.0,1.0,16.0,16,16,1
7034,3,15,1,15,0.067,1.0,1.0,15.0,15,15,1
7035,3,14,1,14,0.071,1.0,1.0,14.0,14,14,1
7036,3,32,1,32,0.031,1.0,1.0,32.0,32,32,1
7037,3,7,1,7,0.143,1.0,1.0,7.0,7,7,1
7038,3,27,4,108,0.148,0.333,0.667,2.57,36,72,14
7039,3,10,1,10,0.1,1.0,1.0,10.0,10,10,1
7040,3,20,1,20,0.05,1.0,1.0,20.0,20,20,1
7041,3,8,1,8,0.125,1.0,1.0,8.0,8,8,1
7042,3,9,1,9,0.111,1.0,1.0,9.0,9,9,1
7043,3,34,1,34,0.029,1.0,1.0,34.0,34,34,1
7044,3,69,3,207,0.043,0.643,0.952,2.08,133,197,64
7045,3,25,1,25,0.04,1.0,1.0,25.0,25,25,1
7046,3,31,1,31,0.032,1.0,1.0,31.0,31,31,1
7047,3,17,1,117,0.009,1.0,1.0,117.0,117,117,1
7048,3,34,1,34,0.029,1.0,1.0,34.0,34,34,1
7049,3,18,1,18,0.056,1.0,1.0,18.0,18,18,1
7050,3,13,1,13,0.077,1.0,1.0,13.0,13,13,1
7051,3,20,1,20,0.05,1.0,1.0,20.0,20,20,1
7052,3,76,1,76,0.013,1.0,1.0,76.0,76,76,1
7053,3,12,1,12,0.083,1.0,1.0,12.0,12,12,1
7054,3,18,1,18,0.056,1.0,1.0,18.0,18,18,1
7055,3,10,1,10,0.1,1.0,1.0,10.0,10,10,1
7056,3,27,4,108,0.148,0.333,0.667,2.57,36,72,14
7057,3,32,1,32,0.031,1.0,1.0,32.0,32,32,1
7058,3,31,1,31,0.032,1.0,1.0,31.0,31,31,1
7059,3,4,11,8844,0.014,0.191,0.233,15.64,689,58,108
7060,3,39,1,39,0.026,1.0,1.0,39.0,39,39,1
7061,3,9,1,9,0.111,1.0,1.0,9.0,9,9,1
7062,3,5,2,10,0.4,0.9,0.9,9.0,9,9,1
7063,3,26,1,26,0.038,1.0,1.0,26.0,26,26,1
7064,3,44,3,132,0.068,0.598,0.841,2.47,79,111,32
7065,3,20,1,20,0.05,1.0,1.0,20.0,20,20,1
7066,3,9,1,9,0.111,1.0,1.0,9.0,9,9,1
7067,3,7,1,7,0.143,1.0,1.0,7.0,7,7,1
7068,3,27,4,108,0.148,0.38,0.75,2.56,41,81,16
7069,3,7,2,14,0.286,0.643,0.714,9.0,9,10,1
7070,3,9,1,9,0.111,1.0,1.0,9.0,9,9,1
7071,3,9,2,18,0.222,0.611,0.722,11.0,11,13,1
7072,3,44,3,132,0.068,0.598,0.841,2.47,79,111,32
7073,3,8,1,8,0.125,1.0,1.0,8.0,8,8,1
7074,3,76,1,76,0.013,1.0,1.0,76.0,76,76,1
7075,3,12,2,24,0.167,0.625,0.667,15.0,15,16,1
7076,3,5,2,10,0.4,0.7,0.7,7.0,7,7,1
7077,3,8,1,8,0.125,1.0,1.0,8.0,8,8,1
7078,3,8,1,8,0.125,1.0,1.0,8.0,8,8,1
7079,3,7,1,7,0.143,1.0,1.0,7.0,7,7,1
7080,3,61,30,7830,0.115,0.063,0.09,2.4,492,701,205
7081,3,11,1,11,0.091,1.0,1.0,11.0,11,11,1
7082,3,6,21,126,3.5,0.198,0.444,1.67,25,56,15
7083,3,9,1,9,0.111,1.0,1.0,9.0,9,9,1
7084,3,26,1,26,0.038,1.0,1.0,26.0,26,26,1
7085,3,13,1,13,0.077,1.0,1.0,13.0,13,13,1
7086,3,53,1,53,0.019,1.0,1.0,53.0,53,53,1
7087,3,36,1,136,0.007,0.993,1.0,135.0,135,136,1
7088,3,25,1,25,0.04,1.0,1.0,25.0,25,25,1
7089,3,9,1,9,0.111,1.0,1.0,9.0,9,9,1
7090,3,30,5,2150,0.012,0.216,0.221,46.5,465,475,10
7091,3,4,2,8,0.5,1.0,1.0,8.0,8,8,1
7092,3,94,2,188,0.021,0.516,0.516,97.0,97,97,1
7093,3,20,1,20,0.05,1.0,1.0,20.0,20,20,1
7094,3,22,1,22,0.045,1.0,1.0,22.0,22,22,1
7095,3,10,1,10,0.1,1.0,1.0,10.0,10,10,1
7096,3,36,1,136,0.007,0.993,1.0,135.0,135,136,1
7097,3,94,2,188,0.021,0.516,0.516,97.0,97,97,1
7098,3,7,1,7,0.143,1.0,1.0,7.0,7,7,1
7099,3,13,1,13,0.077,1.0,1.0,13.0,13,13,1
7100,3,14,2,28,0.143,0.536,0.536,15.0,15,15,1
7101,3,17,1,17,0.059,1.0,1.0,17.0,17,17,1
7102,3,31,1,31,0.032,1.0,1.0,31.0,31,31,1
7103,3,26,1,26,0.038,1.0,1.0,26.0,26,26,1
7104,3,94,2,188,0.021,0.516,0.516,97.0,97,97,1
7105,3,13,1,13,0.077,1.0,1.0,13.0,13,13,1
7106,3,27,4,108,0.148,0.333,0.667,2.57,36,72,14
7107,3,25,1,25,0.04,1.0,1.0,25.0,25,25,1
7108,3,61,30,7830,0.115,0.063,0.09,2.4,492,701,205
7109,3,76,1,76,0.013,1.0,1.0,76.0,76,76,1
7110,3,66,3,198,0.045,0.657,0.909,2.6,130,180,50
7111,3,5,2,210,0.019,0.529,0.533,111.0,111,112,1
7112,3,18,1,18,0.056,1.0,1.0,18.0,18,18,1
7113,3,26,1,26,0.038,1.0,1.0,26.0,26,26,1
7114,3,9,2,18,0.222,0.611,0.722,11.0,11,13,1
7115,3,27,1,27,0.037,1.0,1.0,27.0,27,27,1
7116,3,9,1,9,0.111,1.0,1.0,9.0,9,9,1
7117,3,8,1,8,0.125,1.0,1.0,8.0,8,8,1
7118,3,31,1,31,0.032,1.0,1.0,31.0,31,31,1
7119,3,26,1,26,0.038,1.0,1.0,26.0,26,26,1
7120,3,9,1,9,0.111,1.0,1.0,9.0,9,9,1
7121,3,38,1,38,0.026,1.0,1.0,38.0,38,38,1
7122,3,8,1,8,0.125,1.0,1.0,8.0,8,8,1
7123,3,38,1,38,0.026,1.0,1.0,38.0,38,38,1
7124,3,5,2,10,0.4,0.7,0.7,7.0,7,7,1
7125,3,30,5,2150,0.012,0.216,0.221,46.5,465,475,10
7126,3,9,1,9,0.111,1.0,1.0,9.0,9,9,1
7127,3,84,1,84,0.012,1.0,1.0,84.0,84,84,1
7128,3,7,1,7,0.143,1.0,1.0,7.0,7,7,1
7129,3,4,11,8844,0.014,0.191,0.233,15.64,689,58,108
7130,3,9,1,9,0.111,1.0,1.0,9.0,9,9,1
7131,3,11,1,11,0.091,1.0,1.0,11.0,11,11,1
7132,3,39,1,39,0.026,1.0,1.0,39.0,39,39,1
7133,3,11,2,22,0.182,0.636,0.636,14.0,14,14,1
7134,3,27,4,108,0.148,0.38,0.75,2.56,41,81,16
7135,3,5,2,210,0.019,0.529,0.533,111.0,111,112,1
7136,3,93,4,372,0.043,0.419,0.565,2.89,156,210,54
7137,3,98,3,294,0.031,0.48,0.486,141.0,141,143,1
7138,3,8,1,8,0.125,1.0,1.0,8.0,8,8,1
7139,3,8,1,8,0.125,1.0,1.0,8.0,8,8,1
7140,3,7,1,7,0.143,1.0,1.0,7.0,7,7,1
7141,3,47,1,47,0.021,1.0,1.0,47.0,47,47,1
7142,3,9,1,9,0.111,1.0,1.0,9.0,9,9,1
7143,3,8,1,8,0.125,1.0,1.0,8.0,8,8,1
7144,3,10,1,10,0.1,1.0,1.0,10.0,10,10,1
7145,3,25,1,25,0.04,1.0,1.0,25.0,25,25,1
7146,3,8,1,8,0.125,1.0,1.0,8.0,8,8,1
7147,3,54,1,54,0.019,1.0,1.0,54.0,54,54,1
7148,3,11,1,11,0.091,1.0,1.0,11.0,11,11,1
7149,3,4,2,8,0.5,0.875,0.875,7.0,7,7,1
7150,3,9,1,9,0.111,1.0,1.0,9.0,9,9,1
7151,3,8,1,8,0.125,1.0,1.0,8.0,8,8,1
7152,3,37,1,37,0.027,1.0,1.0,37.0,37,37,1
7153,3,7,1,7,0.143,1.0,1.0,7.0,7,7,1
7154,3,7,1,7,0.143,1.0,1.0,7.0,7,7,1
7155,3,58,3,174,0.052,0.339,0.345,59.0,59,60,1
7156,3,9,1,9,0.111,1.0,1.0,9.0,9,9,1
7157,3,22,1,22,0.045,1.0,1.0,22.0,22,22,1
7158,3,5,2,210,0.019,0.529,0.533,111.0,111,112,1
7159,3,5,2,210,0.019,0.529,0.533,111.0,111,112,1
7160,3,32,1,32,0.031,1.0,1.0,32.0,32,32,1
7161,3,44,3,132,0.068,0.598,0.841,2.47,79,111,32
7162,3,10,1,10,0.1,1.0,1.0,10.0,10,10,1
7163,3,14,1,14,0.071,1.0,1.0,14.0,14,14,1
7164,3,54,1,54,0.019,1.0,1.0,54.0,54,54,1
7165,3,9,2,18,0.222,0.611,0.722,11.0,11,13,1
7166,3,9,1,9,0.111,1.0,1.0,9.0,9,9,1
7167,3,17,1,117,0.009,1.0,1.0,117.0,117,117,1
7168,3,8,1,8,0.125,1.0,1.0,8.0,8,8,1
7169,3,1,25,25,25.0,1.0,1.0,25.0,25,25,1
7170,3,15,1,15,0.067,1.0,1.0,15.0,15,15,1
7171,3,44,3,132,0.068,0.598,0.841,2.47,79,111,32
7172,3,10,1,10,0.1,0.9,1.0,9.0,9,10,1
7173,3,16,1,16,0.063,1.0,1.0,16.0,16,16,1
7174,3,11,1,11,0.091,1.0,1.0,11.0,11,11,1
7175,3,17,1,17,0.059,1.0,1.0,17.0,17,17,1
7176,3,26,1,26,0.038,1.0,1.0,26.0,26,26,1
7177,3,8,1,8,0.125,1.0,1.0,8.0,8,8,1
7178,3,27,4,108,0.148,0.333,0.667,2.57,36,72,14
7179,3,27,1,27,0.037,1.0,1.0,27.0,27,27,1
7180,3,7,2,14,0.286,0.643,0.714,9.0,9,10,1
7181,3,4,2,8,0.5,1.0,1.0,8.0,8,8,1
7182,3,31,1,31,0.032,1.0,1.0,31.0,31,31,1
7183,3,8,1,8,0.125,1.0,1.0,8.0,8,8,1
7184,3,10,1,10,0.1,1.0,1.0,10.0,10,10,1
7185,3,17,1,17,0.059,1.0,1.0,17.0,17,17,1
7186,3,14,1,14,0.071,1.0,1.0,14.0,14,14,1
7187,3,26,1,26,0.038,1.0,1.0,26.0,26,26,1
7188,3,14,1,14,0.071,1.0,1.0,14.0,14,14,1
7189,3,9,2,18,0.222,0.611,0.722,11.0,11,13,1
7190,3,11,2,22,0.182,0.636,0.636,14.0,14,14,1
7191,3,9,2,18,0.222,0.611,0.722,11.0,11,13,1
7192,3,1,25,25,25.0,1.0,1.0,25.0,25,25,1
7193,3,22,1,22,0.045,1.0,1.0,22.0,22,22,1
7194,3,18,1,18,0.056,1.0,1.0,18.0,18,18,1
7195,3,39,1,39,0.026,1.0,1.0,39.0,39,39,1
7196,3,9,1,9,0.111,1.0,1.0,9.0,9,9,1
7197,3,8,1,8,0.125,1.0,1.0,8.0,8,8,1
7198,3,32,1,32,0.031,1.0,1.0,32.0,32,32,1
7199,3,9,1,9,0.111,1.0,1.0,9.0,9,9,1
7200,3,98,3,294,0.031,0.48,0.486,141.0,141,143,1
7201,3,20,1,20,0.05,1.0,1.0,20.0,20,20,1
7202,3,5,2,210,0.019,0.529,0.533,111.0,111,112,1
7203,3,7,1,7,0.143,1.0,1.0,7.0,7,7,1
7204,3,7,1,7,0.143,1.0,1.0,7.0,7,7,1
7205,3,94,2,188,0.021,0.516,0.516,97.0,97,97,1
7206,3,5,2,10,0.4,0.7,0.7,7.0,7,7,1
7207,3,10,1,10,0.1,1.0,1.0,10.0,10,10,1
7208,3,20,1,20,0.05,1.0,1.0,20.0,20,20,1
7209,3,36,1,136,0.007,0.993,1.0,135.0,135,136,1
7210,3,13,1,13,0.077,1.0,1.0,13.0,13,13,1
7211,3,19,2,38,0.105,0.816,0.816,31.0,31,31,1
7212,3,69,3,207,0.043,0.643,0.952,2.08,133,197,64
7213,3,9,1,9,0.111,1.0,1.0,9.0,9,9,1
7214,3,32,1,32,0.031,1.0,1.0,32.0,32,32,1
7215,3,12,1,12,0.083,1.0,1.0,12.0,12,12,1
7216,3,6,21,126,3.5,0.198,0.444,1.67,25,56,15
7217,3,66,3,198,0.045,0.657,0.909,2.6,130,180,50
7218,3,17,1,17,0.059,1.0,1.0,17.0,17,17,1
7219,3,17,1,117,0.009,1.0,1.0,117.0,117,117,1
7220,3,54,1,54,0.019,1.0,1.0,54.0,54,54,1
7221,3,10,1,10,0.1,1.0,1.0,10.0,10,10,1
7222,3,11,2,22,0.182,0.636,0.636,14.0,14,14,1
7223,3,66,3,198,0.045,0.657,0.909,2.6,130,180,50
7224,3,7,1,7,0.143,1.0,1.0,7.0,7,7,1
7225,3,8,1,8,0.125,1.0,1.0,8.0,8,8,1
7226,3,8,1,8,0.125,1.0,1.0,8.0,8,8,1
7227,3,12,2,24,0.167,0.625,0.667,15.0,15,16,1
7228,3,10,1,10,0.1,1.0,1.0,10.0,10,10,1
7229,3,58,3,174,0.052,0.339,0.345,59.0,59,60,1
7230,3,17,2,34,0.118,0.706,0.706,24.0,24,24,1
7231,3,7,2,14,0.286,0.643,0.714,9.0,9,10,1
7232,3,32,1,32,0.031,1.0,1.0,32.0,32,32,1
7233,3,5,2,10,0.4,0.9,0.9,9.0,9,9,1
7234,3,13,1,13,0.077,1.0,1.0,13.0,13,13,1
7235,3,9,1,9,0.111,1.0,1.0,9.0,9,9,1
7236,3,31,1,31,0.032,1.0,1.0,31.0,31,31,1
7237,3,8,1,8,0.125,1.0,1.0,8.0,8,8,1
7238,3,22,1,22,0.045,1.0,1.0,22.0,22,22,1
7239,3,94,2,188,0.021,0.516,0.516,97.0,97,97,1
7240,3,8,1,8,0.125,1.0,1.0,8.0,8,8,1
7241,3,16,1,16,0.063,1.0,1.0,16.0,16,16,1
7242,3,11,2,22,0.182,0.636,0.636,14.0,14,14,1
7243,3,69,3,207,0.043,0.643,0.952,2.08,133,197,64
7244,3,13,1,13,0.077,1.0,1.0,13.0,13,13,1
7245,3,5,2,210,0.019,0.529,0.533,111.0,111,112,1
7246,3,22,1,22,0.045,1.0,1.0,22.0,22,22,1
7247,3,61,30,7830,0.115,0.063,0.09,2.4,492,701,205
7248,3,42,1,42,0.024,1.0,1.0,42.0,42,42,1
7249,3,58,3,174,0.052,0.339,0.345,59.0,59,60,1
7250,3,9,1,9,0.111,1.0,1.0,9.0,9,9,1
7251,3,9,1,9,0.111,1.0,1.0,9.0,9,9,1
7252,3,16,1,16,0.063,1.0,1.0,16.0,16,16,1
7253,3,47,1,47,0.021,1.0,1.0,47.0,47,47,1
7254,3,38,1,38,0.026,1.0,1.0,38.0,38,38,1
7255,3,5,2,10,0.4,0.8,0.8,8.0,8,8,1
7256,3,7,1,7,0.143,1.0,1.0,7.0,7,7,1
7257,3,19,2,38,0.105,0.816,0.816,31.0,31,31,1
7258,3,26,1,26,0.038,1.0,1.0,26.0,26,26,1
7259,3,12,1,12,0.083,1.0,1.0,12.0,12,12,1
7260,3,9,1,9,0.111,1.0,1.0,9.0,9,9,1
7261,3,42,1,42,0.024,1.0,1.0,42.0,42,42,1
7262,3,94,2,188,0.021,0.516,0.516,97.0,97,97,1
7263,3,14,1,14,0.071,1.0,1.0,14.0,14,14,1
7264,3,13,1,13,0.077,1.0,1.0,13.0,13,13,1
7265,3,7,2,14,0.286,0.643,0.714,9.0,9,10,1
7266,3,9,1,9,0.111,1.0,1.0,9.0,9,9,1
7267,3,7,1,7,0.143,1.0,1.0,7.0,7,7,1
7268,3,30,5,2150,0.012,0.216,0.221,46.5,465,475,10
7269,3,11,1,11,0.091,1.0,1.0,11.0,11,11,1
7270,3,17,1,117,0.009,1.0,1.0,117.0,117,117,1
7271,3,5,2,10,0.4,0.8,0.8,8.0,8,8,1
7272,3,58,3,174,0.052,0.339,0.345,59.0,59,60,1
7273,3,18,1,18,0.056,1.0,1.0,18.0,18,18,1
7274,3,27,1,27,0.037,1.0,1.0,27.0,27,27,1
7275,3,8,1,8,0.125,1.0,1.0,8.0,8,8,1
7276,3,54,1,54,0.019,1.0,1.0,54.0,54,54,1
7277,3,42,7,294,0.167,0.282,0.432,2.18,83,127,38
7278,3,12,1,12,0.083,1.0,1.0,12.0,12,12,1
7279,3,9,1,9,0.111,1.0,1.0,9.0,9,9,1
7280,3,5,2,210,0.019,0.529,0.533,111.0,111,112,1
7281,3,9,1,9,0.111,1.0,1.0,9.0,9,9,1
7282,3,22,1,22,0.045,1.0,1.0,22.0,22,22,1
7283,3,42,7,294,0.167,0.282,0.432,2.18,83,127,38
7284,3,9,1,9,0.111,1.0,1.0,9.0,9,9,1
7285,3,39,1,39,0.026,1.0,1.0,39.0,39,39,1
7286,3,42,7,294,0.167,0.282,0.432,2.18,83,127,38
7287,3,7,1,7,0.143,1.0,1.0,7.0,7,7,1
7288,3,12,2,24,0.167,0.625,0.667,15.0,15,16,1
7289,3,31,1,31,0.032,1.0,1.0,31.0,31,31,1
7290,3,27,4,108,0.148,0.38,0.75,2.56,41,81,16
7291,3,7,1,7,0.143,1.0,1.0,7.0,7,7,1
7292,3,7,1,7,0.143,1.0,1.0,7.0,7,7,1
7293,3,42,1,42,0.024,1.0,1.0,42.0,42,42,1
7294,3,36,1,136,0.007,0.993,1.0,135.0,135,136,1
7295,3,27,4,108,0.148,0.333,0.667,2.57,36,72,14
7296,3,14,2,28,0.143,0.536,0.536,15.0,15,15,1
7297,3,7,1,7,0.143,1.0,1.0,7.0,7,7,1
7298,3,7,1,7,0.143,1.0,1.0,7.0,7,7,1
7299,3,32,1,32,0.031,1.0,1.0,32.0,32,32,1
7300,3,94,2,188,0.021,0.516,0.516,97.0,97,97,1
7301,3,22,1,22,0.045,1.0,1.0,22.0,22,22,1
7302,3,11,1,11,0.091,1.0,1.0,11.0,11,11,1
7303,3,17,1,117,0.009,1.0,1.0,117.0,117,117,1
7304,3,7,1,7,0.143,1.0,1.0,7.0,7,7,1
7305,3,31,1,31,0.032,1.0,1.0,31.0,31,31,1
7306,3,7,1,7,0.143,1.0,1.0,7.0,7,7,1
7307,3,31,1,31,0.032,1.0,1.0,31.0,31,31,1
7308,3,9,1,9,0.111,1.0,1.0,9.0,9,9,1
7309,3,9,2,18,0.222,0.611,0.722,11.0,11,13,1
7310,3,8,1,8,0.125,1.0,1.0,8.0,8,8,1
7311,3,30,5,2150,0.012,0.216,0.221,46.5,465,475,10
7312,3,23,1,23,0.043,1.0,1.0,23.0,23,23,1
7313,3,5,2,10,0.4,0.8,0.8,8.0,8,8,1
7314,3,11,1,11,0.091,1.0,1.0,11.0,11,11,1
7315,3,4,11,8844,0.014,0.191,0.233,15.64,689,58,108
7316,3,10,1,10,0.1,1.0,1.0,10.0,10,10,1
7317,3,42,7,294,0.167,0.282,0.432,2.18,83,127,38
7318,3,4,2,8,0.5,1.0,1.0,8.0,8,8,1
7319,3,8,1,8,0.125,1.0,1.0,8.0,8,8,1
7320,3,27,4,108,0.148,0.333,0.667,2.57,36,72,14
7321,3,30,5,2150,0.012,0.216,0.221,46.5,465,475,10
7322,3,27,4,108,0.148,0.333,0.667,2.57,36,72,14
7323,3,10,1,10,0.1,1.0,1.0,10.0,10,10,1
7324,3,10,1,10,0.1,1.0,1.0,10.0,10,10,1
7325,3,38,1,38,0.026,1.0,1.0,38.0,38,38,1
7326,3,17,1,17,0.059,1.0,1.0,17.0,17,17,1
7327,3,10,1,10,0.1,1.0,1.0,10.0,10,10,1
7328,3,38,1,38,0.026,1.0,1.0,38.0,38,38,1
7329,3,10,1,10,0.1,0.9,1.0,9.0,9,10,1
7330,3,11,2,22,0.182,0.636,0.636,14.0,14,14,1
7331,3,5,2,10,0.4,0.7,0.7,7.0,7,7,1
7332,3,8,1,8,0.125,1.0,1.0,8.0,8,8,1
7333,3,37,1,37,0.027,1.0,1.0,37.0,37,37,1
7334,3,11,1,11,0.091,1.0,1.0,11.0,11,11,1
7335,3,10,1,10,0.1,1.0,1.0,10.0,10,10,1
7336,3,8,1,8,0.125,1.0,1.0,8.0,8,8,1
7337,3,10,1,10,0.1,1.0,1.0,10.0,10,10,1
7338,3,7,1,7,0.143,1.0,1.0,7.0,7,7,1
7339,3,8,1,8,0.125,0.875,1.0,7.0,7,8,1
7340,3,8,1,8,0.125,1.0,1.0,8.0,8,8,1
7341,3,69,3,207,0.043,0.643,0.952,2.08,133,197,64
7342,3,26,1,26,0.038,1.0,1.0,26.0,26,26,1
7343,3,10,1,10,0.1,0.9,1.0,9.0,9,10,1
7344,3,31,1,31,0.032,1.0,1.0,31.0,31,31,1
7345,3,7,1,7,0.143,1.0,1.0,7.0,7,7,1
7346,3,18,1,18,0.056,1.0,1.0,18.0,18,18,1
7347,3,8,1,8,0.125,1.0,1.0,8.0,8,8,1
7348,3,37,1,37,0.027,1.0,1.0,37.0,37,37,1
7349,3,13,1,13,0.077,1.0,1.0,13.0,13,13,1
7350,3,93,4,372,0.043,0.419,0.565,2.89,156,210,54
7351,3,30,5,2150,0.012,0.216,0.221,46.5,465,475,10
7352,3,12,2,24,0.167,0.625,0.667,15.0,15,16,1
7353,3,19,2,38,0.105,0.816,0.816,31.0,31,31,1
7354,3,9,2,18,0.222,0.611,0.722,11.0,11,13,1
7355,3,5,2,210,0.019,0.529,0.533,111.0,111,112,1
7356,3,44,3,132,0.068,0.598,0.841,2.47,79,111,32
7357,3,10,1,10,0.1,1.0,1.0,10.0,10,10,1
7358,3,14,1,14,0.071,1.0,1.0,14.0,14,14,1
7359,3,9,2,18,0.222,0.611,0.722,11.0,11,13,1
7360,3,13,1,13,0.077,1.0,1.0,13.0,13,13,1
7361,3,39,1,39,0.026,1.0,1.0,39.0,39,39,1
7362,3,7,1,7,0.143,1.0,1.0,7.0,7,7,1
7363,3,53,1,53,0.019,1.0,1.0,53.0,53,53,1
7364,3,8,1,8,0.125,1.0,1.0,8.0,8,8,1
7365,3,7,1,7,0.143,1.0,1.0,7.0,7,7,1
7366,3,4,2,8,0.5,1.0,1.0,8.0,8,8,1
7367,3,31,1,31,0.032,1.0,1.0,31.0,31,31,1
7368,3,5,2,10,0.4,0.7,0.7,7.0,7,7,1
7369,3,31,1,31,0.032,1.0,1.0,31.0,31,31,1
7370,3,14,1,14,0.071,1.0,1.0,14.0,14,14,1
7371,3,11,1,11,0.091,1.0,1.0,11.0,11,11,1
7372,3,34,1,34,0.029,1.0,1.0,34.0,34,34,1
7373,3,14,1,14,0.071,1.0,1.0,14.0,14,14,1
7374,3,12,1,12,0.083,1.0,1.0,12.0,12,12,1
7375,3,27,4,108,0.148,0.333,0.667,2.57,36,72,14
7376,3,9,1,9,0.111,1.0,1.0,9.0,9,9,1
7377,3,4,2,8,0.5,1.0,1.0,8.0,8,8,1
7378,3,9,1,9,0.111,1.0,1.0,9.0,9,9,1
7379,3,31,1,31,0.032,1.0,1.0,31.0,31,31,1
7380,3,5,2,210,0.019,0.529,0.533,111.0,111,112,1
7381,3,9,1,9,0.111,1.0,1.0,9.0,9,9,1
7382,3,5,2,10,0.4,0.8,0.8,8.0,8,8,1
7383,3,9,1,9,0.111,1.0,1.0,9.0,9,9,1
7384,3,4,2,8,0.5,1.0,1.0,8.0,8,8,1
7385,3,44,3,132,0.068,0.598,0.841,2.47,79,111,32
7386,3,13,1,13,0.077,1.0,1.0,13.0,13,13,1
7387,3,98,3,294,0.031,0.48,0.486,141.0,141,143,1
7388,3,8,1,8,0.125,1.0,1.0,8.0,8,8,1
7389,3,13,1,13,0.077,1.0,1.0,13.0,13,13,1
7390,3,8,1,8,0.125,1.0,1.0,8.0,8,8,1
7391,3,10,1,10,0.1,0.9,1.0,9.0,9,10,1
7392,3,16,1,16,0.063,1.0,1.0,16.0,16,16,1
7393,3,36,1,136,0.007,0.993,1.0,135.0,135,136,1
7394,3,37,1,37,0.027,1.0,1.0,37.0,37,37,1
7395,3,10,1,10,0.1,1.0,1.0,10.0,10,10,1
7396,3,11,1,11,0.091,1.0,1.0,11.0,11,11,1
7397,3,27,4,108,0.148,0.38,0.75,2.56,41,81,16
7398,3,84,1,84,0.012,1.0,1.0,84.0,84,84,1
7399,3,5,2,10,0.4,0.9,0.9,9.0,9,9,1
7400,3,14,2,28,0.143,0.536,0.536,15.0,15,15,1
7401,3,9,1,9,0.111,1.0,1.0,9.0,9,9,1
7402,3,4,2,8,0.5,0.875,0.875,7.0,7,7,1
7403,3,27,1,27,0.037,1.0,1.0,27.0,27,27,1
7404,3,76,1,76,0.013,1.0,1.0,76.0,76,76,1
7405,3,17,1,117,0.009,1.0,1.0,117.0,117,117,1
7406,3,12,1,12,0.083,1.0,1.0,12.0,12,12,1
7407,3,42,1,42,0.024,1.0,1.0,42.0,42,42,1
7408,3,8,1,8,0.125,0.875,1.0,7.0,7,8,1
7409,3,9,1,9,0.111,1.0,1.0,9.0,9,9,1
7410,4,4,5,20,1.25,0.35,0.8,2.33,7,16,3
7411,4,5,9,45,1.8,0.178,0.533,1.6,8,24,5
7412,4,31,71,2201,2.29,0.159,0.296,10.29,350,651,34
7413,4,36,172,6192,4.778,0.128,0.337,4.84,793,86,164
7414,4,8,4,32,0.5,0.438,0.594,7.0,14,19,2
7415,4,32,106,3392,3.313,0.198,0.395,4.56,671,341,147
7416,4,85,69,5865,0.812,0.165,0.441,1.44,969,588,674
7417,4,14,19,266,1.357,0.113,0.504,30.0,30,134,1
7418,4,81,49,3969,0.605,0.113,0.398,2.26,449,580,199
7419,4,52,48,2496,0.923,0.138,0.248,7.67,345,619,45
7420,4,12,464,8368,2.189,0.052,0.07,11.84,66,884,428
7421,4,12,146,1752,12.167,0.091,0.128,26.67,160,225,6
7422,4,10,12,120,1.2,0.208,0.583,1.67,25,70,15
7423,4,16,29,464,1.813,0.144,0.496,2.58,67,230,26
7424,4,8,4,32,0.5,0.438,0.594,7.0,14,19,2
7425,4,60,286,5760,1.788,0.201,0.226,55.42,199,347,166
7426,4,38,70,2660,1.842,0.059,0.062,19.63,157,165,8
7427,4,7,47,329,6.714,0.158,0.289,5.78,52,95,9
7428,4,14,19,266,1.357,0.128,0.541,2.83,34,144,12
7429,4,47,286,3442,6.085,0.183,0.317,4.67,459,258,526
7430,4,53,48,2544,0.906,0.181,0.374,4.69,460,951,98
7431,4,8,1,8,0.125,0.875,1.0,7.0,7,8,1
7432,4,9,4,36,0.444,0.25,0.75,9.0,9,27,1
7433,4,83,314,6062,3.783,0.298,0.671,8.75,772,482,888
7434,4,12,464,8368,2.189,0.052,0.07,11.84,66,884,428
7435,4,54,357,9278,6.611,0.299,0.655,6.4,766,626,901
7436,4,83,326,7058,3.928,0.286,0.671,7.55,741,149,25
7437,4,12,464,8368,2.189,0.052,0.07,11.84,66,884,428
7438,4,13,5,65,0.385,0.323,0.554,5.25,21,36,4
7439,4,7,15,105,2.143,0.114,0.295,2.4,12,31,5
7440,4,17,60,1020,3.529,0.139,0.371,7.1,142,378,20
7441,4,7,24,168,3.429,0.101,0.298,1.89,17,50,9
7442,4,83,314,6062,3.783,0.282,0.619,8.77,353,139,838
7443,4,29,61,1769,2.103,0.121,0.431,1.78,214,762,120
7444,4,7,24,168,3.429,0.101,0.298,1.89,17,50,9
7445,4,11,48,528,4.364,0.237,0.39,7.35,125,206,17
7446,4,19,47,893,2.474,0.078,0.112,3.89,70,100,18
7447,4,6,6,36,1.0,0.194,0.417,3.5,7,15,2
7448,4,33,28,924,0.848,0.098,0.271,5.69,91,250,16
7449,4,4,11,44,2.75,0.159,0.932,1.75,7,41,4
7450,4,10,7,70,0.7,0.157,0.6,1.57,11,42,7
7451,4,60,286,5760,1.788,0.201,0.226,55.42,199,347,166
7452,4,0,49,4900,0.49,0.093,0.4,1.77,458,958,259
7453,4,58,167,6386,1.057,0.16,0.276,8.24,213,279,511
7454,4,13,8,104,0.615,0.154,0.769,1.07,16,80,15
7455,4,20,39,780,1.95,0.14,0.405,3.21,109,316,34
7456,4,45,79,3555,1.756,0.087,0.195,4.81,308,693,64
7457,4,91,285,5935,3.132,0.158,0.165,113.89,100,287,36
7458,4,52,48,2496,0.923,0.138,0.248,7.67,345,619,45
7459,4,91,285,5935,3.132,0.158,0.165,113.89,100,287,36
7460,4,31,105,3255,3.387,0.224,0.417,5.35,728,358,136
7461,4,6,13,78,2.167,0.103,0.449,4.0,8,35,2
7462,4,31,37,1147,1.194,0.189,0.555,2.07,217,637,105
7463,4,22,22,484,1.0,0.107,0.473,1.79,52,229,29
7464,4,8,16,128,2.0,0.156,0.859,5.0,20,110,4
7465,4,21,4,84,0.19,0.31,0.643,3.71,26,54,7
7466,4,7,24,168,3.429,0.101,0.298,1.89,17,50,9
7467,4,7,24,168,3.429,0.101,0.298,1.89,17,50,9
7468,4,21,68,1428,3.238,0.052,0.109,5.69,74,156,13
7469,4,12,146,1752,12.167,0.091,0.128,26.67,160,225,6
7470,4,4,11,44,2.75,0.159,0.932,1.75,7,41,4
7471,4,36,96,3456,2.667,0.096,0.207,7.7,331,717,43
7472,4,55,48,2640,0.873,0.142,0.364,4.26,375,960,88
7473,4,39,70,2730,1.795,0.09,0.255,7.0,245,697,35
7474,4,36,96,3456,2.667,0.096,0.207,7.7,331,717,43
7475,4,4,463,752,1.523,0.063,0.121,3.91,898,81,273
7476,4,45,79,3555,1.756,0.087,0.195,4.81,308,693,64
7477,4,15,14,210,0.933,0.11,0.338,1.92,23,71,12
7478,4,19,47,893,2.474,0.078,0.112,3.89,70,100,18
7479,4,4,5,20,1.25,0.35,0.8,2.33,7,16,3
7480,4,34,27,918,0.794,0.219,0.554,3.09,201,509,65
7481,4,13,13,169,1.0,0.124,0.45,3.5,21,76,6
7482,4,6,12,72,2.0,0.139,0.514,1.43,10,37,7
7483,4,9,6,54,0.667,0.407,0.519,5.5,22,28,4
7484,4,4,5,20,1.25,0.35,0.8,2.33,7,16,3
7485,4,67,30,2010,0.448,0.169,0.46,2.26,339,924,150
7486,4,13,8,104,0.615,0.154,0.769,1.07,16,80,15
7487,4,67,30,2010,0.448,0.169,0.46,2.26,339,924,150
7488,4,38,70,2660,1.842,0.059,0.062,19.63,157,165,8
7489,4,4,463,752,1.523,0.063,0.121,3.91,898,81,273
7490,4,16,29,464,1.813,0.144,0.496,2.58,67,230,26
7491,4,67,30,2010,0.448,0.169,0.46,2.26,339,924,150
7492,4,67,30,2010,0.448,0.169,0.46,2.26,339,924,150
7493,4,7,15,105,2.143,0.114,0.295,2.4,12,31,5
7494,4,9,4,36,0.444,0.25,0.75,9.0,9,27,1
7495,4,14,19,266,1.357,0.128,0.541,2.83,34,144,12
7496,4,1,99,9999,0.98,0.14,0.778,2.02,398,780,691
7497,4,5,9,45,1.8,0.178,0.533,1.6,8,24,5
7498,4,52,48,2496,0.923,0.138,0.248,7.67,345,619,45
7499,4,22,22,484,1.0,0.107,0.473,1.79,52,229,29
7500,4,81,49,3969,0.605,0.113,0.398,2.26,449,580,199
7501,4,30,61,1830,2.033,0.157,0.483,1.88,288,884,153
7502,4,8,1,8,0.125,0.875,1.0,7.0,7,8,1
7503,4,53,48,2544,0.906,0.181,0.374,4.69,460,951,98
7504,4,31,37,1147,1.194,0.189,0.555,2.07,217,637,105
7505,4,10,12,120,1.2,0.208,0.583,1.67,25,70,15
7506,4,36,43,1548,1.194,0.117,0.183,3.07,181,283,59
7507,4,53,48,2544,0.906,0.181,0.374,4.69,460,951,98
7508,4,14,17,238,1.214,0.113,0.387,1.8,27,92,15
7509,4,13,5,65,0.385,0.123,0.538,8.0,8,35,1
7510,4,45,79,3555,1.756,0.087,0.195,4.81,308,693,64
7511,4,32,350,1200,10.938,0.142,0.402,3.96,588,497,401
7512,4,54,357,9278,6.611,0.299,0.655,6.4,766,626,901
7513,4,53,48,2544,0.906,0.157,0.269,7.84,400,685,51
7514,4,9,6,54,0.667,0.407,0.519,5.5,22,28,4
7515,4,91,285,5935,3.132,0.158,0.165,113.89,100,287,36
7516,4,97,198,9006,1.005,0.273,0.332,46.93,654,964,227
7517,4,13,8,104,0.615,0.154,0.769,1.07,16,80,15
7518,4,13,5,65,0.385,0.323,0.554,5.25,21,36,4
7519,4,33,28,924,0.848,0.098,0.271,5.69,91,250,16
7520,4,32,350,1200,10.938,0.142,0.402,3.96,588,497,401
7521,4,14,17,238,1.214,0.113,0.387,1.8,27,92,15
7522,4,22,22,484,1.0,0.107,0.473,1.79,52,229,29
7523,4,49,79,3871,1.612,0.084,0.179,7.36,324,694,44
7524,4,31,105,3255,3.387,0.224,0.417,5.35,728,358,136
7525,4,0,49,4900,0.49,0.093,0.4,1.77,458,958,259
7526,4,8,1,8,0.125,0.875,1.0,7.0,7,8,1
7527,4,83,314,6062,3.783,0.298,0.671,8.75,772,482,888
7528,4,5,7,35,1.4,0.229,0.6,2.67,8,21,3
7529,4,5,4,20,0.8,0.45,0.65,4.5,9,13,2
7530,4,34,25,850,0.735,0.256,0.534,2.06,218,454,106
7531,4,37,72,2664,1.946,0.12,0.257,7.64,321,685,42
7532,4,53,442,7626,2.889,0.114,0.215,6.27,689,538,227
7533,4,7,24,168,3.429,0.101,0.298,1.89,17,50,9
7534,4,13,5,65,0.385,0.123,0.538,8.0,8,35,1
7535,4,31,105,3255,3.387,0.224,0.417,5.35,728,358,136
7536,4,16,21,336,1.313,0.095,0.515,1.6,32,173,20
7537,4,58,167,6386,1.057,0.16,0.276,8.24,213,279,511
7538,4,4,7,28,1.75,0.286,1.0,2.0,8,28,4
7539,4,52,461,3972,8.865,0.192,0.248,11.52,607,938,400
7540,4,5,7,35,1.4,0.229,0.6,2.67,8,21,3
7541,4,6,6,36,1.0,0.194,0.417,3.5,7,15,2
7542,4,13,13,169,1.0,0.124,0.45,3.5,21,76,6
7543,4,12,4,48,0.333,0.292,1.0,2.0,14,48,7
7544,4,21,4,84,0.19,0.31,0.643,3.71,26,54,7
7545,4,52,461,3972,8.865,0.192,0.248,11.52,607,938,400
7546,4,14,19,266,1.357,0.128,0.541,2.83,34,144,12
7547,4,13,13,169,1.0,0.124,0.45,3.5,21,76,6
7548,4,12,464,8368,2.189,0.052,0.07,11.84,66,884,428
7549,4,8,4,32,0.5,0.438,0.594,7.0,14,19,2
7550,4,28,61,1708,2.179,0.172,0.509,1.97,294,870,149
7551,4,83,314,6062,3.783,0.282,0.619,8.77,353,139,838
7552,4,17,60,1020,3.529,0.139,0.371,7.1,142,378,20
7553,4,14,17,238,1.214,0.113,0.387,1.8,27,92,15
7554,4,32,106,3392,3.313,0.198,0.395,4.56,671,341,147
7555,4,7,24,168,3.429,0.101,0.298,1.89,17,50,9
7556,4,16,21,336,1.313,0.095,0.515,1.6,32,173,20
7557,4,5,3,15,0.6,0.467,0.6,3.5,7,9,2
7558,4,12,146,1752,12.167,0.091,0.128,26.67,160,225,6
7559,4,86,67,5762,0.779,0.164,0.935,2.37,947,386,399
7560,4,6,9,54,1.5,0.148,0.296,4.0,8,16,2
7561,4,9,17,153,1.889,0.144,0.458,3.14,22,70,7
7562,4,10,12,120,1.2,0.208,0.583,1.67,25,70,15
7563,4,4,5,20,1.25,0.35,0.8,2.33,7,16,3
7564,4,7,15,105,2.143,0.114,0.295,2.4,12,31,5
7565,4,85,69,5865,0.812,0.165,0.441,1.44,969,588,674
7566,4,45,79,3555,1.756,0.087,0.195,4.81,308,693,64
7567,4,12,464,8368,2.189,0.052,0.07,11.84,66,884,428
7568,4,34,27,918,0.794,0.219,0.554,3.09,201,509,65
7569,4,31,71,2201,2.29,0.159,0.296,10.29,350,651,34
7570,4,6,465,2290,1.52,0.055,0.123,2.69,861,452,925
7571,4,30,61,1830,2.033,0.157,0.483,1.88,288,884,153
7572,4,9,17,153,1.889,0.144,0.458,3.14,22,70,7
7573,4,17,60,1020,3.529,0.139,0.371,7.1,142,378,20
7574,4,22,22,484,1.0,0.107,0.473,1.79,52,229,29
7575,4,37,72,2664,1.946,0.12,0.257,7.64,321,685,42
7576,4,21,4,84,0.19,0.31,0.643,3.71,26,54,7
7577,4,31,105,3255,3.387,0.224,0.417,5.35,728,358,136
7578,4,14,17,238,1.214,0.113,0.387,1.8,27,92,15
7579,4,43,62,2666,1.442,0.08,0.17,6.63,212,454,32
7580,4,55,48,2640,0.873,0.142,0.364,4.26,375,960,88
7581,4,13,13,169,1.0,0.124,0.45,3.5,21,76,6
7582,4,5,9,45,1.8,0.178,0.533,1.6,8,24,5
7583,4,1,99,9999,0.98,0.14,0.778,2.02,398,780,691
7584,4,22,22,484,1.0,0.107,0.473,1.79,52,229,29
7585,4,8,16,128,2.0,0.156,0.859,5.0,20,110,4
7586,4,4,5,20,1.25,0.35,0.8,2.33,7,16,3
7587,4,68,34,2312,0.5,0.224,0.526,2.44,519,215,213
7588,4,37,20,740,0.541,0.131,0.193,4.22,97,143,23
7589,4,25,9,225,0.36,0.187,0.436,2.47,42,98,17
7590,4,4,8,32,2.0,0.344,0.531,5.5,11,17,2
7591,4,7,13,91,1.857,0.154,0.484,2.0,14,44,7
7592,4,36,43,1548,1.194,0.117,0.183,3.07,181,283,59
7593,4,83,326,7058,3.928,0.286,0.671,7.55,741,149,25
7594,4,91,285,5935,3.132,0.158,0.165,113.89,100,287,36
7595,4,16,29,464,1.813,0.144,0.496,2.58,67,230,26
7596,4,7,13,91,1.857,0.154,0.484,2.0,14,44,7
7597,4,36,172,6192,4.778,0.128,0.337,4.84,793,86,164
7598,4,8,5,40,0.625,0.275,0.45,3.67,11,18,3
7599,4,60,286,5760,1.788,0.201,0.226,55.42,199,347,166
7600,4,8,9,72,1.125,0.125,0.319,4.5,9,23,2
7601,4,7,11,77,1.571,0.117,0.494,1.8,9,38,5
7602,4,45,79,3555,1.756,0.087,0.195,4.81,308,693,64
7603,4,21,68,1428,3.238,0.052,0.109,5.69,74,156,13
7604,4,83,314,6062,3.783,0.298,0.671,8.75,772,482,888
7605,4,20,39,780,1.95,0.14,0.405,3.21,109,316,34
7606,4,36,43,1548,1.194,0.117,0.183,3.07,181,283,59
7607,4,6,5,30,0.833,0.233,0.633,1.75,7,19,4
7608,4,11,463,3993,1.489,0.088,0.16,3.93,631,92,212
7609,4,24,18,432,0.75,0.139,0.377,2.07,60,163,29
7610,4,83,315,6145,3.795,0.295,0.594,9.21,725,523,839
7611,4,83,326,7058,3.928,0.286,0.671,7.55,741,149,25
7612,4,19,47,893,2.474,0.078,0.112,3.89,70,100,18
7613,4,60,286,5760,1.788,0.201,0.226,55.42,199,347,166
7614,4,54,357,9278,6.611,0.324,0.644,6.22,238,422,3
7615,4,34,27,918,0.794,0.219,0.554,3.09,201,509,65
7616,4,6,5,30,0.833,0.233,0.633,1.75,7,19,4
7617,4,54,357,9278,6.611,0.299,0.655,6.4,766,626,901
7618,4,12,464,8368,2.189,0.052,0.07,11.84,66,884,428
7619,4,17,9,153,0.529,0.209,0.497,1.88,32,76,17
7620,4,31,105,3255,3.387,0.242,0.456,4.89,787,485,161
7621,4,8,9,72,1.125,0.125,0.319,4.5,9,23,2
7622,4,13,8,104,0.615,0.154,0.769,1.07,16,80,15
7623,4,4,7,28,1.75,0.286,1.0,2.0,8,28,4
7624,4,21,68,1428,3.238,0.052,0.109,5.69,74,156,13
7625,4,21,4,84,0.19,0.31,0.643,3.71,26,54,7
7626,4,36,96,3456,2.667,0.096,0.207,7.7,331,717,43
7627,4,1,99,9999,0.98,0.14,0.778,2.02,398,780,691
7628,4,58,167,6386,1.057,0.16,0.276,8.24,213,279,511
7629,4,53,48,2544,0.906,0.181,0.374,4.69,460,951,98
7630,4,83,315,6145,3.795,0.295,0.594,9.21,725,523,839
7631,4,31,105,3255,3.387,0.242,0.456,4.89,787,485,161
7632,4,29,48,1392,1.655,0.116,0.268,5.06,162,373,32
7633,4,14,19,266,1.357,0.128,0.541,2.83,34,144,12
7634,4,52,461,3972,8.865,0.192,0.248,11.52,607,938,400
7635,4,1,99,9999,0.98,0.14,0.778,2.02,398,780,691
7636,4,30,61,1830,2.033,0.157,0.483,1.88,288,884,153
7637,4,14,19,266,1.357,0.128,0.541,2.83,34,144,12
7638,4,29,48,1392,1.655,0.116,0.268,5.06,162,373,32
7639,4,53,442,7626,2.889,0.114,0.215,6.27,689,538,227
7640,4,5,9,45,1.8,0.178,0.533,1.6,8,24,5
7641,4,15,14,210,0.933,0.11,0.338,1.92,23,71,12
7642,4,85,69,5865,0.812,0.165,0.441,1.44,969,588,674
7643,4,37,20,740,0.541,0.131,0.193,4.22,97,143,23
7644,4,83,326,7058,3.928,0.286,0.671,7.55,741,149,25
7645,4,31,105,3255,3.387,0.242,0.456,4.89,787,485,161
7646,4,81,49,3969,0.605,0.113,0.398,2.26,449,580,199
7647,4,68,34,2312,0.5,0.224,0.526,2.44,519,215,213
7648,4,34,25,850,0.735,0.256,0.534,2.06,218,454,106
7649,4,5,3,15,0.6,0.467,0.6,3.5,7,9,2
7650,4,14,19,266,1.357,0.113,0.504,30.0,30,134,1
7651,4,58,167,6386,1.057,0.16,0.276,8.24,213,279,511
7652,4,53,48,2544,0.906,0.157,0.269,7.84,400,685,51
7653,4,11,463,3993,1.489,0.088,0.16,3.93,631,92,212
7654,4,28,61,1708,2.179,0.172,0.509,1.97,294,870,149
7655,4,37,72,2664,1.946,0.12,0.257,7.64,321,685,42
7656,4,29,48,1392,1.655,0.116,0.268,5.06,162,373,32
7657,4,11,463,3993,1.489,0.088,0.16,3.93,631,92,212
7658,4,0,49,4900,0.49,0.093,0.4,1.77,458,958,259
7659,4,86,67,5762,0.779,0.164,0.935,2.37,947,386,399
7660,4,31,37,1147,1.194,0.189,0.555,2.07,217,637,105
7661,4,7,24,168,3.429,0.101,0.298,1.89,17,50,9
7662,4,6,12,72,2.0,0.139,0.514,1.43,10,37,7
7663,4,31,71,2201,2.29,0.159,0.296,10.29,350,651,34
7664,4,68,34,2312,0.5,0.224,0.526,2.44,519,215,213
7665,4,7,24,168,3.429,0.101,0.298,1.89,17,50,9
7666,4,18,105,2390,0.89,0.052,0.105,3.33,642,296,193
7667,4,37,72,2664,1.946,0.12,0.257,7.64,321,685,42
7668,4,16,21,336,1.313,0.095,0.515,1.6,32,173,20
7669,4,30,61,1830,2.033,0.157,0.483,1.88,288,884,153
7670,4,4,8,32,2.0,0.344,0.531,5.5,11,17,2
7671,4,4,463,752,1.523,0.063,0.121,3.91,898,81,273
7672,4,19,47,893,2.474,0.078,0.112,3.89,70,100,18
7673,4,17,9,153,0.529,0.209,0.497,1.88,32,76,17
7674,4,33,28,924,0.848,0.098,0.271,5.69,91,250,16
7675,4,37,20,740,0.541,0.131,0.193,4.22,97,143,23
7676,4,13,8,104,0.615,0.154,0.769,1.07,16,80,15
7677,4,16,29,464,1.813,0.144,0.496,2.58,67,230,26
7678,4,7,13,91,1.857,0.154,0.484,2.0,14,44,7
7679,4,16,21,336,1.313,0.095,0.515,1.6,32,173,20
7680,4,28,61,1708,2.179,0.172,0.509,1.97,294,870,149
7681,4,9,17,153,1.889,0.144,0.458,3.14,22,70,7
7682,4,67,30,2010,0.448,0.169,0.46,2.26,339,924,150
7683,4,11,48,528,4.364,0.237,0.39,7.35,125,206,17
7684,4,5,12,60,2.4,0.133,0.267,4.0,8,16,2
7685,4,6,13,78,2.167,0.103,0.449,4.0,8,35,2
7686,4,4,5,20,1.25,0.35,0.8,2.33,7,16,3
7687,4,5,12,60,2.4,0.133,0.267,4.0,8,16,2
7688,4,4,8,32,2.0,0.344,0.531,5.5,11,17,2
7689,4,52,48,2496,0.923,0.138,0.248,7.67,345,619,45
7690,4,53,48,2544,0.906,0.181,0.374,4.69,460,951,98
7691,4,17,60,1020,3.529,0.139,0.371,7.1,142,378,20
7692,4,52,48,2496,0.923,0.138,0.248,7.67,345,619,45
7693,4,97,198,9006,1.005,0.273,0.332,46.93,654,964,227
7694,4,60,286,5760,1.788,0.201,0.226,55.42,199,347,166
7695,4,54,357,9278,6.611,0.324,0.644,6.22,238,422,3
7696,4,8,4,32,0.5,0.438,0.594,7.0,14,19,2
7697,4,97,198,9006,1.005,0.273,0.332,46.93,654,964,227
7698,4,24,18,432,0.75,0.139,0.377,2.07,60,163,29
7699,4,25,9,225,0.36,0.187,0.436,2.47,42,98,17
7700,4,29,48,1392,1.655,0.116,0.268,5.06,162,373,32
7701,4,5,7,35,1.4,0.229,0.6,2.67,8,21,3
7702,4,32,106,3392,3.313,0.198,0.395,4.56,671,341,147
7703,4,16,30,480,1.875,0.133,0.471,2.29,64,226,28
7704,4,6,17,102,2.833,0.137,0.627,2.8,14,64,5
7705,4,28,61,1708,2.179,0.172,0.509,1.97,294,870,149
7706,4,8,4,32,0.5,0.438,0.594,7.0,14,19,2
7707,4,58,167,6386,1.057,0.16,0.276,8.24,213,279,511
7708,4,58,167,6386,1.057,0.16,0.276,8.24,213,279,511
7709,4,34,25,850,0.735,0.256,0.534,2.06,218,454,106
7710,4,36,172,6192,4.778,0.128,0.337,4.84,793,86,164
7711,4,5,3,15,0.6,0.467,0.6,3.5,7,9,2
7712,4,16,30,480,1.875,0.133,0.471,2.29,64,226,28
7713,4,13,5,65,0.385,0.323,0.554,5.25,21,36,4
7714,4,29,48,1392,1.655,0.116,0.268,5.06,162,373,32
7715,4,53,442,7626,2.889,0.114,0.215,6.27,689,538,227
7716,4,28,61,1708,2.179,0.172,0.509,1.97,294,870,149
7717,4,6,9,54,1.5,0.148,0.296,4.0,8,16,2
7718,4,4,5,20,1.25,0.35,0.8,2.33,7,16,3
7719,4,68,34,2312,0.5,0.224,0.526,2.44,519,215,213
7720,4,7,24,168,3.429,0.101,0.298,1.89,17,50,9
7721,4,9,10,90,1.111,0.144,0.522,6.5,13,47,2
7722,4,7,11,77,1.571,0.117,0.494,1.8,9,38,5
7723,4,58,167,6386,1.057,0.16,0.276,8.24,213,279,511
7724,4,8,9,72,1.125,0.125,0.319,4.5,9,23,2
7725,4,4,7,28,1.75,0.286,1.0,2.0,8,28,4
7726,4,5,9,45,1.8,0.178,0.533,1.6,8,24,5
7727,4,29,61,1769,2.103,0.121,0.431,1.78,214,762,120
7728,4,6,9,54,1.5,0.148,0.296,4.0,8,16,2
7729,4,4,463,752,1.523,0.063,0.121,3.91,898,81,273
7730,4,25,9,225,0.36,0.187,0.436,2.47,42,98,17
7731,4,47,286,3442,6.085,0.183,0.317,4.67,459,258,526
7732,4,13,5,65,0.385,0.323,0.554,5.25,21,36,4
7733,4,8,9,72,1.125,0.125,0.319,4.5,9,23,2
7734,4,52,48,2496,0.923,0.138,0.248,7.67,345,619,45
7735,4,5,12,60,2.4,0.133,0.267,4.0,8,16,2
7736,4,33,28,924,0.848,0.098,0.271,5.69,91,250,16
7737,4,48,402,9296,8.375,0.055,0.094,4.13,58,814,256
7738,4,21,68,1428,3.238,0.052,0.109,5.69,74,156,13
7739,4,0,49,4900,0.49,0.093,0.4,1.77,458,958,259
7740,4,39,70,2730,1.795,0.09,0.255,7.0,245,697,35
7741,4,6,6,36,1.0,0.194,0.417,3.5,7,15,2
7742,4,55,48,2640,0.873,0.142,0.364,4.26,375,960,88
7743,4,48,402,9296,8.375,0.055,0.094,4.13,58,814,256
7744,4,22,22,484,1.0,0.107,0.473,1.79,52,229,29
7745,4,31,71,2201,2.29,0.159,0.296,10.29,350,651,34
7746,4,48,402,9296,8.375,0.055,0.094,4.13,58,814,256
7747,4,25,9,225,0.36,0.187,0.436,2.47,42,98,17
7748,4,14,17,238,1.214,0.113,0.387,1.8,27,92,15
7749,4,25,9,225,0.36,0.187,0.436,2.47,42,98,17
7750,4,8,16,128,2.0,0.156,0.859,5.0,20,110,4
7751,4,25,9,225,0.36,0.187,0.436,2.47,42,98,17
7752,4,8,4,32,0.5,0.438,0.594,7.0,14,19,2
7753,4,83,326,7058,3.928,0.286,0.671,7.55,741,149,25
7754,4,5,12,60,2.4,0.133,0.267,4.0,8,16,2
7755,4,9,10,90,1.111,0.144,0.522,6.5,13,47,2
7756,4,55,48,2640,0.873,0.142,0.364,4.26,375,960,88
7757,4,37,72,2664,1.946,0.12,0.257,7.64,321,685,42
7758,4,6,13,78,2.167,0.103,0.449,4.0,8,35,2
7759,4,97,198,9006,1.005,0.273,0.332,46.93,654,964,227
7760,4,16,21,336,1.313,0.095,0.515,1.6,32,173,20
7761,4,54,357,9278,6.611,0.324,0.644,6.22,238,422,3
7762,4,8,1,8,0.125,0.875,1.0,7.0,7,8,1
7763,4,22,22,484,1.0,0.107,0.473,1.79,52,229,29
7764,4,97,198,9006,1.005,0.273,0.332,46.93,654,964,227
7765,4,11,48,528,4.364,0.237,0.39,7.35,125,206,17
7766,4,4,8,32,2.0,0.344,0.531,5.5,11,17,2
7767,4,36,96,3456,2.667,0.096,0.207,7.7,331,717,43
7768,4,48,402,9296,8.375,0.055,0.094,4.13,58,814,256
7769,4,54,357,9278,6.611,0.324,0.644,6.22,238,422,3
7770,4,4,5,20,1.25,0.35,0.8,2.33,7,16,3
7771,4,7,24,168,3.429,0.101,0.298,1.89,17,50,9
7772,4,9,6,54,0.667,0.407,0.519,5.5,22,28,4
7773,4,34,27,918,0.794,0.219,0.554,3.09,201,509,65
7774,4,58,167,6386,1.057,0.16,0.276,8.24,213,279,511
7775,4,60,286,5760,1.788,0.201,0.226,55.42,199,347,166
7776,4,67,30,2010,0.448,0.169,0.46,2.26,339,924,150
7777,4,83,277,2991,3.337,0.18,0.365,6.86,138,387,603
7778,4,54,48,2592,0.889,0.143,0.264,6.85,370,685,54
7779,4,36,172,6192,4.778,0.128,0.337,4.84,793,86,164
7780,4,31,71,2201,2.29,0.159,0.296,10.29,350,651,34
7781,4,30,60,1800,2.0,0.154,0.457,1.85,278,823,150
7782,4,54,357,9278,6.611,0.324,0.644,6.22,238,422,3
7783,4,36,48,1728,1.333,0.143,0.437,3.58,247,755,69
7784,4,13,5,65,0.385,0.123,0.538,8.0,8,35,1
7785,4,29,61,1769,2.103,0.121,0.431,1.78,214,762,120
7786,4,12,464,8368,2.189,0.052,0.07,11.84,66,884,428
7787,4,16,30,480,1.875,0.133,0.471,2.29,64,226,28
7788,4,17,60,1020,3.529,0.139,0.371,7.1,142,378,20
7789,4,37,20,740,0.541,0.131,0.193,4.22,97,143,23
7790,4,21,68,1428,3.238,0.052,0.109,5.69,74,156,13
7791,4,17,60,1020,3.529,0.139,0.371,7.1,142,378,20
7792,4,20,39,780,1.95,0.14,0.405,3.21,109,316,34
7793,4,6,465,2290,1.52,0.055,0.123,2.69,861,452,925
7794,4,1,99,9999,0.98,0.14,0.778,2.02,398,780,691
7795,4,13,5,65,0.385,0.123,0.538,8.0,8,35,1
7796,4,6,465,2290,1.52,0.055,0.123,2.69,861,452,925
7797,4,14,19,266,1.357,0.113,0.504,30.0,30,134,1
7798,4,32,350,1200,10.938,0.142,0.402,3.96,588,497,401
7799,4,13,5,65,0.385,0.323,0.554,5.25,21,36,4
7800,4,47,286,3442,6.085,0.183,0.317,4.67,459,258,526
7801,4,34,25,850,0.735,0.256,0.534,2.06,218,454,106
7802,4,4,463,752,1.523,0.063,0.121,3.91,898,81,273
7803,4,18,105,2390,0.89,0.052,0.105,3.33,642,296,193
7804,4,4,5,20,1.25,0.35,0.8,2.33,7,16,3
7805,4,10,12,120,1.2,0.208,0.583,1.67,25,70,15
7806,4,8,1,8,0.125,0.875,1.0,7.0,7,8,1
7807,4,49,79,3871,1.612,0.084,0.179,7.36,324,694,44
7808,4,6,9,54,1.5,0.148,0.296,4.0,8,16,2
7809,4,48,402,9296,8.375,0.055,0.094,4.13,58,814,256
7810,4,9,6,54,0.667,0.407,0.519,5.5,22,28,4
7811,4,47,286,3442,6.085,0.183,0.317,4.67,459,258,526
7812,4,37,20,740,0.541,0.131,0.193,4.22,97,143,23
7813,4,39,70,2730,1.795,0.09,0.255,7.0,245,697,35
7814,4,10,7,70,0.7,0.157,0.6,1.57,11,42,7
7815,4,6,6,36,1.0,0.194,0.417,3.5,7,15,2
7816,4,30,61,1830,2.033,0.157,0.483,1.88,288,884,153
7817,4,17,9,153,0.529,0.209,0.497,1.88,32,76,17
7818,4,55,48,2640,0.873,0.142,0.364,4.26,375,960,88
7819,4,17,9,153,0.529,0.209,0.497,1.88,32,76,17
7820,4,13,5,65,0.385,0.323,0.554,5.25,21,36,4
7821,4,9,6,54,0.667,0.407,0.519,5.5,22,28,4
7822,4,11,48,528,4.364,0.237,0.39,7.35,125,206,17
7823,4,20,39,780,1.95,0.14,0.405,3.21,109,316,34
7824,4,21,68,1428,3.238,0.052,0.109,5.69,74,156,13
7825,4,21,68,1428,3.238,0.052,0.109,5.69,74,156,13
7826,4,7,24,168,3.429,0.101,0.298,1.89,17,50,9
7827,4,9,4,36,0.444,0.25,0.75,9.0,9,27,1
7828,4,5,7,35,1.4,0.229,0.6,2.67,8,21,3
7829,4,54,357,9278,6.611,0.324,0.644,6.22,238,422,3
7830,4,67,30,2010,0.448,0.169,0.46,2.26,339,924,150
7831,4,13,13,169,1.0,0.124,0.45,3.5,21,76,6
7832,4,12,4,48,0.333,0.292,1.0,2.0,14,48,7
7833,4,36,43,1548,1.194,0.117,0.183,3.07,181,283,59
7834,4,6,5,30,0.833,0.367,1.0,2.2,11,30,5
7835,4,8,5,40,0.625,0.275,0.45,3.67,11,18,3
7836,4,60,286,5760,1.788,0.201,0.226,55.42,199,347,166
7837,4,97,198,9006,1.005,0.273,0.332,46.93,654,964,227
7838,4,8,9,72,1.125,0.125,0.319,4.5,9,23,2
7839,4,49,79,3871,1.612,0.084,0.179,7.36,324,694,44
7840,4,8,5,40,0.625,0.275,0.45,3.67,11,18,3
7841,4,5,7,35,1.4,0.229,0.6,2.67,8,21,3
7842,4,85,69,5865,0.812,0.165,0.441,1.44,969,588,674
7843,4,4,5,20,1.25,0.35,0.8,2.33,7,16,3
7844,4,4,463,752,1.523,0.063,0.121,3.91,898,81,273
7845,4,8,1,8,0.125,0.875,1.0,7.0,7,8,1
7846,4,6,17,102,2.833,0.137,0.627,2.8,14,64,5
7847,4,5,7,35,1.4,0.229,0.6,2.67,8,21,3
7848,4,6,465,2290,1.52,0.055,0.123,2.69,861,452,925
7849,4,7,11,77,1.571,0.117,0.494,1.8,9,38,5
7850,4,6,5,30,0.833,0.367,1.0,2.2,11,30,5
7851,4,13,5,65,0.385,0.323,0.554,5.25,21,36,4
7852,4,12,146,1752,12.167,0.091,0.128,26.67,160,225,6
7853,4,6,465,2290,1.52,0.055,0.123,2.69,861,452,925
7854,4,4,8,32,2.0,0.344,0.531,5.5,11,17,2
7855,4,6,9,54,1.5,0.148,0.296,4.0,8,16,2
7856,4,4,11,44,2.75,0.159,0.932,1.75,7,41,4
7857,4,37,72,2664,1.946,0.12,0.257,7.64,321,685,42
7858,4,29,61,1769,2.103,0.121,0.431,1.78,214,762,120
7859,4,31,105,3255,3.387,0.224,0.417,5.35,728,358,136
7860,4,6,17,102,2.833,0.137,0.627,2.8,14,64,5
7861,4,4,11,44,2.75,0.159,0.932,1.75,7,41,4
7862,4,60,286,5760,1.788,0.201,0.226,55.42,199,347,166
7863,4,9,17,153,1.889,0.144,0.458,3.14,22,70,7
7864,4,24,18,432,0.75,0.139,0.377,2.07,60,163,29
7865,4,4,5,20,1.25,0.35,0.8,2.33,7,16,3
7866,4,9,17,153,1.889,0.144,0.458,3.14,22,70,7
7867,4,7,15,105,2.143,0.114,0.295,2.4,12,31,5
7868,4,5,4,20,0.8,0.45,0.65,4.5,9,13,2
7869,4,83,315,6145,3.795,0.295,0.594,9.21,725,523,839
7870,4,5,7,35,1.4,0.229,0.6,2.67,8,21,3
7871,4,6,17,102,2.833,0.137,0.627,2.8,14,64,5
7872,4,45,79,3555,1.756,0.087,0.195,4.81,308,693,64
7873,4,13,13,169,1.0,0.124,0.45,3.5,21,76,6
7874,4,54,48,2592,0.889,0.143,0.264,6.85,370,685,54
7875,4,36,48,1728,1.333,0.143,0.437,3.58,247,755,69
7876,4,31,105,3255,3.387,0.242,0.456,4.89,787,485,161
7877,4,91,285,5935,3.132,0.158,0.165,113.89,100,287,36
7878,4,5,7,35,1.4,0.229,0.6,2.67,8,21,3
7879,4,32,106,3392,3.313,0.198,0.395,4.56,671,341,147
7880,4,13,5,65,0.385,0.323,0.554,5.25,21,36,4
7881,4,29,48,1392,1.655,0.116,0.268,5.06,162,373,32
7882,4,83,326,7058,3.928,0.286,0.671,7.55,741,149,25
7883,4,31,71,2201,2.29,0.159,0.296,10.29,350,651,34
7884,4,53,48,2544,0.906,0.157,0.269,7.84,400,685,51
7885,4,31,71,2201,2.29,0.159,0.296,10.29,350,651,34
7886,4,45,79,3555,1.756,0.087,0.195,4.81,308,693,64
7887,4,38,70,2660,1.842,0.059,0.062,19.63,157,165,8
7888,4,4,5,20,1.25,0.35,0.8,2.33,7,16,3
7889,4,36,172,6192,4.778,0.128,0.337,4.84,793,86,164
7890,4,5,3,15,0.6,0.467,0.6,3.5,7,9,2
7891,4,31,105,3255,3.387,0.242,0.456,4.89,787,485,161
7892,4,5,12,60,2.4,0.133,0.267,4.0,8,16,2
7893,4,5,3,15,0.6,0.467,0.6,3.5,7,9,2
7894,4,31,37,1147,1.194,0.189,0.555,2.07,217,637,105
7895,4,34,27,918,0.794,0.219,0.554,3.09,201,509,65
7896,4,16,29,464,1.813,0.144,0.496,2.58,67,230,26
7897,4,91,285,5935,3.132,0.158,0.165,113.89,100,287,36
7898,4,7,13,91,1.857,0.154,0.484,2.0,14,44,7
7899,4,30,61,1830,2.033,0.157,0.483,1.88,288,884,153
7900,4,13,5,65,0.385,0.323,0.554,5.25,21,36,4
7901,4,6,5,30,0.833,0.367,1.0,2.2,11,30,5
7902,4,16,21,336,1.313,0.095,0.515,1.6,32,173,20
7903,4,6,9,54,1.5,0.148,0.296,4.0,8,16,2
7904,4,36,48,1728,1.333,0.143,0.437,3.58,247,755,69
7905,4,4,8,32,2.0,0.344,0.531,5.5,11,17,2
7906,4,25,9,225,0.36,0.187,0.436,2.47,42,98,17
7907,4,21,4,84,0.19,0.31,0.643,3.71,26,54,7
7908,4,6,9,54,1.5,0.148,0.296,4.0,8,16,2
7909,4,54,48,2592,0.889,0.143,0.264,6.85,370,685,54
7910,4,6,5,30,0.833,0.367,1.0,2.2,11,30,5
7911,4,9,4,36,0.444,0.25,0.75,9.0,9,27,1
7912,4,9,17,153,1.889,0.144,0.458,3.14,22,70,7
7913,4,43,62,2666,1.442,0.08,0.17,6.63,212,454,32
7914,4,8,9,72,1.125,0.125,0.319,4.5,9,23,2
7915,4,83,277,2991,3.337,0.18,0.365,6.86,138,387,603
7916,4,21,68,1428,3.238,0.052,0.109,5.69,74,156,13
7917,4,5,12,60,2.4,0.133,0.267,4.0,8,16,2
7918,4,21,68,1428,3.238,0.052,0.109,5.69,74,156,13
7919,4,28,61,1708,2.179,0.172,0.509,1.97,294,870,149
7920,4,83,315,6145,3.795,0.295,0.594,9.21,725,523,839
7921,4,21,4,84,0.19,0.31,0.643,3.71,26,54,7
7922,4,5,4,20,0.8,0.45,0.65,4.5,9,13,2
7923,4,15,14,210,0.933,0.11,0.338,1.92,23,71,12
7924,4,14,19,266,1.357,0.128,0.541,2.83,34,144,12
7925,4,31,105,3255,3.387,0.242,0.456,4.89,787,485,161
7926,4,5,4,20,0.8,0.45,0.65,4.5,9,13,2
7927,4,17,9,153,0.529,0.209,0.497,1.88,32,76,17
7928,4,54,357,9278,6.611,0.299,0.655,6.4,766,626,901
7929,4,5,4,20,0.8,0.45,0.65,4.5,9,13,2
7930,4,53,48,2544,0.906,0.157,0.269,7.84,400,685,51
7931,4,8,9,72,1.125,0.125,0.319,4.5,9,23,2
7932,4,83,314,6062,3.783,0.298,0.671,8.75,772,482,888
7933,4,97,198,9006,1.005,0.273,0.332,46.93,654,964,227
7934,4,7,47,329,6.714,0.158,0.289,5.78,52,95,9
7935,4,11,463,3993,1.489,0.088,0.16,3.93,631,92,212
7936,4,6,5,30,0.833,0.367,1.0,2.2,11,30,5
7937,4,32,350,1200,10.938,0.142,0.402,3.96,588,497,401
7938,4,55,48,2640,0.873,0.142,0.364,4.26,375,960,88
7939,4,0,49,4900,0.49,0.093,0.4,1.77,458,958,259
7940,4,36,172,6192,4.778,0.128,0.337,4.84,793,86,164
7941,4,21,4,84,0.19,0.31,0.643,3.71,26,54,7
7942,4,53,48,2544,0.906,0.181,0.374,4.69,460,951,98
7943,4,68,34,2312,0.5,0.224,0.526,2.44,519,215,213
7944,4,5,3,15,0.6,0.467,0.6,3.5,7,9,2
7945,4,11,463,3993,1.489,0.088,0.16,3.93,631,92,212
7946,4,1,99,9999,0.98,0.14,0.778,2.02,398,780,691
7947,4,36,96,3456,2.667,0.096,0.207,7.7,331,717,43
7948,4,37,72,2664,1.946,0.12,0.257,7.64,321,685,42
7949,4,16,4,64,0.25,0.156,0.531,5.0,10,34,2
7950,4,4,5,20,1.25,0.35,0.8,2.33,7,16,3
7951,4,53,48,2544,0.906,0.157,0.269,7.84,400,685,51
7952,4,17,60,1020,3.529,0.139,0.371,7.1,142,378,20
7953,4,16,21,336,1.313,0.095,0.515,1.6,32,173,20
7954,4,31,105,3255,3.387,0.242,0.456,4.89,787,485,161
7955,4,7,13,91,1.857,0.154,0.484,2.0,14,44,7
7956,4,15,14,210,0.933,0.11,0.338,1.92,23,71,12
7957,4,7,47,329,6.714,0.158,0.289,5.78,52,95,9
7958,4,54,48,2592,0.889,0.143,0.264,6.85,370,685,54
7959,4,53,48,2544,0.906,0.157,0.269,7.84,400,685,51
7960,4,17,9,153,0.529,0.209,0.497,1.88,32,76,17
7961,4,31,105,3255,3.387,0.242,0.456,4.89,787,485,161
7962,4,37,72,2664,1.946,0.12,0.257,7.64,321,685,42
7963,4,31,71,2201,2.29,0.159,0.296,10.29,350,651,34
7964,4,1,99,9999,0.98,0.14,0.778,2.02,398,780,691
7965,4,6,6,36,1.0,0.194,0.417,3.5,7,15,2
7966,4,97,198,9006,1.005,0.273,0.332,46.93,654,964,227
7967,4,5,4,20,0.8,0.45,0.65,4.5,9,13,2
7968,4,83,277,2991,3.337,0.18,0.365,6.86,138,387,603
7969,4,7,9,63,1.286,0.143,0.238,9.0,9,15,1
7970,4,6,465,2290,1.52,0.055,0.123,2.69,861,452,925
7971,4,5,7,35,1.4,0.229,0.6,2.67,8,21,3
7972,4,6,5,30,0.833,0.233,0.633,1.75,7,19,4
7973,4,9,6,54,0.667,0.407,0.519,5.5,22,28,4
7974,4,53,48,2544,0.906,0.181,0.374,4.69,460,951,98
7975,4,34,25,850,0.735,0.256,0.534,2.06,218,454,106
7976,4,8,4,32,0.5,0.438,0.594,7.0,14,19,2
7977,4,16,21,336,1.313,0.095,0.515,1.6,32,173,20
7978,4,16,29,464,1.813,0.144,0.496,2.58,67,230,26
7979,4,54,48,2592,0.889,0.143,0.264,6.85,370,685,54
7980,4,9,4,36,0.444,0.25,0.75,9.0,9,27,1
7981,4,45,79,3555,1.756,0.087,0.195,4.81,308,693,64
7982,4,9,6,54,0.667,0.407,0.519,5.5,22,28,4
7983,4,5,7,35,1.4,0.229,0.6,2.67,8,21,3
7984,4,0,49,4900,0.49,0.093,0.4,1.77,458,958,259
7985,4,85,69,5865,0.812,0.165,0.441,1.44,969,588,674
7986,4,49,79,3871,1.612,0.084,0.179,7.36,324,694,44
7987,4,16,21,336,1.313,0.095,0.515,1.6,32,173,20
7988,4,6,12,72,2.0,0.139,0.514,1.43,10,37,7
7989,4,8,1,8,0.125,0.875,1.0,7.0,7,8,1
7990,4,52,461,3972,8.865,0.192,0.248,11.52,607,938,400
7991,4,5,9,45,1.8,0.178,0.533,1.6,8,24,5
7992,4,86,67,5762,0.779,0.164,0.935,2.37,947,386,399
7993,4,81,49,3969,0.605,0.113,0.398,2.26,449,580,199
7994,4,29,48,1392,1.655,0.116,0.268,5.06,162,373,32
7995,4,33,28,924,0.848,0.098,0.271,5.69,91,250,16
7996,4,5,9,45,1.8,0.178,0.533,1.6,8,24,5
7997,4,17,9,153,0.529,0.209,0.497,1.88,32,76,17
7998,4,8,9,72,1.125,0.125,0.319,4.5,9,23,2
7999,4,16,21,336,1.313,0.095,0.515,1.6,32,173,20
8000,4,86,67,5762,0.779,0.164,0.935,2.37,947,386,399
8001,4,9,17,153,1.889,0.144,0.458,3.14,22,70,7
8002,4,45,79,3555,1.756,0.087,0.195,4.81,308,693,64
8003,4,20,39,780,1.95,0.14,0.405,3.21,109,316,34
8004,4,5,4,20,0.8,0.45,0.65,4.5,9,13,2
8005,4,14,19,266,1.357,0.113,0.504,30.0,30,134,1
8006,4,11,463,3993,1.489,0.088,0.16,3.93,631,92,212
8007,4,53,48,2544,0.906,0.181,0.374,4.69,460,951,98
8008,4,6,17,102,2.833,0.137,0.627,2.8,14,64,5
8009,4,36,96,3456,2.667,0.096,0.207,7.7,331,717,43
8010,4,47,286,3442,6.085,0.183,0.317,4.67,459,258,526
8011,4,30,61,1830,2.033,0.157,0.483,1.88,288,884,153
8012,4,36,48,1728,1.333,0.143,0.437,3.58,247,755,69
8013,4,5,9,45,1.8,0.178,0.533,1.6,8,24,5
8014,4,5,4,20,0.8,0.45,0.65,4.5,9,13,2
8015,4,4,7,28,1.75,0.286,1.0,2.0,8,28,4
8016,4,5,4,20,0.8,0.45,0.65,4.5,9,13,2
8017,4,31,105,3255,3.387,0.242,0.456,4.89,787,485,161
8018,4,47,286,3442,6.085,0.183,0.317,4.67,459,258,526
8019,4,17,60,1020,3.529,0.139,0.371,7.1,142,378,20
8020,4,0,49,4900,0.49,0.093,0.4,1.77,458,958,259
8021,4,16,29,464,1.813,0.144,0.496,2.58,67,230,26
8022,4,58,167,6386,1.057,0.16,0.276,8.24,213,279,511
8023,4,32,106,3392,3.313,0.198,0.395,4.56,671,341,147
8024,4,6,13,78,2.167,0.103,0.449,4.0,8,35,2
8025,4,19,47,893,2.474,0.078,0.112,3.89,70,100,18
8026,4,29,48,1392,1.655,0.116,0.268,5.06,162,373,32
8027,4,86,67,5762,0.779,0.164,0.935,2.37,947,386,399
8028,4,11,463,3993,1.489,0.088,0.16,3.93,631,92,212
8029,4,21,4,84,0.19,0.31,0.643,3.71,26,54,7
8030,4,25,9,225,0.36,0.187,0.436,2.47,42,98,17
8031,4,34,25,850,0.735,0.256,0.534,2.06,218,454,106
8032,4,13,8,104,0.615,0.154,0.769,1.07,16,80,15
8033,4,6,13,78,2.167,0.103,0.449,4.0,8,35,2
8034,4,43,62,2666,1.442,0.08,0.17,6.63,212,454,32
8035,4,31,71,2201,2.29,0.159,0.296,10.29,350,651,34
8036,4,31,37,1147,1.194,0.189,0.555,2.07,217,637,105
8037,4,10,12,120,1.2,0.208,0.583,1.67,25,70,15
8038,4,4,5,20,1.25,0.35,0.8,2.33,7,16,3
8039,4,83,277,2991,3.337,0.18,0.365,6.86,138,387,603
8040,4,6,6,36,1.0,0.194,0.417,3.5,7,15,2
8041,4,14,17,238,1.214,0.113,0.387,1.8,27,92,15
8042,4,37,20,740,0.541,0.131,0.193,4.22,97,143,23
8043,4,7,13,91,1.857,0.154,0.484,2.0,14,44,7
8044,4,83,314,6062,3.783,0.298,0.671,8.75,772,482,888
8045,4,29,61,1769,2.103,0.121,0.431,1.78,214,762,120
8046,4,6,6,36,1.0,0.194,0.417,3.5,7,15,2
8047,4,24,18,432,0.75,0.139,0.377,2.07,60,163,29
8048,4,22,22,484,1.0,0.107,0.473,1.79,52,229,29
8049,4,9,10,90,1.111,0.144,0.522,6.5,13,47,2
8050,4,83,315,6145,3.795,0.295,0.594,9.21,725,523,839
8051,4,33,28,924,0.848,0.098,0.271,5.69,91,250,16
8052,4,7,24,168,3.429,0.101,0.298,1.89,17,50,9
8053,4,6,6,36,1.0,0.194,0.417,3.5,7,15,2
8054,4,4,5,20,1.25,0.35,0.8,2.33,7,16,3
8055,4,13,5,65,0.385,0.323,0.554,5.25,21,36,4
8056,4,13,5,65,0.385,0.123,0.538,8.0,8,35,1
8057,4,36,96,3456,2.667,0.096,0.207,7.7,331,717,43
8058,4,16,4,64,0.25,0.156,0.531,5.0,10,34,2
8059,4,19,47,893,2.474,0.078,0.112,3.89,70,100,18
8060,4,16,30,480,1.875,0.133,0.471,2.29,64,226,28
8061,4,20,39,780,1.95,0.14,0.405,3.21,109,316,34
8062,4,1,99,9999,0.98,0.14,0.778,2.02,398,780,691
8063,4,37,20,740,0.541,0.131,0.193,4.22,97,143,23
8064,4,39,70,2730,1.795,0.09,0.255,7.0,245,697,35
8065,4,18,105,2390,0.89,0.052,0.105,3.33,642,296,193
8066,4,31,37,1147,1.194,0.189,0.555,2.07,217,637,105
8067,4,31,71,2201,2.29,0.159,0.296,10.29,350,651,34
8068,4,53,442,7626,2.889,0.114,0.215,6.27,689,538,227
8069,4,6,12,72,2.0,0.139,0.514,1.43,10,37,7
8070,4,16,21,336,1.313,0.095,0.515,1.6,32,173,20
8071,4,68,34,2312,0.5,0.224,0.526,2.44,519,215,213
8072,4,91,285,5935,3.132,0.158,0.165,113.89,100,287,36
8073,4,36,48,1728,1.333,0.143,0.437,3.58,247,755,69
8074,4,6,6,36,1.0,0.194,0.417,3.5,7,15,2
8075,4,36,43,1548,1.194,0.117,0.183,3.07,181,283,59
8076,4,17,9,153,0.529,0.209,0.497,1.88,32,76,17
8077,4,68,34,2312,0.5,0.224,0.526,2.44,519,215,213
8078,4,12,464,8368,2.189,0.052,0.07,11.84,66,884,428
8079,4,36,172,6192,4.778,0.128,0.337,4.84,793,86,164
8080,4,38,70,2660,1.842,0.059,0.062,19.63,157,165,8
8081,4,1,99,9999,0.98,0.14,0.778,2.02,398,780,691
8082,4,16,21,336,1.313,0.095,0.515,1.6,32,173,20
8083,4,13,13,169,1.0,0.124,0.45,3.5,21,76,6
8084,4,17,9,153,0.529,0.209,0.497,1.88,32,76,17
8085,4,21,4,84,0.19,0.31,0.643,3.71,26,54,7
8086,4,13,13,169,1.0,0.124,0.45,3.5,21,76,6
8087,4,5,12,60,2.4,0.133,0.267,4.0,8,16,2
8088,4,45,79,3555,1.756,0.087,0.195,4.81,308,693,64
8089,4,67,30,2010,0.448,0.169,0.46,2.26,339,924,150
8090,4,53,442,7626,2.889,0.114,0.215,6.27,689,538,227
8091,4,11,48,528,4.364,0.237,0.39,7.35,125,206,17
8092,4,5,7,35,1.4,0.229,0.6,2.67,8,21,3
8093,4,16,29,464,1.813,0.144,0.496,2.58,67,230,26
8094,4,7,47,329,6.714,0.158,0.289,5.78,52,95,9
8095,4,6,5,30,0.833,0.367,1.0,2.2,11,30,5
8096,4,13,13,169,1.0,0.124,0.45,3.5,21,76,6
8097,4,12,464,8368,2.189,0.052,0.07,11.84,66,884,428
8098,4,8,16,128,2.0,0.156,0.859,5.0,20,110,4
8099,4,4,5,20,1.25,0.35,0.8,2.33,7,16,3
8100,4,7,24,168,3.429,0.101,0.298,1.89,17,50,9
8101,4,54,48,2592,0.889,0.143,0.264,6.85,370,685,54
8102,4,6,5,30,0.833,0.367,1.0,2.2,11,30,5
8103,4,29,61,1769,2.103,0.121,0.431,1.78,214,762,120
8104,4,12,146,1752,12.167,0.091,0.128,26.67,160,225,6
8105,4,83,326,7058,3.928,0.286,0.671,7.55,741,149,25
8106,4,45,79,3555,1.756,0.087,0.195,4.81,308,693,64
8107,4,7,15,105,2.143,0.114,0.295,2.4,12,31,5
8108,4,13,13,169,1.0,0.124,0.45,3.5,21,76,6
8109,4,8,4,32,0.5,0.438,0.594,7.0,14,19,2
8110,4,6,6,36,1.0,0.194,0.417,3.5,7,15,2
8111,4,18,105,2390,0.89,0.052,0.105,3.33,642,296,193
8112,4,5,4,20,0.8,0.45,0.65,4.5,9,13,2
8113,4,6,12,72,2.0,0.139,0.514,1.43,10,37,7
8114,4,8,16,128,2.0,0.156,0.859,5.0,20,110,4
8115,4,53,48,2544,0.906,0.157,0.269,7.84,400,685,51
8116,4,52,48,2496,0.923,0.138,0.248,7.67,345,619,45
8117,4,6,12,72,2.0,0.139,0.514,1.43,10,37,7
8118,4,85,69,5865,0.812,0.165,0.441,1.44,969,588,674
8119,4,4,5,20,1.25,0.35,0.8,2.33,7,16,3
8120,4,54,357,9278,6.611,0.324,0.644,6.22,238,422,3
8121,4,45,79,3555,1.756,0.087,0.195,4.81,308,693,64
8122,4,48,402,9296,8.375,0.055,0.094,4.13,58,814,256
8123,4,11,463,3993,1.489,0.088,0.16,3.93,631,92,212
8124,4,16,21,336,1.313,0.095,0.515,1.6,32,173,20
8125,4,16,21,336,1.313,0.095,0.515,1.6,32,173,20
8126,4,6,9,54,1.5,0.148,0.296,4.0,8,16,2
8127,4,8,5,40,0.625,0.275,0.45,3.67,11,18,3
8128,4,5,4,20,0.8,0.45,0.65,4.5,9,13,2
8129,4,22,22,484,1.0,0.107,0.473,1.79,52,229,29
8130,4,14,17,238,1.214,0.113,0.387,1.8,27,92,15
8131,4,97,198,9006,1.005,0.273,0.332,46.93,654,964,227
8132,4,8,16,128,2.0,0.156,0.859,5.0,20,110,4
8133,4,7,24,168,3.429,0.101,0.298,1.89,17,50,9
8134,4,11,463,3993,1.489,0.088,0.16,3.93,631,92,212
8135,4,83,277,2991,3.337,0.18,0.365,6.86,138,387,603
8136,4,6,5,30,0.833,0.367,1.0,2.2,11,30,5
8137,4,11,48,528,4.364,0.237,0.39,7.35,125,206,17
8138,4,36,48,1728,1.333,0.143,0.437,3.58,247,755,69
8139,4,6,5,30,0.833,0.233,0.633,1.75,7,19,4
8140,4,7,13,91,1.857,0.154,0.484,2.0,14,44,7
8141,4,6,12,72,2.0,0.139,0.514,1.43,10,37,7
8142,4,83,314,6062,3.783,0.282,0.619,8.77,353,139,838
8143,4,31,71,2201,2.29,0.159,0.296,10.29,350,651,34
8144,4,24,18,432,0.75,0.139,0.377,2.07,60,163,29
8145,4,4,11,44,2.75,0.159,0.932,1.75,7,41,4
8146,4,20,39,780,1.95,0.14,0.405,3.21,109,316,34
8147,4,4,463,752,1.523,0.063,0.121,3.91,898,81,273
8148,4,4,8,32,2.0,0.344,0.531,5.5,11,17,2
8149,4,22,22,484,1.0,0.107,0.473,1.79,52,229,29
8150,4,83,314,6062,3.783,0.298,0.671,8.75,772,482,888
8151,4,12,464,8368,2.189,0.052,0.07,11.84,66,884,428
8152,4,10,12,120,1.2,0.208,0.583,1.67,25,70,15
8153,4,13,5,65,0.385,0.123,0.538,8.0,8,35,1
8154,4,14,19,266,1.357,0.128,0.541,2.83,34,144,12
8155,4,9,4,36,0.444,0.25,0.75,9.0,9,27,1
8156,4,12,4,48,0.333,0.292,1.0,2.0,14,48,7
8157,4,83,314,6062,3.783,0.282,0.619,8.77,353,139,838
8158,4,39,70,2730,1.795,0.09,0.255,7.0,245,697,35
8159,4,16,21,336,1.313,0.095,0.515,1.6,32,173,20
8160,4,81,49,3969,0.605,0.113,0.398,2.26,449,580,199
8161,4,48,402,9296,8.375,0.055,0.094,4.13,58,814,256
8162,4,16,4,64,0.25,0.156,0.531,5.0,10,34,2
8163,4,58,167,6386,1.057,0.16,0.276,8.24,213,279,511
8164,4,12,464,8368,2.189,0.052,0.07,11.84,66,884,428
8165,4,6,465,2290,1.52,0.055,0.123,2.69,861,452,925
8166,4,21,4,84,0.19,0.31,0.643,3.71,26,54,7
8167,4,12,4,48,0.333,0.292,1.0,2.0,14,48,7
8168,4,36,48,1728,1.333,0.143,0.437,3.58,247,755,69
8169,4,6,12,72,2.0,0.139,0.514,1.43,10,37,7
8170,4,60,286,5760,1.788,0.201,0.226,55.42,199,347,166
8171,4,8,5,40,0.625,0.275,0.45,3.67,11,18,3
8172,4,6,12,72,2.0,0.139,0.514,1.43,10,37,7
8173,4,12,146,1752,12.167,0.091,0.128,26.67,160,225,6
8174,4,68,34,2312,0.5,0.224,0.526,2.44,519,215,213
8175,4,33,28,924,0.848,0.098,0.271,5.69,91,250,16
8176,4,12,464,8368,2.189,0.052,0.07,11.84,66,884,428
8177,4,9,4,36,0.444,0.25,0.75,9.0,9,27,1
8178,4,9,6,54,0.667,0.407,0.519,5.5,22,28,4
8179,4,8,4,32,0.5,0.438,0.594,7.0,14,19,2
8180,4,16,4,64,0.25,0.156,0.531,5.0,10,34,2
8181,4,21,68,1428,3.238,0.052,0.109,5.69,74,156,13
8182,4,6,9,54,1.5,0.148,0.296,4.0,8,16,2
8183,4,17,60,1020,3.529,0.139,0.371,7.1,142,378,20
8184,4,54,48,2592,0.889,0.143,0.264,6.85,370,685,54
8185,4,8,9,72,1.125,0.125,0.319,4.5,9,23,2
8186,4,60,286,5760,1.788,0.201,0.226,55.42,199,347,166
8187,4,16,4,64,0.25,0.156,0.531,5.0,10,34,2
8188,4,54,357,9278,6.611,0.299,0.655,6.4,766,626,901
8189,4,5,7,35,1.4,0.229,0.6,2.67,8,21,3
8190,4,86,67,5762,0.779,0.164,0.935,2.37,947,386,399
8191,4,7,13,91,1.857,0.154,0.484,2.0,14,44,7
8192,4,12,146,1752,12.167,0.091,0.128,26.67,160,225,6
8193,4,33,28,924,0.848,0.098,0.271,5.69,91,250,16
8194,4,8,4,32,0.5,0.438,0.594,7.0,14,19,2
8195,4,36,43,1548,1.194,0.117,0.183,3.07,181,283,59
8196,4,13,8,104,0.615,0.154,0.769,1.07,16,80,15
8197,4,67,30,2010,0.448,0.169,0.46,2.26,339,924,150
8198,4,31,71,2201,2.29,0.159,0.296,10.29,350,651,34
8199,4,30,61,1830,2.033,0.157,0.483,1.88,288,884,153
8200,4,5,4,20,0.8,0.45,0.65,4.5,9,13,2
8201,4,7,47,329,6.714,0.158,0.289,5.78,52,95,9
8202,4,20,39,780,1.95,0.14,0.405,3.21,109,316,34
8203,4,33,28,924,0.848,0.098,0.271,5.69,91,250,16
8204,4,83,277,2991,3.337,0.18,0.365,6.86,138,387,603
8205,4,21,68,1428,3.238,0.052,0.109,5.69,74,156,13
8206,4,6,5,30,0.833,0.233,0.633,1.75,7,19,4
8207,4,4,11,44,2.75,0.159,0.932,1.75,7,41,4
8208,4,16,4,64,0.25,0.156,0.531,5.0,10,34,2
8209,4,53,48,2544,0.906,0.157,0.269,7.84,400,685,51
8210,4,13,13,169,1.0,0.124,0.45,3.5,21,76,6
8211,4,6,465,2290,1.52,0.055,0.123,2.69,861,452,925
8212,4,4,11,44,2.75,0.159,0.932,1.75,7,41,4
8213,4,9,10,90,1.111,0.144,0.522,6.5,13,47,2
8214,4,53,48,2544,0.906,0.181,0.374,4.69,460,951,98
8215,4,37,20,740,0.541,0.131,0.193,4.22,97,143,23
8216,4,38,70,2660,1.842,0.059,0.062,19.63,157,165,8
8217,4,47,286,3442,6.085,0.183,0.317,4.67,459,258,526
8218,4,1,99,9999,0.98,0.14,0.778,2.02,398,780,691
8219,4,81,49,3969,0.605,0.113,0.398,2.26,449,580,199
8220,4,83,326,7058,3.928,0.286,0.671,7.55,741,149,25
8221,4,53,48,2544,0.906,0.157,0.269,7.84,400,685,51
8222,4,81,49,3969,0.605,0.113,0.398,2.26,449,580,199
8223,4,53,48,2544,0.906,0.157,0.269,7.84,400,685,51
8224,4,21,68,1428,3.238,0.052,0.109,5.69,74,156,13
8225,4,68,34,2312,0.5,0.224,0.526,2.44,519,215,213
8226,4,53,48,2544,0.906,0.181,0.374,4.69,460,951,98
8227,4,6,6,36,1.0,0.194,0.417,3.5,7,15,2
8228,4,6,12,72,2.0,0.139,0.514,1.43,10,37,7
8229,4,17,9,153,0.529,0.209,0.497,1.88,32,76,17
8230,4,30,60,1800,2.0,0.154,0.457,1.85,278,823,150
8231,4,60,286,5760,1.788,0.201,0.226,55.42,199,347,166
8232,4,12,4,48,0.333,0.292,1.0,2.0,14,48,7
8233,4,31,71,2201,2.29,0.159,0.296,10.29,350,651,34
8234,4,29,48,1392,1.655,0.116,0.268,5.06,162,373,32
8235,4,13,13,169,1.0,0.124,0.45,3.5,21,76,6
8236,4,13,13,169,1.0,0.124,0.45,3.5,21,76,6
8237,4,30,61,1830,2.033,0.157,0.483,1.88,288,884,153
8238,4,29,61,1769,2.103,0.121,0.431,1.78,214,762,120
8239,4,52,461,3972,8.865,0.192,0.248,11.52,607,938,400
8240,4,10,7,70,0.7,0.157,0.6,1.57,11,42,7
8241,4,7,47,329,6.714,0.158,0.289,5.78,52,95,9
8242,4,83,277,2991,3.337,0.18,0.365,6.86,138,387,603
8243,4,83,314,6062,3.783,0.298,0.671,8.75,772,482,888
8244,4,83,315,6145,3.795,0.295,0.594,9.21,725,523,839
8245,4,5,9,45,1.8,0.178,0.533,1.6,8,24,5
8246,4,7,15,105,2.143,0.114,0.295,2.4,12,31,5
8247,4,36,172,6192,4.778,0.128,0.337,4.84,793,86,164
8248,4,33,28,924,0.848,0.098,0.271,5.69,91,250,16
8249,4,9,17,153,1.889,0.144,0.458,3.14,22,70,7
8250,4,83,326,7058,3.928,0.286,0.671,7.55,741,149,25
8251,4,13,8,104,0.615,0.154,0.769,1.07,16,80,15
8252,4,83,314,6062,3.783,0.282,0.619,8.77,353,139,838
8253,4,4,7,28,1.75,0.286,1.0,2.0,8,28,4
8254,4,4,463,752,1.523,0.063,0.121,3.91,898,81,273
8255,4,19,47,893,2.474,0.078,0.112,3.89,70,100,18
8256,4,10,7,70,0.7,0.157,0.6,1.57,11,42,7
8257,4,24,18,432,0.75,0.139,0.377,2.07,60,163,29
8258,4,24,18,432,0.75,0.139,0.377,2.07,60,163,29
8259,4,5,7,35,1.4,0.229,0.6,2.67,8,21,3
8260,4,83,315,6145,3.795,0.295,0.594,9.21,725,523,839
8261,4,48,402,9296,8.375,0.055,0.094,4.13,58,814,256
8262,4,31,105,3255,3.387,0.242,0.456,4.89,787,485,161
8263,4,28,61,1708,2.179,0.172,0.509,1.97,294,870,149
8264,4,8,5,40,0.625,0.275,0.45,3.67,11,18,3
8265,4,13,8,104,0.615,0.154,0.769,1.07,16,80,15
8266,4,4,7,28,1.75,0.286,1.0,2.0,8,28,4
8267,4,85,69,5865,0.812,0.165,0.441,1.44,969,588,674
8268,4,37,20,740,0.541,0.131,0.193,4.22,97,143,23
8269,4,14,19,266,1.357,0.113,0.504,30.0,30,134,1
8270,4,86,67,5762,0.779,0.164,0.935,2.37,947,386,399
8271,4,4,5,20,1.25,0.35,0.8,2.33,7,16,3
8272,4,30,61,1830,2.033,0.157,0.483,1.88,288,884,153
8273,4,34,27,918,0.794,0.219,0.554,3.09,201,509,65
8274,4,4,11,44,2.75,0.159,0.932,1.75,7,41,4
8275,4,6,9,54,1.5,0.148,0.296,4.0,8,16,2
8276,4,18,105,2390,0.89,0.052,0.105,3.33,642,296,193
8277,4,16,29,464,1.813,0.144,0.496,2.58,67,230,26
8278,4,7,9,63,1.286,0.143,0.238,9.0,9,15,1
8279,4,16,30,480,1.875,0.133,0.471,2.29,64,226,28
8280,4,36,43,1548,1.194,0.117,0.183,3.07,181,283,59
8281,4,7,13,91,1.857,0.154,0.484,2.0,14,44,7
8282,4,91,285,5935,3.132,0.158,0.165,113.89,100,287,36
8283,4,6,12,72,2.0,0.139,0.514,1.43,10,37,7
8284,4,32,350,1200,10.938,0.142,0.402,3.96,588,497,401
8285,4,36,43,1548,1.194,0.117,0.183,3.07,181,283,59
8286,4,6,5,30,0.833,0.367,1.0,2.2,11,30,5
8287,4,54,357,9278,6.611,0.324,0.644,6.22,238,422,3
8288,4,7,11,77,1.571,0.117,0.494,1.8,9,38,5
8289,4,7,13,91,1.857,0.154,0.484,2.0,14,44,7
8290,4,6,13,78,2.167,0.103,0.449,4.0,8,35,2
8291,4,31,37,1147,1.194,0.189,0.555,2.07,217,637,105
8292,4,20,39,780,1.95,0.14,0.405,3.21,109,316,34
8293,4,7,15,105,2.143,0.114,0.295,2.4,12,31,5
8294,4,54,357,9278,6.611,0.299,0.655,6.4,766,626,901
8295,4,9,4,36,0.444,0.25,0.75,9.0,9,27,1
8296,4,5,4,20,0.8,0.45,0.65,4.5,9,13,2
8297,4,53,48,2544,0.906,0.181,0.374,4.69,460,951,98
8298,4,83,315,6145,3.795,0.295,0.594,9.21,725,523,839
8299,4,54,48,2592,0.889,0.143,0.264,6.85,370,685,54
8300,4,36,43,1548,1.194,0.117,0.183,3.07,181,283,59
8301,4,6,13,78,2.167,0.103,0.449,4.0,8,35,2
8302,4,55,48,2640,0.873,0.142,0.364,4.26,375,960,88
8303,4,83,315,6145,3.795,0.295,0.594,9.21,725,523,839
8304,4,83,315,6145,3.795,0.295,0.594,9.21,725,523,839
8305,4,6,465,2290,1.52,0.055,0.123,2.69,861,452,925
8306,4,28,61,1708,2.179,0.172,0.509,1.97,294,870,149
8307,4,36,48,1728,1.333,0.143,0.437,3.58,247,755,69
8308,4,6,13,78,2.167,0.103,0.449,4.0,8,35,2
8309,4,19,47,893,2.474,0.078,0.112,3.89,70,100,18
8310,4,4,11,44,2.75,0.159,0.932,1.75,7,41,4
8311,4,5,7,35,1.4,0.229,0.6,2.67,8,21,3
8312,4,36,172,6192,4.778,0.128,0.337,4.84,793,86,164
8313,4,16,29,464,1.813,0.144,0.496,2.58,67,230,26
8314,4,4,5,20,1.25,0.35,0.8,2.33,7,16,3
8315,4,7,47,329,6.714,0.158,0.289,5.78,52,95,9
8316,4,21,68,1428,3.238,0.052,0.109,5.69,74,156,13
8317,4,14,17,238,1.214,0.113,0.387,1.8,27,92,15
8318,4,7,24,168,3.429,0.101,0.298,1.89,17,50,9
8319,4,5,9,45,1.8,0.178,0.533,1.6,8,24,5
8320,4,28,61,1708,2.179,0.172,0.509,1.97,294,870,149
8321,4,29,48,1392,1.655,0.116,0.268,5.06,162,373,32
8322,4,6,13,78,2.167,0.103,0.449,4.0,8,35,2
8323,4,8,9,72,1.125,0.125,0.319,4.5,9,23,2
8324,4,4,463,752,1.523,0.063,0.121,3.91,898,81,273
8325,4,91,285,5935,3.132,0.158,0.165,113.89,100,287,36
8326,4,21,4,84,0.19,0.31,0.643,3.71,26,54,7
8327,4,30,60,1800,2.0,0.154,0.457,1.85,278,823,150
8328,4,7,24,168,3.429,0.101,0.298,1.89,17,50,9
8329,4,14,19,266,1.357,0.113,0.504,30.0,30,134,1
8330,4,4,5,20,1.25,0.35,0.8,2.33,7,16,3
8331,4,10,7,70,0.7,0.157,0.6,1.57,11,42,7
8332,4,54,357,9278,6.611,0.324,0.644,6.22,238,422,3
8333,4,31,105,3255,3.387,0.224,0.417,5.35,728,358,136
8334,4,7,11,77,1.571,0.117,0.494,1.8,9,38,5
8335,4,13,5,65,0.385,0.323,0.554,5.25,21,36,4
8336,4,18,105,2390,0.89,0.052,0.105,3.33,642,296,193
8337,4,21,68,1428,3.238,0.052,0.109,5.69,74,156,13
8338,4,53,442,7626,2.889,0.114,0.215,6.27,689,538,227
8339,4,8,5,40,0.625,0.275,0.45,3.67,11,18,3
8340,4,31,105,3255,3.387,0.224,0.417,5.35,728,358,136
8341,4,22,22,484,1.0,0.107,0.473,1.79,52,229,29
8342,4,83,314,6062,3.783,0.298,0.671,8.75,772,482,888
8343,4,9,4,36,0.444,0.25,0.75,9.0,9,27,1
8344,4,36,43,1548,1.194,0.117,0.183,3.07,181,283,59
8345,4,4,5,20,1.25,0.35,0.8,2.33,7,16,3
8346,4,14,19,266,1.357,0.128,0.541,2.83,34,144,12
8347,4,83,277,2991,3.337,0.18,0.365,6.86,138,387,603
8348,4,6,12,72,2.0,0.139,0.514,1.43,10,37,7
8349,4,10,12,120,1.2,0.208,0.583,1.67,25,70,15
8350,4,52,48,2496,0.923,0.138,0.248,7.67,345,619,45
8351,4,6,13,78,2.167,0.103,0.449,4.0,8,35,2
8352,4,32,106,3392,3.313,0.198,0.395,4.56,671,341,147
8353,4,14,19,266,1.357,0.128,0.541,2.83,34,144,12
8354,4,97,198,9006,1.005,0.273,0.332,46.93,654,964,227
8355,4,29,61,1769,2.103,0.121,0.431,1.78,214,762,120
8356,4,54,357,9278,6.611,0.299,0.655,6.4,766,626,901
8357,4,30,60,1800,2.0,0.154,0.457,1.85,278,823,150
8358,4,8,4,32,0.5,0.438,0.594,7.0,14,19,2
8359,4,33,28,924,0.848,0.098,0.271,5.69,91,250,16
8360,4,37,72,2664,1.946,0.12,0.257,7.64,321,685,42
8361,4,36,43,1548,1.194,0.117,0.183,3.07,181,283,59
8362,4,4,8,32,2.0,0.344,0.531,5.5,11,17,2
8363,4,83,326,7058,3.928,0.286,0.671,7.55,741,149,25
8364,4,4,8,32,2.0,0.344,0.531,5.5,11,17,2
8365,4,1,99,9999,0.98,0.14,0.778,2.02,398,780,691
8366,4,60,286,5760,1.788,0.201,0.226,55.42,199,347,166
8367,4,81,49,3969,0.605,0.113,0.398,2.26,449,580,199
8368,4,52,48,2496,0.923,0.138,0.248,7.67,345,619,45
8369,4,4,8,32,2.0,0.344,0.531,5.5,11,17,2
8370,4,30,61,1830,2.033,0.157,0.483,1.88,288,884,153
8371,4,20,39,780,1.95,0.14,0.405,3.21,109,316,34
8372,4,54,357,9278,6.611,0.324,0.644,6.22,238,422,3
8373,4,36,43,1548,1.194,0.117,0.183,3.07,181,283,59
8374,4,4,5,20,1.25,0.35,0.8,2.33,7,16,3
8375,4,43,62,2666,1.442,0.08,0.17,6.63,212,454,32
8376,4,15,14,210,0.933,0.11,0.338,1.92,23,71,12
8377,4,30,61,1830,2.033,0.157,0.483,1.88,288,884,153
8378,4,83,326,7058,3.928,0.286,0.671,7.55,741,149,25
8379,4,39,70,2730,1.795,0.09,0.255,7.0,245,697,35
8380,4,49,79,3871,1.612,0.084,0.179,7.36,324,694,44
8381,4,49,79,3871,1.612,0.084,0.179,7.36,324,694,44
8382,4,6,13,78,2.167,0.103,0.449,4.0,8,35,2
8383,4,45,79,3555,1.756,0.087,0.195,4.81,308,693,64
8384,4,29,61,1769,2.103,0.121,0.431,1.78,214,762,120
8385,4,52,48,2496,0.923,0.138,0.248,7.67,345,619,45
8386,4,6,13,78,2.167,0.103,0.449,4.0,8,35,2
8387,4,6,17,102,2.833,0.137,0.627,2.8,14,64,5
8388,4,13,8,104,0.615,0.154,0.769,1.07,16,80,15
8389,4,12,4,48,0.333,0.292,1.0,2.0,14,48,7
8390,4,67,30,2010,0.448,0.169,0.46,2.26,339,924,150
8391,4,6,13,78,2.167,0.103,0.449,4.0,8,35,2
8392,4,10,12,120,1.2,0.208,0.583,1.67,25,70,15
8393,4,18,105,2390,0.89,0.052,0.105,3.33,642,296,193
8394,4,16,21,336,1.313,0.095,0.515,1.6,32,173,20
8395,4,16,21,336,1.313,0.095,0.515,1.6,32,173,20
8396,4,36,96,3456,2.667,0.096,0.207,7.7,331,717,43
8397,4,6,6,36,1.0,0.194,0.417,3.5,7,15,2
8398,4,25,9,225,0.36,0.187,0.436,2.47,42,98,17
8399,4,6,5,30,0.833,0.367,1.0,2.2,11,30,5
8400,4,83,314,6062,3.783,0.298,0.671,8.75,772,482,888
8401,4,34,27,918,0.794,0.219,0.554,3.09,201,509,65
8402,4,31,37,1147,1.194,0.189,0.555,2.07,217,637,105
8403,4,31,105,3255,3.387,0.224,0.417,5.35,728,358,136
8404,4,10,7,70,0.7,0.157,0.6,1.57,11,42,7
8405,4,9,4,36,0.444,0.25,0.75,9.0,9,27,1
8406,4,6,5,30,0.833,0.233,0.633,1.75,7,19,4
8407,4,21,68,1428,3.238,0.052,0.109,5.69,74,156,13
8408,4,31,37,1147,1.194,0.189,0.555,2.07,217,637,105
8409,4,25,9,225,0.36,0.187,0.436,2.47,42,98,17
8410,4,48,402,9296,8.375,0.055,0.094,4.13,58,814,256
8411,4,83,315,6145,3.795,0.295,0.594,9.21,725,523,839
8412,4,60,286,5760,1.788,0.201,0.226,55.42,199,347,166
8413,4,30,60,1800,2.0,0.154,0.457,1.85,278,823,150
8414,4,13,13,169,1.0,0.124,0.45,3.5,21,76,6
8415,4,67,30,2010,0.448,0.169,0.46,2.26,339,924,150
8416,4,36,172,6192,4.778,0.128,0.337,4.84,793,86,164
8417,4,91,285,5935,3.132,0.158,0.165,113.89,100,287,36
8418,4,6,17,102,2.833,0.137,0.627,2.8,14,64,5
8419,4,6,5,30,0.833,0.367,1.0,2.2,11,30,5
8420,4,15,14,210,0.933,0.11,0.338,1.92,23,71,12
8421,4,8,5,40,0.625,0.275,0.45,3.67,11,18,3
8422,4,7,15,105,2.143,0.114,0.295,2.4,12,31,5
8423,4,34,25,850,0.735,0.256,0.534,2.06,218,454,106
8424,4,86,67,5762,0.779,0.164,0.935,2.37,947,386,399
8425,4,67,30,2010,0.448,0.169,0.46,2.26,339,924,150
8426,4,58,167,6386,1.057,0.16,0.276,8.24,213,279,511
8427,4,31,105,3255,3.387,0.242,0.456,4.89,787,485,161
8428,4,4,5,20,1.25,0.35,0.8,2.33,7,16,3
8429,4,25,9,225,0.36,0.187,0.436,2.47,42,98,17
8430,4,6,17,102,2.833,0.137,0.627,2.8,14,64,5
8431,4,10,12,120,1.2,0.208,0.583,1.67,25,70,15
8432,4,7,13,91,1.857,0.154,0.484,2.0,14,44,7
8433,4,14,17,238,1.214,0.113,0.387,1.8,27,92,15
8434,4,7,24,168,3.429,0.101,0.298,1.89,17,50,9
8435,4,10,12,120,1.2,0.208,0.583,1.67,25,70,15
8436,4,45,79,3555,1.756,0.087,0.195,4.81,308,693,64
8437,4,86,67,5762,0.779,0.164,0.935,2.37,947,386,399
8438,4,6,465,2290,1.52,0.055,0.123,2.69,861,452,925
8439,4,31,105,3255,3.387,0.242,0.456,4.89,787,485,161
8440,4,53,48,2544,0.906,0.181,0.374,4.69,460,951,98
8441,4,52,48,2496,0.923,0.138,0.248,7.67,345,619,45
8442,4,1,99,9999,0.98,0.14,0.778,2.02,398,780,691
8443,4,17,60,1020,3.529,0.139,0.371,7.1,142,378,20
8444,4,97,198,9006,1.005,0.273,0.332,46.93,654,964,227
8445,4,33,28,924,0.848,0.098,0.271,5.69,91,250,16
8446,4,52,48,2496,0.923,0.138,0.248,7.67,345,619,45
8447,4,30,61,1830,2.033,0.157,0.483,1.88,288,884,153
8448,4,9,4,36,0.444,0.25,0.75,9.0,9,27,1
8449,4,30,61,1830,2.033,0.157,0.483,1.88,288,884,153
8450,4,25,9,225,0.36,0.187,0.436,2.47,42,98,17
8451,4,83,314,6062,3.783,0.282,0.619,8.77,353,139,838
8452,4,18,105,2390,0.89,0.052,0.105,3.33,642,296,193
8453,4,25,9,225,0.36,0.187,0.436,2.47,42,98,17
8454,4,14,19,266,1.357,0.113,0.504,30.0,30,134,1
8455,4,14,19,266,1.357,0.113,0.504,30.0,30,134,1
8456,4,9,4,36,0.444,0.25,0.75,9.0,9,27,1
8457,4,7,15,105,2.143,0.114,0.295,2.4,12,31,5
8458,4,8,9,72,1.125,0.125,0.319,4.5,9,23,2
8459,4,85,69,5865,0.812,0.165,0.441,1.44,969,588,674
8460,4,36,172,6192,4.778,0.128,0.337,4.84,793,86,164
8461,4,11,463,3993,1.489,0.088,0.16,3.93,631,92,212
8462,4,7,24,168,3.429,0.101,0.298,1.89,17,50,9
8463,4,5,4,20,0.8,0.45,0.65,4.5,9,13,2
8464,4,37,72,2664,1.946,0.12,0.257,7.64,321,685,42
8465,4,1,99,9999,0.98,0.14,0.778,2.02,398,780,691
8466,4,86,67,5762,0.779,0.164,0.935,2.37,947,386,399
8467,4,12,4,48,0.333,0.292,1.0,2.0,14,48,7
8468,4,34,25,850,0.735,0.256,0.534,2.06,218,454,106
8469,4,97,198,9006,1.005,0.273,0.332,46.93,654,964,227
8470,4,6,12,72,2.0,0.139,0.514,1.43,10,37,7
8471,4,16,29,464,1.813,0.144,0.496,2.58,67,230,26
8472,4,30,61,1830,2.033,0.157,0.483,1.88,288,884,153
8473,4,49,79,3871,1.612,0.084,0.179,7.36,324,694,44
8474,4,38,70,2660,1.842,0.059,0.062,19.63,157,165,8
8475,4,52,461,3972,8.865,0.192,0.248,11.52,607,938,400
8476,4,6,12,72,2.0,0.139,0.514,1.43,10,37,7
8477,4,32,350,1200,10.938,0.142,0.402,3.96,588,497,401
8478,4,14,19,266,1.357,0.113,0.504,30.0,30,134,1
8479,4,9,10,90,1.111,0.144,0.522,6.5,13,47,2
8480,4,48,402,9296,8.375,0.055,0.094,4.13,58,814,256
8481,4,9,17,153,1.889,0.144,0.458,3.14,22,70,7
8482,4,9,4,36,0.444,0.25,0.75,9.0,9,27,1
8483,4,54,48,2592,0.889,0.143,0.264,6.85,370,685,54
8484,4,16,4,64,0.25,0.156,0.531,5.0,10,34,2
8485,4,7,47,329,6.714,0.158,0.289,5.78,52,95,9
8486,4,18,105,2390,0.89,0.052,0.105,3.33,642,296,193
8487,4,7,24,168,3.429,0.101,0.298,1.89,17,50,9
8488,4,54,357,9278,6.611,0.299,0.655,6.4,766,626,901
8489,4,34,27,918,0.794,0.219,0.554,3.09,201,509,65
8490,4,7,11,77,1.571,0.117,0.494,1.8,9,38,5
8491,4,9,17,153,1.889,0.144,0.458,3.14,22,70,7
8492,4,39,70,2730,1.795,0.09,0.255,7.0,245,697,35
8493,4,8,16,128,2.0,0.156,0.859,5.0,20,110,4
8494,4,13,5,65,0.385,0.323,0.554,5.25,21,36,4
8495,4,6,6,36,1.0,0.194,0.417,3.5,7,15,2
8496,4,25,9,225,0.36,0.187,0.436,2.47,42,98,17
8497,4,7,13,91,1.857,0.154,0.484,2.0,14,44,7
8498,4,11,463,3993,1.489,0.088,0.16,3.93,631,92,212
8499,4,83,315,6145,3.795,0.295,0.594,9.21,725,523,839
8500,4,83,315,6145,3.795,0.295,0.594,9.21,725,523,839
8501,4,7,11,77,1.571,0.117,0.494,1.8,9,38,5
8502,4,53,442,7626,2.889,0.114,0.215,6.27,689,538,227
8503,4,83,315,6145,3.795,0.295,0.594,9.21,725,523,839
8504,4,9,17,153,1.889,0.144,0.458,3.14,22,70,7
8505,4,13,13,169,1.0,0.124,0.45,3.5,21,76,6
8506,4,28,61,1708,2.179,0.172,0.509,1.97,294,870,149
8507,4,86,67,5762,0.779,0.164,0.935,2.37,947,386,399
8508,4,6,9,54,1.5,0.148,0.296,4.0,8,16,2
8509,4,8,5,40,0.625,0.275,0.45,3.67,11,18,3
8510,4,53,48,2544,0.906,0.157,0.269,7.84,400,685,51
8511,4,7,9,63,1.286,0.143,0.238,9.0,9,15,1
8512,4,13,5,65,0.385,0.123,0.538,8.0,8,35,1
8513,4,55,48,2640,0.873,0.142,0.364,4.26,375,960,88
8514,4,7,24,168,3.429,0.101,0.298,1.89,17,50,9
8515,4,83,314,6062,3.783,0.298,0.671,8.75,772,482,888
8516,4,49,79,3871,1.612,0.084,0.179,7.36,324,694,44
8517,4,83,315,6145,3.795,0.295,0.594,9.21,725,523,839
8518,4,54,357,9278,6.611,0.299,0.655,6.4,766,626,901
8519,4,4,7,28,1.75,0.286,1.0,2.0,8,28,4
8520,4,32,106,3392,3.313,0.198,0.395,4.56,671,341,147
8521,4,86,67,5762,0.779,0.164,0.935,2.37,947,386,399
8522,4,38,70,2660,1.842,0.059,0.062,19.63,157,165,8
8523,4,16,4,64,0.25,0.156,0.531,5.0,10,34,2
8524,4,52,48,2496,0.923,0.138,0.248,7.67,345,619,45
8525,4,12,146,1752,12.167,0.091,0.128,26.67,160,225,6
8526,4,45,79,3555,1.756,0.087,0.195,4.81,308,693,64
8527,4,9,4,36,0.444,0.25,0.75,9.0,9,27,1
8528,4,6,465,2290,1.52,0.055,0.123,2.69,861,452,925
8529,4,83,277,2991,3.337,0.18,0.365,6.86,138,387,603
8530,4,4,5,20,1.25,0.35,0.8,2.33,7,16,3
8531,4,55,48,2640,0.873,0.142,0.364,4.26,375,960,88
8532,4,31,71,2201,2.29,0.159,0.296,10.29,350,651,34
8533,4,7,11,77,1.571,0.117,0.494,1.8,9,38,5
8534,4,81,49,3969,0.605,0.113,0.398,2.26,449,580,199
8535,4,6,12,72,2.0,0.139,0.514,1.43,10,37,7
8536,4,83,315,6145,3.795,0.295,0.594,9.21,725,523,839
8537,4,9,17,153,1.889,0.144,0.458,3.14,22,70,7
8538,4,4,11,44,2.75,0.159,0.932,1.75,7,41,4
8539,4,32,350,1200,10.938,0.142,0.402,3.96,588,497,401
8540,4,4,5,20,1.25,0.35,0.8,2.33,7,16,3
8541,4,48,402,9296,8.375,0.055,0.094,4.13,58,814,256
8542,4,4,11,44,2.75,0.159,0.932,1.75,7,41,4
8543,4,8,4,32,0.5,0.438,0.594,7.0,14,19,2
8544,4,25,9,225,0.36,0.187,0.436,2.47,42,98,17
8545,4,12,464,8368,2.189,0.052,0.07,11.84,66,884,428
8546,4,4,463,752,1.523,0.063,0.121,3.91,898,81,273
8547,4,5,3,15,0.6,0.467,0.6,3.5,7,9,2
8548,4,53,48,2544,0.906,0.181,0.374,4.69,460,951,98
8549,4,31,105,3255,3.387,0.242,0.456,4.89,787,485,161
8550,4,31,105,3255,3.387,0.224,0.417,5.35,728,358,136
8551,4,8,4,32,0.5,0.438,0.594,7.0,14,19,2
8552,4,16,4,64,0.25,0.156,0.531,5.0,10,34,2
8553,4,97,198,9006,1.005,0.273,0.332,46.93,654,964,227
8554,4,24,18,432,0.75,0.139,0.377,2.07,60,163,29
8555,4,7,9,63,1.286,0.143,0.238,9.0,9,15,1
8556,4,6,465,2290,1.52,0.055,0.123,2.69,861,452,925
8557,4,32,350,1200,10.938,0.142,0.402,3.96,588,497,401
8558,4,19,47,893,2.474,0.078,0.112,3.89,70,100,18
8559,4,30,61,1830,2.033,0.157,0.483,1.88,288,884,153
8560,4,83,314,6062,3.783,0.298,0.671,8.75,772,482,888
8561,4,6,9,54,1.5,0.148,0.296,4.0,8,16,2
8562,4,21,4,84,0.19,0.31,0.643,3.71,26,54,7
8563,4,33,28,924,0.848,0.098,0.271,5.69,91,250,16
8564,4,31,71,2201,2.29,0.159,0.296,10.29,350,651,34
8565,4,13,5,65,0.385,0.123,0.538,8.0,8,35,1
8566,4,10,12,120,1.2,0.208,0.583,1.67,25,70,15
8567,4,83,277,2991,3.337,0.18,0.365,6.86,138,387,603
8568,4,29,61,1769,2.103,0.121,0.431,1.78,214,762,120
8569,4,4,8,32,2.0,0.344,0.531,5.5,11,17,2
8570,4,12,464,8368,2.189,0.052,0.07,11.84,66,884,428
8571,4,6,6,36,1.0,0.194,0.417,3.5,7,15,2
8572,4,6,9,54,1.5,0.148,0.296,4.0,8,16,2
8573,4,54,357,9278,6.611,0.324,0.644,6.22,238,422,3
8574,4,81,49,3969,0.605,0.113,0.398,2.26,449,580,199
8575,4,14,17,238,1.214,0.113,0.387,1.8,27,92,15
8576,4,32,106,3392,3.313,0.198,0.395,4.56,671,341,147
8577,4,85,69,5865,0.812,0.165,0.441,1.44,969,588,674
8578,4,53,48,2544,0.906,0.181,0.374,4.69,460,951,98
8579,4,53,442,7626,2.889,0.114,0.215,6.27,689,538,227
8580,4,6,465,2290,1.52,0.055,0.123,2.69,861,452,925
8581,4,8,4,32,0.5,0.438,0.594,7.0,14,19,2
8582,4,48,402,9296,8.375,0.055,0.094,4.13,58,814,256
8583,4,43,62,2666,1.442,0.08,0.17,6.63,212,454,32
8584,4,11,463,3993,1.489,0.088,0.16,3.93,631,92,212
8585,4,6,5,30,0.833,0.233,0.633,1.75,7,19,4
8586,4,24,18,432,0.75,0.139,0.377,2.07,60,163,29
8587,4,8,9,72,1.125,0.125,0.319,4.5,9,23,2
8588,4,9,4,36,0.444,0.25,0.75,9.0,9,27,1
8589,4,4,11,44,2.75,0.159,0.932,1.75,7,41,4
8590,4,13,8,104,0.615,0.154,0.769,1.07,16,80,15
8591,4,7,47,329,6.714,0.158,0.289,5.78,52,95,9
8592,4,17,9,153,0.529,0.209,0.497,1.88,32,76,17
8593,4,54,48,2592,0.889,0.143,0.264,6.85,370,685,54
8594,4,58,167,6386,1.057,0.16,0.276,8.24,213,279,511
8595,4,30,61,1830,2.033,0.157,0.483,1.88,288,884,153
8596,4,34,27,918,0.794,0.219,0.554,3.09,201,509,65
8597,4,38,70,2660,1.842,0.059,0.062,19.63,157,165,8
8598,4,4,7,28,1.75,0.286,1.0,2.0,8,28,4
8599,4,0,49,4900,0.49,0.093,0.4,1.77,458,958,259
8600,4,45,79,3555,1.756,0.087,0.195,4.81,308,693,64
8601,4,13,13,169,1.0,0.124,0.45,3.5,21,76,6
8602,4,31,71,2201,2.29,0.159,0.296,10.29,350,651,34
8603,4,7,11,77,1.571,0.117,0.494,1.8,9,38,5
8604,4,12,146,1752,12.167,0.091,0.128,26.67,160,225,6
8605,4,8,4,32,0.5,0.438,0.594,7.0,14,19,2
8606,4,37,72,2664,1.946,0.12,0.257,7.64,321,685,42
8607,4,31,37,1147,1.194,0.189,0.555,2.07,217,637,105
8608,4,8,5,40,0.625,0.275,0.45,3.67,11,18,3
8609,4,29,61,1769,2.103,0.121,0.431,1.78,214,762,120
8610,4,6,465,2290,1.52,0.055,0.123,2.69,861,452,925
8611,4,97,198,9006,1.005,0.273,0.332,46.93,654,964,227
8612,4,18,105,2390,0.89,0.052,0.105,3.33,642,296,193
8613,4,24,18,432,0.75,0.139,0.377,2.07,60,163,29
8614,4,6,13,78,2.167,0.103,0.449,4.0,8,35,2
8615,4,12,146,1752,12.167,0.091,0.128,26.67,160,225,6
8616,4,30,61,1830,2.033,0.157,0.483,1.88,288,884,153
8617,4,4,463,752,1.523,0.063,0.121,3.91,898,81,273
8618,4,97,198,9006,1.005,0.273,0.332,46.93,654,964,227
8619,4,11,48,528,4.364,0.237,0.39,7.35,125,206,17
8620,4,54,48,2592,0.889,0.143,0.264,6.85,370,685,54
8621,4,43,62,2666,1.442,0.08,0.17,6.63,212,454,32
8622,4,31,105,3255,3.387,0.242,0.456,4.89,787,485,161
8623,4,31,105,3255,3.387,0.224,0.417,5.35,728,358,136
8624,4,4,7,28,1.75,0.286,1.0,2.0,8,28,4
8625,4,54,357,9278,6.611,0.324,0.644,6.22,238,422,3
8626,4,24,18,432,0.75,0.139,0.377,2.07,60,163,29
8627,4,18,105,2390,0.89,0.052,0.105,3.33,642,296,193
8628,4,6,5,30,0.833,0.233,0.633,1.75,7,19,4
8629,4,36,43,1548,1.194,0.117,0.183,3.07,181,283,59
8630,4,83,277,2991,3.337,0.18,0.365,6.86,138,387,603
8631,4,31,105,3255,3.387,0.242,0.456,4.89,787,485,161
8632,4,7,15,105,2.143,0.114,0.295,2.4,12,31,5
8633,4,15,14,210,0.933,0.11,0.338,1.92,23,71,12
8634,4,8,1,8,0.125,0.875,1.0,7.0,7,8,1
8635,4,34,25,850,0.735,0.256,0.534,2.06,218,454,106
8636,4,54,357,9278,6.611,0.299,0.655,6.4,766,626,901
8637,4,13,5,65,0.385,0.323,0.554,5.25,21,36,4
8638,4,21,68,1428,3.238,0.052,0.109,5.69,74,156,13
8639,4,7,9,63,1.286,0.143,0.238,9.0,9,15,1
8640,4,13,5,65,0.385,0.123,0.538,8.0,8,35,1
8641,4,54,357,9278,6.611,0.324,0.644,6.22,238,422,3
8642,4,34,25,850,0.735,0.256,0.534,2.06,218,454,106
8643,4,13,13,169,1.0,0.124,0.45,3.5,21,76,6
8644,4,4,5,20,1.25,0.35,0.8,2.33,7,16,3
8645,4,7,15,105,2.143,0.114,0.295,2.4,12,31,5
8646,4,91,285,5935,3.132,0.158,0.165,113.89,100,287,36
8647,4,21,4,84,0.19,0.31,0.643,3.71,26,54,7
8648,4,8,4,32,0.5,0.438,0.594,7.0,14,19,2
8649,4,9,4,36,0.444,0.25,0.75,9.0,9,27,1
8650,4,10,12,120,1.2,0.208,0.583,1.67,25,70,15
8651,4,9,4,36,0.444,0.25,0.75,9.0,9,27,1
8652,4,22,22,484,1.0,0.107,0.473,1.79,52,229,29
8653,4,36,172,6192,4.778,0.128,0.337,4.84,793,86,164
8654,4,60,286,5760,1.788,0.201,0.226,55.42,199,347,166
8655,4,30,60,1800,2.0,0.154,0.457,1.85,278,823,150
8656,4,52,461,3972,8.865,0.192,0.248,11.52,607,938,400
8657,4,21,68,1428,3.238,0.052,0.109,5.69,74,156,13
8658,4,1,99,9999,0.98,0.14,0.778,2.02,398,780,691
8659,4,29,48,1392,1.655,0.116,0.268,5.06,162,373,32
8660,4,37,72,2664,1.946,0.12,0.257,7.64,321,685,42
8661,4,31,71,2201,2.29,0.159,0.296,10.29,350,651,34
8662,4,8,5,40,0.625,0.275,0.45,3.67,11,18,3
8663,4,36,96,3456,2.667,0.096,0.207,7.7,331,717,43
8664,4,32,106,3392,3.313,0.198,0.395,4.56,671,341,147
8665,4,10,12,120,1.2,0.208,0.583,1.67,25,70,15
8666,4,52,48,2496,0.923,0.138,0.248,7.67,345,619,45
8667,4,10,12,120,1.2,0.208,0.583,1.67,25,70,15
8668,4,9,6,54,0.667,0.407,0.519,5.5,22,28,4
8669,4,9,4,36,0.444,0.25,0.75,9.0,9,27,1
8670,4,21,68,1428,3.238,0.052,0.109,5.69,74,156,13
8671,4,9,17,153,1.889,0.144,0.458,3.14,22,70,7
8672,4,85,69,5865,0.812,0.165,0.441,1.44,969,588,674
8673,4,49,79,3871,1.612,0.084,0.179,7.36,324,694,44
8674,4,81,49,3969,0.605,0.113,0.398,2.26,449,580,199
8675,4,53,48,2544,0.906,0.157,0.269,7.84,400,685,51
8676,4,81,49,3969,0.605,0.113,0.398,2.26,449,580,199
8677,4,6,5,30,0.833,0.233,0.633,1.75,7,19,4
8678,4,8,4,32,0.5,0.438,0.594,7.0,14,19,2
8679,4,14,19,266,1.357,0.113,0.504,30.0,30,134,1
8680,4,54,48,2592,0.889,0.143,0.264,6.85,370,685,54
8681,4,16,30,480,1.875,0.133,0.471,2.29,64,226,28
8682,4,53,48,2544,0.906,0.157,0.269,7.84,400,685,51
8683,4,9,17,153,1.889,0.144,0.458,3.14,22,70,7
8684,4,4,5,20,1.25,0.35,0.8,2.33,7,16,3
8685,4,10,12,120,1.2,0.208,0.583,1.67,25,70,15
8686,4,19,47,893,2.474,0.078,0.112,3.89,70,100,18
8687,4,4,11,44,2.75,0.159,0.932,1.75,7,41,4
8688,4,8,1,8,0.125,0.875,1.0,7.0,7,8,1
8689,4,31,105,3255,3.387,0.224,0.417,5.35,728,358,136
8690,4,81,49,3969,0.605,0.113,0.398,2.26,449,580,199
8691,4,28,61,1708,2.179,0.172,0.509,1.97,294,870,149
8692,4,37,20,740,0.541,0.131,0.193,4.22,97,143,23
8693,4,52,48,2496,0.923,0.138,0.248,7.67,345,619,45
8694,4,48,402,9296,8.375,0.055,0.094,4.13,58,814,256
8695,4,34,25,850,0.735,0.256,0.534,2.06,218,454,106
8696,4,39,70,2730,1.795,0.09,0.255,7.0,245,697,35
8697,4,4,5,20,1.25,0.35,0.8,2.33,7,16,3
8698,4,17,60,1020,3.529,0.139,0.371,7.1,142,378,20
8699,4,7,9,63,1.286,0.143,0.238,9.0,9,15,1
8700,4,6,465,2290,1.52,0.055,0.123,2.69,861,452,925
8701,4,9,6,54,0.667,0.407,0.519,5.5,22,28,4
8702,4,43,62,2666,1.442,0.08,0.17,6.63,212,454,32
8703,4,7,9,63,1.286,0.143,0.238,9.0,9,15,1
8704,4,5,3,15,0.6,0.467,0.6,3.5,7,9,2
8705,4,55,48,2640,0.873,0.142,0.364,4.26,375,960,88
8706,4,83,314,6062,3.783,0.282,0.619,8.77,353,139,838
8707,4,67,30,2010,0.448,0.169,0.46,2.26,339,924,150
8708,4,13,13,169,1.0,0.124,0.45,3.5,21,76,6
8709,4,6,17,102,2.833,0.137,0.627,2.8,14,64,5
8710,4,13,5,65,0.385,0.123,0.538,8.0,8,35,1
8711,4,4,11,44,2.75,0.159,0.932,1.75,7,41,4
8712,4,6,9,54,1.5,0.148,0.296,4.0,8,16,2
8713,4,7,13,91,1.857,0.154,0.484,2.0,14,44,7
8714,4,53,48,2544,0.906,0.181,0.374,4.69,460,951,98
8715,4,16,21,336,1.313,0.095,0.515,1.6,32,173,20
8716,4,7,9,63,1.286,0.143,0.238,9.0,9,15,1
8717,4,11,463,3993,1.489,0.088,0.16,3.93,631,92,212
8718,4,4,11,44,2.75,0.159,0.932,1.75,7,41,4
8719,4,45,79,3555,1.756,0.087,0.195,4.81,308,693,64
8720,4,28,61,1708,2.179,0.172,0.509,1.97,294,870,149
8721,4,36,48,1728,1.333,0.143,0.437,3.58,247,755,69
8722,4,13,5,65,0.385,0.123,0.538,8.0,8,35,1
8723,4,8,5,40,0.625,0.275,0.45,3.67,11,18,3
8724,4,14,19,266,1.357,0.128,0.541,2.83,34,144,12
8725,4,9,6,54,0.667,0.407,0.519,5.5,22,28,4
8726,4,8,9,72,1.125,0.125,0.319,4.5,9,23,2
8727,4,37,72,2664,1.946,0.12,0.257,7.64,321,685,42
8728,4,86,67,5762,0.779,0.164,0.935,2.37,947,386,399
8729,4,83,326,7058,3.928,0.286,0.671,7.55,741,149,25
8730,4,49,79,3871,1.612,0.084,0.179,7.36,324,694,44
8731,4,86,67,5762,0.779,0.164,0.935,2.37,947,386,399
8732,4,11,48,528,4.364,0.237,0.39,7.35,125,206,17
8733,4,10,7,70,0.7,0.157,0.6,1.57,11,42,7
8734,4,36,172,6192,4.778,0.128,0.337,4.84,793,86,164
8735,4,5,7,35,1.4,0.229,0.6,2.67,8,21,3
8736,4,15,14,210,0.933,0.11,0.338,1.92,23,71,12
8737,4,5,3,15,0.6,0.467,0.6,3.5,7,9,2
8738,4,4,5,20,1.25,0.35,0.8,2.33,7,16,3
8739,4,9,17,153,1.889,0.144,0.458,3.14,22,70,7
8740,4,8,5,40,0.625,0.275,0.45,3.67,11,18,3
8741,4,6,5,30,0.833,0.367,1.0,2.2,11,30,5
8742,4,29,61,1769,2.103,0.121,0.431,1.78,214,762,120
8743,4,34,27,918,0.794,0.219,0.554,3.09,201,509,65
8744,4,9,6,54,0.667,0.407,0.519,5.5,22,28,4
8745,4,5,3,15,0.6,0.467,0.6,3.5,7,9,2
8746,4,21,68,1428,3.238,0.052,0.109,5.69,74,156,13
8747,4,17,9,153,0.529,0.209,0.497,1.88,32,76,17
8748,4,1,99,9999,0.98,0.14,0.778,2.02,398,780,691
8749,4,29,61,1769,2.103,0.121,0.431,1.78,214,762,120
8750,4,17,60,1020,3.529,0.139,0.371,7.1,142,378,20
8751,4,53,442,7626,2.889,0.114,0.215,6.27,689,538,227
8752,4,36,172,6192,4.778,0.128,0.337,4.84,793,86,164
8753,4,5,4,20,0.8,0.45,0.65,4.5,9,13,2
8754,4,21,4,84,0.19,0.31,0.643,3.71,26,54,7
8755,4,54,357,9278,6.611,0.324,0.644,6.22,238,422,3
8756,4,5,3,15,0.6,0.467,0.6,3.5,7,9,2
8757,4,30,61,1830,2.033,0.157,0.483,1.88,288,884,153
8758,4,6,13,78,2.167,0.103,0.449,4.0,8,35,2
8759,4,12,4,48,0.333,0.292,1.0,2.0,14,48,7
8760,4,29,48,1392,1.655,0.116,0.268,5.06,162,373,32
8761,4,8,5,40,0.625,0.275,0.45,3.67,11,18,3
8762,4,33,28,924,0.848,0.098,0.271,5.69,91,250,16
8763,4,52,48,2496,0.923,0.138,0.248,7.67,345,619,45
8764,4,21,68,1428,3.238,0.052,0.109,5.69,74,156,13
8765,4,18,105,2390,0.89,0.052,0.105,3.33,642,296,193
8766,4,1,99,9999,0.98,0.14,0.778,2.02,398,780,691
8767,4,7,13,91,1.857,0.154,0.484,2.0,14,44,7
8768,4,29,61,1769,2.103,0.121,0.431,1.78,214,762,120
8769,4,20,39,780,1.95,0.14,0.405,3.21,109,316,34
8770,4,12,146,1752,12.167,0.091,0.128,26.67,160,225,6
8771,4,29,48,1392,1.655,0.116,0.268,5.06,162,373,32
8772,4,17,9,153,0.529,0.209,0.497,1.88,32,76,17
8773,4,10,7,70,0.7,0.157,0.6,1.57,11,42,7
8774,4,6,465,2290,1.52,0.055,0.123,2.69,861,452,925
8775,4,12,464,8368,2.189,0.052,0.07,11.84,66,884,428
8776,4,14,19,266,1.357,0.113,0.504,30.0,30,134,1
8777,4,11,48,528,4.364,0.237,0.39,7.35,125,206,17
8778,4,7,47,329,6.714,0.158,0.289,5.78,52,95,9
8779,4,6,5,30,0.833,0.367,1.0,2.2,11,30,5
8780,4,55,48,2640,0.873,0.142,0.364,4.26,375,960,88
8781,4,18,105,2390,0.89,0.052,0.105,3.33,642,296,193
8782,4,54,357,9278,6.611,0.299,0.655,6.4,766,626,901
8783,4,6,13,78,2.167,0.103,0.449,4.0,8,35,2
8784,4,4,5,20,1.25,0.35,0.8,2.33,7,16,3
8785,4,97,198,9006,1.005,0.273,0.332,46.93,654,964,227
8786,4,7,13,91,1.857,0.154,0.484,2.0,14,44,7
8787,4,13,5,65,0.385,0.123,0.538,8.0,8,35,1
8788,4,1,99,9999,0.98,0.14,0.778,2.02,398,780,691
8789,4,10,12,120,1.2,0.208,0.583,1.67,25,70,15
8790,4,1,99,9999,0.98,0.14,0.778,2.02,398,780,691
8791,4,32,350,1200,10.938,0.142,0.402,3.96,588,497,401
8792,4,37,20,740,0.541,0.131,0.193,4.22,97,143,23
8793,4,7,47,329,6.714,0.158,0.289,5.78,52,95,9
8794,4,0,49,4900,0.49,0.093,0.4,1.77,458,958,259
8795,4,36,43,1548,1.194,0.117,0.183,3.07,181,283,59
8796,4,36,48,1728,1.333,0.143,0.437,3.58,247,755,69
8797,4,8,9,72,1.125,0.125,0.319,4.5,9,23,2
8798,4,83,326,7058,3.928,0.286,0.671,7.55,741,149,25
8799,4,25,9,225,0.36,0.187,0.436,2.47,42,98,17
8800,4,43,62,2666,1.442,0.08,0.17,6.63,212,454,32
8801,4,13,5,65,0.385,0.323,0.554,5.25,21,36,4
8802,4,5,3,15,0.6,0.467,0.6,3.5,7,9,2
8803,4,97,198,9006,1.005,0.273,0.332,46.93,654,964,227
8804,4,16,21,336,1.313,0.095,0.515,1.6,32,173,20
8805,4,13,5,65,0.385,0.123,0.538,8.0,8,35,1
8806,4,12,146,1752,12.167,0.091,0.128,26.67,160,225,6
8807,4,15,14,210,0.933,0.11,0.338,1.92,23,71,12
8808,4,31,105,3255,3.387,0.242,0.456,4.89,787,485,161
8809,4,48,402,9296,8.375,0.055,0.094,4.13,58,814,256
8810,4,9,17,153,1.889,0.144,0.458,3.14,22,70,7
8811,4,68,34,2312,0.5,0.224,0.526,2.44,519,215,213
8812,4,37,20,740,0.541,0.131,0.193,4.22,97,143,23
8813,4,16,21,336,1.313,0.095,0.515,1.6,32,173,20
8814,4,6,6,36,1.0,0.194,0.417,3.5,7,15,2
8815,4,12,4,48,0.333,0.292,1.0,2.0,14,48,7
8816,4,12,464,8368,2.189,0.052,0.07,11.84,66,884,428
8817,4,83,315,6145,3.795,0.295,0.594,9.21,725,523,839
8818,4,12,464,8368,2.189,0.052,0.07,11.84,66,884,428
8819,4,16,4,64,0.25,0.156,0.531,5.0,10,34,2
8820,4,12,464,8368,2.189,0.052,0.07,11.84,66,884,428
8821,4,13,5,65,0.385,0.123,0.538,8.0,8,35,1
8822,4,21,68,1428,3.238,0.052,0.109,5.69,74,156,13
8823,4,4,5,20,1.25,0.35,0.8,2.33,7,16,3
8824,4,7,13,91,1.857,0.154,0.484,2.0,14,44,7
8825,4,15,14,210,0.933,0.11,0.338,1.92,23,71,12
8826,4,18,105,2390,0.89,0.052,0.105,3.33,642,296,193
8827,4,49,79,3871,1.612,0.084,0.179,7.36,324,694,44
8828,4,11,463,3993,1.489,0.088,0.16,3.93,631,92,212
8829,4,13,5,65,0.385,0.123,0.538,8.0,8,35,1
8830,4,9,10,90,1.111,0.144,0.522,6.5,13,47,2
8831,4,54,357,9278,6.611,0.299,0.655,6.4,766,626,901
8832,4,8,16,128,2.0,0.156,0.859,5.0,20,110,4
8833,4,36,96,3456,2.667,0.096,0.207,7.7,331,717,43
8834,4,97,198,9006,1.005,0.273,0.332,46.93,654,964,227
8835,4,36,172,6192,4.778,0.128,0.337,4.84,793,86,164
8836,4,13,8,104,0.615,0.154,0.769,1.07,16,80,15
8837,4,0,49,4900,0.49,0.093,0.4,1.77,458,958,259
8838,4,6,465,2290,1.52,0.055,0.123,2.69,861,452,925
8839,4,13,5,65,0.385,0.123,0.538,8.0,8,35,1
8840,4,7,13,91,1.857,0.154,0.484,2.0,14,44,7
8841,4,36,43,1548,1.194,0.117,0.183,3.07,181,283,59
8842,4,7,24,168,3.429,0.101,0.298,1.89,17,50,9
8843,4,13,5,65,0.385,0.323,0.554,5.25,21,36,4
8844,4,53,48,2544,0.906,0.181,0.374,4.69,460,951,98
8845,4,53,442,7626,2.889,0.114,0.215,6.27,689,538,227
8846,4,6,5,30,0.833,0.367,1.0,2.2,11,30,5
8847,4,25,9,225,0.36,0.187,0.436,2.47,42,98,17
8848,4,4,5,20,1.25,0.35,0.8,2.33,7,16,3
8849,4,7,9,63,1.286,0.143,0.238,9.0,9,15,1
8850,4,97,198,9006,1.005,0.273,0.332,46.93,654,964,227
8851,4,4,8,32,2.0,0.344,0.531,5.5,11,17,2
8852,4,16,29,464,1.813,0.144,0.496,2.58,67,230,26
8853,4,11,463,3993,1.489,0.088,0.16,3.93,631,92,212
8854,4,12,146,1752,12.167,0.091,0.128,26.67,160,225,6
8855,4,9,4,36,0.444,0.25,0.75,9.0,9,27,1
8856,4,6,5,30,0.833,0.367,1.0,2.2,11,30,5
8857,4,5,9,45,1.8,0.178,0.533,1.6,8,24,5
8858,4,31,105,3255,3.387,0.224,0.417,5.35,728,358,136
8859,4,37,72,2664,1.946,0.12,0.257,7.64,321,685,42
8860,4,12,464,8368,2.189,0.052,0.07,11.84,66,884,428
8861,4,10,7,70,0.7,0.157,0.6,1.57,11,42,7
8862,4,49,79,3871,1.612,0.084,0.179,7.36,324,694,44
8863,4,14,19,266,1.357,0.113,0.504,30.0,30,134,1
8864,4,37,20,740,0.541,0.131,0.193,4.22,97,143,23
8865,4,6,6,36,1.0,0.194,0.417,3.5,7,15,2
8866,4,37,72,2664,1.946,0.12,0.257,7.64,321,685,42
8867,4,7,13,91,1.857,0.154,0.484,2.0,14,44,7
8868,4,53,48,2544,0.906,0.181,0.374,4.69,460,951,98
8869,4,4,5,20,1.25,0.35,0.8,2.33,7,16,3
8870,4,7,24,168,3.429,0.101,0.298,1.89,17,50,9
8871,4,24,18,432,0.75,0.139,0.377,2.07,60,163,29
8872,4,55,48,2640,0.873,0.142,0.364,4.26,375,960,88
8873,4,11,463,3993,1.489,0.088,0.16,3.93,631,92,212
8874,4,49,79,3871,1.612,0.084,0.179,7.36,324,694,44
8875,4,37,72,2664,1.946,0.12,0.257,7.64,321,685,42
8876,4,91,285,5935,3.132,0.158,0.165,113.89,100,287,36
8877,4,6,6,36,1.0,0.194,0.417,3.5,7,15,2
8878,4,13,13,169,1.0,0.124,0.45,3.5,21,76,6
8879,4,18,105,2390,0.89,0.052,0.105,3.33,642,296,193
8880,4,6,5,30,0.833,0.233,0.633,1.75,7,19,4
8881,4,6,12,72,2.0,0.139,0.514,1.43,10,37,7
8882,4,17,9,153,0.529,0.209,0.497,1.88,32,76,17
8883,4,28,61,1708,2.179,0.172,0.509,1.97,294,870,149
8884,4,16,29,464,1.813,0.144,0.496,2.58,67,230,26
8885,4,7,9,63,1.286,0.143,0.238,9.0,9,15,1
8886,4,34,25,850,0.735,0.256,0.534,2.06,218,454,106
8887,4,36,43,1548,1.194,0.117,0.183,3.07,181,283,59
8888,4,53,442,7626,2.889,0.114,0.215,6.27,689,538,227
8889,4,12,464,8368,2.189,0.052,0.07,11.84,66,884,428
8890,4,86,67,5762,0.779,0.164,0.935,2.37,947,386,399
8891,4,49,79,3871,1.612,0.084,0.179,7.36,324,694,44
8892,4,47,286,3442,6.085,0.183,0.317,4.67,459,258,526
8893,4,4,8,32,2.0,0.344,0.531,5.5,11,17,2
8894,4,12,146,1752,12.167,0.091,0.128,26.67,160,225,6
8895,4,45,79,3555,1.756,0.087,0.195,4.81,308,693,64
8896,4,11,463,3993,1.489,0.088,0.16,3.93,631,92,212
8897,4,58,167,6386,1.057,0.16,0.276,8.24,213,279,511
8898,4,32,350,1200,10.938,0.142,0.402,3.96,588,497,401
8899,4,12,146,1752,12.167,0.091,0.128,26.67,160,225,6
8900,4,12,464,8368,2.189,0.052,0.07,11.84,66,884,428
8901,4,34,27,918,0.794,0.219,0.554,3.09,201,509,65
8902,4,6,9,54,1.5,0.148,0.296,4.0,8,16,2
8903,4,29,48,1392,1.655,0.116,0.268,5.06,162,373,32
8904,4,52,461,3972,8.865,0.192,0.248,11.52,607,938,400
8905,4,10,12,120,1.2,0.208,0.583,1.67,25,70,15
8906,4,83,314,6062,3.783,0.282,0.619,8.77,353,139,838
8907,4,49,79,3871,1.612,0.084,0.179,7.36,324,694,44
8908,4,5,9,45,1.8,0.178,0.533,1.6,8,24,5
8909,4,7,13,91,1.857,0.154,0.484,2.0,14,44,7
8910,4,4,8,32,2.0,0.344,0.531,5.5,11,17,2
8911,4,8,1,8,0.125,0.875,1.0,7.0,7,8,1
8912,4,32,350,1200,10.938,0.142,0.402,3.96,588,497,401
8913,4,53,48,2544,0.906,0.157,0.269,7.84,400,685,51
8914,4,55,48,2640,0.873,0.142,0.364,4.26,375,960,88
8915,4,85,69,5865,0.812,0.165,0.441,1.44,969,588,674
8916,4,14,19,266,1.357,0.113,0.504,30.0,30,134,1
8917,4,53,48,2544,0.906,0.181,0.374,4.69,460,951,98
8918,4,16,30,480,1.875,0.133,0.471,2.29,64,226,28
8919,4,52,461,3972,8.865,0.192,0.248,11.52,607,938,400
8920,4,29,61,1769,2.103,0.121,0.431,1.78,214,762,120
8921,4,6,9,54,1.5,0.148,0.296,4.0,8,16,2
8922,4,21,68,1428,3.238,0.052,0.109,5.69,74,156,13
8923,4,9,10,90,1.111,0.144,0.522,6.5,13,47,2
8924,4,33,28,924,0.848,0.098,0.271,5.69,91,250,16
8925,4,11,463,3993,1.489,0.088,0.16,3.93,631,92,212
8926,4,31,71,2201,2.29,0.159,0.296,10.29,350,651,34
8927,4,5,4,20,0.8,0.45,0.65,4.5,9,13,2
8928,4,39,70,2730,1.795,0.09,0.255,7.0,245,697,35
8929,4,31,105,3255,3.387,0.224,0.417,5.35,728,358,136
8930,4,10,7,70,0.7,0.157,0.6,1.57,11,42,7
8931,4,12,146,1752,12.167,0.091,0.128,26.67,160,225,6
8932,4,6,5,30,0.833,0.367,1.0,2.2,11,30,5
8933,4,6,17,102,2.833,0.137,0.627,2.8,14,64,5
8934,4,6,9,54,1.5,0.148,0.296,4.0,8,16,2
8935,4,29,61,1769,2.103,0.121,0.431,1.78,214,762,120
8936,4,68,34,2312,0.5,0.224,0.526,2.44,519,215,213
8937,4,6,13,78,2.167,0.103,0.449,4.0,8,35,2
8938,4,6,5,30,0.833,0.233,0.633,1.75,7,19,4
8939,4,60,286,5760,1.788,0.201,0.226,55.42,199,347,166
8940,4,12,4,48,0.333,0.292,1.0,2.0,14,48,7
8941,4,29,61,1769,2.103,0.121,0.431,1.78,214,762,120
8942,4,11,463,3993,1.489,0.088,0.16,3.93,631,92,212
8943,4,83,314,6062,3.783,0.298,0.671,8.75,772,482,888
8944,4,17,60,1020,3.529,0.139,0.371,7.1,142,378,20
8945,4,34,25,850,0.735,0.256,0.534,2.06,218,454,106
8946,4,8,4,32,0.5,0.438,0.594,7.0,14,19,2
8947,4,6,5,30,0.833,0.233,0.633,1.75,7,19,4
8948,4,22,22,484,1.0,0.107,0.473,1.79,52,229,29
8949,4,16,30,480,1.875,0.133,0.471,2.29,64,226,28
8950,4,7,24,168,3.429,0.101,0.298,1.89,17,50,9
8951,4,36,43,1548,1.194,0.117,0.183,3.07,181,283,59
8952,4,7,9,63,1.286,0.143,0.238,9.0,9,15,1
8953,4,83,314,6062,3.783,0.298,0.671,8.75,772,482,888
8954,4,12,4,48,0.333,0.292,1.0,2.0,14,48,7
8955,4,1,99,9999,0.98,0.14,0.778,2.02,398,780,691
8956,4,12,464,8368,2.189,0.052,0.07,11.84,66,884,428
8957,4,52,48,2496,0.923,0.138,0.248,7.67,345,619,45
8958,4,4,5,20,1.25,0.35,0.8,2.33,7,16,3
8959,4,30,60,1800,2.0,0.154,0.457,1.85,278,823,150
8960,4,5,7,35,1.4,0.229,0.6,2.67,8,21,3
8961,4,53,442,7626,2.889,0.114,0.215,6.27,689,538,227
8962,4,33,28,924,0.848,0.098,0.271,5.69,91,250,16
8963,4,55,48,2640,0.873,0.142,0.364,4.26,375,960,88
8964,4,67,30,2010,0.448,0.169,0.46,2.26,339,924,150
8965,4,36,96,3456,2.667,0.096,0.207,7.7,331,717,43
8966,4,8,16,128,2.0,0.156,0.859,5.0,20,110,4
8967,4,31,105,3255,3.387,0.242,0.456,4.89,787,485,161
8968,4,7,24,168,3.429,0.101,0.298,1.89,17,50,9
8969,4,38,70,2660,1.842,0.059,0.062,19.63,157,165,8
8970,4,8,9,72,1.125,0.125,0.319,4.5,9,23,2
8971,4,5,12,60,2.4,0.133,0.267,4.0,8,16,2
8972,4,14,19,266,1.357,0.128,0.541,2.83,34,144,12
8973,4,13,8,104,0.615,0.154,0.769,1.07,16,80,15
8974,4,6,5,30,0.833,0.233,0.633,1.75,7,19,4
8975,4,13,8,104,0.615,0.154,0.769,1.07,16,80,15
8976,4,16,4,64,0.25,0.156,0.531,5.0,10,34,2
8977,4,16,21,336,1.313,0.095,0.515,1.6,32,173,20
8978,4,4,463,752,1.523,0.063,0.121,3.91,898,81,273
8979,4,18,105,2390,0.89,0.052,0.105,3.33,642,296,193
8980,4,13,5,65,0.385,0.123,0.538,8.0,8,35,1
8981,4,1,99,9999,0.98,0.14,0.778,2.02,398,780,691
8982,4,0,49,4900,0.49,0.093,0.4,1.77,458,958,259
8983,4,16,30,480,1.875,0.133,0.471,2.29,64,226,28
8984,4,15,14,210,0.933,0.11,0.338,1.92,23,71,12
8985,4,7,9,63,1.286,0.143,0.238,9.0,9,15,1
8986,4,52,461,3972,8.865,0.192,0.248,11.52,607,938,400
8987,4,21,4,84,0.19,0.31,0.643,3.71,26,54,7
8988,4,4,5,20,1.25,0.35,0.8,2.33,7,16,3
8989,4,6,9,54,1.5,0.148,0.296,4.0,8,16,2
8990,4,30,61,1830,2.033,0.157,0.483,1.88,288,884,153
8991,4,6,13,78,2.167,0.103,0.449,4.0,8,35,2
8992,4,6,12,72,2.0,0.139,0.514,1.43,10,37,7
8993,4,52,461,3972,8.865,0.192,0.248,11.52,607,938,400
8994,4,16,30,480,1.875,0.133,0.471,2.29,64,226,28
8995,4,37,72,2664,1.946,0.12,0.257,7.64,321,685,42
8996,4,86,67,5762,0.779,0.164,0.935,2.37,947,386,399
8997,4,1,99,9999,0.98,0.14,0.778,2.02,398,780,691
8998,4,36,172,6192,4.778,0.128,0.337,4.84,793,86,164
8999,4,10,7,70,0.7,0.157,0.6,1.57,11,42,7
9000,4,11,48,528,4.364,0.237,0.39,7.35,125,206,17
9001,4,7,15,105,2.143,0.114,0.295,2.4,12,31,5
9002,4,11,48,528,4.364,0.237,0.39,7.35,125,206,17
9003,4,36,172,6192,4.778,0.128,0.337,4.84,793,86,164
9004,4,13,8,104,0.615,0.154,0.769,1.07,16,80,15
9005,4,9,4,36,0.444,0.25,0.75,9.0,9,27,1
9006,4,52,461,3972,8.865,0.192,0.248,11.52,607,938,400
9007,4,53,48,2544,0.906,0.157,0.269,7.84,400,685,51
9008,4,83,314,6062,3.783,0.282,0.619,8.77,353,139,838
9009,4,15,14,210,0.933,0.11,0.338,1.92,23,71,12
9010,4,31,105,3255,3.387,0.242,0.456,4.89,787,485,161
9011,4,30,60,1800,2.0,0.154,0.457,1.85,278,823,150
9012,4,83,326,7058,3.928,0.286,0.671,7.55,741,149,25
9013,4,39,70,2730,1.795,0.09,0.255,7.0,245,697,35
9014,4,4,463,752,1.523,0.063,0.121,3.91,898,81,273
9015,4,67,30,2010,0.448,0.169,0.46,2.26,339,924,150
9016,4,13,13,169,1.0,0.124,0.45,3.5,21,76,6
9017,4,10,7,70,0.7,0.157,0.6,1.57,11,42,7
9018,4,83,314,6062,3.783,0.298,0.671,8.75,772,482,888
9019,4,36,172,6192,4.778,0.128,0.337,4.84,793,86,164
9020,4,83,277,2991,3.337,0.18,0.365,6.86,138,387,603
9021,4,36,48,1728,1.333,0.143,0.437,3.58,247,755,69
9022,4,53,48,2544,0.906,0.157,0.269,7.84,400,685,51
9023,4,52,48,2496,0.923,0.138,0.248,7.67,345,619,45
9024,4,12,146,1752,12.167,0.091,0.128,26.67,160,225,6
9025,4,7,24,168,3.429,0.101,0.298,1.89,17,50,9
9026,4,48,402,9296,8.375,0.055,0.094,4.13,58,814,256
9027,4,29,48,1392,1.655,0.116,0.268,5.06,162,373,32
9028,4,0,49,4900,0.49,0.093,0.4,1.77,458,958,259
9029,4,6,17,102,2.833,0.137,0.627,2.8,14,64,5
9030,4,1,99,9999,0.98,0.14,0.778,2.02,398,780,691
9031,4,1,99,9999,0.98,0.14,0.778,2.02,398,780,691
9032,4,18,105,2390,0.89,0.052,0.105,3.33,642,296,193
9033,4,54,357,9278,6.611,0.299,0.655,6.4,766,626,901
9034,4,4,11,44,2.75,0.159,0.932,1.75,7,41,4
9035,4,45,79,3555,1.756,0.087,0.195,4.81,308,693,64
9036,4,53,48,2544,0.906,0.181,0.374,4.69,460,951,98
9037,4,5,3,15,0.6,0.467,0.6,3.5,7,9,2
9038,4,30,61,1830,2.033,0.157,0.483,1.88,288,884,153
9039,4,32,106,3392,3.313,0.198,0.395,4.56,671,341,147
9040,4,43,62,2666,1.442,0.08,0.17,6.63,212,454,32
9041,4,81,49,3969,0.605,0.113,0.398,2.26,449,580,199
9042,4,5,12,60,2.4,0.133,0.267,4.0,8,16,2
9043,4,83,315,6145,3.795,0.295,0.594,9.21,725,523,839
9044,4,31,105,3255,3.387,0.242,0.456,4.89,787,485,161
9045,4,8,1,8,0.125,0.875,1.0,7.0,7,8,1
9046,4,5,4,20,0.8,0.45,0.65,4.5,9,13,2
9047,4,28,61,1708,2.179,0.172,0.509,1.97,294,870,149
9048,4,9,6,54,0.667,0.407,0.519,5.5,22,28,4
9049,4,54,48,2592,0.889,0.143,0.264,6.85,370,685,54
9050,4,5,4,20,0.8,0.45,0.65,4.5,9,13,2
9051,4,17,60,1020,3.529,0.139,0.371,7.1,142,378,20
9052,4,5,12,60,2.4,0.133,0.267,4.0,8,16,2
9053,4,83,315,6145,3.795,0.295,0.594,9.21,725,523,839
9054,4,6,5,30,0.833,0.367,1.0,2.2,11,30,5
9055,4,12,146,1752,12.167,0.091,0.128,26.67,160,225,6
9056,4,37,20,740,0.541,0.131,0.193,4.22,97,143,23
9057,4,58,167,6386,1.057,0.16,0.276,8.24,213,279,511
9058,4,8,1,8,0.125,0.875,1.0,7.0,7,8,1
9059,4,36,172,6192,4.778,0.128,0.337,4.84,793,86,164
9060,4,7,13,91,1.857,0.154,0.484,2.0,14,44,7
9061,4,21,4,84,0.19,0.31,0.643,3.71,26,54,7
9062,4,32,106,3392,3.313,0.198,0.395,4.56,671,341,147
9063,4,32,350,1200,10.938,0.142,0.402,3.96,588,497,401
9064,4,31,105,3255,3.387,0.224,0.417,5.35,728,358,136
9065,4,32,350,1200,10.938,0.142,0.402,3.96,588,497,401
9066,4,18,105,2390,0.89,0.052,0.105,3.33,642,296,193
9067,4,18,105,2390,0.89,0.052,0.105,3.33,642,296,193
9068,4,8,1,8,0.125,0.875,1.0,7.0,7,8,1
9069,4,13,13,169,1.0,0.124,0.45,3.5,21,76,6
9070,4,20,39,780,1.95,0.14,0.405,3.21,109,316,34
9071,4,36,96,3456,2.667,0.096,0.207,7.7,331,717,43
9072,4,4,11,44,2.75,0.159,0.932,1.75,7,41,4
9073,4,54,357,9278,6.611,0.324,0.644,6.22,238,422,3
9074,4,34,25,850,0.735,0.256,0.534,2.06,218,454,106
9075,4,4,5,20,1.25,0.35,0.8,2.33,7,16,3
9076,4,13,13,169,1.0,0.124,0.45,3.5,21,76,6
9077,4,58,167,6386,1.057,0.16,0.276,8.24,213,279,511
9078,4,11,48,528,4.364,0.237,0.39,7.35,125,206,17
9079,4,16,29,464,1.813,0.144,0.496,2.58,67,230,26
9080,4,6,5,30,0.833,0.367,1.0,2.2,11,30,5
9081,4,12,146,1752,12.167,0.091,0.128,26.67,160,225,6
9082,4,1,99,9999,0.98,0.14,0.778,2.02,398,780,691
9083,4,31,105,3255,3.387,0.224,0.417,5.35,728,358,136
9084,4,36,43,1548,1.194,0.117,0.183,3.07,181,283,59
9085,4,31,105,3255,3.387,0.224,0.417,5.35,728,358,136
9086,4,54,48,2592,0.889,0.143,0.264,6.85,370,685,54
9087,4,9,6,54,0.667,0.407,0.519,5.5,22,28,4
9088,4,19,47,893,2.474,0.078,0.112,3.89,70,100,18
9089,4,39,70,2730,1.795,0.09,0.255,7.0,245,697,35
9090,4,8,5,40,0.625,0.275,0.45,3.67,11,18,3
9091,4,30,61,1830,2.033,0.157,0.483,1.88,288,884,153
9092,4,83,314,6062,3.783,0.298,0.671,8.75,772,482,888
9093,4,37,20,740,0.541,0.131,0.193,4.22,97,143,23
9094,4,21,68,1428,3.238,0.052,0.109,5.69,74,156,13
9095,4,6,465,2290,1.52,0.055,0.123,2.69,861,452,925
9096,4,47,286,3442,6.085,0.183,0.317,4.67,459,258,526
9097,4,0,49,4900,0.49,0.093,0.4,1.77,458,958,259
9098,4,6,17,102,2.833,0.137,0.627,2.8,14,64,5
9099,4,54,357,9278,6.611,0.299,0.655,6.4,766,626,901
9100,4,6,6,36,1.0,0.194,0.417,3.5,7,15,2
9101,4,52,461,3972,8.865,0.192,0.248,11.52,607,938,400
9102,4,31,105,3255,3.387,0.224,0.417,5.35,728,358,136
9103,4,32,350,1200,10.938,0.142,0.402,3.96,588,497,401
9104,4,4,11,44,2.75,0.159,0.932,1.75,7,41,4
9105,4,91,285,5935,3.132,0.158,0.165,113.89,100,287,36
9106,4,83,277,2991,3.337,0.18,0.365,6.86,138,387,603
9107,4,55,48,2640,0.873,0.142,0.364,4.26,375,960,88
9108,4,8,1,8,0.125,0.875,1.0,7.0,7,8,1
9109,4,9,17,153,1.889,0.144,0.458,3.14,22,70,7
9110,4,54,357,9278,6.611,0.299,0.655,6.4,766,626,901
9111,4,5,4,20,0.8,0.45,0.65,4.5,9,13,2
9112,4,5,7,35,1.4,0.229,0.6,2.67,8,21,3
9113,4,67,30,2010,0.448,0.169,0.46,2.26,339,924,150
9114,4,21,68,1428,3.238,0.052,0.109,5.69,74,156,13
9115,4,15,14,210,0.933,0.11,0.338,1.92,23,71,12
9116,4,31,105,3255,3.387,0.242,0.456,4.89,787,485,161
9117,4,10,7,70,0.7,0.157,0.6,1.57,11,42,7
9118,4,8,16,128,2.0,0.156,0.859,5.0,20,110,4
9119,4,36,43,1548,1.194,0.117,0.183,3.07,181,283,59
9120,4,13,8,104,0.615,0.154,0.769,1.07,16,80,15
9121,4,12,464,8368,2.189,0.052,0.07,11.84,66,884,428
9122,4,43,62,2666,1.442,0.08,0.17,6.63,212,454,32
9123,4,52,48,2496,0.923,0.138,0.248,7.67,345,619,45
9124,4,8,4,32,0.5,0.438,0.594,7.0,14,19,2
9125,4,5,3,15,0.6,0.467,0.6,3.5,7,9,2
9126,4,8,1,8,0.125,0.875,1.0,7.0,7,8,1
9127,4,6,13,78,2.167,0.103,0.449,4.0,8,35,2
9128,4,83,277,2991,3.337,0.18,0.365,6.86,138,387,603
9129,4,14,17,238,1.214,0.113,0.387,1.8,27,92,15
9130,4,39,70,2730,1.795,0.09,0.255,7.0,245,697,35
9131,4,91,285,5935,3.132,0.158,0.165,113.89,100,287,36
9132,4,36,43,1548,1.194,0.117,0.183,3.07,181,283,59
9133,4,12,4,48,0.333,0.292,1.0,2.0,14,48,7
9134,4,53,48,2544,0.906,0.181,0.374,4.69,460,951,98
9135,4,6,5,30,0.833,0.367,1.0,2.2,11,30,5
9136,4,47,286,3442,6.085,0.183,0.317,4.67,459,258,526
9137,4,47,286,3442,6.085,0.183,0.317,4.67,459,258,526
9138,4,60,286,5760,1.788,0.201,0.226,55.42,199,347,166
9139,4,6,9,54,1.5,0.148,0.296,4.0,8,16,2
9140,4,4,8,32,2.0,0.344,0.531,5.5,11,17,2
9141,4,17,9,153,0.529,0.209,0.497,1.88,32,76,17
9142,4,6,13,78,2.167,0.103,0.449,4.0,8,35,2
9143,4,55,48,2640,0.873,0.142,0.364,4.26,375,960,88
9144,4,54,357,9278,6.611,0.299,0.655,6.4,766,626,901
9145,4,24,18,432,0.75,0.139,0.377,2.07,60,163,29
9146,4,83,277,2991,3.337,0.18,0.365,6.86,138,387,603
9147,4,37,72,2664,1.946,0.12,0.257,7.64,321,685,42
9148,4,6,9,54,1.5,0.148,0.296,4.0,8,16,2
9149,4,54,357,9278,6.611,0.299,0.655,6.4,766,626,901
9150,4,54,357,9278,6.611,0.299,0.655,6.4,766,626,901
9151,4,6,5,30,0.833,0.367,1.0,2.2,11,30,5
9152,4,31,37,1147,1.194,0.189,0.555,2.07,217,637,105
9153,4,14,19,266,1.357,0.128,0.541,2.83,34,144,12
9154,4,55,48,2640,0.873,0.142,0.364,4.26,375,960,88
9155,4,13,5,65,0.385,0.323,0.554,5.25,21,36,4
9156,4,97,198,9006,1.005,0.273,0.332,46.93,654,964,227
9157,4,8,16,128,2.0,0.156,0.859,5.0,20,110,4
9158,4,4,11,44,2.75,0.159,0.932,1.75,7,41,4
9159,4,5,7,35,1.4,0.229,0.6,2.67,8,21,3
9160,4,31,105,3255,3.387,0.224,0.417,5.35,728,358,136
9161,4,34,25,850,0.735,0.256,0.534,2.06,218,454,106
9162,4,8,1,8,0.125,0.875,1.0,7.0,7,8,1
9163,4,7,11,77,1.571,0.117,0.494,1.8,9,38,5
9164,4,13,13,169,1.0,0.124,0.45,3.5,21,76,6
9165,4,6,465,2290,1.52,0.055,0.123,2.69,861,452,925
9166,4,10,12,120,1.2,0.208,0.583,1.67,25,70,15
9167,4,5,4,20,0.8,0.45,0.65,4.5,9,13,2
9168,4,7,24,168,3.429,0.101,0.298,1.89,17,50,9
9169,4,36,43,1548,1.194,0.117,0.183,3.07,181,283,59
9170,4,24,18,432,0.75,0.139,0.377,2.07,60,163,29
9171,4,11,463,3993,1.489,0.088,0.16,3.93,631,92,212
9172,4,6,6,36,1.0,0.194,0.417,3.5,7,15,2
9173,4,68,34,2312,0.5,0.224,0.526,2.44,519,215,213
9174,4,8,5,40,0.625,0.275,0.45,3.67,11,18,3
9175,4,14,17,238,1.214,0.113,0.387,1.8,27,92,15
9176,4,6,17,102,2.833,0.137,0.627,2.8,14,64,5
9177,4,39,70,2730,1.795,0.09,0.255,7.0,245,697,35
9178,4,45,79,3555,1.756,0.087,0.195,4.81,308,693,64
9179,4,21,4,84,0.19,0.31,0.643,3.71,26,54,7
9180,4,9,4,36,0.444,0.25,0.75,9.0,9,27,1
9181,4,36,172,6192,4.778,0.128,0.337,4.84,793,86,164
9182,4,16,30,480,1.875,0.133,0.471,2.29,64,226,28
9183,4,54,357,9278,6.611,0.299,0.655,6.4,766,626,901
9184,4,13,5,65,0.385,0.123,0.538,8.0,8,35,1
9185,4,36,96,3456,2.667,0.096,0.207,7.7,331,717,43
9186,4,53,48,2544,0.906,0.157,0.269,7.84,400,685,51
9187,4,6,465,2290,1.52,0.055,0.123,2.69,861,452,925
9188,4,12,4,48,0.333,0.292,1.0,2.0,14,48,7
9189,4,33,28,924,0.848,0.098,0.271,5.69,91,250,16
9190,4,67,30,2010,0.448,0.169,0.46,2.26,339,924,150
9191,4,4,463,752,1.523,0.063,0.121,3.91,898,81,273
9192,4,6,5,30,0.833,0.233,0.633,1.75,7,19,4
9193,4,58,167,6386,1.057,0.16,0.276,8.24,213,279,511
9194,4,14,19,266,1.357,0.113,0.504,30.0,30,134,1
9195,4,31,105,3255,3.387,0.224,0.417,5.35,728,358,136
9196,4,52,48,2496,0.923,0.138,0.248,7.67,345,619,45
9197,4,4,8,32,2.0,0.344,0.531,5.5,11,17,2
9198,4,7,9,63,1.286,0.143,0.238,9.0,9,15,1
9199,4,5,4,20,0.8,0.45,0.65,4.5,9,13,2
9200,4,8,1,8,0.125,0.875,1.0,7.0,7,8,1
9201,4,58,167,6386,1.057,0.16,0.276,8.24,213,279,511
9202,4,55,48,2640,0.873,0.142,0.364,4.26,375,960,88
9203,4,30,60,1800,2.0,0.154,0.457,1.85,278,823,150
9204,4,6,465,2290,1.52,0.055,0.123,2.69,861,452,925
9205,4,14,17,238,1.214,0.113,0.387,1.8,27,92,15
9206,4,54,357,9278,6.611,0.299,0.655,6.4,766,626,901
9207,4,32,106,3392,3.313,0.198,0.395,4.56,671,341,147
9208,4,36,48,1728,1.333,0.143,0.437,3.58,247,755,69
9209,4,52,461,3972,8.865,0.192,0.248,11.52,607,938,400
9210,4,13,5,65,0.385,0.123,0.538,8.0,8,35,1
9211,4,14,19,266,1.357,0.128,0.541,2.83,34,144,12
9212,4,45,79,3555,1.756,0.087,0.195,4.81,308,693,64
9213,4,81,49,3969,0.605,0.113,0.398,2.26,449,580,199
9214,4,6,17,102,2.833,0.137,0.627,2.8,14,64,5
9215,4,7,24,168,3.429,0.101,0.298,1.89,17,50,9
9216,4,8,5,40,0.625,0.275,0.45,3.67,11,18,3
9217,4,4,11,44,2.75,0.159,0.932,1.75,7,41,4
9218,4,36,96,3456,2.667,0.096,0.207,7.7,331,717,43
9219,4,6,12,72,2.0,0.139,0.514,1.43,10,37,7
9220,4,31,37,1147,1.194,0.189,0.555,2.07,217,637,105
9221,4,6,17,102,2.833,0.137,0.627,2.8,14,64,5
9222,4,83,326,7058,3.928,0.286,0.671,7.55,741,149,25
9223,4,12,464,8368,2.189,0.052,0.07,11.84,66,884,428
9224,4,1,99,9999,0.98,0.14,0.778,2.02,398,780,691
9225,4,55,48,2640,0.873,0.142,0.364,4.26,375,960,88
9226,4,83,277,2991,3.337,0.18,0.365,6.86,138,387,603
9227,4,4,5,20,1.25,0.35,0.8,2.33,7,16,3
9228,4,11,463,3993,1.489,0.088,0.16,3.93,631,92,212
9229,4,32,350,1200,10.938,0.142,0.402,3.96,588,497,401
9230,4,16,4,64,0.25,0.156,0.531,5.0,10,34,2
9231,4,13,13,169,1.0,0.124,0.45,3.5,21,76,6
9232,4,8,9,72,1.125,0.125,0.319,4.5,9,23,2
9233,4,6,13,78,2.167,0.103,0.449,4.0,8,35,2
9234,4,9,6,54,0.667,0.407,0.519,5.5,22,28,4
9235,4,30,60,1800,2.0,0.154,0.457,1.85,278,823,150
9236,4,31,71,2201,2.29,0.159,0.296,10.29,350,651,34
9237,4,6,5,30,0.833,0.233,0.633,1.75,7,19,4
9238,4,18,105,2390,0.89,0.052,0.105,3.33,642,296,193
9239,4,52,461,3972,8.865,0.192,0.248,11.52,607,938,400
9240,4,17,60,1020,3.529,0.139,0.371,7.1,142,378,20
9241,4,36,43,1548,1.194,0.117,0.183,3.07,181,283,59
9242,4,6,6,36,1.0,0.194,0.417,3.5,7,15,2
9243,4,7,47,329,6.714,0.158,0.289,5.78,52,95,9
9244,4,10,12,120,1.2,0.208,0.583,1.67,25,70,15
9245,4,36,43,1548,1.194,0.117,0.183,3.07,181,283,59
9246,4,8,9,72,1.125,0.125,0.319,4.5,9,23,2
9247,4,67,30,2010,0.448,0.169,0.46,2.26,339,924,150
9248,4,53,48,2544,0.906,0.181,0.374,4.69,460,951,98
9249,4,60,286,5760,1.788,0.201,0.226,55.42,199,347,166
9250,4,53,48,2544,0.906,0.157,0.269,7.84,400,685,51
9251,4,53,48,2544,0.906,0.157,0.269,7.84,400,685,51
9252,4,6,465,2290,1.52,0.055,0.123,2.69,861,452,925
9253,4,58,167,6386,1.057,0.16,0.276,8.24,213,279,511
9254,4,52,461,3972,8.865,0.192,0.248,11.52,607,938,400
9255,4,85,69,5865,0.812,0.165,0.441,1.44,969,588,674
9256,4,86,67,5762,0.779,0.164,0.935,2.37,947,386,399
9257,4,21,68,1428,3.238,0.052,0.109,5.69,74,156,13
9258,4,83,314,6062,3.783,0.282,0.619,8.77,353,139,838
9259,4,21,68,1428,3.238,0.052,0.109,5.69,74,156,13
9260,4,81,49,3969,0.605,0.113,0.398,2.26,449,580,199
9261,4,24,18,432,0.75,0.139,0.377,2.07,60,163,29
9262,4,5,9,45,1.8,0.178,0.533,1.6,8,24,5
9263,4,32,350,1200,10.938,0.142,0.402,3.96,588,497,401
9264,4,5,3,15,0.6,0.467,0.6,3.5,7,9,2
9265,4,5,12,60,2.4,0.133,0.267,4.0,8,16,2
9266,4,13,13,169,1.0,0.124,0.45,3.5,21,76,6
9267,4,13,8,104,0.615,0.154,0.769,1.07,16,80,15
9268,4,7,9,63,1.286,0.143,0.238,9.0,9,15,1
9269,4,16,21,336,1.313,0.095,0.515,1.6,32,173,20
9270,4,21,4,84,0.19,0.31,0.643,3.71,26,54,7
9271,4,68,34,2312,0.5,0.224,0.526,2.44,519,215,213
9272,4,24,18,432,0.75,0.139,0.377,2.07,60,163,29
9273,4,29,48,1392,1.655,0.116,0.268,5.06,162,373,32
9274,4,12,4,48,0.333,0.292,1.0,2.0,14,48,7
9275,4,34,25,850,0.735,0.256,0.534,2.06,218,454,106
9276,4,4,7,28,1.75,0.286,1.0,2.0,8,28,4
9277,4,11,463,3993,1.489,0.088,0.16,3.93,631,92,212
9278,4,14,19,266,1.357,0.128,0.541,2.83,34,144,12
9279,4,83,315,6145,3.795,0.295,0.594,9.21,725,523,839
9280,4,6,13,78,2.167,0.103,0.449,4.0,8,35,2
9281,4,7,13,91,1.857,0.154,0.484,2.0,14,44,7
9282,4,5,3,15,0.6,0.467,0.6,3.5,7,9,2
9283,4,68,34,2312,0.5,0.224,0.526,2.44,519,215,213
9284,4,28,61,1708,2.179,0.172,0.509,1.97,294,870,149
9285,4,15,14,210,0.933,0.11,0.338,1.92,23,71,12
9286,4,4,8,32,2.0,0.344,0.531,5.5,11,17,2
9287,4,7,47,329,6.714,0.158,0.289,5.78,52,95,9
9288,4,53,442,7626,2.889,0.114,0.215,6.27,689,538,227
9289,4,6,9,54,1.5,0.148,0.296,4.0,8,16,2
9290,4,4,8,32,2.0,0.344,0.531,5.5,11,17,2
9291,4,10,12,120,1.2,0.208,0.583,1.67,25,70,15
9292,4,83,315,6145,3.795,0.295,0.594,9.21,725,523,839
9293,4,86,67,5762,0.779,0.164,0.935,2.37,947,386,399
9294,4,10,12,120,1.2,0.208,0.583,1.67,25,70,15
9295,4,48,402,9296,8.375,0.055,0.094,4.13,58,814,256
9296,4,6,5,30,0.833,0.367,1.0,2.2,11,30,5
9297,4,4,11,44,2.75,0.159,0.932,1.75,7,41,4
9298,4,83,315,6145,3.795,0.295,0.594,9.21,725,523,839
9299,4,58,167,6386,1.057,0.16,0.276,8.24,213,279,511
9300,4,9,6,54,0.667,0.407,0.519,5.5,22,28,4
9301,4,32,106,3392,3.313,0.198,0.395,4.56,671,341,147
9302,4,30,61,1830,2.033,0.157,0.483,1.88,288,884,153
9303,4,34,27,918,0.794,0.219,0.554,3.09,201,509,65
9304,4,83,314,6062,3.783,0.282,0.619,8.77,353,139,838
9305,4,24,18,432,0.75,0.139,0.377,2.07,60,163,29
9306,4,49,79,3871,1.612,0.084,0.179,7.36,324,694,44
9307,4,14,19,266,1.357,0.113,0.504,30.0,30,134,1
9308,4,83,277,2991,3.337,0.18,0.365,6.86,138,387,603
9309,4,45,79,3555,1.756,0.087,0.195,4.81,308,693,64
9310,4,33,28,924,0.848,0.098,0.271,5.69,91,250,16
9311,4,4,5,20,1.25,0.35,0.8,2.33,7,16,3
9312,4,24,18,432,0.75,0.139,0.377,2.07,60,163,29
9313,4,47,286,3442,6.085,0.183,0.317,4.67,459,258,526
9314,4,28,61,1708,2.179,0.172,0.509,1.97,294,870,149
9315,4,24,18,432,0.75,0.139,0.377,2.07,60,163,29
9316,4,83,277,2991,3.337,0.18,0.365,6.86,138,387,603
9317,4,18,105,2390,0.89,0.052,0.105,3.33,642,296,193
9318,4,5,9,45,1.8,0.178,0.533,1.6,8,24,5
9319,4,33,28,924,0.848,0.098,0.271,5.69,91,250,16
9320,4,54,357,9278,6.611,0.299,0.655,6.4,766,626,901
9321,4,33,28,924,0.848,0.098,0.271,5.69,91,250,16
9322,4,7,9,63,1.286,0.143,0.238,9.0,9,15,1
9323,4,5,3,15,0.6,0.467,0.6,3.5,7,9,2
9324,4,14,19,266,1.357,0.113,0.504,30.0,30,134,1
9325,4,8,1,8,0.125,0.875,1.0,7.0,7,8,1
9326,4,15,14,210,0.933,0.11,0.338,1.92,23,71,12
9327,4,30,60,1800,2.0,0.154,0.457,1.85,278,823,150
9328,4,7,47,329,6.714,0.158,0.289,5.78,52,95,9
9329,4,29,48,1392,1.655,0.116,0.268,5.06,162,373,32
9330,4,7,13,91,1.857,0.154,0.484,2.0,14,44,7
9331,4,22,22,484,1.0,0.107,0.473,1.79,52,229,29
9332,4,16,21,336,1.313,0.095,0.515,1.6,32,173,20
9333,4,5,3,15,0.6,0.467,0.6,3.5,7,9,2
9334,4,52,48,2496,0.923,0.138,0.248,7.67,345,619,45
9335,4,4,5,20,1.25,0.35,0.8,2.33,7,16,3
9336,4,53,442,7626,2.889,0.114,0.215,6.27,689,538,227
9337,4,12,4,48,0.333,0.292,1.0,2.0,14,48,7
9338,4,14,19,266,1.357,0.113,0.504,30.0,30,134,1
9339,4,32,350,1200,10.938,0.142,0.402,3.96,588,497,401
9340,4,6,12,72,2.0,0.139,0.514,1.43,10,37,7
9341,4,31,37,1147,1.194,0.189,0.555,2.07,217,637,105
9342,4,37,20,740,0.541,0.131,0.193,4.22,97,143,23
9343,4,13,8,104,0.615,0.154,0.769,1.07,16,80,15
9344,4,67,30,2010,0.448,0.169,0.46,2.26,339,924,150
9345,4,36,96,3456,2.667,0.096,0.207,7.7,331,717,43
9346,4,32,350,1200,10.938,0.142,0.402,3.96,588,497,401
9347,4,32,106,3392,3.313,0.198,0.395,4.56,671,341,147
9348,4,37,72,2664,1.946,0.12,0.257,7.64,321,685,42
9349,4,6,465,2290,1.52,0.055,0.123,2.69,861,452,925
9350,4,38,70,2660,1.842,0.059,0.062,19.63,157,165,8
9351,4,4,11,44,2.75,0.159,0.932,1.75,7,41,4
9352,4,11,463,3993,1.489,0.088,0.16,3.93,631,92,212
9353,4,67,30,2010,0.448,0.169,0.46,2.26,339,924,150
9354,4,81,49,3969,0.605,0.113,0.398,2.26,449,580,199
9355,4,7,9,63,1.286,0.143,0.238,9.0,9,15,1
9356,4,54,357,9278,6.611,0.324,0.644,6.22,238,422,3
9357,4,9,10,90,1.111,0.144,0.522,6.5,13,47,2
9358,4,16,4,64,0.25,0.156,0.531,5.0,10,34,2
9359,4,32,350,1200,10.938,0.142,0.402,3.96,588,497,401
9360,4,83,326,7058,3.928,0.286,0.671,7.55,741,149,25
9361,4,85,69,5865,0.812,0.165,0.441,1.44,969,588,674
9362,4,9,10,90,1.111,0.144,0.522,6.5,13,47,2
9363,4,4,463,752,1.523,0.063,0.121,3.91,898,81,273
9364,4,6,6,36,1.0,0.194,0.417,3.5,7,15,2
9365,4,7,15,105,2.143,0.114,0.295,2.4,12,31,5
9366,4,17,60,1020,3.529,0.139,0.371,7.1,142,378,20
9367,4,13,5,65,0.385,0.323,0.554,5.25,21,36,4
9368,4,30,61,1830,2.033,0.157,0.483,1.88,288,884,153
9369,4,12,4,48,0.333,0.292,1.0,2.0,14,48,7
9370,4,29,61,1769,2.103,0.121,0.431,1.78,214,762,120
9371,4,13,13,169,1.0,0.124,0.45,3.5,21,76,6
9372,4,4,8,32,2.0,0.344,0.531,5.5,11,17,2
9373,4,16,4,64,0.25,0.156,0.531,5.0,10,34,2
9374,4,86,67,5762,0.779,0.164,0.935,2.37,947,386,399
9375,4,91,285,5935,3.132,0.158,0.165,113.89,100,287,36
9376,4,16,30,480,1.875,0.133,0.471,2.29,64,226,28
9377,4,20,39,780,1.95,0.14,0.405,3.21,109,316,34
9378,4,10,7,70,0.7,0.157,0.6,1.57,11,42,7
9379,4,83,315,6145,3.795,0.295,0.594,9.21,725,523,839
9380,4,36,43,1548,1.194,0.117,0.183,3.07,181,283,59
9381,4,6,6,36,1.0,0.194,0.417,3.5,7,15,2
9382,4,52,461,3972,8.865,0.192,0.248,11.52,607,938,400
9383,4,21,68,1428,3.238,0.052,0.109,5.69,74,156,13
9384,4,5,9,45,1.8,0.178,0.533,1.6,8,24,5
9385,4,20,39,780,1.95,0.14,0.405,3.21,109,316,34
9386,4,5,7,35,1.4,0.229,0.6,2.67,8,21,3
9387,4,7,15,105,2.143,0.114,0.295,2.4,12,31,5
9388,4,25,9,225,0.36,0.187,0.436,2.47,42,98,17
9389,4,10,7,70,0.7,0.157,0.6,1.57,11,42,7
9390,4,16,29,464,1.813,0.144,0.496,2.58,67,230,26
9391,4,81,49,3969,0.605,0.113,0.398,2.26,449,580,199
9392,4,6,6,36,1.0,0.194,0.417,3.5,7,15,2
9393,4,6,5,30,0.833,0.233,0.633,1.75,7,19,4
9394,4,86,67,5762,0.779,0.164,0.935,2.37,947,386,399
9395,4,6,5,30,0.833,0.233,0.633,1.75,7,19,4
9396,4,60,286,5760,1.788,0.201,0.226,55.42,199,347,166
9397,4,47,286,3442,6.085,0.183,0.317,4.67,459,258,526
9398,4,68,34,2312,0.5,0.224,0.526,2.44,519,215,213
9399,4,52,461,3972,8.865,0.192,0.248,11.52,607,938,400
9400,4,8,9,72,1.125,0.125,0.319,4.5,9,23,2
9401,4,7,11,77,1.571,0.117,0.494,1.8,9,38,5
9402,4,43,62,2666,1.442,0.08,0.17,6.63,212,454,32
9403,4,6,17,102,2.833,0.137,0.627,2.8,14,64,5
9404,4,25,9,225,0.36,0.187,0.436,2.47,42,98,17
9405,4,32,106,3392,3.313,0.198,0.395,4.56,671,341,147
9406,4,53,442,7626,2.889,0.114,0.215,6.27,689,538,227
9407,4,21,68,1428,3.238,0.052,0.109,5.69,74,156,13
9408,4,54,48,2592,0.889,0.143,0.264,6.85,370,685,54
9409,4,4,5,20,1.25,0.35,0.8,2.33,7,16,3
9410,4,8,9,72,1.125,0.125,0.319,4.5,9,23,2
9411,4,7,24,168,3.429,0.101,0.298,1.89,17,50,9
9412,4,14,17,238,1.214,0.113,0.387,1.8,27,92,15
9413,4,21,4,84,0.19,0.31,0.643,3.71,26,54,7
9414,4,83,315,6145,3.795,0.295,0.594,9.21,725,523,839
9415,4,43,62,2666,1.442,0.08,0.17,6.63,212,454,32
9416,4,7,15,105,2.143,0.114,0.295,2.4,12,31,5
9417,4,7,24,168,3.429,0.101,0.298,1.89,17,50,9
9418,4,53,48,2544,0.906,0.181,0.374,4.69,460,951,98
9419,4,53,48,2544,0.906,0.157,0.269,7.84,400,685,51
9420,4,17,9,153,0.529,0.209,0.497,1.88,32,76,17
9421,4,7,9,63,1.286,0.143,0.238,9.0,9,15,1
9422,4,13,8,104,0.615,0.154,0.769,1.07,16,80,15
9423,4,83,277,2991,3.337,0.18,0.365,6.86,138,387,603
9424,4,29,48,1392,1.655,0.116,0.268,5.06,162,373,32
9425,4,83,314,6062,3.783,0.298,0.671,8.75,772,482,888
9426,4,8,16,128,2.0,0.156,0.859,5.0,20,110,4
9427,4,25,9,225,0.36,0.187,0.436,2.47,42,98,17
9428,4,14,17,238,1.214,0.113,0.387,1.8,27,92,15
9429,4,34,27,918,0.794,0.219,0.554,3.09,201,509,65
9430,4,6,12,72,2.0,0.139,0.514,1.43,10,37,7
9431,4,18,105,2390,0.89,0.052,0.105,3.33,642,296,193
9432,4,13,5,65,0.385,0.123,0.538,8.0,8,35,1
9433,4,31,105,3255,3.387,0.224,0.417,5.35,728,358,136
9434,4,83,315,6145,3.795,0.295,0.594,9.21,725,523,839
9435,4,97,198,9006,1.005,0.273,0.332,46.93,654,964,227
9436,4,13,8,104,0.615,0.154,0.769,1.07,16,80,15
9437,4,14,19,266,1.357,0.113,0.504,30.0,30,134,1
9438,4,4,5,20,1.25,0.35,0.8,2.33,7,16,3
9439,4,52,48,2496,0.923,0.138,0.248,7.67,345,619,45
9440,4,8,16,128,2.0,0.156,0.859,5.0,20,110,4
9441,4,28,61,1708,2.179,0.172,0.509,1.97,294,870,149
9442,4,30,61,1830,2.033,0.157,0.483,1.88,288,884,153
9443,4,4,11,44,2.75,0.159,0.932,1.75,7,41,4
9444,4,68,34,2312,0.5,0.224,0.526,2.44,519,215,213
9445,4,10,7,70,0.7,0.157,0.6,1.57,11,42,7
9446,4,85,69,5865,0.812,0.165,0.441,1.44,969,588,674
9447,4,6,17,102,2.833,0.137,0.627,2.8,14,64,5
9448,4,12,4,48,0.333,0.292,1.0,2.0,14,48,7
9449,4,37,72,2664,1.946,0.12,0.257,7.64,321,685,42
9450,4,83,277,2991,3.337,0.18,0.365,6.86,138,387,603
9451,4,52,461,3972,8.865,0.192,0.248,11.52,607,938,400
9452,4,8,4,32,0.5,0.438,0.594,7.0,14,19,2
9453,4,7,15,105,2.143,0.114,0.295,2.4,12,31,5
9454,4,24,18,432,0.75,0.139,0.377,2.07,60,163,29
9455,4,58,167,6386,1.057,0.16,0.276,8.24,213,279,511
9456,4,86,67,5762,0.779,0.164,0.935,2.37,947,386,399
9457,4,31,105,3255,3.387,0.242,0.456,4.89,787,485,161
9458,4,28,61,1708,2.179,0.172,0.509,1.97,294,870,149
9459,4,5,4,20,0.8,0.45,0.65,4.5,9,13,2
9460,4,29,61,1769,2.103,0.121,0.431,1.78,214,762,120
9461,4,38,70,2660,1.842,0.059,0.062,19.63,157,165,8
9462,4,16,4,64,0.25,0.156,0.531,5.0,10,34,2
9463,4,53,48,2544,0.906,0.181,0.374,4.69,460,951,98
9464,4,14,17,238,1.214,0.113,0.387,1.8,27,92,15
9465,4,31,105,3255,3.387,0.224,0.417,5.35,728,358,136
9466,4,16,30,480,1.875,0.133,0.471,2.29,64,226,28
9467,4,15,14,210,0.933,0.11,0.338,1.92,23,71,12
9468,4,54,357,9278,6.611,0.299,0.655,6.4,766,626,901
9469,4,32,350,1200,10.938,0.142,0.402,3.96,588,497,401
9470,4,9,6,54,0.667,0.407,0.519,5.5,22,28,4
9471,4,48,402,9296,8.375,0.055,0.094,4.13,58,814,256
9472,4,9,6,54,0.667,0.407,0.519,5.5,22,28,4
9473,4,36,43,1548,1.194,0.117,0.183,3.07,181,283,59
9474,4,20,39,780,1.95,0.14,0.405,3.21,109,316,34
9475,4,12,146,1752,12.167,0.091,0.128,26.67,160,225,6
9476,4,4,5,20,1.25,0.35,0.8,2.33,7,16,3
9477,4,18,105,2390,0.89,0.052,0.105,3.33,642,296,193
9478,4,24,18,432,0.75,0.139,0.377,2.07,60,163,29
9479,4,10,7,70,0.7,0.157,0.6,1.57,11,42,7
9480,4,8,9,72,1.125,0.125,0.319,4.5,9,23,2
9481,4,24,18,432,0.75,0.139,0.377,2.07,60,163,29
9482,4,21,68,1428,3.238,0.052,0.109,5.69,74,156,13
9483,4,30,61,1830,2.033,0.157,0.483,1.88,288,884,153
9484,4,14,19,266,1.357,0.113,0.504,30.0,30,134,1
9485,4,32,106,3392,3.313,0.198,0.395,4.56,671,341,147
9486,4,53,442,7626,2.889,0.114,0.215,6.27,689,538,227
9487,4,16,30,480,1.875,0.133,0.471,2.29,64,226,28
9488,4,45,79,3555,1.756,0.087,0.195,4.81,308,693,64
9489,4,5,3,15,0.6,0.467,0.6,3.5,7,9,2
9490,4,15,14,210,0.933,0.11,0.338,1.92,23,71,12
9491,4,6,13,78,2.167,0.103,0.449,4.0,8,35,2
9492,4,86,67,5762,0.779,0.164,0.935,2.37,947,386,399
9493,4,5,9,45,1.8,0.178,0.533,1.6,8,24,5
9494,4,5,7,35,1.4,0.229,0.6,2.67,8,21,3
9495,4,34,27,918,0.794,0.219,0.554,3.09,201,509,65
9496,4,6,17,102,2.833,0.137,0.627,2.8,14,64,5
9497,4,85,69,5865,0.812,0.165,0.441,1.44,969,588,674
9498,4,4,463,752,1.523,0.063,0.121,3.91,898,81,273
9499,4,39,70,2730,1.795,0.09,0.255,7.0,245,697,35
9500,4,12,464,8368,2.189,0.052,0.07,11.84,66,884,428
9501,4,5,12,60,2.4,0.133,0.267,4.0,8,16,2
9502,4,58,167,6386,1.057,0.16,0.276,8.24,213,279,511
9503,4,43,62,2666,1.442,0.08,0.17,6.63,212,454,32
9504,4,83,315,6145,3.795,0.295,0.594,9.21,725,523,839
9505,4,5,12,60,2.4,0.133,0.267,4.0,8,16,2
9506,4,8,9,72,1.125,0.125,0.319,4.5,9,23,2
9507,4,37,72,2664,1.946,0.12,0.257,7.64,321,685,42
9508,4,8,16,128,2.0,0.156,0.859,5.0,20,110,4
9509,4,16,21,336,1.313,0.095,0.515,1.6,32,173,20
9510,4,6,12,72,2.0,0.139,0.514,1.43,10,37,7
9511,4,34,25,850,0.735,0.256,0.534,2.06,218,454,106
9512,4,13,13,169,1.0,0.124,0.45,3.5,21,76,6
9513,4,16,21,336,1.313,0.095,0.515,1.6,32,173,20
9514,4,97,198,9006,1.005,0.273,0.332,46.93,654,964,227
9515,4,14,19,266,1.357,0.128,0.541,2.83,34,144,12
9516,4,81,49,3969,0.605,0.113,0.398,2.26,449,580,199
9517,4,9,17,153,1.889,0.144,0.458,3.14,22,70,7
9518,4,53,442,7626,2.889,0.114,0.215,6.27,689,538,227
9519,4,36,96,3456,2.667,0.096,0.207,7.7,331,717,43
9520,4,60,286,5760,1.788,0.201,0.226,55.42,199,347,166
9521,4,6,5,30,0.833,0.233,0.633,1.75,7,19,4
9522,4,5,7,35,1.4,0.229,0.6,2.67,8,21,3
9523,4,17,9,153,0.529,0.209,0.497,1.88,32,76,17
9524,4,49,79,3871,1.612,0.084,0.179,7.36,324,694,44
9525,4,24,18,432,0.75,0.139,0.377,2.07,60,163,29
9526,4,6,12,72,2.0,0.139,0.514,1.43,10,37,7
9527,4,67,30,2010,0.448,0.169,0.46,2.26,339,924,150
9528,4,5,7,35,1.4,0.229,0.6,2.67,8,21,3
9529,4,7,47,329,6.714,0.158,0.289,5.78,52,95,9
9530,4,8,4,32,0.5,0.438,0.594,7.0,14,19,2
9531,4,7,47,329,6.714,0.158,0.289,5.78,52,95,9
9532,4,20,39,780,1.95,0.14,0.405,3.21,109,316,34
9533,4,6,9,54,1.5,0.148,0.296,4.0,8,16,2
9534,4,54,357,9278,6.611,0.324,0.644,6.22,238,422,3
9535,4,4,11,44,2.75,0.159,0.932,1.75,7,41,4
9536,4,5,3,15,0.6,0.467,0.6,3.5,7,9,2
9537,4,6,5,30,0.833,0.233,0.633,1.75,7,19,4
9538,4,20,39,780,1.95,0.14,0.405,3.21,109,316,34
9539,4,36,43,1548,1.194,0.117,0.183,3.07,181,283,59
9540,4,18,105,2390,0.89,0.052,0.105,3.33,642,296,193
9541,4,55,48,2640,0.873,0.142,0.364,4.26,375,960,88
9542,4,54,357,9278,6.611,0.299,0.655,6.4,766,626,901
9543,4,6,12,72,2.0,0.139,0.514,1.43,10,37,7
9544,4,6,13,78,2.167,0.103,0.449,4.0,8,35,2
9545,4,45,79,3555,1.756,0.087,0.195,4.81,308,693,64
9546,4,8,16,128,2.0,0.156,0.859,5.0,20,110,4
9547,4,83,315,6145,3.795,0.295,0.594,9.21,725,523,839
9548,4,7,11,77,1.571,0.117,0.494,1.8,9,38,5
9549,4,83,315,6145,3.795,0.295,0.594,9.21,725,523,839
9550,4,53,442,7626,2.889,0.114,0.215,6.27,689,538,227
9551,4,6,5,30,0.833,0.367,1.0,2.2,11,30,5
9552,4,29,48,1392,1.655,0.116,0.268,5.06,162,373,32
9553,4,47,286,3442,6.085,0.183,0.317,4.67,459,258,526
9554,4,52,461,3972,8.865,0.192,0.248,11.52,607,938,400
9555,4,6,17,102,2.833,0.137,0.627,2.8,14,64,5
9556,4,4,8,32,2.0,0.344,0.531,5.5,11,17,2
9557,4,21,4,84,0.19,0.31,0.643,3.71,26,54,7
9558,4,9,6,54,0.667,0.407,0.519,5.5,22,28,4
9559,4,53,48,2544,0.906,0.181,0.374,4.69,460,951,98
9560,4,31,105,3255,3.387,0.242,0.456,4.89,787,485,161
9561,4,68,34,2312,0.5,0.224,0.526,2.44,519,215,213
9562,4,12,464,8368,2.189,0.052,0.07,11.84,66,884,428
9563,4,52,461,3972,8.865,0.192,0.248,11.52,607,938,400
9564,4,10,12,120,1.2,0.208,0.583,1.67,25,70,15
9565,4,9,6,54,0.667,0.407,0.519,5.5,22,28,4
9566,4,7,13,91,1.857,0.154,0.484,2.0,14,44,7
9567,4,36,172,6192,4.778,0.128,0.337,4.84,793,86,164
9568,4,16,29,464,1.813,0.144,0.496,2.58,67,230,26
9569,4,60,286,5760,1.788,0.201,0.226,55.42,199,347,166
9570,4,31,105,3255,3.387,0.224,0.417,5.35,728,358,136
9571,4,91,285,5935,3.132,0.158,0.165,113.89,100,287,36
9572,4,32,350,1200,10.938,0.142,0.402,3.96,588,497,401
9573,4,36,96,3456,2.667,0.096,0.207,7.7,331,717,43
9574,4,31,105,3255,3.387,0.224,0.417,5.35,728,358,136
9575,4,14,19,266,1.357,0.113,0.504,30.0,30,134,1
9576,4,5,4,20,0.8,0.45,0.65,4.5,9,13,2
9577,4,8,9,72,1.125,0.125,0.319,4.5,9,23,2
9578,4,83,315,6145,3.795,0.295,0.594,9.21,725,523,839
9579,4,31,71,2201,2.29,0.159,0.296,10.29,350,651,34
9580,4,9,17,153,1.889,0.144,0.458,3.14,22,70,7
9581,4,34,25,850,0.735,0.256,0.534,2.06,218,454,106
9582,4,52,48,2496,0.923,0.138,0.248,7.67,345,619,45
9583,4,11,463,3993,1.489,0.088,0.16,3.93,631,92,212
9584,4,11,48,528,4.364,0.237,0.39,7.35,125,206,17
9585,4,19,47,893,2.474,0.078,0.112,3.89,70,100,18
9586,4,34,25,850,0.735,0.256,0.534,2.06,218,454,106
9587,4,5,9,45,1.8,0.178,0.533,1.6,8,24,5
9588,4,8,1,8,0.125,0.875,1.0,7.0,7,8,1
9589,4,4,7,28,1.75,0.286,1.0,2.0,8,28,4
9590,4,6,5,30,0.833,0.367,1.0,2.2,11,30,5
9591,4,16,4,64,0.25,0.156,0.531,5.0,10,34,2
9592,4,10,7,70,0.7,0.157,0.6,1.57,11,42,7
9593,4,9,4,36,0.444,0.25,0.75,9.0,9,27,1
9594,4,33,28,924,0.848,0.098,0.271,5.69,91,250,16
9595,4,5,9,45,1.8,0.178,0.533,1.6,8,24,5
9596,4,12,464,8368,2.189,0.052,0.07,11.84,66,884,428
9597,4,48,402,9296,8.375,0.055,0.094,4.13,58,814,256
9598,4,1,99,9999,0.98,0.14,0.778,2.02,398,780,691
9599,4,6,13,78,2.167,0.103,0.449,4.0,8,35,2
9600,4,37,20,740,0.541,0.131,0.193,4.22,97,143,23
9601,4,68,34,2312,0.5,0.224,0.526,2.44,519,215,213
9602,4,29,48,1392,1.655,0.116,0.268,5.06,162,373,32
9603,4,6,6,36,1.0,0.194,0.417,3.5,7,15,2
9604,4,52,461,3972,8.865,0.192,0.248,11.52,607,938,400
9605,4,30,61,1830,2.033,0.157,0.483,1.88,288,884,153
9606,4,54,357,9278,6.611,0.324,0.644,6.22,238,422,3
9607,4,54,48,2592,0.889,0.143,0.264,6.85,370,685,54
9608,4,6,6,36,1.0,0.194,0.417,3.5,7,15,2
9609,4,16,21,336,1.313,0.095,0.515,1.6,32,173,20
9610,4,1,99,9999,0.98,0.14,0.778,2.02,398,780,691
9611,4,7,13,91,1.857,0.154,0.484,2.0,14,44,7
9612,4,48,402,9296,8.375,0.055,0.094,4.13,58,814,256
9613,4,29,48,1392,1.655,0.116,0.268,5.06,162,373,32
9614,4,53,442,7626,2.889,0.114,0.215,6.27,689,538,227
9615,4,86,67,5762,0.779,0.164,0.935,2.37,947,386,399
9616,4,58,167,6386,1.057,0.16,0.276,8.24,213,279,511
9617,4,60,286,5760,1.788,0.201,0.226,55.42,199,347,166
9618,4,31,105,3255,3.387,0.242,0.456,4.89,787,485,161
9619,4,30,61,1830,2.033,0.157,0.483,1.88,288,884,153
9620,4,52,48,2496,0.923,0.138,0.248,7.67,345,619,45
9621,4,4,11,44,2.75,0.159,0.932,1.75,7,41,4
9622,4,5,7,35,1.4,0.229,0.6,2.67,8,21,3
9623,4,67,30,2010,0.448,0.169,0.46,2.26,339,924,150
9624,4,32,106,3392,3.313,0.198,0.395,4.56,671,341,147
9625,4,10,12,120,1.2,0.208,0.583,1.67,25,70,15
9626,4,53,48,2544,0.906,0.157,0.269,7.84,400,685,51
9627,4,6,12,72,2.0,0.139,0.514,1.43,10,37,7
9628,4,32,350,1200,10.938,0.142,0.402,3.96,588,497,401
9629,4,4,463,752,1.523,0.063,0.121,3.91,898,81,273
9630,4,8,4,32,0.5,0.438,0.594,7.0,14,19,2
9631,4,11,48,528,4.364,0.237,0.39,7.35,125,206,17
9632,4,38,70,2660,1.842,0.059,0.062,19.63,157,165,8
9633,4,11,48,528,4.364,0.237,0.39,7.35,125,206,17
9634,4,48,402,9296,8.375,0.055,0.094,4.13,58,814,256
9635,4,48,402,9296,8.375,0.055,0.094,4.13,58,814,256
9636,4,17,60,1020,3.529,0.139,0.371,7.1,142,378,20
9637,4,31,37,1147,1.194,0.189,0.555,2.07,217,637,105
9638,4,9,10,90,1.111,0.144,0.522,6.5,13,47,2
9639,4,38,70,2660,1.842,0.059,0.062,19.63,157,165,8
9640,4,9,4,36,0.444,0.25,0.75,9.0,9,27,1
9641,4,55,48,2640,0.873,0.142,0.364,4.26,375,960,88
9642,4,45,79,3555,1.756,0.087,0.195,4.81,308,693,64
9643,4,31,105,3255,3.387,0.224,0.417,5.35,728,358,136
9644,4,4,7,28,1.75,0.286,1.0,2.0,8,28,4
9645,4,85,69,5865,0.812,0.165,0.441,1.44,969,588,674
9646,4,32,350,1200,10.938,0.142,0.402,3.96,588,497,401
9647,4,8,16,128,2.0,0.156,0.859,5.0,20,110,4
9648,4,5,4,20,0.8,0.45,0.65,4.5,9,13,2
9649,4,58,167,6386,1.057,0.16,0.276,8.24,213,279,511
9650,4,5,9,45,1.8,0.178,0.533,1.6,8,24,5
9651,4,6,5,30,0.833,0.367,1.0,2.2,11,30,5
9652,4,15,14,210,0.933,0.11,0.338,1.92,23,71,12
9653,4,11,48,528,4.364,0.237,0.39,7.35,125,206,17
9654,4,14,17,238,1.214,0.113,0.387,1.8,27,92,15
9655,4,6,465,2290,1.52,0.055,0.123,2.69,861,452,925
9656,4,5,9,45,1.8,0.178,0.533,1.6,8,24,5
9657,4,54,357,9278,6.611,0.324,0.644,6.22,238,422,3
9658,4,53,48,2544,0.906,0.181,0.374,4.69,460,951,98
9659,4,5,7,35,1.4,0.229,0.6,2.67,8,21,3
9660,4,5,7,35,1.4,0.229,0.6,2.67,8,21,3
9661,4,32,350,1200,10.938,0.142,0.402,3.96,588,497,401
9662,4,31,71,2201,2.29,0.159,0.296,10.29,350,651,34
9663,4,22,22,484,1.0,0.107,0.473,1.79,52,229,29
9664,4,4,7,28,1.75,0.286,1.0,2.0,8,28,4
9665,4,36,96,3456,2.667,0.096,0.207,7.7,331,717,43
9666,4,60,286,5760,1.788,0.201,0.226,55.42,199,347,166
9667,4,31,105,3255,3.387,0.224,0.417,5.35,728,358,136
9668,4,53,442,7626,2.889,0.114,0.215,6.27,689,538,227
9669,4,14,19,266,1.357,0.113,0.504,30.0,30,134,1
9670,4,49,79,3871,1.612,0.084,0.179,7.36,324,694,44
9671,4,16,21,336,1.313,0.095,0.515,1.6,32,173,20
9672,4,6,5,30,0.833,0.233,0.633,1.75,7,19,4
9673,4,12,464,8368,2.189,0.052,0.07,11.84,66,884,428
9674,4,91,285,5935,3.132,0.158,0.165,113.89,100,287,36
9675,4,31,105,3255,3.387,0.224,0.417,5.35,728,358,136
9676,4,47,286,3442,6.085,0.183,0.317,4.67,459,258,526
9677,4,29,61,1769,2.103,0.121,0.431,1.78,214,762,120
9678,4,33,28,924,0.848,0.098,0.271,5.69,91,250,16
9679,4,10,12,120,1.2,0.208,0.583,1.67,25,70,15
9680,4,5,9,45,1.8,0.178,0.533,1.6,8,24,5
9681,4,55,48,2640,0.873,0.142,0.364,4.26,375,960,88
9682,4,28,61,1708,2.179,0.172,0.509,1.97,294,870,149
9683,4,8,5,40,0.625,0.275,0.45,3.67,11,18,3
9684,4,34,25,850,0.735,0.256,0.534,2.06,218,454,106
9685,4,37,72,2664,1.946,0.12,0.257,7.64,321,685,42
9686,4,54,357,9278,6.611,0.324,0.644,6.22,238,422,3
9687,4,53,48,2544,0.906,0.181,0.374,4.69,460,951,98
9688,4,7,13,91,1.857,0.154,0.484,2.0,14,44,7
9689,4,7,24,168,3.429,0.101,0.298,1.89,17,50,9
9690,4,12,146,1752,12.167,0.091,0.128,26.67,160,225,6
9691,4,36,172,6192,4.778,0.128,0.337,4.84,793,86,164
9692,4,38,70,2660,1.842,0.059,0.062,19.63,157,165,8
9693,4,54,357,9278,6.611,0.324,0.644,6.22,238,422,3
9694,4,1,99,9999,0.98,0.14,0.778,2.02,398,780,691
9695,4,12,464,8368,2.189,0.052,0.07,11.84,66,884,428
9696,4,37,72,2664,1.946,0.12,0.257,7.64,321,685,42
9697,4,7,47,329,6.714,0.158,0.289,5.78,52,95,9
9698,4,18,105,2390,0.89,0.052,0.105,3.33,642,296,193
9699,4,91,285,5935,3.132,0.158,0.165,113.89,100,287,36
9700,4,85,69,5865,0.812,0.165,0.441,1.44,969,588,674
9701,4,54,48,2592,0.889,0.143,0.264,6.85,370,685,54
9702,4,4,5,20,1.25,0.35,0.8,2.33,7,16,3
9703,4,86,67,5762,0.779,0.164,0.935,2.37,947,386,399
9704,4,4,7,28,1.75,0.286,1.0,2.0,8,28,4
9705,4,83,326,7058,3.928,0.286,0.671,7.55,741,149,25
9706,4,85,69,5865,0.812,0.165,0.441,1.44,969,588,674
9707,4,29,48,1392,1.655,0.116,0.268,5.06,162,373,32
9708,4,34,27,918,0.794,0.219,0.554,3.09,201,509,65
9709,4,15,14,210,0.933,0.11,0.338,1.92,23,71,12
9710,4,32,350,1200,10.938,0.142,0.402,3.96,588,497,401
9711,4,37,72,2664,1.946,0.12,0.257,7.64,321,685,42
9712,4,36,43,1548,1.194,0.117,0.183,3.07,181,283,59
9713,4,29,48,1392,1.655,0.116,0.268,5.06,162,373,32
9714,4,28,61,1708,2.179,0.172,0.509,1.97,294,870,149
9715,4,0,49,4900,0.49,0.093,0.4,1.77,458,958,259
9716,4,12,4,48,0.333,0.292,1.0,2.0,14,48,7
9717,4,6,5,30,0.833,0.367,1.0,2.2,11,30,5
9718,4,13,13,169,1.0,0.124,0.45,3.5,21,76,6
9719,4,8,16,128,2.0,0.156,0.859,5.0,20,110,4
9720,4,38,70,2660,1.842,0.059,0.062,19.63,157,165,8
9721,4,31,105,3255,3.387,0.224,0.417,5.35,728,358,136
9722,4,14,17,238,1.214,0.113,0.387,1.8,27,92,15
9723,4,6,6,36,1.0,0.194,0.417,3.5,7,15,2
9724,4,4,463,752,1.523,0.063,0.121,3.91,898,81,273
9725,4,37,20,740,0.541,0.131,0.193,4.22,97,143,23
9726,4,14,19,266,1.357,0.113,0.504,30.0,30,134,1
9727,4,4,463,752,1.523,0.063,0.121,3.91,898,81,273
9728,4,8,1,8,0.125,0.875,1.0,7.0,7,8,1
9729,4,6,5,30,0.833,0.367,1.0,2.2,11,30,5
9730,4,9,17,153,1.889,0.144,0.458,3.14,22,70,7
9731,4,25,9,225,0.36,0.187,0.436,2.47,42,98,17
9732,4,5,7,35,1.4,0.229,0.6,2.67,8,21,3
9733,4,8,9,72,1.125,0.125,0.319,4.5,9,23,2
9734,4,37,20,740,0.541,0.131,0.193,4.22,97,143,23
9735,4,8,5,40,0.625,0.275,0.45,3.67,11,18,3
9736,4,15,14,210,0.933,0.11,0.338,1.92,23,71,12
9737,4,6,9,54,1.5,0.148,0.296,4.0,8,16,2
9738,4,13,5,65,0.385,0.123,0.538,8.0,8,35,1
9739,4,6,12,72,2.0,0.139,0.514,1.43,10,37,7
9740,4,4,7,28,1.75,0.286,1.0,2.0,8,28,4
9741,4,14,17,238,1.214,0.113,0.387,1.8,27,92,15
9742,4,7,11,77,1.571,0.117,0.494,1.8,9,38,5
9743,4,29,61,1769,2.103,0.121,0.431,1.78,214,762,120
9744,4,37,20,740,0.541,0.131,0.193,4.22,97,143,23
9745,4,49,79,3871,1.612,0.084,0.179,7.36,324,694,44
9746,4,14,17,238,1.214,0.113,0.387,1.8,27,92,15
9747,4,14,19,266,1.357,0.113,0.504,30.0,30,134,1
9748,4,28,61,1708,2.179,0.172,0.509,1.97,294,870,149
9749,4,38,70,2660,1.842,0.059,0.062,19.63,157,165,8
9750,4,52,48,2496,0.923,0.138,0.248,7.67,345,619,45
9751,4,5,7,35,1.4,0.229,0.6,2.67,8,21,3
9752,4,8,9,72,1.125,0.125,0.319,4.5,9,23,2
9753,4,7,13,91,1.857,0.154,0.484,2.0,14,44,7
9754,4,6,6,36,1.0,0.194,0.417,3.5,7,15,2
9755,4,21,68,1428,3.238,0.052,0.109,5.69,74,156,13
9756,4,7,9,63,1.286,0.143,0.238,9.0,9,15,1
9757,4,8,9,72,1.125,0.125,0.319,4.5,9,23,2
9758,4,9,6,54,0.667,0.407,0.519,5.5,22,28,4
9759,4,10,12,120,1.2,0.208,0.583,1.67,25,70,15
9760,4,83,314,6062,3.783,0.282,0.619,8.77,353,139,838
9761,4,9,4,36,0.444,0.25,0.75,9.0,9,27,1
9762,4,11,48,528,4.364,0.237,0.39,7.35,125,206,17
9763,4,49,79,3871,1.612,0.084,0.179,7.36,324,694,44
9764,4,12,4,48,0.333,0.292,1.0,2.0,14,48,7
9765,4,55,48,2640,0.873,0.142,0.364,4.26,375,960,88
9766,4,68,34,2312,0.5,0.224,0.526,2.44,519,215,213
9767,4,68,34,2312,0.5,0.224,0.526,2.44,519,215,213
9768,4,11,48,528,4.364,0.237,0.39,7.35,125,206,17
9769,4,31,105,3255,3.387,0.224,0.417,5.35,728,358,136
9770,4,6,465,2290,1.52,0.055,0.123,2.69,861,452,925
9771,4,83,315,6145,3.795,0.295,0.594,9.21,725,523,839
9772,4,30,61,1830,2.033,0.157,0.483,1.88,288,884,153
9773,4,7,11,77,1.571,0.117,0.494,1.8,9,38,5
9774,4,24,18,432,0.75,0.139,0.377,2.07,60,163,29
9775,4,6,12,72,2.0,0.139,0.514,1.43,10,37,7
9776,4,8,1,8,0.125,0.875,1.0,7.0,7,8,1
9777,4,6,465,2290,1.52,0.055,0.123,2.69,861,452,925
9778,4,16,21,336,1.313,0.095,0.515,1.6,32,173,20
9779,4,14,19,266,1.357,0.128,0.541,2.83,34,144,12
9780,4,36,172,6192,4.778,0.128,0.337,4.84,793,86,164
9781,4,60,286,5760,1.788,0.201,0.226,55.42,199,347,166
9782,4,36,43,1548,1.194,0.117,0.183,3.07,181,283,59
9783,4,5,7,35,1.4,0.229,0.6,2.67,8,21,3
9784,4,4,5,20,1.25,0.35,0.8,2.33,7,16,3
9785,4,8,5,40,0.625,0.275,0.45,3.67,11,18,3
9786,4,53,442,7626,2.889,0.114,0.215,6.27,689,538,227
9787,4,81,49,3969,0.605,0.113,0.398,2.26,449,580,199
9788,4,6,17,102,2.833,0.137,0.627,2.8,14,64,5
9789,4,52,48,2496,0.923,0.138,0.248,7.67,345,619,45
9790,4,48,402,9296,8.375,0.055,0.094,4.13,58,814,256
9791,4,12,4,48,0.333,0.292,1.0,2.0,14,48,7
9792,4,8,16,128,2.0,0.156,0.859,5.0,20,110,4
9793,4,4,8,32,2.0,0.344,0.531,5.5,11,17,2
9794,4,14,17,238,1.214,0.113,0.387,1.8,27,92,15
9795,4,7,9,63,1.286,0.143,0.238,9.0,9,15,1
9796,4,11,48,528,4.364,0.237,0.39,7.35,125,206,17
9797,4,83,315,6145,3.795,0.295,0.594,9.21,725,523,839
9798,4,5,3,15,0.6,0.467,0.6,3.5,7,9,2
9799,4,48,402,9296,8.375,0.055,0.094,4.13,58,814,256
9800,4,6,17,102,2.833,0.137,0.627,2.8,14,64,5
9801,4,58,167,6386,1.057,0.16,0.276,8.24,213,279,511
9802,4,36,48,1728,1.333,0.143,0.437,3.58,247,755,69
9803,4,36,48,1728,1.333,0.143,0.437,3.58,247,755,69
9804,4,8,16,128,2.0,0.156,0.859,5.0,20,110,4
9805,4,11,48,528,4.364,0.237,0.39,7.35,125,206,17
9806,4,7,24,168,3.429,0.101,0.298,1.89,17,50,9
9807,4,12,146,1752,12.167,0.091,0.128,26.67,160,225,6
9808,4,6,6,36,1.0,0.194,0.417,3.5,7,15,2
9809,4,6,12,72,2.0,0.139,0.514,1.43,10,37,7
9810,4,91,285,5935,3.132,0.158,0.165,113.89,100,287,36
9811,4,1,99,9999,0.98,0.14,0.778,2.02,398,780,691
9812,4,5,9,45,1.8,0.178,0.533,1.6,8,24,5
9813,4,30,60,1800,2.0,0.154,0.457,1.85,278,823,150
9814,4,5,9,45,1.8,0.178,0.533,1.6,8,24,5
9815,4,7,9,63,1.286,0.143,0.238,9.0,9,15,1
9816,4,8,5,40,0.625,0.275,0.45,3.67,11,18,3
9817,4,6,465,2290,1.52,0.055,0.123,2.69,861,452,925
9818,4,58,167,6386,1.057,0.16,0.276,8.24,213,279,511
9819,4,91,285,5935,3.132,0.158,0.165,113.89,100,287,36
9820,4,9,4,36,0.444,0.25,0.75,9.0,9,27,1
9821,4,85,69,5865,0.812,0.165,0.441,1.44,969,588,674
9822,4,12,464,8368,2.189,0.052,0.07,11.84,66,884,428
9823,4,36,96,3456,2.667,0.096,0.207,7.7,331,717,43
9824,4,60,286,5760,1.788,0.201,0.226,55.42,199,347,166
9825,4,1,99,9999,0.98,0.14,0.778,2.02,398,780,691
9826,4,7,13,91,1.857,0.154,0.484,2.0,14,44,7
9827,4,5,3,15,0.6,0.467,0.6,3.5,7,9,2
9828,4,83,326,7058,3.928,0.286,0.671,7.55,741,149,25
9829,4,38,70,2660,1.842,0.059,0.062,19.63,157,165,8
9830,4,38,70,2660,1.842,0.059,0.062,19.63,157,165,8
9831,4,9,4,36,0.444,0.25,0.75,9.0,9,27,1
9832,4,81,49,3969,0.605,0.113,0.398,2.26,449,580,199
9833,4,32,106,3392,3.313,0.198,0.395,4.56,671,341,147
9834,4,5,3,15,0.6,0.467,0.6,3.5,7,9,2
9835,4,6,9,54,1.5,0.148,0.296,4.0,8,16,2
9836,4,36,172,6192,4.778,0.128,0.337,4.84,793,86,164
9837,4,30,61,1830,2.033,0.157,0.483,1.88,288,884,153
9838,4,97,198,9006,1.005,0.273,0.332,46.93,654,964,227
9839,4,5,3,15,0.6,0.467,0.6,3.5,7,9,2
9840,4,54,357,9278,6.611,0.324,0.644,6.22,238,422,3
9841,4,5,9,45,1.8,0.178,0.533,1.6,8,24,5
9842,4,4,11,44,2.75,0.159,0.932,1.75,7,41,4
9843,4,38,70,2660,1.842,0.059,0.062,19.63,157,165,8
9844,4,21,68,1428,3.238,0.052,0.109,5.69,74,156,13
9845,4,4,463,752,1.523,0.063,0.121,3.91,898,81,273
9846,4,22,22,484,1.0,0.107,0.473,1.79,52,229,29
9847,4,54,48,2592,0.889,0.143,0.264,6.85,370,685,54
9848,4,60,286,5760,1.788,0.201,0.226,55.42,199,347,166
9849,4,9,17,153,1.889,0.144,0.458,3.14,22,70,7
9850,4,31,71,2201,2.29,0.159,0.296,10.29,350,651,34
9851,4,12,464,8368,2.189,0.052,0.07,11.84,66,884,428
9852,4,12,4,48,0.333,0.292,1.0,2.0,14,48,7
9853,4,12,4,48,0.333,0.292,1.0,2.0,14,48,7
9854,4,7,11,77,1.571,0.117,0.494,1.8,9,38,5
9855,4,5,4,20,0.8,0.45,0.65,4.5,9,13,2
9856,4,54,48,2592,0.889,0.143,0.264,6.85,370,685,54
9857,4,11,48,528,4.364,0.237,0.39,7.35,125,206,17
9858,4,8,16,128,2.0,0.156,0.859,5.0,20,110,4
9859,4,55,48,2640,0.873,0.142,0.364,4.26,375,960,88
9860,4,5,9,45,1.8,0.178,0.533,1.6,8,24,5
9861,4,58,167,6386,1.057,0.16,0.276,8.24,213,279,511
9862,4,58,167,6386,1.057,0.16,0.276,8.24,213,279,511
9863,4,21,68,1428,3.238,0.052,0.109,5.69,74,156,13
9864,4,18,105,2390,0.89,0.052,0.105,3.33,642,296,193
9865,4,48,402,9296,8.375,0.055,0.094,4.13,58,814,256
9866,4,13,13,169,1.0,0.124,0.45,3.5,21,76,6
9867,4,47,286,3442,6.085,0.183,0.317,4.67,459,258,526
9868,4,22,22,484,1.0,0.107,0.473,1.79,52,229,29
9869,4,4,8,32,2.0,0.344,0.531,5.5,11,17,2
9870,4,16,29,464,1.813,0.144,0.496,2.58,67,230,26
9871,4,31,105,3255,3.387,0.242,0.456,4.89,787,485,161
9872,4,7,24,168,3.429,0.101,0.298,1.89,17,50,9
9873,4,68,34,2312,0.5,0.224,0.526,2.44,519,215,213
9874,4,1,99,9999,0.98,0.14,0.778,2.02,398,780,691
9875,4,18,105,2390,0.89,0.052,0.105,3.33,642,296,193
9876,4,83,315,6145,3.795,0.295,0.594,9.21,725,523,839
9877,4,4,7,28,1.75,0.286,1.0,2.0,8,28,4
9878,4,36,43,1548,1.194,0.117,0.183,3.07,181,283,59
9879,4,12,464,8368,2.189,0.052,0.07,11.84,66,884,428
9880,5,66,472,8352,2.843,0.359,0.547,17.12,93,821,641
9881,5,63,161,6243,0.988,0.523,0.897,8.4,725,547,634
9882,5,74,471,1954,2.707,0.339,0.433,15.84,820,499,756
9883,5,87,141,6367,0.754,0.415,0.884,4.69,947,301,333
9884,5,28,347,4416,2.711,0.399,0.567,13.07,721,163,356
9885,5,28,31,868,1.107,0.492,0.745,7.49,427,647,57
9886,5,83,149,2367,1.795,0.388,0.472,28.77,804,838,167
9887,5,68,145,4360,0.863,0.798,0.963,13.06,430,457,488
9888,5,95,93,8835,0.979,0.675,0.902,3.63,966,968,644
9889,5,65,50,3250,0.769,0.454,0.487,245.83,475,582,6
9890,5,64,73,4672,1.141,0.403,0.445,72.38,882,77,26
9891,5,28,32,896,1.143,0.481,0.742,7.43,431,665,58
9892,5,65,50,3250,0.769,0.454,0.487,245.83,475,582,6
9893,5,86,469,7234,2.522,0.378,0.529,22.29,17,133,481
9894,5,28,32,896,1.143,0.462,0.722,7.02,414,647,59
9895,5,28,32,896,1.143,0.462,0.722,7.02,414,647,59
9896,5,93,104,9672,1.118,0.451,0.611,4.25,366,908,28
9897,5,29,32,928,1.103,0.432,0.689,6.27,401,639,64
9898,5,83,149,2367,1.795,0.388,0.472,28.77,804,838,167
9899,5,29,32,928,1.103,0.432,0.689,6.27,401,639,64
9900,5,29,32,928,1.103,0.432,0.689,6.27,401,639,64
9901,5,28,31,868,1.107,0.508,0.767,7.47,441,666,59
9902,5,28,32,896,1.143,0.481,0.742,7.43,431,665,58
9903,5,63,161,6243,0.988,0.523,0.897,8.4,725,547,634
9904,5,93,104,9672,1.118,0.451,0.611,4.25,366,908,28
9905,5,83,149,2367,1.795,0.388,0.472,28.77,804,838,167
9906,5,29,32,928,1.103,0.476,0.72,7.25,442,668,61
9907,5,29,32,928,1.103,0.432,0.689,6.27,401,639,64
9908,5,28,32,896,1.143,0.488,0.743,7.05,437,666,62
9909,5,86,469,7234,2.522,0.378,0.529,22.29,17,133,481
9910,5,28,32,896,1.143,0.481,0.742,7.43,431,665,58
9911,5,65,50,3250,0.769,0.454,0.487,245.83,475,582,6
9912,5,93,104,9672,1.118,0.451,0.611,4.25,366,908,28
9913,5,74,471,1954,2.707,0.339,0.433,15.84,820,499,756
9914,5,72,96,6912,1.333,0.488,0.582,15.69,374,25,215
9915,5,68,145,4360,0.863,0.798,0.963,13.06,430,457,488
9916,5,64,73,4672,1.141,0.403,0.445,72.38,882,77,26
9917,5,28,32,896,1.143,0.481,0.742,7.43,431,665,58
9918,5,83,149,2367,1.795,0.388,0.472,28.77,804,838,167
9919,5,65,50,3250,0.769,0.454,0.487,245.83,475,582,6
9920,5,53,158,4174,1.033,0.587,0.641,46.95,180,491,302
9921,5,29,32,928,1.103,0.432,0.689,6.27,401,639,64
9922,5,28,32,896,1.143,0.462,0.722,7.02,414,647,59
9923,5,29,32,928,1.103,0.432,0.689,6.27,401,639,64
9924,5,63,79,4977,1.254,0.338,0.345,186.78,681,718,9
9925,5,28,31,868,1.107,0.492,0.745,7.49,427,647,57
9926,5,65,50,3250,0.769,0.454,0.487,245.83,475,582,6
9927,5,78,140,4920,0.787,0.574,0.649,21.52,292,177,664
9928,5,83,149,2367,1.795,0.388,0.472,28.77,804,838,167
9929,5,63,66,4158,1.048,0.491,0.591,44.37,41,458,46
9930,5,66,472,8352,2.843,0.359,0.547,17.12,93,821,641
9931,5,86,469,7234,2.522,0.378,0.529,22.29,17,133,481
9932,5,28,32,896,1.143,0.488,0.743,7.05,437,666,62
9933,5,29,32,928,1.103,0.432,0.689,6.27,401,639,64
9934,5,74,471,1954,2.707,0.339,0.433,15.84,820,499,756
9935,5,63,79,4977,1.254,0.338,0.345,186.78,681,718,9
9936,5,78,140,4920,0.787,0.574,0.649,21.52,292,177,664
9937,5,28,31,868,1.107,0.492,0.745,7.49,427,647,57
9938,5,53,158,4174,1.033,0.587,0.641,46.95,180,491,302
9939,5,68,135,2680,0.804,0.82,0.904,62.81,591,513,296
9940,5,32,547,2204,4.144,0.37,0.483,20.66,693,874,292
9941,5,95,93,8835,0.979,0.675,0.902,3.63,966,968,644
9942,5,87,137,5619,0.733,0.899,0.991,29.29,25,400,786
9943,5,87,141,6367,0.754,0.415,0.884,4.69,947,301,333
9944,5,28,32,896,1.143,0.462,0.722,7.02,414,647,59
9945,5,63,66,4158,1.048,0.491,0.591,44.37,41,458,46
9946,5,29,32,928,1.103,0.476,0.72,7.25,442,668,61
9947,5,28,31,868,1.107,0.508,0.767,7.47,441,666,59
9948,5,63,79,4977,1.254,0.338,0.345,186.78,681,718,9
9949,5,53,158,4174,1.033,0.587,0.641,46.95,180,491,302
9950,5,53,158,4174,1.033,0.587,0.641,46.95,180,491,302
9951,5,86,469,7234,2.522,0.378,0.529,22.29,17,133,481
9952,5,28,32,896,1.143,0.481,0.742,7.43,431,665,58
9953,5,64,73,4672,1.141,0.403,0.445,72.38,882,77,26
9954,5,63,79,4977,1.254,0.338,0.345,186.78,681,718,9
9955,5,63,161,6243,0.988,0.523,0.897,8.4,725,547,634
9956,5,87,137,5619,0.733,0.899,0.991,29.29,25,400,786
9957,5,28,32,896,1.143,0.481,0.742,7.43,431,665,58
9958,5,28,32,896,1.143,0.481,0.742,7.43,431,665,58
9959,5,28,32,896,1.143,0.462,0.722,7.02,414,647,59
9960,5,28,31,868,1.107,0.492,0.745,7.49,427,647,57
9961,5,28,32,896,1.143,0.488,0.743,7.05,437,666,62
9962,5,29,31,899,1.069,0.463,0.726,6.93,416,653,60
9963,5,95,93,8835,0.979,0.675,0.902,3.63,966,968,644
9964,5,87,141,6367,0.754,0.415,0.884,4.69,947,301,333
9965,5,28,32,896,1.143,0.462,0.722,7.02,414,647,59
9966,5,87,141,6367,0.754,0.415,0.884,4.69,947,301,333
9967,5,63,79,4977,1.254,0.338,0.345,186.78,681,718,9
9968,5,29,31,899,1.069,0.463,0.726,6.93,416,653,60
9969,5,68,135,2680,0.804,0.82,0.904,62.81,591,513,296
9970,5,74,471,1954,2.707,0.339,0.433,15.84,820,499,756
9971,5,63,161,6243,0.988,0.523,0.897,8.4,725,547,634
9972,5,86,469,7234,2.522,0.378,0.529,22.29,17,133,481
9973,5,28,32,896,1.143,0.462,0.722,7.02,414,647,59
9974,5,87,141,6367,0.754,0.415,0.884,4.69,947,301,333
9975,5,68,135,2680,0.804,0.82,0.904,62.81,591,513,296
9976,5,93,104,9672,1.118,0.451,0.611,4.25,366,908,28
9977,5,64,73,4672,1.141,0.403,0.445,72.38,882,77,26
9978,5,68,135,2680,0.804,0.82,0.904,62.81,591,513,296
9979,5,28,32,896,1.143,0.481,0.742,7.43,431,665,58
9980,5,66,472,8352,2.843,0.359,0.547,17.12,93,821,641
9981,5,29,32,928,1.103,0.476,0.72,7.25,442,668,61
9982,5,68,145,4360,0.863,0.798,0.963,13.06,430,457,488
9983,5,95,93,8835,0.979,0.675,0.902,3.63,966,968,644
9984,5,28,31,868,1.107,0.492,0.745,7.49,427,647,57
9985,5,32,547,2204,4.144,0.37,0.483,20.66,693,874,292
9986,5,78,140,4920,0.787,0.574,0.649,21.52,292,177,664
9987,5,72,96,6912,1.333,0.488,0.582,15.69,374,25,215
9988,5,87,137,5619,0.733,0.899,0.991,29.29,25,400,786
9989,5,63,79,4977,1.254,0.338,0.345,186.78,681,718,9
9990,5,66,472,8352,2.843,0.359,0.547,17.12,93,821,641
9991,5,32,547,2204,4.144,0.37,0.483,20.66,693,874,292
9992,5,72,96,6912,1.333,0.488,0.582,15.69,374,25,215
9993,5,86,469,7234,2.522,0.378,0.529,22.29,17,133,481
9994,5,68,135,2680,0.804,0.82,0.904,62.81,591,513,296
9995,5,28,31,868,1.107,0.508,0.767,7.47,441,666,59
9996,5,29,31,899,1.069,0.463,0.726,6.93,416,653,60
9997,5,63,161,6243,0.988,0.523,0.897,8.4,725,547,634
9998,5,66,472,8352,2.843,0.359,0.547,17.12,93,821,641
9999,5,87,137,5619,0.733,0.899,0.991,29.29,25,400,786
10000,5,68,135,2680,0.804,0.82,0.904,62.81,591,513,296
10001,5,93,104,9672,1.118,0.451,0.611,4.25,366,908,28
10002,5,63,161,6243,0.988,0.523,0.897,8.4,725,547,634
10003,5,83,149,2367,1.795,0.388,0.472,28.77,804,838,167
10004,5,29,32,928,1.103,0.432,0.689,6.27,401,639,64
10005,5,32,547,2204,4.144,0.37,0.483,20.66,693,874,292
10006,5,87,141,6367,0.754,0.415,0.884,4.69,947,301,333
10007,5,28,31,868,1.107,0.508,0.767,7.47,441,666,59
10008,5,66,472,8352,2.843,0.359,0.547,17.12,93,821,641
10009,5,93,104,9672,1.118,0.451,0.611,4.25,366,908,28
10010,5,66,472,8352,2.843,0.359,0.547,17.12,93,821,641
10011,5,28,347,4416,2.711,0.399,0.567,13.07,721,163,356
10012,5,29,32,928,1.103,0.476,0.72,7.25,442,668,61
10013,5,29,31,899,1.069,0.463,0.726,6.93,416,653,60
10014,5,32,547,2204,4.144,0.37,0.483,20.66,693,874,292
10015,5,86,469,7234,2.522,0.378,0.529,22.29,17,133,481
10016,5,86,469,7234,2.522,0.378,0.529,22.29,17,133,481
10017,5,83,149,2367,1.795,0.388,0.472,28.77,804,838,167
10018,5,93,104,9672,1.118,0.451,0.611,4.25,366,908,28
10019,5,28,32,896,1.143,0.488,0.743,7.05,437,666,62
10020,5,68,135,2680,0.804,0.82,0.904,62.81,591,513,296
10021,5,63,161,6243,0.988,0.523,0.897,8.4,725,547,634
10022,5,95,93,8835,0.979,0.675,0.902,3.63,966,968,644
10023,5,86,469,7234,2.522,0.378,0.529,22.29,17,133,481
10024,5,68,135,2680,0.804,0.82,0.904,62.81,591,513,296
10025,5,83,149,2367,1.795,0.388,0.472,28.77,804,838,167
10026,5,68,145,4360,0.863,0.798,0.963,13.06,430,457,488
10027,5,28,31,868,1.107,0.508,0.767,7.47,441,666,59
10028,5,83,149,2367,1.795,0.388,0.472,28.77,804,838,167
10029,5,63,161,6243,0.988,0.523,0.897,8.4,725,547,634
10030,5,68,145,4360,0.863,0.798,0.963,13.06,430,457,488
10031,5,28,32,896,1.143,0.488,0.743,7.05,437,666,62
10032,5,68,135,2680,0.804,0.82,0.904,62.81,591,513,296
10033,5,68,135,2680,0.804,0.82,0.904,62.81,591,513,296
10034,5,28,31,868,1.107,0.492,0.745,7.49,427,647,57
10035,5,87,141,6367,0.754,0.415,0.884,4.69,947,301,333
10036,5,68,145,4360,0.863,0.798,0.963,13.06,430,457,488
10037,5,63,66,4158,1.048,0.491,0.591,44.37,41,458,46
10038,5,28,32,896,1.143,0.481,0.742,7.43,431,665,58
10039,5,28,31,868,1.107,0.492,0.745,7.49,427,647,57
10040,5,64,73,4672,1.141,0.403,0.445,72.38,882,77,26
10041,5,28,31,868,1.107,0.508,0.767,7.47,441,666,59
10042,5,28,32,896,1.143,0.481,0.742,7.43,431,665,58
10043,5,95,93,8835,0.979,0.675,0.902,3.63,966,968,644
10044,5,63,161,6243,0.988,0.523,0.897,8.4,725,547,634
10045,5,63,66,4158,1.048,0.491,0.591,44.37,41,458,46
10046,5,64,73,4672,1.141,0.403,0.445,72.38,882,77,26
10047,5,28,31,868,1.107,0.508,0.767,7.47,441,666,59
10048,5,68,135,2680,0.804,0.82,0.904,62.81,591,513,296
10049,5,29,31,899,1.069,0.463,0.726,6.93,416,653,60
10050,5,93,104,9672,1.118,0.451,0.611,4.25,366,908,28
10051,5,28,31,868,1.107,0.492,0.745,7.49,427,647,57
10052,5,29,32,928,1.103,0.476,0.72,7.25,442,668,61
10053,5,65,50,3250,0.769,0.454,0.487,245.83,475,582,6
10054,5,63,161,6243,0.988,0.523,0.897,8.4,725,547,634
10055,5,32,547,2204,4.144,0.37,0.483,20.66,693,874,292
10056,5,86,469,7234,2.522,0.378,0.529,22.29,17,133,481
10057,5,29,32,928,1.103,0.476,0.72,7.25,442,668,61
10058,5,29,31,899,1.069,0.463,0.726,6.93,416,653,60
10059,5,32,547,2204,4.144,0.37,0.483,20.66,693,874,292
10060,5,29,31,899,1.069,0.463,0.726,6.93,416,653,60
10061,5,68,135,2680,0.804,0.82,0.904,62.81,591,513,296
10062,5,64,73,4672,1.141,0.403,0.445,72.38,882,77,26
10063,5,63,161,6243,0.988,0.523,0.897,8.4,725,547,634
10064,5,87,141,6367,0.754,0.415,0.884,4.69,947,301,333
10065,5,87,141,6367,0.754,0.415,0.884,4.69,947,301,333
10066,5,28,32,896,1.143,0.462,0.722,7.02,414,647,59
10067,5,63,66,4158,1.048,0.491,0.591,44.37,41,458,46
10068,5,66,472,8352,2.843,0.359,0.547,17.12,93,821,641
10069,5,87,137,5619,0.733,0.899,0.991,29.29,25,400,786
10070,5,63,161,6243,0.988,0.523,0.897,8.4,725,547,634
10071,5,29,32,928,1.103,0.432,0.689,6.27,401,639,64
10072,5,28,32,896,1.143,0.462,0.722,7.02,414,647,59
10073,5,87,137,5619,0.733,0.899,0.991,29.29,25,400,786
10074,5,63,66,4158,1.048,0.491,0.591,44.37,41,458,46
10075,5,28,31,868,1.107,0.508,0.767,7.47,441,666,59
10076,5,63,79,4977,1.254,0.338,0.345,186.78,681,718,9
10077,5,86,469,7234,2.522,0.378,0.529,22.29,17,133,481
10078,5,28,32,896,1.143,0.481,0.742,7.43,431,665,58
10079,5,72,96,6912,1.333,0.488,0.582,15.69,374,25,215
10080,5,86,469,7234,2.522,0.378,0.529,22.29,17,133,481
10081,5,63,161,6243,0.988,0.523,0.897,8.4,725,547,634
10082,5,29,32,928,1.103,0.432,0.689,6.27,401,639,64
10083,5,28,31,868,1.107,0.492,0.745,7.49,427,647,57
10084,5,32,547,2204,4.144,0.37,0.483,20.66,693,874,292
10085,5,74,471,1954,2.707,0.339,0.433,15.84,820,499,756
10086,5,83,149,2367,1.795,0.388,0.472,28.77,804,838,167
10087,5,28,347,4416,2.711,0.399,0.567,13.07,721,163,356
10088,5,32,547,2204,4.144,0.37,0.483,20.66,693,874,292
10089,5,87,137,5619,0.733,0.899,0.991,29.29,25,400,786
10090,5,28,32,896,1.143,0.462,0.722,7.02,414,647,59
10091,5,28,31,868,1.107,0.508,0.767,7.47,441,666,59
10092,5,63,66,4158,1.048,0.491,0.591,44.37,41,458,46
10093,5,72,96,6912,1.333,0.488,0.582,15.69,374,25,215
10094,5,64,73,4672,1.141,0.403,0.445,72.38,882,77,26
10095,5,74,471,1954,2.707,0.339,0.433,15.84,820,499,756
10096,5,53,158,4174,1.033,0.587,0.641,46.95,180,491,302
10097,5,87,141,6367,0.754,0.415,0.884,4.69,947,301,333
10098,5,65,50,3250,0.769,0.454,0.487,245.83,475,582,6
10099,5,28,31,868,1.107,0.508,0.767,7.47,441,666,59
10100,5,93,104,9672,1.118,0.451,0.611,4.25,366,908,28
10101,5,74,471,1954,2.707,0.339,0.433,15.84,820,499,756
10102,5,93,104,9672,1.118,0.451,0.611,4.25,366,908,28
10103,5,29,31,899,1.069,0.463,0.726,6.93,416,653,60
10104,5,28,32,896,1.143,0.488,0.743,7.05,437,666,62
10105,5,29,31,899,1.069,0.463,0.726,6.93,416,653,60
10106,5,32,547,2204,4.144,0.37,0.483,20.66,693,874,292
10107,5,28,32,896,1.143,0.462,0.722,7.02,414,647,59
10108,5,28,32,896,1.143,0.481,0.742,7.43,431,665,58
10109,5,87,137,5619,0.733,0.899,0.991,29.29,25,400,786
10110,5,78,140,4920,0.787,0.574,0.649,21.52,292,177,664
10111,5,29,31,899,1.069,0.463,0.726,6.93,416,653,60
10112,5,66,472,8352,2.843,0.359,0.547,17.12,93,821,641
10113,5,66,472,8352,2.843,0.359,0.547,17.12,93,821,641
10114,5,29,32,928,1.103,0.476,0.72,7.25,442,668,61
10115,5,74,471,1954,2.707,0.339,0.433,15.84,820,499,756
10116,5,74,471,1954,2.707,0.339,0.433,15.84,820,499,756
10117,5,83,149,2367,1.795,0.388,0.472,28.77,804,838,167
10118,5,68,135,2680,0.804,0.82,0.904,62.81,591,513,296
10119,5,66,472,8352,2.843,0.359,0.547,17.12,93,821,641
10120,5,63,79,4977,1.254,0.338,0.345,186.78,681,718,9
10121,5,32,547,2204,4.144,0.37,0.483,20.66,693,874,292
10122,5,28,31,868,1.107,0.492,0.745,7.49,427,647,57
10123,5,64,73,4672,1.141,0.403,0.445,72.38,882,77,26
10124,5,63,161,6243,0.988,0.523,0.897,8.4,725,547,634
10125,5,29,31,899,1.069,0.463,0.726,6.93,416,653,60
10126,5,28,31,868,1.107,0.508,0.767,7.47,441,666,59
10127,5,28,347,4416,2.711,0.399,0.567,13.07,721,163,356
10128,5,78,140,4920,0.787,0.574,0.649,21.52,292,177,664
10129,5,28,31,868,1.107,0.508,0.767,7.47,441,666,59
10130,5,87,137,5619,0.733,0.899,0.991,29.29,25,400,786
10131,5,53,158,4174,1.033,0.587,0.641,46.95,180,491,302
10132,5,63,161,6243,0.988,0.523,0.897,8.4,725,547,634
10133,5,83,149,2367,1.795,0.388,0.472,28.77,804,838,167
10134,5,86,469,7234,2.522,0.378,0.529,22.29,17,133,481
10135,5,29,32,928,1.103,0.432,0.689,6.27,401,639,64
10136,5,87,141,6367,0.754,0.415,0.884,4.69,947,301,333
10137,5,78,140,4920,0.787,0.574,0.649,21.52,292,177,664
10138,5,83,149,2367,1.795,0.388,0.472,28.77,804,838,167
10139,5,65,50,3250,0.769,0.454,0.487,245.83,475,582,6
10140,5,68,145,4360,0.863,0.798,0.963,13.06,430,457,488
10141,5,65,50,3250,0.769,0.454,0.487,245.83,475,582,6
10142,5,28,32,896,1.143,0.462,0.722,7.02,414,647,59
10143,5,78,140,4920,0.787,0.574,0.649,21.52,292,177,664
10144,5,93,104,9672,1.118,0.451,0.611,4.25,366,908,28
10145,5,28,347,4416,2.711,0.399,0.567,13.07,721,163,356
10146,5,63,161,6243,0.988,0.523,0.897,8.4,725,547,634
10147,5,29,31,899,1.069,0.463,0.726,6.93,416,653,60
10148,5,78,140,4920,0.787,0.574,0.649,21.52,292,177,664
10149,5,68,145,4360,0.863,0.798,0.963,13.06,430,457,488
10150,5,93,104,9672,1.118,0.451,0.611,4.25,366,908,28
10151,5,66,472,8352,2.843,0.359,0.547,17.12,93,821,641
10152,5,66,472,8352,2.843,0.359,0.547,17.12,93,821,641
10153,5,87,141,6367,0.754,0.415,0.884,4.69,947,301,333
10154,5,29,32,928,1.103,0.476,0.72,7.25,442,668,61
10155,5,28,31,868,1.107,0.492,0.745,7.49,427,647,57
10156,5,63,161,6243,0.988,0.523,0.897,8.4,725,547,634
10157,5,29,31,899,1.069,0.463,0.726,6.93,416,653,60
10158,5,63,161,6243,0.988,0.523,0.897,8.4,725,547,634
10159,5,29,32,928,1.103,0.432,0.689,6.27,401,639,64
10160,5,65,50,3250,0.769,0.454,0.487,245.83,475,582,6
10161,5,28,347,4416,2.711,0.399,0.567,13.07,721,163,356
10162,5,93,104,9672,1.118,0.451,0.611,4.25,366,908,28
10163,5,68,135,2680,0.804,0.82,0.904,62.81,591,513,296
10164,5,29,32,928,1.103,0.432,0.689,6.27,401,639,64
10165,5,65,50,3250,0.769,0.454,0.487,245.83,475,582,6
10166,5,68,135,2680,0.804,0.82,0.904,62.81,591,513,296
10167,5,32,547,2204,4.144,0.37,0.483,20.66,693,874,292
10168,5,74,471,1954,2.707,0.339,0.433,15.84,820,499,756
10169,5,29,32,928,1.103,0.432,0.689,6.27,401,639,64
10170,5,53,158,4174,1.033,0.587,0.641,46.95,180,491,302
10171,5,63,66,4158,1.048,0.491,0.591,44.37,41,458,46
10172,5,29,32,928,1.103,0.476,0.72,7.25,442,668,61
10173,5,66,472,8352,2.843,0.359,0.547,17.12,93,821,641
10174,5,78,140,4920,0.787,0.574,0.649,21.52,292,177,664
10175,5,68,145,4360,0.863,0.798,0.963,13.06,430,457,488
10176,5,78,140,4920,0.787,0.574,0.649,21.52,292,177,664
10177,5,28,31,868,1.107,0.492,0.745,7.49,427,647,57
10178,5,63,66,4158,1.048,0.491,0.591,44.37,41,458,46
10179,5,29,32,928,1.103,0.432,0.689,6.27,401,639,64
10180,5,29,32,928,1.103,0.476,0.72,7.25,442,668,61
10181,5,83,149,2367,1.795,0.388,0.472,28.77,804,838,167
10182,5,64,73,4672,1.141,0.403,0.445,72.38,882,77,26
10183,5,93,104,9672,1.118,0.451,0.611,4.25,366,908,28
10184,5,28,32,896,1.143,0.462,0.722,7.02,414,647,59
10185,5,65,50,3250,0.769,0.454,0.487,245.83,475,582,6
10186,5,83,149,2367,1.795,0.388,0.472,28.77,804,838,167
10187,5,32,547,2204,4.144,0.37,0.483,20.66,693,874,292
10188,5,87,137,5619,0.733,0.899,0.991,29.29,25,400,786
10189,5,87,141,6367,0.754,0.415,0.884,4.69,947,301,333
10190,5,28,31,868,1.107,0.492,0.745,7.49,427,647,57
10191,5,78,140,4920,0.787,0.574,0.649,21.52,292,177,664
10192,5,28,32,896,1.143,0.462,0.722,7.02,414,647,59
10193,5,28,31,868,1.107,0.508,0.767,7.47,441,666,59
10194,5,93,104,9672,1.118,0.451,0.611,4.25,366,908,28
10195,5,63,161,6243,0.988,0.523,0.897,8.4,725,547,634
10196,5,78,140,4920,0.787,0.574,0.649,21.52,292,177,664
10197,5,72,96,6912,1.333,0.488,0.582,15.69,374,25,215
10198,5,87,141,6367,0.754,0.415,0.884,4.69,947,301,333
10199,5,28,32,896,1.143,0.462,0.722,7.02,414,647,59
10200,5,28,32,896,1.143,0.462,0.722,7.02,414,647,59
10201,5,29,32,928,1.103,0.476,0.72,7.25,442,668,61
10202,5,72,96,6912,1.333,0.488,0.582,15.69,374,25,215
10203,5,28,32,896,1.143,0.488,0.743,7.05,437,666,62
10204,5,95,93,8835,0.979,0.675,0.902,3.63,966,968,644
10205,5,83,149,2367,1.795,0.388,0.472,28.77,804,838,167
10206,5,29,32,928,1.103,0.432,0.689,6.27,401,639,64
10207,5,93,104,9672,1.118,0.451,0.611,4.25,366,908,28
10208,5,28,31,868,1.107,0.492,0.745,7.49,427,647,57
10209,5,64,73,4672,1.141,0.403,0.445,72.38,882,77,26
10210,5,83,149,2367,1.795,0.388,0.472,28.77,804,838,167
10211,5,28,31,868,1.107,0.508,0.767,7.47,441,666,59
10212,5,86,469,7234,2.522,0.378,0.529,22.29,17,133,481
10213,5,93,104,9672,1.118,0.451,0.611,4.25,366,908,28
10214,5,68,135,2680,0.804,0.82,0.904,62.81,591,513,296
10215,5,83,149,2367,1.795,0.388,0.472,28.77,804,838,167
10216,5,86,469,7234,2.522,0.378,0.529,22.29,17,133,481
10217,5,95,93,8835,0.979,0.675,0.902,3.63,966,968,644
10218,5,72,96,6912,1.333,0.488,0.582,15.69,374,25,215
10219,5,29,32,928,1.103,0.432,0.689,6.27,401,639,64
10220,5,29,31,899,1.069,0.463,0.726,6.93,416,653,60
10221,5,28,31,868,1.107,0.492,0.745,7.49,427,647,57
10222,5,68,145,4360,0.863,0.798,0.963,13.06,430,457,488
10223,5,72,96,6912,1.333,0.488,0.582,15.69,374,25,215
10224,5,74,471,1954,2.707,0.339,0.433,15.84,820,499,756
10225,5,68,145,4360,0.863,0.798,0.963,13.06,430,457,488
10226,5,66,472,8352,2.843,0.359,0.547,17.12,93,821,641
10227,5,95,93,8835,0.979,0.675,0.902,3.63,966,968,644
10228,5,63,79,4977,1.254,0.338,0.345,186.78,681,718,9
10229,5,72,96,6912,1.333,0.488,0.582,15.69,374,25,215
10230,5,28,32,896,1.143,0.462,0.722,7.02,414,647,59
10231,5,65,50,3250,0.769,0.454,0.487,245.83,475,582,6
10232,5,93,104,9672,1.118,0.451,0.611,4.25,366,908,28
10233,5,72,96,6912,1.333,0.488,0.582,15.69,374,25,215
10234,5,28,32,896,1.143,0.488,0.743,7.05,437,666,62
10235,5,28,347,4416,2.711,0.399,0.567,13.07,721,163,356
10236,5,28,32,896,1.143,0.488,0.743,7.05,437,666,62
10237,5,28,31,868,1.107,0.508,0.767,7.47,441,666,59
10238,5,72,96,6912,1.333,0.488,0.582,15.69,374,25,215
10239,5,29,32,928,1.103,0.432,0.689,6.27,401,639,64
10240,5,29,32,928,1.103,0.432,0.689,6.27,401,639,64
10241,5,78,140,4920,0.787,0.574,0.649,21.52,292,177,664
10242,5,95,93,8835,0.979,0.675,0.902,3.63,966,968,644
10243,5,65,50,3250,0.769,0.454,0.487,245.83,475,582,6
10244,5,63,79,4977,1.254,0.338,0.345,186.78,681,718,9
10245,5,65,50,3250,0.769,0.454,0.487,245.83,475,582,6
10246,5,68,145,4360,0.863,0.798,0.963,13.06,430,457,488
10247,5,68,145,4360,0.863,0.798,0.963,13.06,430,457,488
10248,5,95,93,8835,0.979,0.675,0.902,3.63,966,968,644
10249,5,63,79,4977,1.254,0.338,0.345,186.78,681,718,9
10250,5,63,161,6243,0.988,0.523,0.897,8.4,725,547,634
10251,5,95,93,8835,0.979,0.675,0.902,3.63,966,968,644
10252,5,63,66,4158,1.048,0.491,0.591,44.37,41,458,46
10253,5,28,32,896,1.143,0.462,0.722,7.02,414,647,59
10254,5,83,149,2367,1.795,0.388,0.472,28.77,804,838,167
10255,5,64,73,4672,1.141,0.403,0.445,72.38,882,77,26
10256,5,29,32,928,1.103,0.432,0.689,6.27,401,639,64
10257,5,63,79,4977,1.254,0.338,0.345,186.78,681,718,9
10258,5,72,96,6912,1.333,0.488,0.582,15.69,374,25,215
10259,5,93,104,9672,1.118,0.451,0.611,4.25,366,908,28
10260,5,66,472,8352,2.843,0.359,0.547,17.12,93,821,641
10261,5,87,137,5619,0.733,0.899,0.991,29.29,25,400,786
10262,5,28,347,4416,2.711,0.399,0.567,13.07,721,163,356
10263,5,95,93,8835,0.979,0.675,0.902,3.63,966,968,644
10264,5,65,50,3250,0.769,0.454,0.487,245.83,475,582,6
10265,5,29,32,928,1.103,0.476,0.72,7.25,442,668,61
10266,5,29,31,899,1.069,0.463,0.726,6.93,416,653,60
10267,5,28,32,896,1.143,0.488,0.743,7.05,437,666,62
10268,5,64,73,4672,1.141,0.403,0.445,72.38,882,77,26
10269,5,28,32,896,1.143,0.481,0.742,7.43,431,665,58
10270,5,28,32,896,1.143,0.488,0.743,7.05,437,666,62
10271,5,53,158,4174,1.033,0.587,0.641,46.95,180,491,302
10272,5,28,31,868,1.107,0.508,0.767,7.47,441,666,59
10273,5,87,137,5619,0.733,0.899,0.991,29.29,25,400,786
10274,5,28,347,4416,2.711,0.399,0.567,13.07,721,163,356
10275,5,74,471,1954,2.707,0.339,0.433,15.84,820,499,756
10276,5,95,93,8835,0.979,0.675,0.902,3.63,966,968,644
10277,5,63,66,4158,1.048,0.491,0.591,44.37,41,458,46
10278,5,83,149,2367,1.795,0.388,0.472,28.77,804,838,167
10279,5,86,469,7234,2.522,0.378,0.529,22.29,17,133,481
10280,5,63,79,4977,1.254,0.338,0.345,186.78,681,718,9
10281,5,29,32,928,1.103,0.432,0.689,6.27,401,639,64
10282,5,78,140,4920,0.787,0.574,0.649,21.52,292,177,664
10283,5,68,135,2680,0.804,0.82,0.904,62.81,591,513,296
10284,5,29,32,928,1.103,0.476,0.72,7.25,442,668,61
10285,5,83,149,2367,1.795,0.388,0.472,28.77,804,838,167
10286,5,32,547,2204,4.144,0.37,0.483,20.66,693,874,292
10287,5,74,471,1954,2.707,0.339,0.433,15.84,820,499,756
10288,5,93,104,9672,1.118,0.451,0.611,4.25,366,908,28
10289,5,83,149,2367,1.795,0.388,0.472,28.77,804,838,167
10290,5,66,472,8352,2.843,0.359,0.547,17.12,93,821,641
10291,5,64,73,4672,1.141,0.403,0.445,72.38,882,77,26
10292,5,72,96,6912,1.333,0.488,0.582,15.69,374,25,215
10293,5,68,135,2680,0.804,0.82,0.904,62.81,591,513,296
10294,5,83,149,2367,1.795,0.388,0.472,28.77,804,838,167
10295,5,78,140,4920,0.787,0.574,0.649,21.52,292,177,664
10296,5,95,93,8835,0.979,0.675,0.902,3.63,966,968,644
10297,5,64,73,4672,1.141,0.403,0.445,72.38,882,77,26
10298,5,28,32,896,1.143,0.462,0.722,7.02,414,647,59
10299,5,29,32,928,1.103,0.476,0.72,7.25,442,668,61
10300,5,68,145,4360,0.863,0.798,0.963,13.06,430,457,488
10301,5,29,32,928,1.103,0.476,0.72,7.25,442,668,61
10302,5,28,347,4416,2.711,0.399,0.567,13.07,721,163,356
10303,5,28,347,4416,2.711,0.399,0.567,13.07,721,163,356
10304,5,63,79,4977,1.254,0.338,0.345,186.78,681,718,9
10305,5,29,32,928,1.103,0.476,0.72,7.25,442,668,61
10306,5,63,66,4158,1.048,0.491,0.591,44.37,41,458,46
10307,5,83,149,2367,1.795,0.388,0.472,28.77,804,838,167
10308,5,86,469,7234,2.522,0.378,0.529,22.29,17,133,481
10309,5,68,135,2680,0.804,0.82,0.904,62.81,591,513,296
10310,5,86,469,7234,2.522,0.378,0.529,22.29,17,133,481
10311,5,95,93,8835,0.979,0.675,0.902,3.63,966,968,644
10312,5,78,140,4920,0.787,0.574,0.649,21.52,292,177,664
10313,5,28,31,868,1.107,0.508,0.767,7.47,441,666,59
10314,5,28,32,896,1.143,0.488,0.743,7.05,437,666,62
10315,5,68,145,4360,0.863,0.798,0.963,13.06,430,457,488
10316,5,64,73,4672,1.141,0.403,0.445,72.38,882,77,26
10317,5,66,472,8352,2.843,0.359,0.547,17.12,93,821,641
10318,5,29,32,928,1.103,0.432,0.689,6.27,401,639,64
10319,5,28,31,868,1.107,0.508,0.767,7.47,441,666,59
10320,5,28,32,896,1.143,0.462,0.722,7.02,414,647,59
10321,5,64,73,4672,1.141,0.403,0.445,72.38,882,77,26
10322,5,65,50,3250,0.769,0.454,0.487,245.83,475,582,6
10323,5,28,31,868,1.107,0.508,0.767,7.47,441,666,59
10324,5,28,32,896,1.143,0.462,0.722,7.02,414,647,59
10325,5,29,32,928,1.103,0.476,0.72,7.25,442,668,61
10326,5,87,137,5619,0.733,0.899,0.991,29.29,25,400,786
10327,5,95,93,8835,0.979,0.675,0.902,3.63,966,968,644
10328,5,72,96,6912,1.333,0.488,0.582,15.69,374,25,215
10329,5,72,96,6912,1.333,0.488,0.582,15.69,374,25,215
10330,5,63,79,4977,1.254,0.338,0.345,186.78,681,718,9
10331,5,87,137,5619,0.733,0.899,0.991,29.29,25,400,786
10332,5,74,471,1954,2.707,0.339,0.433,15.84,820,499,756
10333,5,29,31,899,1.069,0.463,0.726,6.93,416,653,60
10334,5,74,471,1954,2.707,0.339,0.433,15.84,820,499,756
10335,5,63,79,4977,1.254,0.338,0.345,186.78,681,718,9
10336,5,68,145,4360,0.863,0.798,0.963,13.06,430,457,488
10337,5,28,347,4416,2.711,0.399,0.567,13.07,721,163,356
10338,5,64,73,4672,1.141,0.403,0.445,72.38,882,77,26
10339,5,28,31,868,1.107,0.508,0.767,7.47,441,666,59
10340,5,63,79,4977,1.254,0.338,0.345,186.78,681,718,9
10341,5,28,32,896,1.143,0.462,0.722,7.02,414,647,59
10342,5,28,347,4416,2.711,0.399,0.567,13.07,721,163,356
10343,5,28,32,896,1.143,0.462,0.722,7.02,414,647,59
10344,5,28,32,896,1.143,0.462,0.722,7.02,414,647,59
10345,5,78,140,4920,0.787,0.574,0.649,21.52,292,177,664
10346,5,78,140,4920,0.787,0.574,0.649,21.52,292,177,664
10347,5,28,31,868,1.107,0.492,0.745,7.49,427,647,57
10348,5,68,135,2680,0.804,0.82,0.904,62.81,591,513,296
10349,5,64,73,4672,1.141,0.403,0.445,72.38,882,77,26
10350,5,87,137,5619,0.733,0.899,0.991,29.29,25,400,786
10351,5,95,93,8835,0.979,0.675,0.902,3.63,966,968,644
10352,5,87,141,6367,0.754,0.415,0.884,4.69,947,301,333
10353,5,65,50,3250,0.769,0.454,0.487,245.83,475,582,6
10354,5,78,140,4920,0.787,0.574,0.649,21.52,292,177,664
10355,5,87,141,6367,0.754,0.415,0.884,4.69,947,301,333
10356,5,87,137,5619,0.733,0.899,0.991,29.29,25,400,786
10357,5,28,32,896,1.143,0.462,0.722,7.02,414,647,59
10358,5,93,104,9672,1.118,0.451,0.611,4.25,366,908,28
10359,5,32,547,2204,4.144,0.37,0.483,20.66,693,874,292
10360,5,87,141,6367,0.754,0.415,0.884,4.69,947,301,333
10361,5,32,547,2204,4.144,0.37,0.483,20.66,693,874,292
10362,5,87,141,6367,0.754,0.415,0.884,4.69,947,301,333
10363,5,86,469,7234,2.522,0.378,0.529,22.29,17,133,481
10364,5,32,547,2204,4.144,0.37,0.483,20.66,693,874,292
10365,5,63,66,4158,1.048,0.491,0.591,44.37,41,458,46
10366,5,93,104,9672,1.118,0.451,0.611,4.25,366,908,28
10367,5,28,31,868,1.107,0.508,0.767,7.47,441,666,59
10368,5,28,32,896,1.143,0.488,0.743,7.05,437,666,62
10369,5,29,32,928,1.103,0.476,0.72,7.25,442,668,61
10370,5,95,93,8835,0.979,0.675,0.902,3.63,966,968,644
10371,5,66,472,8352,2.843,0.359,0.547,17.12,93,821,641
10372,5,29,32,928,1.103,0.476,0.72,7.25,442,668,61
10373,5,28,32,896,1.143,0.481,0.742,7.43,431,665,58
10374,5,68,145,4360,0.863,0.798,0.963,13.06,430,457,488
10375,5,66,472,8352,2.843,0.359,0.547,17.12,93,821,641
10376,5,78,140,4920,0.787,0.574,0.649,21.52,292,177,664
10377,5,64,73,4672,1.141,0.403,0.445,72.38,882,77,26
10378,5,28,32,896,1.143,0.462,0.722,7.02,414,647,59
10379,5,86,469,7234,2.522,0.378,0.529,22.29,17,133,481
10380,5,93,104,9672,1.118,0.451,0.611,4.25,366,908,28
10381,5,68,135,2680,0.804,0.82,0.904,62.81,591,513,296
10382,5,72,96,6912,1.333,0.488,0.582,15.69,374,25,215
10383,5,83,149,2367,1.795,0.388,0.472,28.77,804,838,167
10384,5,93,104,9672,1.118,0.451,0.611,4.25,366,908,28
10385,5,65,50,3250,0.769,0.454,0.487,245.83,475,582,6
10386,5,65,50,3250,0.769,0.454,0.487,245.83,475,582,6
10387,5,29,32,928,1.103,0.476,0.72,7.25,442,668,61
10388,5,28,32,896,1.143,0.462,0.722,7.02,414,647,59
10389,5,87,137,5619,0.733,0.899,0.991,29.29,25,400,786
10390,5,29,31,899,1.069,0.463,0.726,6.93,416,653,60
10391,5,28,347,4416,2.711,0.399,0.567,13.07,721,163,356
10392,5,28,32,896,1.143,0.481,0.742,7.43,431,665,58
10393,5,65,50,3250,0.769,0.454,0.487,245.83,475,582,6
10394,5,65,50,3250,0.769,0.454,0.487,245.83,475,582,6
10395,5,86,469,7234,2.522,0.378,0.529,22.29,17,133,481
10396,5,74,471,1954,2.707,0.339,0.433,15.84,820,499,756
10397,5,74,471,1954,2.707,0.339,0.433,15.84,820,499,756
10398,5,63,161,6243,0.988,0.523,0.897,8.4,725,547,634
10399,5,28,31,868,1.107,0.492,0.745,7.49,427,647,57
10400,5,72,96,6912,1.333,0.488,0.582,15.69,374,25,215
10401,5,28,31,868,1.107,0.492,0.745,7.49,427,647,57
10402,5,65,50,3250,0.769,0.454,0.487,245.83,475,582,6
10403,5,95,93,8835,0.979,0.675,0.902,3.63,966,968,644
10404,5,95,93,8835,0.979,0.675,0.902,3.63,966,968,644
10405,5,28,31,868,1.107,0.492,0.745,7.49,427,647,57
10406,5,29,32,928,1.103,0.432,0.689,6.27,401,639,64
10407,5,28,31,868,1.107,0.508,0.767,7.47,441,666,59
10408,5,68,135,2680,0.804,0.82,0.904,62.81,591,513,296
10409,5,66,472,8352,2.843,0.359,0.547,17.12,93,821,641
10410,5,66,472,8352,2.843,0.359,0.547,17.12,93,821,641
10411,5,65,50,3250,0.769,0.454,0.487,245.83,475,582,6
10412,5,72,96,6912,1.333,0.488,0.582,15.69,374,25,215
10413,5,68,145,4360,0.863,0.798,0.963,13.06,430,457,488
10414,5,64,73,4672,1.141,0.403,0.445,72.38,882,77,26
10415,5,87,141,6367,0.754,0.415,0.884,4.69,947,301,333
10416,5,93,104,9672,1.118,0.451,0.611,4.25,366,908,28
10417,5,95,93,8835,0.979,0.675,0.902,3.63,966,968,644
10418,5,87,141,6367,0.754,0.415,0.884,4.69,947,301,333
10419,5,64,73,4672,1.141,0.403,0.445,72.38,882,77,26
10420,5,74,471,1954,2.707,0.339,0.433,15.84,820,499,756
10421,5,29,32,928,1.103,0.476,0.72,7.25,442,668,61
10422,5,65,50,3250,0.769,0.454,0.487,245.83,475,582,6
10423,5,78,140,4920,0.787,0.574,0.649,21.52,292,177,664
10424,5,72,96,6912,1.333,0.488,0.582,15.69,374,25,215
10425,5,66,472,8352,2.843,0.359,0.547,17.12,93,821,641
10426,5,63,161,6243,0.988,0.523,0.897,8.4,725,547,634
10427,5,87,141,6367,0.754,0.415,0.884,4.69,947,301,333
10428,5,28,32,896,1.143,0.481,0.742,7.43,431,665,58
10429,5,95,93,8835,0.979,0.675,0.902,3.63,966,968,644
10430,5,29,31,899,1.069,0.463,0.726,6.93,416,653,60
10431,5,68,145,4360,0.863,0.798,0.963,13.06,430,457,488
10432,5,95,93,8835,0.979,0.675,0.902,3.63,966,968,644
10433,5,29,32,928,1.103,0.432,0.689,6.27,401,639,64
10434,5,64,73,4672,1.141,0.403,0.445,72.38,882,77,26
10435,5,63,79,4977,1.254,0.338,0.345,186.78,681,718,9
10436,5,63,79,4977,1.254,0.338,0.345,186.78,681,718,9
10437,5,28,32,896,1.143,0.462,0.722,7.02,414,647,59
10438,5,28,347,4416,2.711,0.399,0.567,13.07,721,163,356
10439,5,29,32,928,1.103,0.476,0.72,7.25,442,668,61
10440,5,29,31,899,1.069,0.463,0.726,6.93,416,653,60
10441,5,63,79,4977,1.254,0.338,0.345,186.78,681,718,9
10442,5,28,31,868,1.107,0.508,0.767,7.47,441,666,59
10443,5,63,161,6243,0.988,0.523,0.897,8.4,725,547,634
10444,5,63,79,4977,1.254,0.338,0.345,186.78,681,718,9
10445,5,28,32,896,1.143,0.462,0.722,7.02,414,647,59
10446,5,78,140,4920,0.787,0.574,0.649,21.52,292,177,664
10447,5,28,32,896,1.143,0.481,0.742,7.43,431,665,58
10448,5,32,547,2204,4.144,0.37,0.483,20.66,693,874,292
10449,5,63,161,6243,0.988,0.523,0.897,8.4,725,547,634
10450,5,28,32,896,1.143,0.488,0.743,7.05,437,666,62
10451,5,29,31,899,1.069,0.463,0.726,6.93,416,653,60
10452,5,28,32,896,1.143,0.481,0.742,7.43,431,665,58
10453,5,28,32,896,1.143,0.488,0.743,7.05,437,666,62
10454,5,66,472,8352,2.843,0.359,0.547,17.12,93,821,641
10455,5,53,158,4174,1.033,0.587,0.641,46.95,180,491,302
10456,5,28,32,896,1.143,0.481,0.742,7.43,431,665,58
10457,5,68,135,2680,0.804,0.82,0.904,62.81,591,513,296
10458,5,95,93,8835,0.979,0.675,0.902,3.63,966,968,644
10459,5,28,31,868,1.107,0.492,0.745,7.49,427,647,57
10460,5,63,79,4977,1.254,0.338,0.345,186.78,681,718,9
10461,5,63,79,4977,1.254,0.338,0.345,186.78,681,718,9
10462,5,93,104,9672,1.118,0.451,0.611,4.25,366,908,28
10463,5,29,32,928,1.103,0.476,0.72,7.25,442,668,61
10464,5,66,472,8352,2.843,0.359,0.547,17.12,93,821,641
10465,5,86,469,7234,2.522,0.378,0.529,22.29,17,133,481
10466,5,86,469,7234,2.522,0.378,0.529,22.29,17,133,481
10467,5,83,149,2367,1.795,0.388,0.472,28.77,804,838,167
10468,5,28,32,896,1.143,0.462,0.722,7.02,414,647,59
10469,5,74,471,1954,2.707,0.339,0.433,15.84,820,499,756
10470,5,83,149,2367,1.795,0.388,0.472,28.77,804,838,167
10471,5,93,104,9672,1.118,0.451,0.611,4.25,366,908,28
10472,5,63,79,4977,1.254,0.338,0.345,186.78,681,718,9
10473,5,63,161,6243,0.988,0.523,0.897,8.4,725,547,634
10474,5,63,79,4977,1.254,0.338,0.345,186.78,681,718,9
10475,5,86,469,7234,2.522,0.378,0.529,22.29,17,133,481
10476,5,63,79,4977,1.254,0.338,0.345,186.78,681,718,9
10477,5,87,141,6367,0.754,0.415,0.884,4.69,947,301,333
10478,5,78,140,4920,0.787,0.574,0.649,21.52,292,177,664
10479,5,87,141,6367,0.754,0.415,0.884,4.69,947,301,333
10480,5,95,93,8835,0.979,0.675,0.902,3.63,966,968,644
10481,5,68,135,2680,0.804,0.82,0.904,62.81,591,513,296
10482,5,86,469,7234,2.522,0.378,0.529,22.29,17,133,481
10483,5,72,96,6912,1.333,0.488,0.582,15.69,374,25,215
10484,5,63,161,6243,0.988,0.523,0.897,8.4,725,547,634
10485,5,86,469,7234,2.522,0.378,0.529,22.29,17,133,481
10486,5,64,73,4672,1.141,0.403,0.445,72.38,882,77,26
10487,5,29,31,899,1.069,0.463,0.726,6.93,416,653,60
10488,5,28,31,868,1.107,0.508,0.767,7.47,441,666,59
10489,5,72,96,6912,1.333,0.488,0.582,15.69,374,25,215
10490,5,87,141,6367,0.754,0.415,0.884,4.69,947,301,333
10491,5,63,79,4977,1.254,0.338,0.345,186.78,681,718,9
10492,5,65,50,3250,0.769,0.454,0.487,245.83,475,582,6
10493,5,78,140,4920,0.787,0.574,0.649,21.52,292,177,664
10494,5,87,137,5619,0.733,0.899,0.991,29.29,25,400,786
10495,5,53,158,4174,1.033,0.587,0.641,46.95,180,491,302
10496,5,87,137,5619,0.733,0.899,0.991,29.29,25,400,786
10497,5,28,32,896,1.143,0.488,0.743,7.05,437,666,62
10498,5,28,347,4416,2.711,0.399,0.567,13.07,721,163,356
10499,5,53,158,4174,1.033,0.587,0.641,46.95,180,491,302
10500,5,68,135,2680,0.804,0.82,0.904,62.81,591,513,296
10501,5,78,140,4920,0.787,0.574,0.649,21.52,292,177,664
10502,5,78,140,4920,0.787,0.574,0.649,21.52,292,177,664
10503,5,83,149,2367,1.795,0.388,0.472,28.77,804,838,167
10504,5,68,145,4360,0.863,0.798,0.963,13.06,430,457,488
10505,5,74,471,1954,2.707,0.339,0.433,15.84,820,499,756
10506,5,78,140,4920,0.787,0.574,0.649,21.52,292,177,664
10507,5,63,161,6243,0.988,0.523,0.897,8.4,725,547,634
10508,5,28,347,4416,2.711,0.399,0.567,13.07,721,163,356
10509,5,86,469,7234,2.522,0.378,0.529,22.29,17,133,481
10510,5,29,32,928,1.103,0.476,0.72,7.25,442,668,61
10511,5,63,161,6243,0.988,0.523,0.897,8.4,725,547,634
10512,5,29,32,928,1.103,0.476,0.72,7.25,442,668,61
10513,5,28,31,868,1.107,0.508,0.767,7.47,441,666,59
10514,5,29,31,899,1.069,0.463,0.726,6.93,416,653,60
10515,5,66,472,8352,2.843,0.359,0.547,17.12,93,821,641
10516,5,95,93,8835,0.979,0.675,0.902,3.63,966,968,644
10517,5,65,50,3250,0.769,0.454,0.487,245.83,475,582,6
10518,5,72,96,6912,1.333,0.488,0.582,15.69,374,25,215
10519,5,95,93,8835,0.979,0.675,0.902,3.63,966,968,644
10520,5,28,31,868,1.107,0.492,0.745,7.49,427,647,57
10521,5,86,469,7234,2.522,0.378,0.529,22.29,17,133,481
10522,5,78,140,4920,0.787,0.574,0.649,21.52,292,177,664
10523,5,32,547,2204,4.144,0.37,0.483,20.66,693,874,292
10524,5,72,96,6912,1.333,0.488,0.582,15.69,374,25,215
10525,5,29,32,928,1.103,0.476,0.72,7.25,442,668,61
10526,5,65,50,3250,0.769,0.454,0.487,245.83,475,582,6
10527,5,28,32,896,1.143,0.462,0.722,7.02,414,647,59
10528,5,28,31,868,1.107,0.508,0.767,7.47,441,666,59
10529,5,68,135,2680,0.804,0.82,0.904,62.81,591,513,296
10530,5,93,104,9672,1.118,0.451,0.611,4.25,366,908,28
10531,5,64,73,4672,1.141,0.403,0.445,72.38,882,77,26
10532,5,86,469,7234,2.522,0.378,0.529,22.29,17,133,481
10533,5,29,31,899,1.069,0.463,0.726,6.93,416,653,60
10534,5,63,161,6243,0.988,0.523,0.897,8.4,725,547,634
10535,5,68,135,2680,0.804,0.82,0.904,62.81,591,513,296
10536,5,28,32,896,1.143,0.488,0.743,7.05,437,666,62
10537,5,28,347,4416,2.711,0.399,0.567,13.07,721,163,356
10538,5,53,158,4174,1.033,0.587,0.641,46.95,180,491,302
10539,5,74,471,1954,2.707,0.339,0.433,15.84,820,499,756
10540,5,95,93,8835,0.979,0.675,0.902,3.63,966,968,644
10541,5,95,93,8835,0.979,0.675,0.902,3.63,966,968,644
10542,5,63,66,4158,1.048,0.491,0.591,44.37,41,458,46
10543,5,68,135,2680,0.804,0.82,0.904,62.81,591,513,296
10544,5,28,31,868,1.107,0.492,0.745,7.49,427,647,57
10545,5,87,137,5619,0.733,0.899,0.991,29.29,25,400,786
10546,5,28,31,868,1.107,0.492,0.745,7.49,427,647,57
10547,5,68,135,2680,0.804,0.82,0.904,62.81,591,513,296
10548,5,87,141,6367,0.754,0.415,0.884,4.69,947,301,333
10549,5,65,50,3250,0.769,0.454,0.487,245.83,475,582,6
10550,5,64,73,4672,1.141,0.403,0.445,72.38,882,77,26
10551,5,29,32,928,1.103,0.476,0.72,7.25,442,668,61
10552,5,78,140,4920,0.787,0.574,0.649,21.52,292,177,664
10553,5,53,158,4174,1.033,0.587,0.641,46.95,180,491,302
10554,5,29,32,928,1.103,0.476,0.72,7.25,442,668,61
10555,5,28,31,868,1.107,0.508,0.767,7.47,441,666,59
10556,5,64,73,4672,1.141,0.403,0.445,72.38,882,77,26
10557,5,87,141,6367,0.754,0.415,0.884,4.69,947,301,333
10558,5,72,96,6912,1.333,0.488,0.582,15.69,374,25,215
10559,5,28,347,4416,2.711,0.399,0.567,13.07,721,163,356
10560,5,29,32,928,1.103,0.432,0.689,6.27,401,639,64
10561,5,28,32,896,1.143,0.481,0.742,7.43,431,665,58
10562,5,63,161,6243,0.988,0.523,0.897,8.4,725,547,634
10563,5,63,161,6243,0.988,0.523,0.897,8.4,725,547,634
10564,5,32,547,2204,4.144,0.37,0.483,20.66,693,874,292
10565,5,93,104,9672,1.118,0.451,0.611,4.25,366,908,28
10566,5,87,137,5619,0.733,0.899,0.991,29.29,25,400,786
10567,5,29,31,899,1.069,0.463,0.726,6.93,416,653,60
10568,5,29,31,899,1.069,0.463,0.726,6.93,416,653,60
10569,5,87,141,6367,0.754,0.415,0.884,4.69,947,301,333
10570,5,64,73,4672,1.141,0.403,0.445,72.38,882,77,26
10571,5,28,32,896,1.143,0.488,0.743,7.05,437,666,62
10572,5,63,161,6243,0.988,0.523,0.897,8.4,725,547,634
10573,5,29,32,928,1.103,0.476,0.72,7.25,442,668,61
10574,5,64,73,4672,1.141,0.403,0.445,72.38,882,77,26
10575,5,63,79,4977,1.254,0.338,0.345,186.78,681,718,9
10576,5,86,469,7234,2.522,0.378,0.529,22.29,17,133,481
10577,5,53,158,4174,1.033,0.587,0.641,46.95,180,491,302
10578,5,28,32,896,1.143,0.481,0.742,7.43,431,665,58
10579,5,64,73,4672,1.141,0.403,0.445,72.38,882,77,26
10580,5,28,32,896,1.143,0.462,0.722,7.02,414,647,59
10581,5,32,547,2204,4.144,0.37,0.483,20.66,693,874,292
10582,5,53,158,4174,1.033,0.587,0.641,46.95,180,491,302
10583,5,83,149,2367,1.795,0.388,0.472,28.77,804,838,167
10584,5,28,32,896,1.143,0.488,0.743,7.05,437,666,62
10585,5,86,469,7234,2.522,0.378,0.529,22.29,17,133,481
10586,5,87,141,6367,0.754,0.415,0.884,4.69,947,301,333
10587,5,83,149,2367,1.795,0.388,0.472,28.77,804,838,167
10588,5,28,32,896,1.143,0.481,0.742,7.43,431,665,58
10589,5,86,469,7234,2.522,0.378,0.529,22.29,17,133,481
10590,5,78,140,4920,0.787,0.574,0.649,21.52,292,177,664
10591,5,28,32,896,1.143,0.462,0.722,7.02,414,647,59
10592,5,28,32,896,1.143,0.462,0.722,7.02,414,647,59
10593,5,78,140,4920,0.787,0.574,0.649,21.52,292,177,664
10594,5,28,347,4416,2.711,0.399,0.567,13.07,721,163,356
10595,5,72,96,6912,1.333,0.488,0.582,15.69,374,25,215
10596,5,93,104,9672,1.118,0.451,0.611,4.25,366,908,28
10597,5,29,32,928,1.103,0.476,0.72,7.25,442,668,61
10598,5,78,140,4920,0.787,0.574,0.649,21.52,292,177,664
10599,5,65,50,3250,0.769,0.454,0.487,245.83,475,582,6
10600,5,63,66,4158,1.048,0.491,0.591,44.37,41,458,46
10601,5,28,31,868,1.107,0.508,0.767,7.47,441,666,59
10602,5,28,32,896,1.143,0.481,0.742,7.43,431,665,58
10603,5,65,50,3250,0.769,0.454,0.487,245.83,475,582,6
10604,5,87,137,5619,0.733,0.899,0.991,29.29,25,400,786
10605,5,66,472,8352,2.843,0.359,0.547,17.12,93,821,641
10606,5,86,469,7234,2.522,0.378,0.529,22.29,17,133,481
10607,5,64,73,4672,1.141,0.403,0.445,72.38,882,77,26
10608,5,53,158,4174,1.033,0.587,0.641,46.95,180,491,302
10609,5,87,141,6367,0.754,0.415,0.884,4.69,947,301,333
10610,5,28,32,896,1.143,0.488,0.743,7.05,437,666,62
10611,5,66,472,8352,2.843,0.359,0.547,17.12,93,821,641
10612,5,28,32,896,1.143,0.481,0.742,7.43,431,665,58
10613,5,29,32,928,1.103,0.476,0.72,7.25,442,668,61
10614,5,74,471,1954,2.707,0.339,0.433,15.84,820,499,756
10615,5,28,32,896,1.143,0.462,0.722,7.02,414,647,59
10616,5,53,158,4174,1.033,0.587,0.641,46.95,180,491,302
10617,5,32,547,2204,4.144,0.37,0.483,20.66,693,874,292
10618,5,87,137,5619,0.733,0.899,0.991,29.29,25,400,786
10619,5,72,96,6912,1.333,0.488,0.582,15.69,374,25,215
10620,5,87,137,5619,0.733,0.899,0.991,29.29,25,400,786
10621,5,29,32,928,1.103,0.432,0.689,6.27,401,639,64
10622,5,28,31,868,1.107,0.508,0.767,7.47,441,666,59
10623,5,78,140,4920,0.787,0.574,0.649,21.52,292,177,664
10624,5,28,32,896,1.143,0.462,0.722,7.02,414,647,59
10625,5,72,96,6912,1.333,0.488,0.582,15.69,374,25,215
10626,5,68,135,2680,0.804,0.82,0.904,62.81,591,513,296
10627,5,72,96,6912,1.333,0.488,0.582,15.69,374,25,215
10628,5,65,50,3250,0.769,0.454,0.487,245.83,475,582,6
10629,5,87,137,5619,0.733,0.899,0.991,29.29,25,400,786
10630,5,28,32,896,1.143,0.488,0.743,7.05,437,666,62
10631,5,78,140,4920,0.787,0.574,0.649,21.52,292,177,664
10632,5,28,31,868,1.107,0.508,0.767,7.47,441,666,59
10633,5,29,32,928,1.103,0.432,0.689,6.27,401,639,64
10634,5,28,32,896,1.143,0.488,0.743,7.05,437,666,62
10635,5,28,31,868,1.107,0.492,0.745,7.49,427,647,57
10636,5,68,145,4360,0.863,0.798,0.963,13.06,430,457,488
10637,5,29,31,899,1.069,0.463,0.726,6.93,416,653,60
10638,5,87,141,6367,0.754,0.415,0.884,4.69,947,301,333
10639,5,28,347,4416,2.711,0.399,0.567,13.07,721,163,356
10640,5,74,471,1954,2.707,0.339,0.433,15.84,820,499,756
10641,5,64,73,4672,1.141,0.403,0.445,72.38,882,77,26
10642,5,72,96,6912,1.333,0.488,0.582,15.69,374,25,215
10643,5,32,547,2204,4.144,0.37,0.483,20.66,693,874,292
10644,5,63,66,4158,1.048,0.491,0.591,44.37,41,458,46
10645,5,63,66,4158,1.048,0.491,0.591,44.37,41,458,46
10646,5,65,50,3250,0.769,0.454,0.487,245.83,475,582,6
10647,5,66,472,8352,2.843,0.359,0.547,17.12,93,821,641
10648,5,95,93,8835,0.979,0.675,0.902,3.63,966,968,644
10649,5,72,96,6912,1.333,0.488,0.582,15.69,374,25,215
10650,5,63,79,4977,1.254,0.338,0.345,186.78,681,718,9
10651,5,29,32,928,1.103,0.476,0.72,7.25,442,668,61
10652,5,28,31,868,1.107,0.508,0.767,7.47,441,666,59
10653,5,86,469,7234,2.522,0.378,0.529,22.29,17,133,481
10654,5,95,93,8835,0.979,0.675,0.902,3.63,966,968,644
10655,5,93,104,9672,1.118,0.451,0.611,4.25,366,908,28
10656,5,87,137,5619,0.733,0.899,0.991,29.29,25,400,786
10657,5,86,469,7234,2.522,0.378,0.529,22.29,17,133,481
10658,5,83,149,2367,1.795,0.388,0.472,28.77,804,838,167
10659,5,63,66,4158,1.048,0.491,0.591,44.37,41,458,46
10660,5,66,472,8352,2.843,0.359,0.547,17.12,93,821,641
10661,5,28,32,896,1.143,0.481,0.742,7.43,431,665,58
10662,5,78,140,4920,0.787,0.574,0.649,21.52,292,177,664
10663,5,63,161,6243,0.988,0.523,0.897,8.4,725,547,634
10664,5,87,137,5619,0.733,0.899,0.991,29.29,25,400,786
10665,5,53,158,4174,1.033,0.587,0.641,46.95,180,491,302
10666,5,53,158,4174,1.033,0.587,0.641,46.95,180,491,302
10667,5,29,31,899,1.069,0.463,0.726,6.93,416,653,60
10668,5,87,141,6367,0.754,0.415,0.884,4.69,947,301,333
10669,5,68,145,4360,0.863,0.798,0.963,13.06,430,457,488
10670,5,72,96,6912,1.333,0.488,0.582,15.69,374,25,215
10671,5,28,32,896,1.143,0.462,0.722,7.02,414,647,59
10672,5,28,32,896,1.143,0.481,0.742,7.43,431,665,58
10673,5,72,96,6912,1.333,0.488,0.582,15.69,374,25,215
10674,5,83,149,2367,1.795,0.388,0.472,28.77,804,838,167
10675,5,28,31,868,1.107,0.492,0.745,7.49,427,647,57
10676,5,28,32,896,1.143,0.488,0.743,7.05,437,666,62
10677,5,28,32,896,1.143,0.488,0.743,7.05,437,666,62
10678,5,72,96,6912,1.333,0.488,0.582,15.69,374,25,215
10679,5,53,158,4174,1.033,0.587,0.641,46.95,180,491,302
10680,5,86,469,7234,2.522,0.378,0.529,22.29,17,133,481
10681,5,28,32,896,1.143,0.488,0.743,7.05,437,666,62
10682,5,28,32,896,1.143,0.462,0.722,7.02,414,647,59
10683,5,68,145,4360,0.863,0.798,0.963,13.06,430,457,488
10684,5,87,141,6367,0.754,0.415,0.884,4.69,947,301,333
10685,5,28,347,4416,2.711,0.399,0.567,13.07,721,163,356
10686,5,86,469,7234,2.522,0.378,0.529,22.29,17,133,481
10687,5,32,547,2204,4.144,0.37,0.483,20.66,693,874,292
10688,5,63,79,4977,1.254,0.338,0.345,186.78,681,718,9
10689,5,28,31,868,1.107,0.492,0.745,7.49,427,647,57
10690,5,28,32,896,1.143,0.462,0.722,7.02,414,647,59
10691,5,63,161,6243,0.988,0.523,0.897,8.4,725,547,634
10692,5,83,149,2367,1.795,0.388,0.472,28.77,804,838,167
10693,5,86,469,7234,2.522,0.378,0.529,22.29,17,133,481
10694,5,87,137,5619,0.733,0.899,0.991,29.29,25,400,786
10695,5,72,96,6912,1.333,0.488,0.582,15.69,374,25,215
10696,5,74,471,1954,2.707,0.339,0.433,15.84,820,499,756
10697,5,29,32,928,1.103,0.432,0.689,6.27,401,639,64
10698,5,63,66,4158,1.048,0.491,0.591,44.37,41,458,46
10699,5,68,145,4360,0.863,0.798,0.963,13.06,430,457,488
10700,5,28,31,868,1.107,0.508,0.767,7.47,441,666,59
10701,5,86,469,7234,2.522,0.378,0.529,22.29,17,133,481
10702,5,78,140,4920,0.787,0.574,0.649,21.52,292,177,664
10703,5,28,347,4416,2.711,0.399,0.567,13.07,721,163,356
10704,5,32,547,2204,4.144,0.37,0.483,20.66,693,874,292
10705,5,83,149,2367,1.795,0.388,0.472,28.77,804,838,167
10706,5,28,32,896,1.143,0.481,0.742,7.43,431,665,58
10707,5,53,158,4174,1.033,0.587,0.641,46.95,180,491,302
10708,5,29,32,928,1.103,0.432,0.689,6.27,401,639,64
10709,5,28,347,4416,2.711,0.399,0.567,13.07,721,163,356
10710,5,28,31,868,1.107,0.508,0.767,7.47,441,666,59
10711,5,93,104,9672,1.118,0.451,0.611,4.25,366,908,28
10712,5,78,140,4920,0.787,0.574,0.649,21.52,292,177,664
10713,5,63,161,6243,0.988,0.523,0.897,8.4,725,547,634
10714,5,78,140,4920,0.787,0.574,0.649,21.52,292,177,664
10715,5,28,32,896,1.143,0.462,0.722,7.02,414,647,59
10716,5,29,31,899,1.069,0.463,0.726,6.93,416,653,60
10717,5,32,547,2204,4.144,0.37,0.483,20.66,693,874,292
10718,5,66,472,8352,2.843,0.359,0.547,17.12,93,821,641
10719,5,65,50,3250,0.769,0.454,0.487,245.83,475,582,6
10720,5,29,32,928,1.103,0.432,0.689,6.27,401,639,64
10721,5,53,158,4174,1.033,0.587,0.641,46.95,180,491,302
10722,5,87,137,5619,0.733,0.899,0.991,29.29,25,400,786
10723,5,63,66,4158,1.048,0.491,0.591,44.37,41,458,46
10724,5,72,96,6912,1.333,0.488,0.582,15.69,374,25,215
10725,5,78,140,4920,0.787,0.574,0.649,21.52,292,177,664
10726,5,86,469,7234,2.522,0.378,0.529,22.29,17,133,481
10727,5,28,31,868,1.107,0.508,0.767,7.47,441,666,59
10728,5,28,32,896,1.143,0.488,0.743,7.05,437,666,62
10729,5,28,31,868,1.107,0.492,0.745,7.49,427,647,57
10730,5,68,135,2680,0.804,0.82,0.904,62.81,591,513,296
10731,5,65,50,3250,0.769,0.454,0.487,245.83,475,582,6
10732,5,95,93,8835,0.979,0.675,0.902,3.63,966,968,644
10733,5,86,469,7234,2.522,0.378,0.529,22.29,17,133,481
10734,5,28,32,896,1.143,0.481,0.742,7.43,431,665,58
10735,5,78,140,4920,0.787,0.574,0.649,21.52,292,177,664
10736,5,28,32,896,1.143,0.462,0.722,7.02,414,647,59
10737,5,53,158,4174,1.033,0.587,0.641,46.95,180,491,302
10738,5,78,140,4920,0.787,0.574,0.649,21.52,292,177,664
10739,5,29,32,928,1.103,0.432,0.689,6.27,401,639,64
10740,5,29,32,928,1.103,0.432,0.689,6.27,401,639,64
10741,5,72,96,6912,1.333,0.488,0.582,15.69,374,25,215
10742,5,78,140,4920,0.787,0.574,0.649,21.52,292,177,664
10743,5,29,32,928,1.103,0.432,0.689,6.27,401,639,64
10744,5,28,347,4416,2.711,0.399,0.567,13.07,721,163,356
10745,5,65,50,3250,0.769,0.454,0.487,245.83,475,582,6
10746,5,83,149,2367,1.795,0.388,0.472,28.77,804,838,167
10747,5,68,145,4360,0.863,0.798,0.963,13.06,430,457,488
10748,5,53,158,4174,1.033,0.587,0.641,46.95,180,491,302
10749,5,28,31,868,1.107,0.492,0.745,7.49,427,647,57
10750,5,63,161,6243,0.988,0.523,0.897,8.4,725,547,634
10751,5,87,137,5619,0.733,0.899,0.991,29.29,25,400,786
10752,5,63,161,6243,0.988,0.523,0.897,8.4,725,547,634
10753,5,86,469,7234,2.522,0.378,0.529,22.29,17,133,481
10754,5,64,73,4672,1.141,0.403,0.445,72.38,882,77,26
10755,5,28,347,4416,2.711,0.399,0.567,13.07,721,163,356
10756,5,93,104,9672,1.118,0.451,0.611,4.25,366,908,28
10757,5,78,140,4920,0.787,0.574,0.649,21.52,292,177,664
10758,5,29,31,899,1.069,0.463,0.726,6.93,416,653,60
10759,5,28,32,896,1.143,0.481,0.742,7.43,431,665,58
10760,5,86,469,7234,2.522,0.378,0.529,22.29,17,133,481
10761,5,63,161,6243,0.988,0.523,0.897,8.4,725,547,634
10762,5,68,145,4360,0.863,0.798,0.963,13.06,430,457,488
10763,5,32,547,2204,4.144,0.37,0.483,20.66,693,874,292
10764,5,63,79,4977,1.254,0.338,0.345,186.78,681,718,9
10765,5,93,104,9672,1.118,0.451,0.611,4.25,366,908,28
10766,5,32,547,2204,4.144,0.37,0.483,20.66,693,874,292
10767,5,29,31,899,1.069,0.463,0.726,6.93,416,653,60
10768,5,68,135,2680,0.804,0.82,0.904,62.81,591,513,296
10769,5,87,141,6367,0.754,0.415,0.884,4.69,947,301,333
10770,5,28,347,4416,2.711,0.399,0.567,13.07,721,163,356
10771,5,53,158,4174,1.033,0.587,0.641,46.95,180,491,302
10772,5,95,93,8835,0.979,0.675,0.902,3.63,966,968,644
10773,5,64,73,4672,1.141,0.403,0.445,72.38,882,77,26
10774,5,65,50,3250,0.769,0.454,0.487,245.83,475,582,6
10775,5,66,472,8352,2.843,0.359,0.547,17.12,93,821,641
10776,5,87,141,6367,0.754,0.415,0.884,4.69,947,301,333
10777,5,28,32,896,1.143,0.488,0.743,7.05,437,666,62
10778,5,28,31,868,1.107,0.508,0.767,7.47,441,666,59
10779,5,64,73,4672,1.141,0.403,0.445,72.38,882,77,26
10780,5,78,140,4920,0.787,0.574,0.649,21.52,292,177,664
10781,5,72,96,6912,1.333,0.488,0.582,15.69,374,25,215
10782,5,64,73,4672,1.141,0.403,0.445,72.38,882,77,26
10783,5,68,135,2680,0.804,0.82,0.904,62.81,591,513,296
10784,5,93,104,9672,1.118,0.451,0.611,4.25,366,908,28
10785,5,63,79,4977,1.254,0.338,0.345,186.78,681,718,9
10786,5,28,32,896,1.143,0.488,0.743,7.05,437,666,62
10787,5,74,471,1954,2.707,0.339,0.433,15.84,820,499,756
10788,5,68,135,2680,0.804,0.82,0.904,62.81,591,513,296
10789,5,72,96,6912,1.333,0.488,0.582,15.69,374,25,215
10790,5,68,145,4360,0.863,0.798,0.963,13.06,430,457,488
10791,5,28,32,896,1.143,0.462,0.722,7.02,414,647,59
10792,5,28,32,896,1.143,0.481,0.742,7.43,431,665,58
10793,5,63,66,4158,1.048,0.491,0.591,44.37,41,458,46
10794,5,87,137,5619,0.733,0.899,0.991,29.29,25,400,786
10795,5,28,31,868,1.107,0.492,0.745,7.49,427,647,57
10796,5,29,32,928,1.103,0.476,0.72,7.25,442,668,61
10797,5,86,469,7234,2.522,0.378,0.529,22.29,17,133,481
10798,5,28,32,896,1.143,0.488,0.743,7.05,437,666,62
10799,5,29,31,899,1.069,0.463,0.726,6.93,416,653,60
10800,5,28,31,868,1.107,0.508,0.767,7.47,441,666,59
10801,5,28,32,896,1.143,0.481,0.742,7.43,431,665,58
10802,5,78,140,4920,0.787,0.574,0.649,21.52,292,177,664
10803,5,63,79,4977,1.254,0.338,0.345,186.78,681,718,9
10804,5,78,140,4920,0.787,0.574,0.649,21.52,292,177,664
10805,5,87,141,6367,0.754,0.415,0.884,4.69,947,301,333
10806,5,83,149,2367,1.795,0.388,0.472,28.77,804,838,167
10807,5,53,158,4174,1.033,0.587,0.641,46.95,180,491,302
10808,5,68,145,4360,0.863,0.798,0.963,13.06,430,457,488
10809,5,74,471,1954,2.707,0.339,0.433,15.84,820,499,756
10810,5,28,31,868,1.107,0.492,0.745,7.49,427,647,57
10811,5,29,32,928,1.103,0.432,0.689,6.27,401,639,64
10812,5,93,104,9672,1.118,0.451,0.611,4.25,366,908,28
10813,5,93,104,9672,1.118,0.451,0.611,4.25,366,908,28
10814,5,66,472,8352,2.843,0.359,0.547,17.12,93,821,641
10815,5,29,32,928,1.103,0.432,0.689,6.27,401,639,64
10816,5,95,93,8835,0.979,0.675,0.902,3.63,966,968,644
10817,5,32,547,2204,4.144,0.37,0.483,20.66,693,874,292
10818,5,63,161,6243,0.988,0.523,0.897,8.4,725,547,634
10819,5,63,66,4158,1.048,0.491,0.591,44.37,41,458,46
10820,5,68,145,4360,0.863,0.798,0.963,13.06,430,457,488
10821,5,28,32,896,1.143,0.488,0.743,7.05,437,666,62
10822,5,72,96,6912,1.333,0.488,0.582,15.69,374,25,215
10823,5,87,141,6367,0.754,0.415,0.884,4.69,947,301,333
10824,5,32,547,2204,4.144,0.37,0.483,20.66,693,874,292
10825,5,95,93,8835,0.979,0.675,0.902,3.63,966,968,644
10826,5,29,32,928,1.103,0.432,0.689,6.27,401,639,64
10827,5,32,547,2204,4.144,0.37,0.483,20.66,693,874,292
10828,5,28,32,896,1.143,0.488,0.743,7.05,437,666,62
10829,5,29,32,928,1.103,0.432,0.689,6.27,401,639,64
10830,5,72,96,6912,1.333,0.488,0.582,15.69,374,25,215
10831,5,65,50,3250,0.769,0.454,0.487,245.83,475,582,6
10832,5,29,32,928,1.103,0.432,0.689,6.27,401,639,64
10833,5,87,141,6367,0.754,0.415,0.884,4.69,947,301,333
10834,5,28,32,896,1.143,0.481,0.742,7.43,431,665,58
10835,5,95,93,8835,0.979,0.675,0.902,3.63,966,968,644
10836,5,29,32,928,1.103,0.476,0.72,7.25,442,668,61
10837,5,65,50,3250,0.769,0.454,0.487,245.83,475,582,6
10838,5,63,161,6243,0.988,0.523,0.897,8.4,725,547,634
10839,5,66,472,8352,2.843,0.359,0.547,17.12,93,821,641
10840,5,74,471,1954,2.707,0.339,0.433,15.84,820,499,756
10841,5,29,32,928,1.103,0.476,0.72,7.25,442,668,61
10842,5,86,469,7234,2.522,0.378,0.529,22.29,17,133,481
10843,5,74,471,1954,2.707,0.339,0.433,15.84,820,499,756
10844,5,87,141,6367,0.754,0.415,0.884,4.69,947,301,333
10845,5,86,469,7234,2.522,0.378,0.529,22.29,17,133,481
10846,5,87,137,5619,0.733,0.899,0.991,29.29,25,400,786
10847,5,72,96,6912,1.333,0.488,0.582,15.69,374,25,215
10848,5,28,31,868,1.107,0.508,0.767,7.47,441,666,59
10849,5,95,93,8835,0.979,0.675,0.902,3.63,966,968,644
10850,5,28,32,896,1.143,0.488,0.743,7.05,437,666,62
10851,5,28,32,896,1.143,0.462,0.722,7.02,414,647,59
10852,5,68,135,2680,0.804,0.82,0.904,62.81,591,513,296
10853,5,32,547,2204,4.144,0.37,0.483,20.66,693,874,292
10854,5,68,135,2680,0.804,0.82,0.904,62.81,591,513,296
10855,5,93,104,9672,1.118,0.451,0.611,4.25,366,908,28
10856,5,66,472,8352,2.843,0.359,0.547,17.12,93,821,641
10857,5,53,158,4174,1.033,0.587,0.641,46.95,180,491,302
10858,5,87,137,5619,0.733,0.899,0.991,29.29,25,400,786
10859,5,28,32,896,1.143,0.481,0.742,7.43,431,665,58
10860,5,29,32,928,1.103,0.476,0.72,7.25,442,668,61
10861,5,65,50,3250,0.769,0.454,0.487,245.83,475,582,6
10862,5,68,135,2680,0.804,0.82,0.904,62.81,591,513,296
10863,5,72,96,6912,1.333,0.488,0.582,15.69,374,25,215
10864,5,29,32,928,1.103,0.432,0.689,6.27,401,639,64
10865,5,63,161,6243,0.988,0.523,0.897,8.4,725,547,634
10866,5,68,135,2680,0.804,0.82,0.904,62.81,591,513,296
10867,5,93,104,9672,1.118,0.451,0.611,4.25,366,908,28
10868,5,28,32,896,1.143,0.481,0.742,7.43,431,665,58
10869,5,68,135,2680,0.804,0.82,0.904,62.81,591,513,296
10870,5,87,137,5619,0.733,0.899,0.991,29.29,25,400,786
10871,5,32,547,2204,4.144,0.37,0.483,20.66,693,874,292
10872,5,93,104,9672,1.118,0.451,0.611,4.25,366,908,28
10873,5,28,31,868,1.107,0.492,0.745,7.49,427,647,57
10874,5,68,145,4360,0.863,0.798,0.963,13.06,430,457,488
10875,5,63,161,6243,0.988,0.523,0.897,8.4,725,547,634
10876,5,63,161,6243,0.988,0.523,0.897,8.4,725,547,634
10877,5,78,140,4920,0.787,0.574,0.649,21.52,292,177,664
10878,5,53,158,4174,1.033,0.587,0.641,46.95,180,491,302
10879,5,86,469,7234,2.522,0.378,0.529,22.29,17,133,481
10880,5,53,158,4174,1.033,0.587,0.641,46.95,180,491,302
10881,5,53,158,4174,1.033,0.587,0.641,46.95,180,491,302
10882,5,53,158,4174,1.033,0.587,0.641,46.95,180,491,302
10883,5,87,137,5619,0.733,0.899,0.991,29.29,25,400,786
10884,5,63,79,4977,1.254,0.338,0.345,186.78,681,718,9
10885,5,28,347,4416,2.711,0.399,0.567,13.07,721,163,356
10886,5,87,141,6367,0.754,0.415,0.884,4.69,947,301,333
10887,5,86,469,7234,2.522,0.378,0.529,22.29,17,133,481
10888,5,29,31,899,1.069,0.463,0.726,6.93,416,653,60
10889,5,28,32,896,1.143,0.462,0.722,7.02,414,647,59
10890,5,68,145,4360,0.863,0.798,0.963,13.06,430,457,488
10891,5,83,149,2367,1.795,0.388,0.472,28.77,804,838,167
10892,5,65,50,3250,0.769,0.454,0.487,245.83,475,582,6
10893,5,28,32,896,1.143,0.462,0.722,7.02,414,647,59
10894,5,68,135,2680,0.804,0.82,0.904,62.81,591,513,296
10895,5,65,50,3250,0.769,0.454,0.487,245.83,475,582,6
10896,5,28,32,896,1.143,0.481,0.742,7.43,431,665,58
10897,5,83,149,2367,1.795,0.388,0.472,28.77,804,838,167
10898,5,28,347,4416,2.711,0.399,0.567,13.07,721,163,356
10899,5,29,31,899,1.069,0.463,0.726,6.93,416,653,60
10900,5,32,547,2204,4.144,0.37,0.483,20.66,693,874,292
10901,5,74,471,1954,2.707,0.339,0.433,15.84,820,499,756
10902,5,28,32,896,1.143,0.462,0.722,7.02,414,647,59
10903,5,74,471,1954,2.707,0.339,0.433,15.84,820,499,756
10904,5,53,158,4174,1.033,0.587,0.641,46.95,180,491,302
10905,5,53,158,4174,1.033,0.587,0.641,46.95,180,491,302
10906,5,32,547,2204,4.144,0.37,0.483,20.66,693,874,292
10907,5,72,96,6912,1.333,0.488,0.582,15.69,374,25,215
10908,5,63,79,4977,1.254,0.338,0.345,186.78,681,718,9
10909,5,78,140,4920,0.787,0.574,0.649,21.52,292,177,664
10910,5,63,79,4977,1.254,0.338,0.345,186.78,681,718,9
10911,5,65,50,3250,0.769,0.454,0.487,245.83,475,582,6
10912,5,28,347,4416,2.711,0.399,0.567,13.07,721,163,356
10913,5,74,471,1954,2.707,0.339,0.433,15.84,820,499,756
10914,5,68,145,4360,0.863,0.798,0.963,13.06,430,457,488
10915,5,28,31,868,1.107,0.492,0.745,7.49,427,647,57
10916,5,74,471,1954,2.707,0.339,0.433,15.84,820,499,756
10917,5,66,472,8352,2.843,0.359,0.547,17.12,93,821,641
10918,5,29,32,928,1.103,0.432,0.689,6.27,401,639,64
10919,5,28,32,896,1.143,0.462,0.722,7.02,414,647,59
10920,5,86,469,7234,2.522,0.378,0.529,22.29,17,133,481
10921,5,93,104,9672,1.118,0.451,0.611,4.25,366,908,28
10922,5,65,50,3250,0.769,0.454,0.487,245.83,475,582,6
10923,5,74,471,1954,2.707,0.339,0.433,15.84,820,499,756
10924,5,28,32,896,1.143,0.481,0.742,7.43,431,665,58
10925,5,29,32,928,1.103,0.432,0.689,6.27,401,639,64
10926,5,87,141,6367,0.754,0.415,0.884,4.69,947,301,333
10927,5,53,158,4174,1.033,0.587,0.641,46.95,180,491,302
10928,5,95,93,8835,0.979,0.675,0.902,3.63,966,968,644
10929,5,32,547,2204,4.144,0.37,0.483,20.66,693,874,292
10930,5,63,79,4977,1.254,0.338,0.345,186.78,681,718,9
10931,5,68,145,4360,0.863,0.798,0.963,13.06,430,457,488
10932,5,68,135,2680,0.804,0.82,0.904,62.81,591,513,296
10933,5,93,104,9672,1.118,0.451,0.611,4.25,366,908,28
10934,5,28,347,4416,2.711,0.399,0.567,13.07,721,163,356
10935,5,53,158,4174,1.033,0.587,0.641,46.95,180,491,302
10936,5,86,469,7234,2.522,0.378,0.529,22.29,17,133,481
10937,5,72,96,6912,1.333,0.488,0.582,15.69,374,25,215
10938,5,87,141,6367,0.754,0.415,0.884,4.69,947,301,333
10939,5,28,32,896,1.143,0.488,0.743,7.05,437,666,62
10940,5,28,32,896,1.143,0.488,0.743,7.05,437,666,62
10941,5,72,96,6912,1.333,0.488,0.582,15.69,374,25,215
10942,5,29,31,899,1.069,0.463,0.726,6.93,416,653,60
10943,5,87,141,6367,0.754,0.415,0.884,4.69,947,301,333
10944,5,32,547,2204,4.144,0.37,0.483,20.66,693,874,292
10945,5,66,472,8352,2.843,0.359,0.547,17.12,93,821,641
10946,5,72,96,6912,1.333,0.488,0.582,15.69,374,25,215
10947,5,28,347,4416,2.711,0.399,0.567,13.07,721,163,356
10948,5,72,96,6912,1.333,0.488,0.582,15.69,374,25,215
10949,5,28,32,896,1.143,0.481,0.742,7.43,431,665,58
10950,5,68,145,4360,0.863,0.798,0.963,13.06,430,457,488
10951,5,28,31,868,1.107,0.508,0.767,7.47,441,666,59
10952,5,64,73,4672,1.141,0.403,0.445,72.38,882,77,26
10953,5,28,31,868,1.107,0.508,0.767,7.47,441,666,59
10954,5,28,32,896,1.143,0.488,0.743,7.05,437,666,62
10955,5,32,547,2204,4.144,0.37,0.483,20.66,693,874,292
10956,5,95,93,8835,0.979,0.675,0.902,3.63,966,968,644
10957,5,63,66,4158,1.048,0.491,0.591,44.37,41,458,46
10958,5,28,32,896,1.143,0.481,0.742,7.43,431,665,58
10959,5,29,32,928,1.103,0.432,0.689,6.27,401,639,64
10960,5,28,32,896,1.143,0.488,0.743,7.05,437,666,62
10961,5,83,149,2367,1.795,0.388,0.472,28.77,804,838,167
10962,5,29,31,899,1.069,0.463,0.726,6.93,416,653,60
10963,5,28,32,896,1.143,0.488,0.743,7.05,437,666,62
10964,5,93,104,9672,1.118,0.451,0.611,4.25,366,908,28
10965,5,29,31,899,1.069,0.463,0.726,6.93,416,653,60
10966,5,29,31,899,1.069,0.463,0.726,6.93,416,653,60
10967,5,74,471,1954,2.707,0.339,0.433,15.84,820,499,756
10968,5,93,104,9672,1.118,0.451,0.611,4.25,366,908,28
10969,5,29,31,899,1.069,0.463,0.726,6.93,416,653,60
10970,5,63,79,4977,1.254,0.338,0.345,186.78,681,718,9
10971,5,28,347,4416,2.711,0.399,0.567,13.07,721,163,356
10972,5,29,31,899,1.069,0.463,0.726,6.93,416,653,60
10973,5,63,161,6243,0.988,0.523,0.897,8.4,725,547,634
10974,5,65,50,3250,0.769,0.454,0.487,245.83,475,582,6
10975,5,65,50,3250,0.769,0.454,0.487,245.83,475,582,6
10976,5,87,141,6367,0.754,0.415,0.884,4.69,947,301,333
10977,5,66,472,8352,2.843,0.359,0.547,17.12,93,821,641
10978,5,63,66,4158,1.048,0.491,0.591,44.37,41,458,46
10979,5,65,50,3250,0.769,0.454,0.487,245.83,475,582,6
10980,5,74,471,1954,2.707,0.339,0.433,15.84,820,499,756
10981,5,29,32,928,1.103,0.476,0.72,7.25,442,668,61
10982,5,28,31,868,1.107,0.508,0.767,7.47,441,666,59
10983,5,29,31,899,1.069,0.463,0.726,6.93,416,653,60
10984,5,32,547,2204,4.144,0.37,0.483,20.66,693,874,292
10985,5,68,145,4360,0.863,0.798,0.963,13.06,430,457,488
10986,5,63,66,4158,1.048,0.491,0.591,44.37,41,458,46
10987,5,74,471,1954,2.707,0.339,0.433,15.84,820,499,756
10988,5,83,149,2367,1.795,0.388,0.472,28.77,804,838,167
10989,5,74,471,1954,2.707,0.339,0.433,15.84,820,499,756
10990,5,28,347,4416,2.711,0.399,0.567,13.07,721,163,356
10991,5,72,96,6912,1.333,0.488,0.582,15.69,374,25,215
10992,5,68,135,2680,0.804,0.82,0.904,62.81,591,513,296
10993,5,64,73,4672,1.141,0.403,0.445,72.38,882,77,26
10994,5,83,149,2367,1.795,0.388,0.472,28.77,804,838,167
10995,5,87,141,6367,0.754,0.415,0.884,4.69,947,301,333
10996,5,68,135,2680,0.804,0.82,0.904,62.81,591,513,296
10997,5,87,141,6367,0.754,0.415,0.884,4.69,947,301,333
10998,5,29,31,899,1.069,0.463,0.726,6.93,416,653,60
10999,5,74,471,1954,2.707,0.339,0.433,15.84,820,499,756
11000,5,29,32,928,1.103,0.476,0.72,7.25,442,668,61
11001,5,28,31,868,1.107,0.492,0.745,7.49,427,647,57
11002,5,66,472,8352,2.843,0.359,0.547,17.12,93,821,641
11003,5,68,145,4360,0.863,0.798,0.963,13.06,430,457,488
11004,5,29,32,928,1.103,0.432,0.689,6.27,401,639,64
11005,5,29,32,928,1.103,0.432,0.689,6.27,401,639,64
11006,5,63,161,6243,0.988,0.523,0.897,8.4,725,547,634
11007,5,29,32,928,1.103,0.432,0.689,6.27,401,639,64
11008,5,64,73,4672,1.141,0.403,0.445,72.38,882,77,26
11009,5,28,31,868,1.107,0.492,0.745,7.49,427,647,57
11010,5,83,149,2367,1.795,0.388,0.472,28.77,804,838,167
11011,5,28,32,896,1.143,0.488,0.743,7.05,437,666,62
11012,5,29,31,899,1.069,0.463,0.726,6.93,416,653,60
11013,5,66,472,8352,2.843,0.359,0.547,17.12,93,821,641
11014,5,28,32,896,1.143,0.481,0.742,7.43,431,665,58
11015,5,28,347,4416,2.711,0.399,0.567,13.07,721,163,356
11016,5,74,471,1954,2.707,0.339,0.433,15.84,820,499,756
11017,5,63,161,6243,0.988,0.523,0.897,8.4,725,547,634
11018,5,83,149,2367,1.795,0.388,0.472,28.77,804,838,167
11019,5,63,66,4158,1.048,0.491,0.591,44.37,41,458,46
11020,5,74,471,1954,2.707,0.339,0.433,15.84,820,499,756
11021,5,32,547,2204,4.144,0.37,0.483,20.66,693,874,292
11022,5,63,66,4158,1.048,0.491,0.591,44.37,41,458,46
11023,5,68,135,2680,0.804,0.82,0.904,62.81,591,513,296
11024,5,28,31,868,1.107,0.492,0.745,7.49,427,647,57
11025,5,28,32,896,1.143,0.462,0.722,7.02,414,647,59
11026,5,65,50,3250,0.769,0.454,0.487,245.83,475,582,6
11027,5,28,32,896,1.143,0.488,0.743,7.05,437,666,62
11028,5,29,32,928,1.103,0.476,0.72,7.25,442,668,61
11029,5,93,104,9672,1.118,0.451,0.611,4.25,366,908,28
11030,5,83,149,2367,1.795,0.388,0.472,28.77,804,838,167
11031,5,28,32,896,1.143,0.462,0.722,7.02,414,647,59
11032,5,66,472,8352,2.843,0.359,0.547,17.12,93,821,641
11033,5,87,141,6367,0.754,0.415,0.884,4.69,947,301,333
11034,5,53,158,4174,1.033,0.587,0.641,46.95,180,491,302
11035,5,65,50,3250,0.769,0.454,0.487,245.83,475,582,6
11036,5,87,137,5619,0.733,0.899,0.991,29.29,25,400,786
11037,5,28,32,896,1.143,0.488,0.743,7.05,437,666,62
11038,5,65,50,3250,0.769,0.454,0.487,245.83,475,582,6
11039,5,28,32,896,1.143,0.488,0.743,7.05,437,666,62
11040,5,29,32,928,1.103,0.432,0.689,6.27,401,639,64
11041,5,63,66,4158,1.048,0.491,0.591,44.37,41,458,46
11042,5,29,31,899,1.069,0.463,0.726,6.93,416,653,60
11043,5,95,93,8835,0.979,0.675,0.902,3.63,966,968,644
11044,5,93,104,9672,1.118,0.451,0.611,4.25,366,908,28
11045,5,53,158,4174,1.033,0.587,0.641,46.95,180,491,302
11046,5,87,141,6367,0.754,0.415,0.884,4.69,947,301,333
11047,5,87,141,6367,0.754,0.415,0.884,4.69,947,301,333
11048,5,68,145,4360,0.863,0.798,0.963,13.06,430,457,488
11049,5,28,31,868,1.107,0.508,0.767,7.47,441,666,59
11050,5,95,93,8835,0.979,0.675,0.902,3.63,966,968,644
11051,5,78,140,4920,0.787,0.574,0.649,21.52,292,177,664
11052,5,28,32,896,1.143,0.462,0.722,7.02,414,647,59
11053,5,29,32,928,1.103,0.432,0.689,6.27,401,639,64
11054,5,72,96,6912,1.333,0.488,0.582,15.69,374,25,215
11055,5,28,31,868,1.107,0.492,0.745,7.49,427,647,57
11056,5,63,79,4977,1.254,0.338,0.345,186.78,681,718,9
11057,5,63,161,6243,0.988,0.523,0.897,8.4,725,547,634
11058,5,93,104,9672,1.118,0.451,0.611,4.25,366,908,28
11059,5,63,161,6243,0.988,0.523,0.897,8.4,725,547,634
11060,5,28,347,4416,2.711,0.399,0.567,13.07,721,163,356
11061,5,28,31,868,1.107,0.492,0.745,7.49,427,647,57
11062,5,68,135,2680,0.804,0.82,0.904,62.81,591,513,296
11063,5,28,347,4416,2.711,0.399,0.567,13.07,721,163,356
11064,5,95,93,8835,0.979,0.675,0.902,3.63,966,968,644
11065,5,63,161,6243,0.988,0.523,0.897,8.4,725,547,634
11066,5,32,547,2204,4.144,0.37,0.483,20.66,693,874,292
11067,5,93,104,9672,1.118,0.451,0.611,4.25,366,908,28
11068,5,29,31,899,1.069,0.463,0.726,6.93,416,653,60
11069,5,53,158,4174,1.033,0.587,0.641,46.95,180,491,302
11070,5,28,31,868,1.107,0.508,0.767,7.47,441,666,59
11071,5,95,93,8835,0.979,0.675,0.902,3.63,966,968,644
11072,5,72,96,6912,1.333,0.488,0.582,15.69,374,25,215
11073,5,29,32,928,1.103,0.432,0.689,6.27,401,639,64
11074,5,83,149,2367,1.795,0.388,0.472,28.77,804,838,167
11075,5,95,93,8835,0.979,0.675,0.902,3.63,966,968,644
11076,5,83,149,2367,1.795,0.388,0.472,28.77,804,838,167
11077,5,68,145,4360,0.863,0.798,0.963,13.06,430,457,488
11078,5,87,141,6367,0.754,0.415,0.884,4.69,947,301,333
11079,5,29,32,928,1.103,0.432,0.689,6.27,401,639,64
11080,5,63,66,4158,1.048,0.491,0.591,44.37,41,458,46
11081,5,83,149,2367,1.795,0.388,0.472,28.77,804,838,167
11082,5,28,32,896,1.143,0.462,0.722,7.02,414,647,59
11083,5,29,32,928,1.103,0.476,0.72,7.25,442,668,61
11084,5,29,31,899,1.069,0.463,0.726,6.93,416,653,60
11085,5,29,32,928,1.103,0.476,0.72,7.25,442,668,61
11086,5,28,32,896,1.143,0.481,0.742,7.43,431,665,58
11087,5,28,32,896,1.143,0.462,0.722,7.02,414,647,59
11088,5,28,31,868,1.107,0.508,0.767,7.47,441,666,59
11089,5,29,32,928,1.103,0.476,0.72,7.25,442,668,61
11090,5,95,93,8835,0.979,0.675,0.902,3.63,966,968,644
11091,5,64,73,4672,1.141,0.403,0.445,72.38,882,77,26
11092,5,63,79,4977,1.254,0.338,0.345,186.78,681,718,9
11093,5,28,32,896,1.143,0.462,0.722,7.02,414,647,59
11094,5,83,149,2367,1.795,0.388,0.472,28.77,804,838,167
11095,5,93,104,9672,1.118,0.451,0.611,4.25,366,908,28
11096,5,28,32,896,1.143,0.488,0.743,7.05,437,666,62
11097,5,87,137,5619,0.733,0.899,0.991,29.29,25,400,786
11098,5,78,140,4920,0.787,0.574,0.649,21.52,292,177,664
11099,5,29,32,928,1.103,0.476,0.72,7.25,442,668,61
11100,5,68,145,4360,0.863,0.798,0.963,13.06,430,457,488
11101,5,87,137,5619,0.733,0.899,0.991,29.29,25,400,786
11102,5,86,469,7234,2.522,0.378,0.529,22.29,17,133,481
11103,5,28,32,896,1.143,0.488,0.743,7.05,437,666,62
11104,5,63,161,6243,0.988,0.523,0.897,8.4,725,547,634
11105,5,72,96,6912,1.333,0.488,0.582,15.69,374,25,215
11106,5,87,141,6367,0.754,0.415,0.884,4.69,947,301,333
11107,5,28,31,868,1.107,0.508,0.767,7.47,441,666,59
11108,5,65,50,3250,0.769,0.454,0.487,245.83,475,582,6
11109,5,68,145,4360,0.863,0.798,0.963,13.06,430,457,488
11110,5,28,32,896,1.143,0.488,0.743,7.05,437,666,62
11111,5,28,32,896,1.143,0.462,0.722,7.02,414,647,59
11112,5,83,149,2367,1.795,0.388,0.472,28.77,804,838,167
11113,5,29,32,928,1.103,0.432,0.689,6.27,401,639,64
11114,5,86,469,7234,2.522,0.378,0.529,22.29,17,133,481
11115,5,53,158,4174,1.033,0.587,0.641,46.95,180,491,302
11116,5,86,469,7234,2.522,0.378,0.529,22.29,17,133,481
11117,5,29,32,928,1.103,0.432,0.689,6.27,401,639,64
11118,5,53,158,4174,1.033,0.587,0.641,46.95,180,491,302
11119,5,65,50,3250,0.769,0.454,0.487,245.83,475,582,6
11120,5,65,50,3250,0.769,0.454,0.487,245.83,475,582,6
11121,5,29,32,928,1.103,0.476,0.72,7.25,442,668,61
11122,5,72,96,6912,1.333,0.488,0.582,15.69,374,25,215
11123,5,32,547,2204,4.144,0.37,0.483,20.66,693,874,292
11124,5,95,93,8835,0.979,0.675,0.902,3.63,966,968,644
11125,5,95,93,8835,0.979,0.675,0.902,3.63,966,968,644
11126,5,28,32,896,1.143,0.481,0.742,7.43,431,665,58
11127,5,65,50,3250,0.769,0.454,0.487,245.83,475,582,6
11128,5,87,141,6367,0.754,0.415,0.884,4.69,947,301,333
11129,5,83,149,2367,1.795,0.388,0.472,28.77,804,838,167
11130,5,66,472,8352,2.843,0.359,0.547,17.12,93,821,641
11131,5,65,50,3250,0.769,0.454,0.487,245.83,475,582,6
11132,5,63,79,4977,1.254,0.338,0.345,186.78,681,718,9
11133,5,28,31,868,1.107,0.508,0.767,7.47,441,666,59
11134,5,68,135,2680,0.804,0.82,0.904,62.81,591,513,296
11135,5,68,135,2680,0.804,0.82,0.904,62.81,591,513,296
11136,5,28,32,896,1.143,0.488,0.743,7.05,437,666,62
11137,5,74,471,1954,2.707,0.339,0.433,15.84,820,499,756
11138,5,78,140,4920,0.787,0.574,0.649,21.52,292,177,664
11139,5,63,79,4977,1.254,0.338,0.345,186.78,681,718,9
11140,5,86,469,7234,2.522,0.378,0.529,22.29,17,133,481
11141,5,83,149,2367,1.795,0.388,0.472,28.77,804,838,167
11142,5,29,32,928,1.103,0.476,0.72,7.25,442,668,61
11143,5,28,32,896,1.143,0.481,0.742,7.43,431,665,58
11144,5,29,32,928,1.103,0.476,0.72,7.25,442,668,61
11145,5,63,79,4977,1.254,0.338,0.345,186.78,681,718,9
11146,5,86,469,7234,2.522,0.378,0.529,22.29,17,133,481
11147,5,95,93,8835,0.979,0.675,0.902,3.63,966,968,644
11148,5,72,96,6912,1.333,0.488,0.582,15.69,374,25,215
11149,5,28,32,896,1.143,0.481,0.742,7.43,431,665,58
11150,5,53,158,4174,1.033,0.587,0.641,46.95,180,491,302
11151,5,87,137,5619,0.733,0.899,0.991,29.29,25,400,786
11152,5,28,32,896,1.143,0.462,0.722,7.02,414,647,59
11153,5,29,32,928,1.103,0.432,0.689,6.27,401,639,64
11154,5,28,32,896,1.143,0.488,0.743,7.05,437,666,62
11155,5,65,50,3250,0.769,0.454,0.487,245.83,475,582,6
11156,5,68,135,2680,0.804,0.82,0.904,62.81,591,513,296
11157,5,28,347,4416,2.711,0.399,0.567,13.07,721,163,356
11158,5,64,73,4672,1.141,0.403,0.445,72.38,882,77,26
11159,5,63,79,4977,1.254,0.338,0.345,186.78,681,718,9
11160,5,87,137,5619,0.733,0.899,0.991,29.29,25,400,786
11161,5,86,469,7234,2.522,0.378,0.529,22.29,17,133,481
11162,5,53,158,4174,1.033,0.587,0.641,46.95,180,491,302
11163,5,29,32,928,1.103,0.432,0.689,6.27,401,639,64
11164,5,72,96,6912,1.333,0.488,0.582,15.69,374,25,215
11165,5,53,158,4174,1.033,0.587,0.641,46.95,180,491,302
11166,5,29,31,899,1.069,0.463,0.726,6.93,416,653,60
11167,5,32,547,2204,4.144,0.37,0.483,20.66,693,874,292
11168,5,29,31,899,1.069,0.463,0.726,6.93,416,653,60
11169,5,83,149,2367,1.795,0.388,0.472,28.77,804,838,167
11170,5,78,140,4920,0.787,0.574,0.649,21.52,292,177,664
11171,5,83,149,2367,1.795,0.388,0.472,28.77,804,838,167
11172,5,63,161,6243,0.988,0.523,0.897,8.4,725,547,634
11173,5,53,158,4174,1.033,0.587,0.641,46.95,180,491,302
11174,5,95,93,8835,0.979,0.675,0.902,3.63,966,968,644
11175,5,95,93,8835,0.979,0.675,0.902,3.63,966,968,644
11176,5,68,145,4360,0.863,0.798,0.963,13.06,430,457,488
11177,5,95,93,8835,0.979,0.675,0.902,3.63,966,968,644
11178,5,32,547,2204,4.144,0.37,0.483,20.66,693,874,292
11179,5,28,31,868,1.107,0.508,0.767,7.47,441,666,59
11180,5,63,66,4158,1.048,0.491,0.591,44.37,41,458,46
11181,5,93,104,9672,1.118,0.451,0.611,4.25,366,908,28
11182,5,93,104,9672,1.118,0.451,0.611,4.25,366,908,28
11183,5,29,32,928,1.103,0.476,0.72,7.25,442,668,61
11184,5,29,31,899,1.069,0.463,0.726,6.93,416,653,60
11185,5,93,104,9672,1.118,0.451,0.611,4.25,366,908,28
11186,5,86,469,7234,2.522,0.378,0.529,22.29,17,133,481
11187,5,28,32,896,1.143,0.481,0.742,7.43,431,665,58
11188,5,87,141,6367,0.754,0.415,0.884,4.69,947,301,333
11189,5,68,145,4360,0.863,0.798,0.963,13.06,430,457,488
11190,5,93,104,9672,1.118,0.451,0.611,4.25,366,908,28
11191,5,29,32,928,1.103,0.476,0.72,7.25,442,668,61
11192,5,86,469,7234,2.522,0.378,0.529,22.29,17,133,481
11193,5,28,31,868,1.107,0.492,0.745,7.49,427,647,57
11194,5,28,32,896,1.143,0.462,0.722,7.02,414,647,59
11195,5,83,149,2367,1.795,0.388,0.472,28.77,804,838,167
11196,5,29,31,899,1.069,0.463,0.726,6.93,416,653,60
11197,5,78,140,4920,0.787,0.574,0.649,21.52,292,177,664
11198,5,63,66,4158,1.048,0.491,0.591,44.37,41,458,46
11199,5,78,140,4920,0.787,0.574,0.649,21.52,292,177,664
11200,5,28,347,4416,2.711,0.399,0.567,13.07,721,163,356
11201,5,93,104,9672,1.118,0.451,0.611,4.25,366,908,28
11202,5,63,66,4158,1.048,0.491,0.591,44.37,41,458,46
11203,5,29,31,899,1.069,0.463,0.726,6.93,416,653,60
11204,5,65,50,3250,0.769,0.454,0.487,245.83,475,582,6
11205,5,29,32,928,1.103,0.432,0.689,6.27,401,639,64
11206,5,63,161,6243,0.988,0.523,0.897,8.4,725,547,634
11207,5,28,32,896,1.143,0.462,0.722,7.02,414,647,59
11208,5,93,104,9672,1.118,0.451,0.611,4.25,366,908,28
11209,5,63,66,4158,1.048,0.491,0.591,44.37,41,458,46
11210,5,65,50,3250,0.769,0.454,0.487,245.83,475,582,6
11211,5,74,471,1954,2.707,0.339,0.433,15.84,820,499,756
11212,5,78,140,4920,0.787,0.574,0.649,21.52,292,177,664
11213,5,29,32,928,1.103,0.476,0.72,7.25,442,668,61
11214,5,64,73,4672,1.141,0.403,0.445,72.38,882,77,26
11215,5,86,469,7234,2.522,0.378,0.529,22.29,17,133,481
11216,5,83,149,2367,1.795,0.388,0.472,28.77,804,838,167
11217,5,68,145,4360,0.863,0.798,0.963,13.06,430,457,488
11218,5,29,32,928,1.103,0.476,0.72,7.25,442,668,61
11219,5,28,32,896,1.143,0.462,0.722,7.02,414,647,59
11220,5,32,547,2204,4.144,0.37,0.483,20.66,693,874,292
11221,5,74,471,1954,2.707,0.339,0.433,15.84,820,499,756
11222,5,29,31,899,1.069,0.463,0.726,6.93,416,653,60
11223,5,65,50,3250,0.769,0.454,0.487,245.83,475,582,6
11224,5,65,50,3250,0.769,0.454,0.487,245.83,475,582,6
11225,5,28,32,896,1.143,0.488,0.743,7.05,437,666,62
11226,5,66,472,8352,2.843,0.359,0.547,17.12,93,821,641
11227,5,63,161,6243,0.988,0.523,0.897,8.4,725,547,634
11228,5,87,137,5619,0.733,0.899,0.991,29.29,25,400,786
11229,5,28,347,4416,2.711,0.399,0.567,13.07,721,163,356
11230,5,95,93,8835,0.979,0.675,0.902,3.63,966,968,644
11231,5,63,66,4158,1.048,0.491,0.591,44.37,41,458,46
11232,5,28,32,896,1.143,0.481,0.742,7.43,431,665,58
11233,5,28,32,896,1.143,0.488,0.743,7.05,437,666,62
11234,5,68,145,4360,0.863,0.798,0.963,13.06,430,457,488
11235,5,63,66,4158,1.048,0.491,0.591,44.37,41,458,46
11236,5,83,149,2367,1.795,0.388,0.472,28.77,804,838,167
11237,5,65,50,3250,0.769,0.454,0.487,245.83,475,582,6
11238,5,95,93,8835,0.979,0.675,0.902,3.63,966,968,644
11239,5,68,145,4360,0.863,0.798,0.963,13.06,430,457,488
11240,5,63,79,4977,1.254,0.338,0.345,186.78,681,718,9
11241,5,29,31,899,1.069,0.463,0.726,6.93,416,653,60
11242,5,28,347,4416,2.711,0.399,0.567,13.07,721,163,356
11243,5,64,73,4672,1.141,0.403,0.445,72.38,882,77,26
11244,5,63,79,4977,1.254,0.338,0.345,186.78,681,718,9
11245,5,95,93,8835,0.979,0.675,0.902,3.63,966,968,644
11246,5,53,158,4174,1.033,0.587,0.641,46.95,180,491,302
11247,5,87,141,6367,0.754,0.415,0.884,4.69,947,301,333
11248,5,63,66,4158,1.048,0.491,0.591,44.37,41,458,46
11249,5,28,347,4416,2.711,0.399,0.567,13.07,721,163,356
11250,5,83,149,2367,1.795,0.388,0.472,28.77,804,838,167
11251,5,68,135,2680,0.804,0.82,0.904,62.81,591,513,296
11252,5,29,32,928,1.103,0.432,0.689,6.27,401,639,64
11253,5,87,141,6367,0.754,0.415,0.884,4.69,947,301,333
11254,5,63,66,4158,1.048,0.491,0.591,44.37,41,458,46
11255,5,32,547,2204,4.144,0.37,0.483,20.66,693,874,292
11256,5,29,32,928,1.103,0.432,0.689,6.27,401,639,64
11257,5,28,32,896,1.143,0.488,0.743,7.05,437,666,62
11258,5,86,469,7234,2.522,0.378,0.529,22.29,17,133,481
11259,5,28,31,868,1.107,0.492,0.745,7.49,427,647,57
11260,5,29,32,928,1.103,0.476,0.72,7.25,442,668,61
11261,5,74,471,1954,2.707,0.339,0.433,15.84,820,499,756
11262,5,83,149,2367,1.795,0.388,0.472,28.77,804,838,167
11263,5,64,73,4672,1.141,0.403,0.445,72.38,882,77,26
11264,5,87,137,5619,0.733,0.899,0.991,29.29,25,400,786
11265,5,68,135,2680,0.804,0.82,0.904,62.81,591,513,296
11266,5,28,32,896,1.143,0.481,0.742,7.43,431,665,58
11267,5,28,31,868,1.107,0.508,0.767,7.47,441,666,59
11268,5,63,66,4158,1.048,0.491,0.591,44.37,41,458,46
11269,5,74,471,1954,2.707,0.339,0.433,15.84,820,499,756
11270,5,66,472,8352,2.843,0.359,0.547,17.12,93,821,641
11271,5,63,161,6243,0.988,0.523,0.897,8.4,725,547,634
11272,5,78,140,4920,0.787,0.574,0.649,21.52,292,177,664
11273,5,29,32,928,1.103,0.476,0.72,7.25,442,668,61
11274,5,63,161,6243,0.988,0.523,0.897,8.4,725,547,634
11275,5,63,79,4977,1.254,0.338,0.345,186.78,681,718,9
11276,5,29,32,928,1.103,0.432,0.689,6.27,401,639,64
11277,5,32,547,2204,4.144,0.37,0.483,20.66,693,874,292
11278,5,32,547,2204,4.144,0.37,0.483,20.66,693,874,292
11279,5,63,66,4158,1.048,0.491,0.591,44.37,41,458,46
11280,5,53,158,4174,1.033,0.587,0.641,46.95,180,491,302
11281,5,74,471,1954,2.707,0.339,0.433,15.84,820,499,756
11282,5,65,50,3250,0.769,0.454,0.487,245.83,475,582,6
11283,5,63,161,6243,0.988,0.523,0.897,8.4,725,547,634
11284,5,28,31,868,1.107,0.508,0.767,7.47,441,666,59
11285,5,87,141,6367,0.754,0.415,0.884,4.69,947,301,333
11286,5,68,145,4360,0.863,0.798,0.963,13.06,430,457,488
11287,5,68,135,2680,0.804,0.82,0.904,62.81,591,513,296
11288,5,93,104,9672,1.118,0.451,0.611,4.25,366,908,28
11289,5,28,32,896,1.143,0.462,0.722,7.02,414,647,59
11290,5,28,32,896,1.143,0.481,0.742,7.43,431,665,58
11291,5,68,145,4360,0.863,0.798,0.963,13.06,430,457,488
11292,5,63,161,6243,0.988,0.523,0.897,8.4,725,547,634
11293,5,28,32,896,1.143,0.462,0.722,7.02,414,647,59
11294,5,83,149,2367,1.795,0.388,0.472,28.77,804,838,167
11295,5,74,471,1954,2.707,0.339,0.433,15.84,820,499,756
11296,5,83,149,2367,1.795,0.388,0.472,28.77,804,838,167
11297,5,93,104,9672,1.118,0.451,0.611,4.25,366,908,28
11298,5,28,32,896,1.143,0.481,0.742,7.43,431,665,58
11299,5,87,141,6367,0.754,0.415,0.884,4.69,947,301,333
11300,5,29,31,899,1.069,0.463,0.726,6.93,416,653,60
11301,5,68,135,2680,0.804,0.82,0.904,62.81,591,513,296
11302,5,86,469,7234,2.522,0.378,0.529,22.29,17,133,481
11303,5,28,31,868,1.107,0.492,0.745,7.49,427,647,57
11304,5,28,32,896,1.143,0.488,0.743,7.05,437,666,62
11305,5,63,66,4158,1.048,0.491,0.591,44.37,41,458,46
11306,5,28,347,4416,2.711,0.399,0.567,13.07,721,163,356
11307,5,29,32,928,1.103,0.432,0.689,6.27,401,639,64
11308,5,95,93,8835,0.979,0.675,0.902,3.63,966,968,644
11309,5,68,135,2680,0.804,0.82,0.904,62.81,591,513,296
11310,5,68,135,2680,0.804,0.82,0.904,62.81,591,513,296
11311,5,28,31,868,1.107,0.508,0.767,7.47,441,666,59
11312,5,28,347,4416,2.711,0.399,0.567,13.07,721,163,356
11313,5,29,32,928,1.103,0.476,0.72,7.25,442,668,61
11314,5,29,32,928,1.103,0.432,0.689,6.27,401,639,64
11315,5,28,347,4416,2.711,0.399,0.567,13.07,721,163,356
11316,5,28,31,868,1.107,0.492,0.745,7.49,427,647,57
11317,5,28,31,868,1.107,0.508,0.767,7.47,441,666,59
11318,5,74,471,1954,2.707,0.339,0.433,15.84,820,499,756
11319,5,86,469,7234,2.522,0.378,0.529,22.29,17,133,481
11320,5,74,471,1954,2.707,0.339,0.433,15.84,820,499,756
11321,5,28,32,896,1.143,0.462,0.722,7.02,414,647,59
11322,5,68,135,2680,0.804,0.82,0.904,62.81,591,513,296
11323,5,28,31,868,1.107,0.508,0.767,7.47,441,666,59
11324,5,68,145,4360,0.863,0.798,0.963,13.06,430,457,488
11325,5,87,141,6367,0.754,0.415,0.884,4.69,947,301,333
11326,5,63,66,4158,1.048,0.491,0.591,44.37,41,458,46
11327,5,28,32,896,1.143,0.481,0.742,7.43,431,665,58
11328,5,66,472,8352,2.843,0.359,0.547,17.12,93,821,641
11329,5,29,32,928,1.103,0.476,0.72,7.25,442,668,61
11330,5,28,32,896,1.143,0.488,0.743,7.05,437,666,62
11331,5,74,471,1954,2.707,0.339,0.433,15.84,820,499,756
11332,5,63,79,4977,1.254,0.338,0.345,186.78,681,718,9
11333,5,78,140,4920,0.787,0.574,0.649,21.52,292,177,664
11334,5,66,472,8352,2.843,0.359,0.547,17.12,93,821,641
11335,5,74,471,1954,2.707,0.339,0.433,15.84,820,499,756
11336,5,63,66,4158,1.048,0.491,0.591,44.37,41,458,46
11337,5,29,32,928,1.103,0.476,0.72,7.25,442,668,61
11338,5,63,161,6243,0.988,0.523,0.897,8.4,725,547,634
11339,5,28,32,896,1.143,0.481,0.742,7.43,431,665,58
11340,5,86,469,7234,2.522,0.378,0.529,22.29,17,133,481
11341,5,28,31,868,1.107,0.508,0.767,7.47,441,666,59
11342,5,64,73,4672,1.141,0.403,0.445,72.38,882,77,26
11343,5,28,32,896,1.143,0.488,0.743,7.05,437,666,62
11344,5,29,32,928,1.103,0.432,0.689,6.27,401,639,64
11345,5,28,31,868,1.107,0.508,0.767,7.47,441,666,59
11346,5,28,31,868,1.107,0.508,0.767,7.47,441,666,59
11347,5,65,50,3250,0.769,0.454,0.487,245.83,475,582,6
11348,5,78,140,4920,0.787,0.574,0.649,21.52,292,177,664
11349,5,95,93,8835,0.979,0.675,0.902,3.63,966,968,644
11350,5,29,31,899,1.069,0.463,0.726,6.93,416,653,60
11351,5,83,149,2367,1.795,0.388,0.472,28.77,804,838,167
11352,5,63,79,4977,1.254,0.338,0.345,186.78,681,718,9
11353,5,28,31,868,1.107,0.492,0.745,7.49,427,647,57
11354,5,72,96,6912,1.333,0.488,0.582,15.69,374,25,215
11355,5,28,32,896,1.143,0.488,0.743,7.05,437,666,62
11356,5,29,31,899,1.069,0.463,0.726,6.93,416,653,60
11357,5,28,31,868,1.107,0.492,0.745,7.49,427,647,57
11358,5,65,50,3250,0.769,0.454,0.487,245.83,475,582,6
11359,5,72,96,6912,1.333,0.488,0.582,15.69,374,25,215
11360,5,78,140,4920,0.787,0.574,0.649,21.52,292,177,664
11361,5,83,149,2367,1.795,0.388,0.472,28.77,804,838,167
11362,5,78,140,4920,0.787,0.574,0.649,21.52,292,177,664
11363,5,63,161,6243,0.988,0.523,0.897,8.4,725,547,634
11364,5,29,32,928,1.103,0.432,0.689,6.27,401,639,64
11365,5,64,73,4672,1.141,0.403,0.445,72.38,882,77,26
11366,5,32,547,2204,4.144,0.37,0.483,20.66,693,874,292
11367,5,28,32,896,1.143,0.462,0.722,7.02,414,647,59
11368,5,86,469,7234,2.522,0.378,0.529,22.29,17,133,481
11369,5,63,79,4977,1.254,0.338,0.345,186.78,681,718,9
11370,5,86,469,7234,2.522,0.378,0.529,22.29,17,133,481
11371,5,29,32,928,1.103,0.432,0.689,6.27,401,639,64
11372,5,95,93,8835,0.979,0.675,0.902,3.63,966,968,644
11373,5,87,141,6367,0.754,0.415,0.884,4.69,947,301,333
11374,5,86,469,7234,2.522,0.378,0.529,22.29,17,133,481
11375,5,28,347,4416,2.711,0.399,0.567,13.07,721,163,356
11376,5,86,469,7234,2.522,0.378,0.529,22.29,17,133,481
11377,5,63,79,4977,1.254,0.338,0.345,186.78,681,718,9
11378,5,28,31,868,1.107,0.508,0.767,7.47,441,666,59
11379,5,28,32,896,1.143,0.488,0.743,7.05,437,666,62
11380,5,64,73,4672,1.141,0.403,0.445,72.38,882,77,26
11381,5,29,32,928,1.103,0.432,0.689,6.27,401,639,64
11382,5,68,145,4360,0.863,0.798,0.963,13.06,430,457,488
11383,5,53,158,4174,1.033,0.587,0.641,46.95,180,491,302
11384,5,68,135,2680,0.804,0.82,0.904,62.81,591,513,296
11385,5,28,347,4416,2.711,0.399,0.567,13.07,721,163,356
11386,5,66,472,8352,2.843,0.359,0.547,17.12,93,821,641
11387,5,29,31,899,1.069,0.463,0.726,6.93,416,653,60
11388,5,87,137,5619,0.733,0.899,0.991,29.29,25,400,786
11389,5,29,32,928,1.103,0.476,0.72,7.25,442,668,61
11390,5,63,79,4977,1.254,0.338,0.345,186.78,681,718,9
11391,5,64,73,4672,1.141,0.403,0.445,72.38,882,77,26
11392,5,28,32,896,1.143,0.481,0.742,7.43,431,665,58
11393,5,29,31,899,1.069,0.463,0.726,6.93,416,653,60
11394,5,63,79,4977,1.254,0.338,0.345,186.78,681,718,9
11395,5,78,140,4920,0.787,0.574,0.649,21.52,292,177,664
11396,5,95,93,8835,0.979,0.675,0.902,3.63,966,968,644
11397,5,63,79,4977,1.254,0.338,0.345,186.78,681,718,9
11398,5,93,104,9672,1.118,0.451,0.611,4.25,366,908,28
11399,5,93,104,9672,1.118,0.451,0.611,4.25,366,908,28
11400,5,87,137,5619,0.733,0.899,0.991,29.29,25,400,786
11401,5,63,161,6243,0.988,0.523,0.897,8.4,725,547,634
11402,5,28,347,4416,2.711,0.399,0.567,13.07,721,163,356
11403,5,87,137,5619,0.733,0.899,0.991,29.29,25,400,786
11404,5,68,135,2680,0.804,0.82,0.904,62.81,591,513,296
11405,5,95,93,8835,0.979,0.675,0.902,3.63,966,968,644
11406,5,63,79,4977,1.254,0.338,0.345,186.78,681,718,9
11407,5,74,471,1954,2.707,0.339,0.433,15.84,820,499,756
11408,5,28,32,896,1.143,0.462,0.722,7.02,414,647,59
11409,5,28,32,896,1.143,0.488,0.743,7.05,437,666,62
11410,5,28,32,896,1.143,0.488,0.743,7.05,437,666,62
11411,5,29,32,928,1.103,0.432,0.689,6.27,401,639,64
11412,5,63,66,4158,1.048,0.491,0.591,44.37,41,458,46
11413,5,28,32,896,1.143,0.488,0.743,7.05,437,666,62
11414,5,63,66,4158,1.048,0.491,0.591,44.37,41,458,46
11415,5,63,79,4977,1.254,0.338,0.345,186.78,681,718,9
11416,5,93,104,9672,1.118,0.451,0.611,4.25,366,908,28
11417,5,87,141,6367,0.754,0.415,0.884,4.69,947,301,333
11418,5,87,137,5619,0.733,0.899,0.991,29.29,25,400,786
11419,5,83,149,2367,1.795,0.388,0.472,28.77,804,838,167
11420,5,87,141,6367,0.754,0.415,0.884,4.69,947,301,333
11421,5,28,32,896,1.143,0.488,0.743,7.05,437,666,62
11422,5,86,469,7234,2.522,0.378,0.529,22.29,17,133,481
11423,5,63,79,4977,1.254,0.338,0.345,186.78,681,718,9
11424,5,72,96,6912,1.333,0.488,0.582,15.69,374,25,215
11425,5,28,32,896,1.143,0.481,0.742,7.43,431,665,58
11426,5,87,141,6367,0.754,0.415,0.884,4.69,947,301,333
11427,5,68,135,2680,0.804,0.82,0.904,62.81,591,513,296
11428,5,83,149,2367,1.795,0.388,0.472,28.77,804,838,167
11429,5,83,149,2367,1.795,0.388,0.472,28.77,804,838,167
11430,5,65,50,3250,0.769,0.454,0.487,245.83,475,582,6
11431,5,28,347,4416,2.711,0.399,0.567,13.07,721,163,356
11432,5,28,31,868,1.107,0.492,0.745,7.49,427,647,57
11433,5,65,50,3250,0.769,0.454,0.487,245.83,475,582,6
11434,5,95,93,8835,0.979,0.675,0.902,3.63,966,968,644
11435,5,64,73,4672,1.141,0.403,0.445,72.38,882,77,26
11436,5,28,32,896,1.143,0.462,0.722,7.02,414,647,59
11437,5,53,158,4174,1.033,0.587,0.641,46.95,180,491,302
11438,5,86,469,7234,2.522,0.378,0.529,22.29,17,133,481
11439,5,72,96,6912,1.333,0.488,0.582,15.69,374,25,215
11440,5,29,32,928,1.103,0.476,0.72,7.25,442,668,61
11441,5,29,32,928,1.103,0.432,0.689,6.27,401,639,64
11442,5,28,347,4416,2.711,0.399,0.567,13.07,721,163,356
11443,5,29,31,899,1.069,0.463,0.726,6.93,416,653,60
11444,5,83,149,2367,1.795,0.388,0.472,28.77,804,838,167
11445,5,28,32,896,1.143,0.481,0.742,7.43,431,665,58
11446,5,83,149,2367,1.795,0.388,0.472,28.77,804,838,167
11447,5,78,140,4920,0.787,0.574,0.649,21.52,292,177,664
11448,5,29,32,928,1.103,0.476,0.72,7.25,442,668,61
11449,5,29,32,928,1.103,0.476,0.72,7.25,442,668,61
11450,5,68,145,4360,0.863,0.798,0.963,13.06,430,457,488
11451,5,72,96,6912,1.333,0.488,0.582,15.69,374,25,215
11452,5,63,66,4158,1.048,0.491,0.591,44.37,41,458,46
11453,5,95,93,8835,0.979,0.675,0.902,3.63,966,968,644
11454,5,29,32,928,1.103,0.476,0.72,7.25,442,668,61
11455,5,28,32,896,1.143,0.462,0.722,7.02,414,647,59
11456,5,64,73,4672,1.141,0.403,0.445,72.38,882,77,26
11457,5,72,96,6912,1.333,0.488,0.582,15.69,374,25,215
11458,5,87,141,6367,0.754,0.415,0.884,4.69,947,301,333
11459,5,95,93,8835,0.979,0.675,0.902,3.63,966,968,644
11460,5,65,50,3250,0.769,0.454,0.487,245.83,475,582,6
11461,5,28,32,896,1.143,0.481,0.742,7.43,431,665,58
11462,5,93,104,9672,1.118,0.451,0.611,4.25,366,908,28
11463,5,29,32,928,1.103,0.476,0.72,7.25,442,668,61
11464,5,68,135,2680,0.804,0.82,0.904,62.81,591,513,296
11465,5,28,31,868,1.107,0.492,0.745,7.49,427,647,57
11466,5,28,31,868,1.107,0.492,0.745,7.49,427,647,57
11467,5,66,472,8352,2.843,0.359,0.547,17.12,93,821,641
11468,5,72,96,6912,1.333,0.488,0.582,15.69,374,25,215
11469,5,64,73,4672,1.141,0.403,0.445,72.38,882,77,26
11470,5,65,50,3250,0.769,0.454,0.487,245.83,475,582,6
11471,5,87,137,5619,0.733,0.899,0.991,29.29,25,400,786
11472,5,53,158,4174,1.033,0.587,0.641,46.95,180,491,302
11473,5,32,547,2204,4.144,0.37,0.483,20.66,693,874,292
11474,5,29,31,899,1.069,0.463,0.726,6.93,416,653,60
11475,5,68,135,2680,0.804,0.82,0.904,62.81,591,513,296
11476,5,29,32,928,1.103,0.432,0.689,6.27,401,639,64
11477,5,95,93,8835,0.979,0.675,0.902,3.63,966,968,644
11478,5,93,104,9672,1.118,0.451,0.611,4.25,366,908,28
11479,5,65,50,3250,0.769,0.454,0.487,245.83,475,582,6
11480,5,87,141,6367,0.754,0.415,0.884,4.69,947,301,333
11481,5,68,145,4360,0.863,0.798,0.963,13.06,430,457,488
11482,5,63,161,6243,0.988,0.523,0.897,8.4,725,547,634
11483,5,28,32,896,1.143,0.488,0.743,7.05,437,666,62
11484,5,68,135,2680,0.804,0.82,0.904,62.81,591,513,296
11485,5,28,347,4416,2.711,0.399,0.567,13.07,721,163,356
11486,5,32,547,2204,4.144,0.37,0.483,20.66,693,874,292
11487,5,68,135,2680,0.804,0.82,0.904,62.81,591,513,296
11488,5,63,66,4158,1.048,0.491,0.591,44.37,41,458,46
11489,5,72,96,6912,1.333,0.488,0.582,15.69,374,25,215
11490,5,28,32,896,1.143,0.462,0.722,7.02,414,647,59
11491,5,83,149,2367,1.795,0.388,0.472,28.77,804,838,167
11492,5,29,32,928,1.103,0.432,0.689,6.27,401,639,64
11493,5,87,141,6367,0.754,0.415,0.884,4.69,947,301,333
11494,5,65,50,3250,0.769,0.454,0.487,245.83,475,582,6
11495,5,28,32,896,1.143,0.462,0.722,7.02,414,647,59
11496,5,53,158,4174,1.033,0.587,0.641,46.95,180,491,302
11497,5,28,32,896,1.143,0.481,0.742,7.43,431,665,58
11498,5,66,472,8352,2.843,0.359,0.547,17.12,93,821,641
11499,5,93,104,9672,1.118,0.451,0.611,4.25,366,908,28
11500,5,95,93,8835,0.979,0.675,0.902,3.63,966,968,644
11501,5,63,79,4977,1.254,0.338,0.345,186.78,681,718,9
11502,5,29,32,928,1.103,0.476,0.72,7.25,442,668,61
11503,5,68,145,4360,0.863,0.798,0.963,13.06,430,457,488
11504,5,29,31,899,1.069,0.463,0.726,6.93,416,653,60
11505,5,29,32,928,1.103,0.476,0.72,7.25,442,668,61
11506,5,74,471,1954,2.707,0.339,0.433,15.84,820,499,756
11507,5,29,32,928,1.103,0.476,0.72,7.25,442,668,61
11508,5,28,32,896,1.143,0.488,0.743,7.05,437,666,62
11509,5,86,469,7234,2.522,0.378,0.529,22.29,17,133,481
11510,5,74,471,1954,2.707,0.339,0.433,15.84,820,499,756
11511,5,66,472,8352,2.843,0.359,0.547,17.12,93,821,641
11512,5,28,32,896,1.143,0.481,0.742,7.43,431,665,58
11513,5,29,32,928,1.103,0.476,0.72,7.25,442,668,61
11514,5,28,32,896,1.143,0.481,0.742,7.43,431,665,58
11515,5,66,472,8352,2.843,0.359,0.547,17.12,93,821,641
11516,5,63,66,4158,1.048,0.491,0.591,44.37,41,458,46
11517,5,63,161,6243,0.988,0.523,0.897,8.4,725,547,634
11518,5,74,471,1954,2.707,0.339,0.433,15.84,820,499,756
11519,5,87,137,5619,0.733,0.899,0.991,29.29,25,400,786
11520,5,63,161,6243,0.988,0.523,0.897,8.4,725,547,634
11521,5,68,145,4360,0.863,0.798,0.963,13.06,430,457,488
11522,5,78,140,4920,0.787,0.574,0.649,21.52,292,177,664
11523,5,29,32,928,1.103,0.476,0.72,7.25,442,668,61
11524,5,28,32,896,1.143,0.462,0.722,7.02,414,647,59
11525,5,28,32,896,1.143,0.488,0.743,7.05,437,666,62
11526,5,28,347,4416,2.711,0.399,0.567,13.07,721,163,356
11527,5,83,149,2367,1.795,0.388,0.472,28.77,804,838,167
11528,5,68,135,2680,0.804,0.82,0.904,62.81,591,513,296
11529,5,29,31,899,1.069,0.463,0.726,6.93,416,653,60
11530,5,93,104,9672,1.118,0.451,0.611,4.25,366,908,28
11531,5,86,469,7234,2.522,0.378,0.529,22.29,17,133,481
11532,5,28,32,896,1.143,0.462,0.722,7.02,414,647,59
11533,5,28,32,896,1.143,0.481,0.742,7.43,431,665,58
11534,5,28,347,4416,2.711,0.399,0.567,13.07,721,163,356
11535,5,65,50,3250,0.769,0.454,0.487,245.83,475,582,6
11536,5,65,50,3250,0.769,0.454,0.487,245.83,475,582,6
11537,5,63,66,4158,1.048,0.491,0.591,44.37,41,458,46
11538,5,83,149,2367,1.795,0.388,0.472,28.77,804,838,167
11539,5,53,158,4174,1.033,0.587,0.641,46.95,180,491,302
11540,5,29,32,928,1.103,0.476,0.72,7.25,442,668,61
11541,5,65,50,3250,0.769,0.454,0.487,245.83,475,582,6
11542,5,74,471,1954,2.707,0.339,0.433,15.84,820,499,756
11543,5,95,93,8835,0.979,0.675,0.902,3.63,966,968,644
11544,5,66,472,8352,2.843,0.359,0.547,17.12,93,821,641
11545,5,28,31,868,1.107,0.492,0.745,7.49,427,647,57
11546,5,72,96,6912,1.333,0.488,0.582,15.69,374,25,215
11547,5,63,161,6243,0.988,0.523,0.897,8.4,725,547,634
11548,5,28,347,4416,2.711,0.399,0.567,13.07,721,163,356
11549,5,28,347,4416,2.711,0.399,0.567,13.07,721,163,356
11550,5,28,32,896,1.143,0.481,0.742,7.43,431,665,58
11551,5,64,73,4672,1.141,0.403,0.445,72.38,882,77,26
11552,5,83,149,2367,1.795,0.388,0.472,28.77,804,838,167
11553,5,29,32,928,1.103,0.432,0.689,6.27,401,639,64
11554,5,87,137,5619,0.733,0.899,0.991,29.29,25,400,786
11555,5,32,547,2204,4.144,0.37,0.483,20.66,693,874,292
11556,5,66,472,8352,2.843,0.359,0.547,17.12,93,821,641
11557,5,29,32,928,1.103,0.432,0.689,6.27,401,639,64
11558,5,66,472,8352,2.843,0.359,0.547,17.12,93,821,641
11559,5,93,104,9672,1.118,0.451,0.611,4.25,366,908,28
11560,5,28,31,868,1.107,0.508,0.767,7.47,441,666,59
11561,5,29,32,928,1.103,0.476,0.72,7.25,442,668,61
11562,5,87,137,5619,0.733,0.899,0.991,29.29,25,400,786
11563,5,28,347,4416,2.711,0.399,0.567,13.07,721,163,356
11564,5,93,104,9672,1.118,0.451,0.611,4.25,366,908,28
11565,5,28,32,896,1.143,0.481,0.742,7.43,431,665,58
11566,5,63,161,6243,0.988,0.523,0.897,8.4,725,547,634
11567,5,63,66,4158,1.048,0.491,0.591,44.37,41,458,46
11568,5,64,73,4672,1.141,0.403,0.445,72.38,882,77,26
11569,5,29,32,928,1.103,0.432,0.689,6.27,401,639,64
11570,5,93,104,9672,1.118,0.451,0.611,4.25,366,908,28
11571,5,63,161,6243,0.988,0.523,0.897,8.4,725,547,634
11572,5,87,141,6367,0.754,0.415,0.884,4.69,947,301,333
11573,5,28,31,868,1.107,0.492,0.745,7.49,427,647,57
11574,5,93,104,9672,1.118,0.451,0.611,4.25,366,908,28
11575,5,78,140,4920,0.787,0.574,0.649,21.52,292,177,664
11576,5,29,32,928,1.103,0.432,0.689,6.27,401,639,64
11577,5,32,547,2204,4.144,0.37,0.483,20.66,693,874,292
11578,5,53,158,4174,1.033,0.587,0.641,46.95,180,491,302
11579,5,28,347,4416,2.711,0.399,0.567,13.07,721,163,356
11580,5,87,137,5619,0.733,0.899,0.991,29.29,25,400,786
11581,5,66,472,8352,2.843,0.359,0.547,17.12,93,821,641
11582,5,65,50,3250,0.769,0.454,0.487,245.83,475,582,6
11583,5,63,79,4977,1.254,0.338,0.345,186.78,681,718,9
11584,5,65,50,3250,0.769,0.454,0.487,245.83,475,582,6
11585,5,66,472,8352,2.843,0.359,0.547,17.12,93,821,641
11586,5,72,96,6912,1.333,0.488,0.582,15.69,374,25,215
11587,5,72,96,6912,1.333,0.488,0.582,15.69,374,25,215
11588,5,86,469,7234,2.522,0.378,0.529,22.29,17,133,481
11589,5,28,31,868,1.107,0.492,0.745,7.49,427,647,57
11590,5,63,79,4977,1.254,0.338,0.345,186.78,681,718,9
11591,5,78,140,4920,0.787,0.574,0.649,21.52,292,177,664
11592,5,74,471,1954,2.707,0.339,0.433,15.84,820,499,756
11593,5,29,31,899,1.069,0.463,0.726,6.93,416,653,60
11594,5,29,32,928,1.103,0.476,0.72,7.25,442,668,61
11595,5,28,32,896,1.143,0.488,0.743,7.05,437,666,62
11596,5,68,145,4360,0.863,0.798,0.963,13.06,430,457,488
11597,5,28,32,896,1.143,0.481,0.742,7.43,431,665,58
11598,5,66,472,8352,2.843,0.359,0.547,17.12,93,821,641
11599,5,93,104,9672,1.118,0.451,0.611,4.25,366,908,28
11600,5,28,32,896,1.143,0.488,0.743,7.05,437,666,62
11601,5,29,32,928,1.103,0.432,0.689,6.27,401,639,64
11602,5,78,140,4920,0.787,0.574,0.649,21.52,292,177,664
11603,5,29,32,928,1.103,0.432,0.689,6.27,401,639,64
11604,5,86,469,7234,2.522,0.378,0.529,22.29,17,133,481
11605,5,66,472,8352,2.843,0.359,0.547,17.12,93,821,641
11606,5,32,547,2204,4.144,0.37,0.483,20.66,693,874,292
11607,5,28,347,4416,2.711,0.399,0.567,13.07,721,163,356
11608,5,87,141,6367,0.754,0.415,0.884,4.69,947,301,333
11609,5,66,472,8352,2.843,0.359,0.547,17.12,93,821,641
11610,5,93,104,9672,1.118,0.451,0.611,4.25,366,908,28
11611,5,95,93,8835,0.979,0.675,0.902,3.63,966,968,644
11612,5,28,32,896,1.143,0.462,0.722,7.02,414,647,59
11613,5,29,31,899,1.069,0.463,0.726,6.93,416,653,60
11614,5,28,32,896,1.143,0.481,0.742,7.43,431,665,58
11615,5,63,66,4158,1.048,0.491,0.591,44.37,41,458,46
11616,5,28,347,4416,2.711,0.399,0.567,13.07,721,163,356
11617,5,72,96,6912,1.333,0.488,0.582,15.69,374,25,215
11618,5,87,141,6367,0.754,0.415,0.884,4.69,947,301,333
11619,5,63,79,4977,1.254,0.338,0.345,186.78,681,718,9
11620,5,28,32,896,1.143,0.481,0.742,7.43,431,665,58
11621,5,66,472,8352,2.843,0.359,0.547,17.12,93,821,641
11622,5,32,547,2204,4.144,0.37,0.483,20.66,693,874,292
11623,5,87,137,5619,0.733,0.899,0.991,29.29,25,400,786
11624,5,28,32,896,1.143,0.488,0.743,7.05,437,666,62
11625,5,53,158,4174,1.033,0.587,0.641,46.95,180,491,302
11626,5,28,32,896,1.143,0.488,0.743,7.05,437,666,62
11627,5,66,472,8352,2.843,0.359,0.547,17.12,93,821,641
11628,5,68,135,2680,0.804,0.82,0.904,62.81,591,513,296
11629,5,74,471,1954,2.707,0.339,0.433,15.84,820,499,756
11630,5,63,79,4977,1.254,0.338,0.345,186.78,681,718,9
11631,5,72,96,6912,1.333,0.488,0.582,15.69,374,25,215
11632,5,68,145,4360,0.863,0.798,0.963,13.06,430,457,488
11633,5,28,32,896,1.143,0.488,0.743,7.05,437,666,62
11634,5,28,347,4416,2.711,0.399,0.567,13.07,721,163,356
11635,5,63,79,4977,1.254,0.338,0.345,186.78,681,718,9
11636,5,32,547,2204,4.144,0.37,0.483,20.66,693,874,292
11637,5,63,79,4977,1.254,0.338,0.345,186.78,681,718,9
11638,5,66,472,8352,2.843,0.359,0.547,17.12,93,821,641
11639,5,78,140,4920,0.787,0.574,0.649,21.52,292,177,664
11640,5,86,469,7234,2.522,0.378,0.529,22.29,17,133,481
11641,5,28,31,868,1.107,0.508,0.767,7.47,441,666,59
11642,5,28,32,896,1.143,0.488,0.743,7.05,437,666,62
11643,5,74,471,1954,2.707,0.339,0.433,15.84,820,499,756
11644,5,63,66,4158,1.048,0.491,0.591,44.37,41,458,46
11645,5,28,31,868,1.107,0.508,0.767,7.47,441,666,59
11646,5,86,469,7234,2.522,0.378,0.529,22.29,17,133,481
11647,5,83,149,2367,1.795,0.388,0.472,28.77,804,838,167
11648,5,63,79,4977,1.254,0.338,0.345,186.78,681,718,9
11649,5,83,149,2367,1.795,0.388,0.472,28.77,804,838,167
11650,5,28,31,868,1.107,0.508,0.767,7.47,441,666,59
11651,5,29,32,928,1.103,0.476,0.72,7.25,442,668,61
11652,5,29,32,928,1.103,0.476,0.72,7.25,442,668,61
11653,5,28,32,896,1.143,0.488,0.743,7.05,437,666,62
11654,5,28,31,868,1.107,0.492,0.745,7.49,427,647,57
11655,5,68,145,4360,0.863,0.798,0.963,13.06,430,457,488
11656,5,68,135,2680,0.804,0.82,0.904,62.81,591,513,296
11657,5,87,141,6367,0.754,0.415,0.884,4.69,947,301,333
11658,5,53,158,4174,1.033,0.587,0.641,46.95,180,491,302
11659,5,29,32,928,1.103,0.432,0.689,6.27,401,639,64
11660,5,87,141,6367,0.754,0.415,0.884,4.69,947,301,333
11661,5,72,96,6912,1.333,0.488,0.582,15.69,374,25,215
11662,5,28,347,4416,2.711,0.399,0.567,13.07,721,163,356
11663,5,68,145,4360,0.863,0.798,0.963,13.06,430,457,488
11664,5,63,161,6243,0.988,0.523,0.897,8.4,725,547,634
11665,5,28,347,4416,2.711,0.399,0.567,13.07,721,163,356
11666,5,32,547,2204,4.144,0.37,0.483,20.66,693,874,292
11667,5,95,93,8835,0.979,0.675,0.902,3.63,966,968,644
11668,5,68,135,2680,0.804,0.82,0.904,62.81,591,513,296
11669,5,74,471,1954,2.707,0.339,0.433,15.84,820,499,756
11670,5,93,104,9672,1.118,0.451,0.611,4.25,366,908,28
11671,5,95,93,8835,0.979,0.675,0.902,3.63,966,968,644
11672,5,28,31,868,1.107,0.508,0.767,7.47,441,666,59
11673,5,28,32,896,1.143,0.481,0.742,7.43,431,665,58
11674,5,32,547,2204,4.144,0.37,0.483,20.66,693,874,292
11675,5,83,149,2367,1.795,0.388,0.472,28.77,804,838,167
11676,5,72,96,6912,1.333,0.488,0.582,15.69,374,25,215
11677,5,29,31,899,1.069,0.463,0.726,6.93,416,653,60
11678,5,66,472,8352,2.843,0.359,0.547,17.12,93,821,641
11679,5,64,73,4672,1.141,0.403,0.445,72.38,882,77,26
11680,5,65,50,3250,0.769,0.454,0.487,245.83,475,582,6
11681,5,63,79,4977,1.254,0.338,0.345,186.78,681,718,9
11682,5,86,469,7234,2.522,0.378,0.529,22.29,17,133,481
11683,5,29,31,899,1.069,0.463,0.726,6.93,416,653,60
11684,5,63,161,6243,0.988,0.523,0.897,8.4,725,547,634
11685,5,32,547,2204,4.144,0.37,0.483,20.66,693,874,292
11686,5,63,161,6243,0.988,0.523,0.897,8.4,725,547,634
11687,5,53,158,4174,1.033,0.587,0.641,46.95,180,491,302
11688,5,63,66,4158,1.048,0.491,0.591,44.37,41,458,46
11689,5,28,32,896,1.143,0.488,0.743,7.05,437,666,62
11690,5,63,79,4977,1.254,0.338,0.345,186.78,681,718,9
11691,5,95,93,8835,0.979,0.675,0.902,3.63,966,968,644
11692,5,32,547,2204,4.144,0.37,0.483,20.66,693,874,292
11693,5,87,137,5619,0.733,0.899,0.991,29.29,25,400,786
11694,5,32,547,2204,4.144,0.37,0.483,20.66,693,874,292
11695,5,68,135,2680,0.804,0.82,0.904,62.81,591,513,296
11696,5,29,32,928,1.103,0.476,0.72,7.25,442,668,61
11697,5,93,104,9672,1.118,0.451,0.611,4.25,366,908,28
11698,5,68,145,4360,0.863,0.798,0.963,13.06,430,457,488
11699,5,63,79,4977,1.254,0.338,0.345,186.78,681,718,9
11700,5,53,158,4174,1.033,0.587,0.641,46.95,180,491,302
11701,5,68,145,4360,0.863,0.798,0.963,13.06,430,457,488
11702,5,93,104,9672,1.118,0.451,0.611,4.25,366,908,28
11703,5,53,158,4174,1.033,0.587,0.641,46.95,180,491,302
11704,5,74,471,1954,2.707,0.339,0.433,15.84,820,499,756
11705,5,28,347,4416,2.711,0.399,0.567,13.07,721,163,356
11706,5,66,472,8352,2.843,0.359,0.547,17.12,93,821,641
11707,5,28,32,896,1.143,0.481,0.742,7.43,431,665,58
11708,5,28,32,896,1.143,0.481,0.742,7.43,431,665,58
11709,5,28,347,4416,2.711,0.399,0.567,13.07,721,163,356
11710,5,63,161,6243,0.988,0.523,0.897,8.4,725,547,634
11711,5,28,31,868,1.107,0.508,0.767,7.47,441,666,59
11712,5,63,66,4158,1.048,0.491,0.591,44.37,41,458,46
11713,5,87,141,6367,0.754,0.415,0.884,4.69,947,301,333
11714,5,74,471,1954,2.707,0.339,0.433,15.84,820,499,756
11715,5,86,469,7234,2.522,0.378,0.529,22.29,17,133,481
11716,5,32,547,2204,4.144,0.37,0.483,20.66,693,874,292
11717,5,28,31,868,1.107,0.492,0.745,7.49,427,647,57
11718,5,28,32,896,1.143,0.481,0.742,7.43,431,665,58
11719,5,53,158,4174,1.033,0.587,0.641,46.95,180,491,302
11720,5,29,32,928,1.103,0.476,0.72,7.25,442,668,61
11721,5,64,73,4672,1.141,0.403,0.445,72.38,882,77,26
11722,5,72,96,6912,1.333,0.488,0.582,15.69,374,25,215
11723,5,28,347,4416,2.711,0.399,0.567,13.07,721,163,356
11724,5,29,32,928,1.103,0.476,0.72,7.25,442,668,61
11725,5,66,472,8352,2.843,0.359,0.547,17.12,93,821,641
11726,5,64,73,4672,1.141,0.403,0.445,72.38,882,77,26
11727,5,63,161,6243,0.988,0.523,0.897,8.4,725,547,634
11728,5,28,31,868,1.107,0.492,0.745,7.49,427,647,57
11729,5,66,472,8352,2.843,0.359,0.547,17.12,93,821,641
11730,5,29,32,928,1.103,0.476,0.72,7.25,442,668,61
11731,5,28,32,896,1.143,0.462,0.722,7.02,414,647,59
11732,5,95,93,8835,0.979,0.675,0.902,3.63,966,968,644
11733,5,72,96,6912,1.333,0.488,0.582,15.69,374,25,215
11734,5,28,32,896,1.143,0.462,0.722,7.02,414,647,59
11735,5,32,547,2204,4.144,0.37,0.483,20.66,693,874,292
11736,5,28,31,868,1.107,0.492,0.745,7.49,427,647,57
11737,5,68,135,2680,0.804,0.82,0.904,62.81,591,513,296
11738,5,95,93,8835,0.979,0.675,0.902,3.63,966,968,644
11739,5,28,32,896,1.143,0.481,0.742,7.43,431,665,58
11740,5,68,135,2680,0.804,0.82,0.904,62.81,591,513,296
11741,5,32,547,2204,4.144,0.37,0.483,20.66,693,874,292
11742,5,72,96,6912,1.333,0.488,0.582,15.69,374,25,215
11743,5,95,93,8835,0.979,0.675,0.902,3.63,966,968,644
11744,5,28,32,896,1.143,0.462,0.722,7.02,414,647,59
11745,5,64,73,4672,1.141,0.403,0.445,72.38,882,77,26
11746,5,87,141,6367,0.754,0.415,0.884,4.69,947,301,333
11747,5,28,32,896,1.143,0.462,0.722,7.02,414,647,59
11748,5,28,31,868,1.107,0.492,0.745,7.49,427,647,57
11749,5,29,32,928,1.103,0.432,0.689,6.27,401,639,64
11750,5,95,93,8835,0.979,0.675,0.902,3.63,966,968,644
11751,5,28,32,896,1.143,0.488,0.743,7.05,437,666,62
11752,5,63,79,4977,1.254,0.338,0.345,186.78,681,718,9
11753,5,63,66,4158,1.048,0.491,0.591,44.37,41,458,46
11754,5,78,140,4920,0.787,0.574,0.649,21.52,292,177,664
11755,5,64,73,4672,1.141,0.403,0.445,72.38,882,77,26
11756,5,93,104,9672,1.118,0.451,0.611,4.25,366,908,28
11757,5,53,158,4174,1.033,0.587,0.641,46.95,180,491,302
11758,5,28,31,868,1.107,0.492,0.745,7.49,427,647,57
11759,5,63,66,4158,1.048,0.491,0.591,44.37,41,458,46
11760,5,68,135,2680,0.804,0.82,0.904,62.81,591,513,296
11761,5,66,472,8352,2.843,0.359,0.547,17.12,93,821,641
11762,5,28,347,4416,2.711,0.399,0.567,13.07,721,163,356
11763,5,28,31,868,1.107,0.492,0.745,7.49,427,647,57
11764,5,28,32,896,1.143,0.481,0.742,7.43,431,665,58
11765,5,28,31,868,1.107,0.492,0.745,7.49,427,647,57
11766,5,29,31,899,1.069,0.463,0.726,6.93,416,653,60
11767,5,66,472,8352,2.843,0.359,0.547,17.12,93,821,641
11768,5,63,161,6243,0.988,0.523,0.897,8.4,725,547,634
11769,5,28,31,868,1.107,0.508,0.767,7.47,441,666,59
11770,5,28,32,896,1.143,0.481,0.742,7.43,431,665,58
11771,5,66,472,8352,2.843,0.359,0.547,17.12,93,821,641
11772,5,28,347,4416,2.711,0.399,0.567,13.07,721,163,356
11773,5,29,31,899,1.069,0.463,0.726,6.93,416,653,60
11774,5,28,31,868,1.107,0.492,0.745,7.49,427,647,57
11775,5,63,66,4158,1.048,0.491,0.591,44.37,41,458,46
11776,5,95,93,8835,0.979,0.675,0.902,3.63,966,968,644
11777,5,65,50,3250,0.769,0.454,0.487,245.83,475,582,6
11778,5,28,31,868,1.107,0.492,0.745,7.49,427,647,57
11779,5,72,96,6912,1.333,0.488,0.582,15.69,374,25,215
11780,5,29,32,928,1.103,0.476,0.72,7.25,442,668,61
11781,5,28,31,868,1.107,0.508,0.767,7.47,441,666,59
11782,5,28,32,896,1.143,0.462,0.722,7.02,414,647,59
11783,5,68,135,2680,0.804,0.82,0.904,62.81,591,513,296
11784,5,68,135,2680,0.804,0.82,0.904,62.81,591,513,296
11785,5,32,547,2204,4.144,0.37,0.483,20.66,693,874,292
11786,5,53,158,4174,1.033,0.587,0.641,46.95,180,491,302
11787,5,28,31,868,1.107,0.492,0.745,7.49,427,647,57
11788,5,78,140,4920,0.787,0.574,0.649,21.52,292,177,664
11789,5,87,137,5619,0.733,0.899,0.991,29.29,25,400,786
11790,5,64,73,4672,1.141,0.403,0.445,72.38,882,77,26
11791,5,78,140,4920,0.787,0.574,0.649,21.52,292,177,664
11792,5,74,471,1954,2.707,0.339,0.433,15.84,820,499,756
11793,5,29,32,928,1.103,0.432,0.689,6.27,401,639,64
11794,5,53,158,4174,1.033,0.587,0.641,46.95,180,491,302
11795,5,63,161,6243,0.988,0.523,0.897,8.4,725,547,634
11796,5,66,472,8352,2.843,0.359,0.547,17.12,93,821,641
11797,5,63,66,4158,1.048,0.491,0.591,44.37,41,458,46
11798,5,28,347,4416,2.711,0.399,0.567,13.07,721,163,356
11799,5,64,73,4672,1.141,0.403,0.445,72.38,882,77,26
11800,5,86,469,7234,2.522,0.378,0.529,22.29,17,133,481
11801,5,28,31,868,1.107,0.508,0.767,7.47,441,666,59
11802,5,29,32,928,1.103,0.432,0.689,6.27,401,639,64
11803,5,68,145,4360,0.863,0.798,0.963,13.06,430,457,488
11804,5,28,347,4416,2.711,0.399,0.567,13.07,721,163,356
11805,5,32,547,2204,4.144,0.37,0.483,20.66,693,874,292
11806,5,65,50,3250,0.769,0.454,0.487,245.83,475,582,6
11807,5,29,32,928,1.103,0.432,0.689,6.27,401,639,64
11808,5,28,31,868,1.107,0.508,0.767,7.47,441,666,59
11809,5,68,135,2680,0.804,0.82,0.904,62.81,591,513,296
11810,5,29,32,928,1.103,0.432,0.689,6.27,401,639,64
11811,5,53,158,4174,1.033,0.587,0.641,46.95,180,491,302
11812,5,29,32,928,1.103,0.432,0.689,6.27,401,639,64
11813,5,78,140,4920,0.787,0.574,0.649,21.52,292,177,664
11814,5,72,96,6912,1.333,0.488,0.582,15.69,374,25,215
11815,5,29,32,928,1.103,0.476,0.72,7.25,442,668,61
11816,5,74,471,1954,2.707,0.339,0.433,15.84,820,499,756
11817,5,53,158,4174,1.033,0.587,0.641,46.95,180,491,302
11818,5,28,31,868,1.107,0.492,0.745,7.49,427,647,57
11819,5,28,31,868,1.107,0.508,0.767,7.47,441,666,59
11820,5,28,32,896,1.143,0.462,0.722,7.02,414,647,59
11821,5,29,32,928,1.103,0.476,0.72,7.25,442,668,61
11822,5,29,32,928,1.103,0.476,0.72,7.25,442,668,61
11823,5,95,93,8835,0.979,0.675,0.902,3.63,966,968,644
11824,5,63,161,6243,0.988,0.523,0.897,8.4,725,547,634
11825,5,32,547,2204,4.144,0.37,0.483,20.66,693,874,292
11826,5,29,31,899,1.069,0.463,0.726,6.93,416,653,60
11827,5,65,50,3250,0.769,0.454,0.487,245.83,475,582,6
11828,5,78,140,4920,0.787,0.574,0.649,21.52,292,177,664
11829,5,95,93,8835,0.979,0.675,0.902,3.63,966,968,644
11830,5,28,32,896,1.143,0.488,0.743,7.05,437,666,62
11831,5,63,79,4977,1.254,0.338,0.345,186.78,681,718,9
11832,5,68,135,2680,0.804,0.82,0.904,62.81,591,513,296
11833,5,28,32,896,1.143,0.462,0.722,7.02,414,647,59
11834,5,87,141,6367,0.754,0.415,0.884,4.69,947,301,333
11835,5,65,50,3250,0.769,0.454,0.487,245.83,475,582,6
11836,5,72,96,6912,1.333,0.488,0.582,15.69,374,25,215
11837,5,29,32,928,1.103,0.432,0.689,6.27,401,639,64
11838,5,28,31,868,1.107,0.492,0.745,7.49,427,647,57
11839,5,28,32,896,1.143,0.488,0.743,7.05,437,666,62
11840,5,28,347,4416,2.711,0.399,0.567,13.07,721,163,356
11841,5,93,104,9672,1.118,0.451,0.611,4.25,366,908,28
11842,5,68,135,2680,0.804,0.82,0.904,62.81,591,513,296
11843,5,78,140,4920,0.787,0.574,0.649,21.52,292,177,664
11844,5,29,32,928,1.103,0.476,0.72,7.25,442,668,61
11845,5,53,158,4174,1.033,0.587,0.641,46.95,180,491,302
11846,5,65,50,3250,0.769,0.454,0.487,245.83,475,582,6
11847,5,29,32,928,1.103,0.476,0.72,7.25,442,668,61
11848,5,28,32,896,1.143,0.462,0.722,7.02,414,647,59
11849,5,28,32,896,1.143,0.462,0.722,7.02,414,647,59
11850,5,28,31,868,1.107,0.492,0.745,7.49,427,647,57
11851,5,72,96,6912,1.333,0.488,0.582,15.69,374,25,215
11852,5,53,158,4174,1.033,0.587,0.641,46.95,180,491,302
11853,5,72,96,6912,1.333,0.488,0.582,15.69,374,25,215
11854,5,66,472,8352,2.843,0.359,0.547,17.12,93,821,641
11855,5,29,31,899,1.069,0.463,0.726,6.93,416,653,60
11856,5,29,32,928,1.103,0.432,0.689,6.27,401,639,64
11857,5,29,32,928,1.103,0.432,0.689,6.27,401,639,64
11858,5,95,93,8835,0.979,0.675,0.902,3.63,966,968,644
11859,5,93,104,9672,1.118,0.451,0.611,4.25,366,908,28
11860,5,65,50,3250,0.769,0.454,0.487,245.83,475,582,6
11861,5,32,547,2204,4.144,0.37,0.483,20.66,693,874,292
11862,5,87,141,6367,0.754,0.415,0.884,4.69,947,301,333
11863,5,29,32,928,1.103,0.476,0.72,7.25,442,668,61
11864,5,53,158,4174,1.033,0.587,0.641,46.95,180,491,302
11865,5,68,145,4360,0.863,0.798,0.963,13.06,430,457,488
11866,5,28,32,896,1.143,0.462,0.722,7.02,414,647,59
11867,5,64,73,4672,1.141,0.403,0.445,72.38,882,77,26
11868,5,68,135,2680,0.804,0.82,0.904,62.81,591,513,296
11869,5,93,104,9672,1.118,0.451,0.611,4.25,366,908,28
11870,5,87,137,5619,0.733,0.899,0.991,29.29,25,400,786
11871,5,78,140,4920,0.787,0.574,0.649,21.52,292,177,664
11872,5,68,135,2680,0.804,0.82,0.904,62.81,591,513,296
11873,5,63,161,6243,0.988,0.523,0.897,8.4,725,547,634
11874,5,63,79,4977,1.254,0.338,0.345,186.78,681,718,9
11875,5,28,32,896,1.143,0.481,0.742,7.43,431,665,58
11876,5,28,32,896,1.143,0.488,0.743,7.05,437,666,62
11877,5,65,50,3250,0.769,0.454,0.487,245.83,475,582,6
11878,5,32,547,2204,4.144,0.37,0.483,20.66,693,874,292
11879,5,29,31,899,1.069,0.463,0.726,6.93,416,653,60
11880,5,28,31,868,1.107,0.492,0.745,7.49,427,647,57
11881,5,63,79,4977,1.254,0.338,0.345,186.78,681,718,9
11882,5,93,104,9672,1.118,0.451,0.611,4.25,366,908,28
11883,5,29,31,899,1.069,0.463,0.726,6.93,416,653,60
11884,5,78,140,4920,0.787,0.574,0.649,21.52,292,177,664
11885,5,29,31,899,1.069,0.463,0.726,6.93,416,653,60
11886,5,63,66,4158,1.048,0.491,0.591,44.37,41,458,46
11887,5,32,547,2204,4.144,0.37,0.483,20.66,693,874,292
11888,5,29,32,928,1.103,0.432,0.689,6.27,401,639,64
11889,5,93,104,9672,1.118,0.451,0.611,4.25,366,908,28
11890,5,32,547,2204,4.144,0.37,0.483,20.66,693,874,292
11891,5,28,31,868,1.107,0.492,0.745,7.49,427,647,57
11892,5,72,96,6912,1.333,0.488,0.582,15.69,374,25,215
11893,5,29,31,899,1.069,0.463,0.726,6.93,416,653,60
11894,5,65,50,3250,0.769,0.454,0.487,245.83,475,582,6
11895,5,28,32,896,1.143,0.462,0.722,7.02,414,647,59
11896,5,74,471,1954,2.707,0.339,0.433,15.84,820,499,756
11897,5,28,32,896,1.143,0.488,0.743,7.05,437,666,62
11898,5,68,135,2680,0.804,0.82,0.904,62.81,591,513,296
11899,5,63,79,4977,1.254,0.338,0.345,186.78,681,718,9
11900,5,53,158,4174,1.033,0.587,0.641,46.95,180,491,302
11901,5,28,32,896,1.143,0.462,0.722,7.02,414,647,59
11902,5,64,73,4672,1.141,0.403,0.445,72.38,882,77,26
11903,5,29,31,899,1.069,0.463,0.726,6.93,416,653,60
11904,5,29,32,928,1.103,0.476,0.72,7.25,442,668,61
11905,5,28,32,896,1.143,0.462,0.722,7.02,414,647,59
11906,5,93,104,9672,1.118,0.451,0.611,4.25,366,908,28
11907,5,28,31,868,1.107,0.492,0.745,7.49,427,647,57
11908,5,83,149,2367,1.795,0.388,0.472,28.77,804,838,167
11909,5,28,32,896,1.143,0.481,0.742,7.43,431,665,58
11910,5,53,158,4174,1.033,0.587,0.641,46.95,180,491,302
11911,5,87,141,6367,0.754,0.415,0.884,4.69,947,301,333
11912,5,28,347,4416,2.711,0.399,0.567,13.07,721,163,356
11913,5,83,149,2367,1.795,0.388,0.472,28.77,804,838,167
11914,5,74,471,1954,2.707,0.339,0.433,15.84,820,499,756
11915,5,74,471,1954,2.707,0.339,0.433,15.84,820,499,756
11916,5,28,347,4416,2.711,0.399,0.567,13.07,721,163,356
11917,5,63,66,4158,1.048,0.491,0.591,44.37,41,458,46
11918,5,93,104,9672,1.118,0.451,0.611,4.25,366,908,28
11919,5,63,161,6243,0.988,0.523,0.897,8.4,725,547,634
11920,5,28,347,4416,2.711,0.399,0.567,13.07,721,163,356
11921,5,63,66,4158,1.048,0.491,0.591,44.37,41,458,46
11922,5,53,158,4174,1.033,0.587,0.641,46.95,180,491,302
11923,5,66,472,8352,2.843,0.359,0.547,17.12,93,821,641
11924,5,93,104,9672,1.118,0.451,0.611,4.25,366,908,28
11925,5,87,137,5619,0.733,0.899,0.991,29.29,25,400,786
11926,5,72,96,6912,1.333,0.488,0.582,15.69,374,25,215
11927,5,28,32,896,1.143,0.488,0.743,7.05,437,666,62
11928,5,28,32,896,1.143,0.488,0.743,7.05,437,666,62
11929,5,29,31,899,1.069,0.463,0.726,6.93,416,653,60
11930,5,66,472,8352,2.843,0.359,0.547,17.12,93,821,641
11931,5,28,32,896,1.143,0.481,0.742,7.43,431,665,58
11932,5,28,31,868,1.107,0.508,0.767,7.47,441,666,59
11933,5,28,31,868,1.107,0.508,0.767,7.47,441,666,59
11934,5,28,32,896,1.143,0.481,0.742,7.43,431,665,58
11935,5,32,547,2204,4.144,0.37,0.483,20.66,693,874,292
11936,5,86,469,7234,2.522,0.378,0.529,22.29,17,133,481
11937,5,28,32,896,1.143,0.488,0.743,7.05,437,666,62
11938,5,78,140,4920,0.787,0.574,0.649,21.52,292,177,664
11939,5,68,145,4360,0.863,0.798,0.963,13.06,430,457,488
11940,5,72,96,6912,1.333,0.488,0.582,15.69,374,25,215
11941,5,87,137,5619,0.733,0.899,0.991,29.29,25,400,786
11942,5,95,93,8835,0.979,0.675,0.902,3.63,966,968,644
11943,5,28,31,868,1.107,0.492,0.745,7.49,427,647,57
11944,5,28,32,896,1.143,0.481,0.742,7.43,431,665,58
11945,5,87,137,5619,0.733,0.899,0.991,29.29,25,400,786
11946,5,66,472,8352,2.843,0.359,0.547,17.12,93,821,641
11947,5,65,50,3250,0.769,0.454,0.487,245.83,475,582,6
11948,5,68,135,2680,0.804,0.82,0.904,62.81,591,513,296
11949,5,93,104,9672,1.118,0.451,0.611,4.25,366,908,28
11950,5,63,66,4158,1.048,0.491,0.591,44.37,41,458,46
11951,5,87,137,5619,0.733,0.899,0.991,29.29,25,400,786
11952,5,28,32,896,1.143,0.462,0.722,7.02,414,647,59
11953,5,83,149,2367,1.795,0.388,0.472,28.77,804,838,167
11954,5,74,471,1954,2.707,0.339,0.433,15.84,820,499,756
11955,5,29,31,899,1.069,0.463,0.726,6.93,416,653,60
11956,5,29,31,899,1.069,0.463,0.726,6.93,416,653,60
11957,5,28,31,868,1.107,0.492,0.745,7.49,427,647,57
11958,5,87,137,5619,0.733,0.899,0.991,29.29,25,400,786
11959,5,74,471,1954,2.707,0.339,0.433,15.84,820,499,756
11960,5,65,50,3250,0.769,0.454,0.487,245.83,475,582,6
11961,5,53,158,4174,1.033,0.587,0.641,46.95,180,491,302
11962,5,53,158,4174,1.033,0.587,0.641,46.95,180,491,302
11963,5,83,149,2367,1.795,0.388,0.472,28.77,804,838,167
11964,5,66,472,8352,2.843,0.359,0.547,17.12,93,821,641
11965,5,63,79,4977,1.254,0.338,0.345,186.78,681,718,9
11966,5,28,32,896,1.143,0.462,0.722,7.02,414,647,59
11967,5,74,471,1954,2.707,0.339,0.433,15.84,820,499,756
11968,5,53,158,4174,1.033,0.587,0.641,46.95,180,491,302
11969,5,28,347,4416,2.711,0.399,0.567,13.07,721,163,356
11970,5,87,141,6367,0.754,0.415,0.884,4.69,947,301,333
11971,5,28,32,896,1.143,0.462,0.722,7.02,414,647,59
11972,5,86,469,7234,2.522,0.378,0.529,22.29,17,133,481
11973,5,68,145,4360,0.863,0.798,0.963,13.06,430,457,488
11974,5,83,149,2367,1.795,0.388,0.472,28.77,804,838,167
11975,5,28,31,868,1.107,0.508,0.767,7.47,441,666,59
11976,5,72,96,6912,1.333,0.488,0.582,15.69,374,25,215
11977,5,95,93,8835,0.979,0.675,0.902,3.63,966,968,644
11978,5,28,32,896,1.143,0.462,0.722,7.02,414,647,59
11979,5,74,471,1954,2.707,0.339,0.433,15.84,820,499,756
11980,5,28,32,896,1.143,0.481,0.742,7.43,431,665,58
11981,5,53,158,4174,1.033,0.587,0.641,46.95,180,491,302
11982,5,68,145,4360,0.863,0.798,0.963,13.06,430,457,488
11983,5,29,31,899,1.069,0.463,0.726,6.93,416,653,60
11984,5,63,79,4977,1.254,0.338,0.345,186.78,681,718,9
11985,5,72,96,6912,1.333,0.488,0.582,15.69,374,25,215
11986,5,83,149,2367,1.795,0.388,0.472,28.77,804,838,167
11987,5,29,32,928,1.103,0.476,0.72,7.25,442,668,61
11988,5,28,347,4416,2.711,0.399,0.567,13.07,721,163,356
11989,5,28,32,896,1.143,0.481,0.742,7.43,431,665,58
11990,5,64,73,4672,1.141,0.403,0.445,72.38,882,77,26
11991,5,93,104,9672,1.118,0.451,0.611,4.25,366,908,28
11992,5,63,161,6243,0.988,0.523,0.897,8.4,725,547,634
11993,5,65,50,3250,0.769,0.454,0.487,245.83,475,582,6
11994,5,68,135,2680,0.804,0.82,0.904,62.81,591,513,296
11995,5,86,469,7234,2.522,0.378,0.529,22.29,17,133,481
11996,5,68,135,2680,0.804,0.82,0.904,62.81,591,513,296
11997,5,93,104,9672,1.118,0.451,0.611,4.25,366,908,28
11998,5,64,73,4672,1.141,0.403,0.445,72.38,882,77,26
11999,5,28,31,868,1.107,0.492,0.745,7.49,427,647,57
12000,5,66,472,8352,2.843,0.359,0.547,17.12,93,821,641
12001,5,95,93,8835,0.979,0.675,0.902,3.63,966,968,644
12002,5,63,161,6243,0.988,0.523,0.897,8.4,725,547,634
12003,5,83,149,2367,1.795,0.388,0.472,28.77,804,838,167
12004,5,87,141,6367,0.754,0.415,0.884,4.69,947,301,333
12005,5,64,73,4672,1.141,0.403,0.445,72.38,882,77,26
12006,5,28,347,4416,2.711,0.399,0.567,13.07,721,163,356
12007,5,72,96,6912,1.333,0.488,0.582,15.69,374,25,215
12008,5,29,32,928,1.103,0.476,0.72,7.25,442,668,61
12009,5,53,158,4174,1.033,0.587,0.641,46.95,180,491,302
12010,5,28,31,868,1.107,0.492,0.745,7.49,427,647,57
12011,5,86,469,7234,2.522,0.378,0.529,22.29,17,133,481
12012,5,72,96,6912,1.333,0.488,0.582,15.69,374,25,215
12013,5,83,149,2367,1.795,0.388,0.472,28.77,804,838,167
12014,5,63,66,4158,1.048,0.491,0.591,44.37,41,458,46
12015,5,72,96,6912,1.333,0.488,0.582,15.69,374,25,215
12016,5,29,31,899,1.069,0.463,0.726,6.93,416,653,60
12017,5,29,32,928,1.103,0.432,0.689,6.27,401,639,64
12018,5,29,31,899,1.069,0.463,0.726,6.93,416,653,60
12019,5,93,104,9672,1.118,0.451,0.611,4.25,366,908,28
12020,5,63,79,4977,1.254,0.338,0.345,186.78,681,718,9
12021,5,68,135,2680,0.804,0.82,0.904,62.81,591,513,296
12022,5,28,32,896,1.143,0.462,0.722,7.02,414,647,59
12023,5,66,472,8352,2.843,0.359,0.547,17.12,93,821,641
12024,5,64,73,4672,1.141,0.403,0.445,72.38,882,77,26
12025,5,63,79,4977,1.254,0.338,0.345,186.78,681,718,9
12026,5,72,96,6912,1.333,0.488,0.582,15.69,374,25,215
12027,5,28,347,4416,2.711,0.399,0.567,13.07,721,163,356
12028,5,72,96,6912,1.333,0.488,0.582,15.69,374,25,215
12029,5,83,149,2367,1.795,0.388,0.472,28.77,804,838,167
12030,5,28,32,896,1.143,0.481,0.742,7.43,431,665,58
12031,5,87,141,6367,0.754,0.415,0.884,4.69,947,301,333
12032,5,28,347,4416,2.711,0.399,0.567,13.07,721,163,356
12033,5,28,347,4416,2.711,0.399,0.567,13.07,721,163,356
12034,5,83,149,2367,1.795,0.388,0.472,28.77,804,838,167
12035,5,53,158,4174,1.033,0.587,0.641,46.95,180,491,302
12036,5,29,31,899,1.069,0.463,0.726,6.93,416,653,60
12037,5,74,471,1954,2.707,0.339,0.433,15.84,820,499,756
12038,5,68,135,2680,0.804,0.82,0.904,62.81,591,513,296
12039,5,32,547,2204,4.144,0.37,0.483,20.66,693,874,292
12040,5,28,347,4416,2.711,0.399,0.567,13.07,721,163,356
12041,5,28,31,868,1.107,0.492,0.745,7.49,427,647,57
12042,5,28,31,868,1.107,0.492,0.745,7.49,427,647,57
12043,5,28,31,868,1.107,0.492,0.745,7.49,427,647,57
12044,5,28,32,896,1.143,0.462,0.722,7.02,414,647,59
12045,5,87,141,6367,0.754,0.415,0.884,4.69,947,301,333
12046,5,28,347,4416,2.711,0.399,0.567,13.07,721,163,356
12047,5,83,149,2367,1.795,0.388,0.472,28.77,804,838,167
12048,5,93,104,9672,1.118,0.451,0.611,4.25,366,908,28
12049,5,32,547,2204,4.144,0.37,0.483,20.66,693,874,292
12050,5,95,93,8835,0.979,0.675,0.902,3.63,966,968,644
12051,5,28,32,896,1.143,0.462,0.722,7.02,414,647,59
12052,5,63,161,6243,0.988,0.523,0.897,8.4,725,547,634
12053,5,63,79,4977,1.254,0.338,0.345,186.78,681,718,9
12054,5,83,149,2367,1.795,0.388,0.472,28.77,804,838,167
12055,5,53,158,4174,1.033,0.587,0.641,46.95,180,491,302
12056,5,28,31,868,1.107,0.492,0.745,7.49,427,647,57
12057,5,66,472,8352,2.843,0.359,0.547,17.12,93,821,641
12058,5,53,158,4174,1.033,0.587,0.641,46.95,180,491,302
12059,5,86,469,7234,2.522,0.378,0.529,22.29,17,133,481
12060,5,74,471,1954,2.707,0.339,0.433,15.84,820,499,756
12061,5,72,96,6912,1.333,0.488,0.582,15.69,374,25,215
12062,5,68,135,2680,0.804,0.82,0.904,62.81,591,513,296
12063,5,29,31,899,1.069,0.463,0.726,6.93,416,653,60
12064,5,28,32,896,1.143,0.481,0.742,7.43,431,665,58
12065,5,63,66,4158,1.048,0.491,0.591,44.37,41,458,46
12066,5,68,145,4360,0.863,0.798,0.963,13.06,430,457,488
12067,5,93,104,9672,1.118,0.451,0.611,4.25,366,908,28
12068,5,64,73,4672,1.141,0.403,0.445,72.38,882,77,26
12069,5,29,31,899,1.069,0.463,0.726,6.93,416,653,60
12070,5,86,469,7234,2.522,0.378,0.529,22.29,17,133,481
12071,5,63,66,4158,1.048,0.491,0.591,44.37,41,458,46
12072,5,64,73,4672,1.141,0.403,0.445,72.38,882,77,26
12073,5,28,31,868,1.107,0.508,0.767,7.47,441,666,59
12074,5,64,73,4672,1.141,0.403,0.445,72.38,882,77,26
12075,5,63,161,6243,0.988,0.523,0.897,8.4,725,547,634
12076,5,93,104,9672,1.118,0.451,0.611,4.25,366,908,28
12077,5,63,79,4977,1.254,0.338,0.345,186.78,681,718,9
12078,5,28,31,868,1.107,0.492,0.745,7.49,427,647,57
12079,5,32,547,2204,4.144,0.37,0.483,20.66,693,874,292
12080,5,83,149,2367,1.795,0.388,0.472,28.77,804,838,167
12081,5,29,32,928,1.103,0.432,0.689,6.27,401,639,64
12082,5,95,93,8835,0.979,0.675,0.902,3.63,966,968,644
12083,5,93,104,9672,1.118,0.451,0.611,4.25,366,908,28
12084,5,87,141,6367,0.754,0.415,0.884,4.69,947,301,333
12085,5,28,31,868,1.107,0.508,0.767,7.47,441,666,59
12086,5,29,31,899,1.069,0.463,0.726,6.93,416,653,60
12087,5,29,32,928,1.103,0.432,0.689,6.27,401,639,64
12088,5,28,32,896,1.143,0.462,0.722,7.02,414,647,59
12089,5,83,149,2367,1.795,0.388,0.472,28.77,804,838,167
12090,5,28,31,868,1.107,0.508,0.767,7.47,441,666,59
12091,5,68,145,4360,0.863,0.798,0.963,13.06,430,457,488
12092,5,68,145,4360,0.863,0.798,0.963,13.06,430,457,488
12093,5,28,347,4416,2.711,0.399,0.567,13.07,721,163,356
12094,5,28,32,896,1.143,0.481,0.742,7.43,431,665,58
12095,5,64,73,4672,1.141,0.403,0.445,72.38,882,77,26
12096,5,87,137,5619,0.733,0.899,0.991,29.29,25,400,786
12097,5,28,32,896,1.143,0.462,0.722,7.02,414,647,59
12098,5,28,31,868,1.107,0.492,0.745,7.49,427,647,57
12099,5,66,472,8352,2.843,0.359,0.547,17.12,93,821,641
12100,5,86,469,7234,2.522,0.378,0.529,22.29,17,133,481
12101,5,83,149,2367,1.795,0.388,0.472,28.77,804,838,167
12102,5,28,32,896,1.143,0.488,0.743,7.05,437,666,62
12103,5,63,161,6243,0.988,0.523,0.897,8.4,725,547,634
12104,5,78,140,4920,0.787,0.574,0.649,21.52,292,177,664
12105,5,83,149,2367,1.795,0.388,0.472,28.77,804,838,167
12106,5,29,32,928,1.103,0.476,0.72,7.25,442,668,61
12107,5,63,79,4977,1.254,0.338,0.345,186.78,681,718,9
12108,5,95,93,8835,0.979,0.675,0.902,3.63,966,968,644
12109,5,68,135,2680,0.804,0.82,0.904,62.81,591,513,296
12110,5,65,50,3250,0.769,0.454,0.487,245.83,475,582,6
12111,5,87,137,5619,0.733,0.899,0.991,29.29,25,400,786
12112,5,74,471,1954,2.707,0.339,0.433,15.84,820,499,756
12113,5,65,50,3250,0.769,0.454,0.487,245.83,475,582,6
12114,5,29,32,928,1.103,0.476,0.72,7.25,442,668,61
12115,5,28,347,4416,2.711,0.399,0.567,13.07,721,163,356
12116,5,29,32,928,1.103,0.476,0.72,7.25,442,668,61
12117,5,87,141,6367,0.754,0.415,0.884,4.69,947,301,333
12118,5,68,135,2680,0.804,0.82,0.904,62.81,591,513,296
12119,5,68,145,4360,0.863,0.798,0.963,13.06,430,457,488
12120,5,86,469,7234,2.522,0.378,0.529,22.29,17,133,481
12121,5,72,96,6912,1.333,0.488,0.582,15.69,374,25,215
12122,5,28,31,868,1.107,0.492,0.745,7.49,427,647,57
12123,5,68,135,2680,0.804,0.82,0.904,62.81,591,513,296
12124,5,86,469,7234,2.522,0.378,0.529,22.29,17,133,481
12125,5,63,66,4158,1.048,0.491,0.591,44.37,41,458,46
12126,5,63,161,6243,0.988,0.523,0.897,8.4,725,547,634
12127,5,65,50,3250,0.769,0.454,0.487,245.83,475,582,6
12128,5,29,31,899,1.069,0.463,0.726,6.93,416,653,60
12129,5,28,347,4416,2.711,0.399,0.567,13.07,721,163,356
12130,5,64,73,4672,1.141,0.403,0.445,72.38,882,77,26
12131,5,29,32,928,1.103,0.476,0.72,7.25,442,668,61
12132,5,83,149,2367,1.795,0.388,0.472,28.77,804,838,167
12133,5,68,145,4360,0.863,0.798,0.963,13.06,430,457,488
12134,5,28,32,896,1.143,0.481,0.742,7.43,431,665,58
12135,5,65,50,3250,0.769,0.454,0.487,245.83,475,582,6
12136,5,63,161,6243,0.988,0.523,0.897,8.4,725,547,634
12137,5,72,96,6912,1.333,0.488,0.582,15.69,374,25,215
12138,5,63,161,6243,0.988,0.523,0.897,8.4,725,547,634
12139,5,68,145,4360,0.863,0.798,0.963,13.06,430,457,488
12140,5,74,471,1954,2.707,0.339,0.433,15.84,820,499,756
12141,5,63,79,4977,1.254,0.338,0.345,186.78,681,718,9
12142,5,63,161,6243,0.988,0.523,0.897,8.4,725,547,634
12143,5,87,141,6367,0.754,0.415,0.884,4.69,947,301,333
12144,5,28,32,896,1.143,0.488,0.743,7.05,437,666,62
12145,5,28,32,896,1.143,0.481,0.742,7.43,431,665,58
12146,5,87,137,5619,0.733,0.899,0.991,29.29,25,400,786
12147,5,28,347,4416,2.711,0.399,0.567,13.07,721,163,356
12148,5,63,161,6243,0.988,0.523,0.897,8.4,725,547,634
12149,5,63,79,4977,1.254,0.338,0.345,186.78,681,718,9
12150,5,93,104,9672,1.118,0.451,0.611,4.25,366,908,28
12151,5,83,149,2367,1.795,0.388,0.472,28.77,804,838,167
12152,5,93,104,9672,1.118,0.451,0.611,4.25,366,908,28
12153,5,83,149,2367,1.795,0.388,0.472,28.77,804,838,167
12154,5,66,472,8352,2.843,0.359,0.547,17.12,93,821,641
12155,5,95,93,8835,0.979,0.675,0.902,3.63,966,968,644
12156,5,68,135,2680,0.804,0.82,0.904,62.81,591,513,296
12157,5,95,93,8835,0.979,0.675,0.902,3.63,966,968,644
12158,5,74,471,1954,2.707,0.339,0.433,15.84,820,499,756
12159,5,29,31,899,1.069,0.463,0.726,6.93,416,653,60
12160,5,53,158,4174,1.033,0.587,0.641,46.95,180,491,302
12161,5,66,472,8352,2.843,0.359,0.547,17.12,93,821,641
12162,5,29,31,899,1.069,0.463,0.726,6.93,416,653,60
12163,5,68,135,2680,0.804,0.82,0.904,62.81,591,513,296
12164,5,28,32,896,1.143,0.488,0.743,7.05,437,666,62
12165,5,32,547,2204,4.144,0.37,0.483,20.66,693,874,292
12166,5,29,32,928,1.103,0.476,0.72,7.25,442,668,61
12167,5,28,31,868,1.107,0.492,0.745,7.49,427,647,57
12168,5,29,32,928,1.103,0.476,0.72,7.25,442,668,61
12169,5,28,32,896,1.143,0.488,0.743,7.05,437,666,62
12170,5,78,140,4920,0.787,0.574,0.649,21.52,292,177,664
12171,5,63,161,6243,0.988,0.523,0.897,8.4,725,547,634
12172,5,29,32,928,1.103,0.432,0.689,6.27,401,639,64
12173,5,32,547,2204,4.144,0.37,0.483,20.66,693,874,292
12174,5,64,73,4672,1.141,0.403,0.445,72.38,882,77,26
12175,5,28,32,896,1.143,0.462,0.722,7.02,414,647,59
12176,5,83,149,2367,1.795,0.388,0.472,28.77,804,838,167
12177,5,93,104,9672,1.118,0.451,0.611,4.25,366,908,28
12178,5,83,149,2367,1.795,0.388,0.472,28.77,804,838,167
12179,5,32,547,2204,4.144,0.37,0.483,20.66,693,874,292
12180,5,28,32,896,1.143,0.488,0.743,7.05,437,666,62
12181,5,28,347,4416,2.711,0.399,0.567,13.07,721,163,356
12182,5,66,472,8352,2.843,0.359,0.547,17.12,93,821,641
12183,5,95,93,8835,0.979,0.675,0.902,3.63,966,968,644
12184,5,29,31,899,1.069,0.463,0.726,6.93,416,653,60
12185,5,28,32,896,1.143,0.488,0.743,7.05,437,666,62
12186,5,86,469,7234,2.522,0.378,0.529,22.29,17,133,481
12187,5,63,79,4977,1.254,0.338,0.345,186.78,681,718,9
12188,5,86,469,7234,2.522,0.378,0.529,22.29,17,133,481
12189,5,28,32,896,1.143,0.488,0.743,7.05,437,666,62
12190,5,53,158,4174,1.033,0.587,0.641,46.95,180,491,302
12191,5,64,73,4672,1.141,0.403,0.445,72.38,882,77,26
12192,5,53,158,4174,1.033,0.587,0.641,46.95,180,491,302
12193,5,65,50,3250,0.769,0.454,0.487,245.83,475,582,6
12194,5,86,469,7234,2.522,0.378,0.529,22.29,17,133,481
12195,5,63,161,6243,0.988,0.523,0.897,8.4,725,547,634
12196,5,64,73,4672,1.141,0.403,0.445,72.38,882,77,26
12197,5,87,137,5619,0.733,0.899,0.991,29.29,25,400,786
12198,5,65,50,3250,0.769,0.454,0.487,245.83,475,582,6
12199,5,95,93,8835,0.979,0.675,0.902,3.63,966,968,644
12200,5,29,32,928,1.103,0.432,0.689,6.27,401,639,64
12201,5,83,149,2367,1.795,0.388,0.472,28.77,804,838,167
12202,5,78,140,4920,0.787,0.574,0.649,21.52,292,177,664
12203,5,87,137,5619,0.733,0.899,0.991,29.29,25,400,786
12204,5,29,32,928,1.103,0.476,0.72,7.25,442,668,61
12205,5,63,161,6243,0.988,0.523,0.897,8.4,725,547,634
12206,5,78,140,4920,0.787,0.574,0.649,21.52,292,177,664
12207,5,29,32,928,1.103,0.476,0.72,7.25,442,668,61
12208,5,28,32,896,1.143,0.462,0.722,7.02,414,647,59
12209,5,83,149,2367,1.795,0.388,0.472,28.77,804,838,167
12210,5,28,32,896,1.143,0.488,0.743,7.05,437,666,62
12211,5,28,32,896,1.143,0.462,0.722,7.02,414,647,59
12212,5,28,32,896,1.143,0.462,0.722,7.02,414,647,59
12213,5,86,469,7234,2.522,0.378,0.529,22.29,17,133,481
12214,5,63,66,4158,1.048,0.491,0.591,44.37,41,458,46
12215,5,32,547,2204,4.144,0.37,0.483,20.66,693,874,292
12216,5,28,32,896,1.143,0.488,0.743,7.05,437,666,62
12217,5,28,347,4416,2.711,0.399,0.567,13.07,721,163,356
12218,5,87,141,6367,0.754,0.415,0.884,4.69,947,301,333
12219,5,29,31,899,1.069,0.463,0.726,6.93,416,653,60
12220,5,32,547,2204,4.144,0.37,0.483,20.66,693,874,292
12221,5,65,50,3250,0.769,0.454,0.487,245.83,475,582,6
12222,5,28,347,4416,2.711,0.399,0.567,13.07,721,163,356
12223,5,63,66,4158,1.048,0.491,0.591,44.37,41,458,46
12224,5,32,547,2204,4.144,0.37,0.483,20.66,693,874,292
12225,5,65,50,3250,0.769,0.454,0.487,245.83,475,582,6
12226,5,93,104,9672,1.118,0.451,0.611,4.25,366,908,28
12227,5,66,472,8352,2.843,0.359,0.547,17.12,93,821,641
12228,5,32,547,2204,4.144,0.37,0.483,20.66,693,874,292
12229,5,63,66,4158,1.048,0.491,0.591,44.37,41,458,46
12230,5,63,79,4977,1.254,0.338,0.345,186.78,681,718,9
12231,5,86,469,7234,2.522,0.378,0.529,22.29,17,133,481
12232,5,28,32,896,1.143,0.488,0.743,7.05,437,666,62
12233,5,65,50,3250,0.769,0.454,0.487,245.83,475,582,6
12234,5,64,73,4672,1.141,0.403,0.445,72.38,882,77,26
12235,5,65,50,3250,0.769,0.454,0.487,245.83,475,582,6
12236,5,29,32,928,1.103,0.476,0.72,7.25,442,668,61
12237,5,29,32,928,1.103,0.476,0.72,7.25,442,668,61
12238,5,87,141,6367,0.754,0.415,0.884,4.69,947,301,333
12239,5,68,135,2680,0.804,0.82,0.904,62.81,591,513,296
12240,5,93,104,9672,1.118,0.451,0.611,4.25,366,908,28
12241,5,28,347,4416,2.711,0.399,0.567,13.07,721,163,356
12242,5,53,158,4174,1.033,0.587,0.641,46.95,180,491,302
12243,5,68,145,4360,0.863,0.798,0.963,13.06,430,457,488
12244,5,68,145,4360,0.863,0.798,0.963,13.06,430,457,488
12245,5,95,93,8835,0.979,0.675,0.902,3.63,966,968,644
12246,5,29,32,928,1.103,0.476,0.72,7.25,442,668,61
12247,5,63,66,4158,1.048,0.491,0.591,44.37,41,458,46
12248,5,28,32,896,1.143,0.481,0.742,7.43,431,665,58
12249,5,28,32,896,1.143,0.481,0.742,7.43,431,665,58
12250,5,72,96,6912,1.333,0.488,0.582,15.69,374,25,215
12251,5,29,32,928,1.103,0.476,0.72,7.25,442,668,61
12252,5,93,104,9672,1.118,0.451,0.611,4.25,366,908,28
12253,5,87,141,6367,0.754,0.415,0.884,4.69,947,301,333
12254,5,72,96,6912,1.333,0.488,0.582,15.69,374,25,215
12255,5,28,347,4416,2.711,0.399,0.567,13.07,721,163,356
12256,5,95,93,8835,0.979,0.675,0.902,3.63,966,968,644
12257,5,28,347,4416,2.711,0.399,0.567,13.07,721,163,356
12258,5,66,472,8352,2.843,0.359,0.547,17.12,93,821,641
12259,5,68,135,2680,0.804,0.82,0.904,62.81,591,513,296
12260,5,63,66,4158,1.048,0.491,0.591,44.37,41,458,46
12261,5,63,79,4977,1.254,0.338,0.345,186.78,681,718,9
12262,5,66,472,8352,2.843,0.359,0.547,17.12,93,821,641
12263,5,68,145,4360,0.863,0.798,0.963,13.06,430,457,488
12264,5,53,158,4174,1.033,0.587,0.641,46.95,180,491,302
12265,5,83,149,2367,1.795,0.388,0.472,28.77,804,838,167
12266,5,28,32,896,1.143,0.488,0.743,7.05,437,666,62
12267,5,66,472,8352,2.843,0.359,0.547,17.12,93,821,641
12268,5,87,137,5619,0.733,0.899,0.991,29.29,25,400,786
12269,5,28,32,896,1.143,0.462,0.722,7.02,414,647,59
12270,5,28,31,868,1.107,0.492,0.745,7.49,427,647,57
12271,5,87,141,6367,0.754,0.415,0.884,4.69,947,301,333
12272,5,28,347,4416,2.711,0.399,0.567,13.07,721,163,356
12273,5,65,50,3250,0.769,0.454,0.487,245.83,475,582,6
12274,5,74,471,1954,2.707,0.339,0.433,15.84,820,499,756
12275,5,63,161,6243,0.988,0.523,0.897,8.4,725,547,634
12276,5,63,79,4977,1.254,0.338,0.345,186.78,681,718,9
12277,5,28,31,868,1.107,0.492,0.745,7.49,427,647,57
12278,5,29,32,928,1.103,0.476,0.72,7.25,442,668,61
12279,5,74,471,1954,2.707,0.339,0.433,15.84,820,499,756
12280,5,78,140,4920,0.787,0.574,0.649,21.52,292,177,664
12281,5,83,149,2367,1.795,0.388,0.472,28.77,804,838,167
12282,5,64,73,4672,1.141,0.403,0.445,72.38,882,77,26
12283,5,28,32,896,1.143,0.481,0.742,7.43,431,665,58
12284,5,83,149,2367,1.795,0.388,0.472,28.77,804,838,167
12285,5,32,547,2204,4.144,0.37,0.483,20.66,693,874,292
12286,5,28,347,4416,2.711,0.399,0.567,13.07,721,163,356
12287,5,28,32,896,1.143,0.488,0.743,7.05,437,666,62
12288,5,68,135,2680,0.804,0.82,0.904,62.81,591,513,296
12289,5,86,469,7234,2.522,0.378,0.529,22.29,17,133,481
12290,5,87,141,6367,0.754,0.415,0.884,4.69,947,301,333
12291,5,65,50,3250,0.769,0.454,0.487,245.83,475,582,6
12292,5,74,471,1954,2.707,0.339,0.433,15.84,820,499,756
12293,5,87,137,5619,0.733,0.899,0.991,29.29,25,400,786
12294,5,74,471,1954,2.707,0.339,0.433,15.84,820,499,756
12295,5,29,32,928,1.103,0.476,0.72,7.25,442,668,61
12296,5,87,137,5619,0.733,0.899,0.991,29.29,25,400,786
12297,5,86,469,7234,2.522,0.378,0.529,22.29,17,133,481
12298,5,65,50,3250,0.769,0.454,0.487,245.83,475,582,6
12299,5,28,32,896,1.143,0.488,0.743,7.05,437,666,62
12300,5,28,31,868,1.107,0.508,0.767,7.47,441,666,59
12301,5,68,145,4360,0.863,0.798,0.963,13.06,430,457,488
12302,5,87,141,6367,0.754,0.415,0.884,4.69,947,301,333
12303,5,65,50,3250,0.769,0.454,0.487,245.83,475,582,6
12304,5,28,31,868,1.107,0.508,0.767,7.47,441,666,59
12305,5,63,66,4158,1.048,0.491,0.591,44.37,41,458,46
12306,5,86,469,7234,2.522,0.378,0.529,22.29,17,133,481
12307,5,28,32,896,1.143,0.481,0.742,7.43,431,665,58
12308,5,29,32,928,1.103,0.432,0.689,6.27,401,639,64
12309,5,86,469,7234,2.522,0.378,0.529,22.29,17,133,481
12310,5,87,141,6367,0.754,0.415,0.884,4.69,947,301,333
12311,5,64,73,4672,1.141,0.403,0.445,72.38,882,77,26
12312,5,28,31,868,1.107,0.508,0.767,7.47,441,666,59
12313,5,78,140,4920,0.787,0.574,0.649,21.52,292,177,664
12314,5,95,93,8835,0.979,0.675,0.902,3.63,966,968,644
12315,5,28,32,896,1.143,0.462,0.722,7.02,414,647,59
12316,5,53,158,4174,1.033,0.587,0.641,46.95,180,491,302
12317,5,95,93,8835,0.979,0.675,0.902,3.63,966,968,644
12318,5,28,32,896,1.143,0.462,0.722,7.02,414,647,59
12319,5,63,161,6243,0.988,0.523,0.897,8.4,725,547,634
12320,5,65,50,3250,0.769,0.454,0.487,245.83,475,582,6
12321,5,93,104,9672,1.118,0.451,0.611,4.25,366,908,28
12322,5,87,141,6367,0.754,0.415,0.884,4.69,947,301,333
12323,5,72,96,6912,1.333,0.488,0.582,15.69,374,25,215
12324,5,86,469,7234,2.522,0.378,0.529,22.29,17,133,481
12325,5,63,161,6243,0.988,0.523,0.897,8.4,725,547,634
12326,5,28,32,896,1.143,0.462,0.722,7.02,414,647,59
12327,5,53,158,4174,1.033,0.587,0.641,46.95,180,491,302
12328,5,28,32,896,1.143,0.481,0.742,7.43,431,665,58
12329,5,65,50,3250,0.769,0.454,0.487,245.83,475,582,6
12330,5,66,472,8352,2.843,0.359,0.547,17.12,93,821,641
12331,5,95,93,8835,0.979,0.675,0.902,3.63,966,968,644
12332,5,78,140,4920,0.787,0.574,0.649,21.52,292,177,664
12333,5,28,31,868,1.107,0.492,0.745,7.49,427,647,57
12334,5,28,31,868,1.107,0.492,0.745,7.49,427,647,57
12335,5,63,66,4158,1.048,0.491,0.591,44.37,41,458,46
12336,5,63,66,4158,1.048,0.491,0.591,44.37,41,458,46
12337,5,28,32,896,1.143,0.488,0.743,7.05,437,666,62
12338,5,83,149,2367,1.795,0.388,0.472,28.77,804,838,167
12339,5,29,32,928,1.103,0.432,0.689,6.27,401,639,64
12340,5,28,32,896,1.143,0.481,0.742,7.43,431,665,58
12341,5,87,137,5619,0.733,0.899,0.991,29.29,25,400,786
12342,5,63,66,4158,1.048,0.491,0.591,44.37,41,458,46
12343,5,83,149,2367,1.795,0.388,0.472,28.77,804,838,167
12344,5,64,73,4672,1.141,0.403,0.445,72.38,882,77,26
12345,5,64,73,4672,1.141,0.403,0.445,72.38,882,77,26
12346,5,63,161,6243,0.988,0.523,0.897,8.4,725,547,634
12347,5,93,104,9672,1.118,0.451,0.611,4.25,366,908,28
12348,5,78,140,4920,0.787,0.574,0.649,21.52,292,177,664
12349,5,74,471,1954,2.707,0.339,0.433,15.84,820,499,756
