,Class,height,lenght,area,eccen,p_black,p_and,mean_tr,blackpix,blackand,wb_trans
0,5,29,32,928,1.103,0.432,0.689,6.27,401,639,64
1,3,10,1,10,0.1,0.9,1.0,9.0,9,10,1
2,1,9,96,864,10.667,0.281,0.815,1.96,243,704,124
3,4,5,7,35,1.4,0.229,0.6,2.67,8,21,3
4,5,28,31,868,1.107,0.508,0.767,7.47,441,666,59
5,3,27,4,108,0.148,0.333,0.667,2.57,36,72,14
6,5,28,32,896,1.143,0.488,0.743,7.05,437,666,62
7,4,86,67,5762,0.779,0.164,0.935,2.37,947,386,399
8,2,1,11,11,11.0,1.0,1.0,11.0,11,11,1
9,2,1,19,19,19.0,0.737,1.0,4.67,14,19,3
10,3,26,1,26,0.038,1.0,1.0,26.0,26,26,1
11,2,1,14,14,14.0,1.0,1.0,14.0,14,14,1
12,4,22,22,484,1.0,0.107,0.473,1.79,52,229,29
13,2,4,108,432,27.0,0.778,0.826,56.0,336,357,6
14,3,8,1,8,0.125,1.0,1.0,8.0,8,8,1
15,3,4,2,8,0.5,0.875,0.875,7.0,7,7,1
16,5,32,547,2204,4.144,0.37,0.483,20.66,693,874,292
17,5,28,31,868,1.107,0.508,0.767,7.47,441,666,59
18,3,27,4,108,0.148,0.333,0.667,2.57,36,72,14
19,4,7,24,168,3.429,0.101,0.298,1.89,17,50,9
20,5,63,66,4158,1.048,0.491,0.591,44.37,41,458,46
21,1,9,120,1080,13.333,0.176,0.752,1.29,190,812,147
22,3,7,1,7,0.143,1.0,1.0,7.0,7,7,1
23,3,9,1,9,0.111,1.0,1.0,9.0,9,9,1
24,4,8,5,40,0.625,0.275,0.45,3.67,11,18,3
25,5,86,469,7234,2.522,0.378,0.529,22.29,17,133,481
26,4,83,314,6062,3.783,0.282,0.619,8.77,353,139,838
27,2,6,21,126,3.5,0.246,0.254,31.0,31,32,1
28,3,37,1,37,0.027,1.0,1.0,37.0,37,37,1
29,2,2,69,138,34.5,0.623,0.906,10.75,86,125,8
30,1,8,27,216,3.375,0.269,0.764,1.29,58,165,45
31,3,19,2,38,0.105,0.816,0.816,31.0,31,31,1
32,4,6,5,30,0.833,0.367,1.0,2.2,11,30,5
33,3,10,1,10,0.1,0.9,1.0,9.0,9,10,1
34,3,13,1,13,0.077,1.0,1.0,13.0,13,13,1
35,4,6,6,36,1.0,0.194,0.417,3.5,7,15,2
36,1,7,38,266,5.429,0.353,0.902,2.04,94,240,46
37,1,10,271,2710,27.1,0.199,0.717,1.42,540,942,381
38,5,64,73,4672,1.141,0.403,0.445,72.38,882,77,26
39,3,14,1,14,0.071,1.0,1.0,14.0,14,14,1
40,5,63,79,4977,1.254,0.338,0.345,186.78,681,718,9
41,3,9,2,18,0.222,0.611,0.722,11.0,11,13,1
42,4,32,350,1200,10.938,0.142,0.402,3.96,588,497,401
43,4,5,3,15,0.6,0.467,0.6,3.5,7,9,2
44,5,28,31,868,1.107,0.492,0.745,7.49,427,647,57
45,2,2,176,352,88.0,0.528,0.605,31.0,186,213,6
46,2,2,475,950,237.5,0.504,0.544,95.8,479,517,5
47,4,21,68,1428,3.238,0.052,0.109,5.69,74,156,13
48,4,53,442,7626,2.889,0.114,0.215,6.27,689,538,227
49,3,37,1,37,0.027,1.0,1.0,37.0,37,37,1
50,5,53,158,4174,1.033,0.587,0.641,46.95,180,491,302
51,2,1,65,65,65.0,0.646,1.0,3.0,42,65,14
52,5,95,93,8835,0.979,0.675,0.902,3.63,966,968,644
53,3,7,1,7,0.143,1.0,1.0,7.0,7,7,1
54,4,7,13,91,1.857,0.154,0.484,2.0,14,44,7
55,5,64,73,4672,1.141,0.403,0.445,72.38,882,77,26
56,5,53,158,4174,1.033,0.587,0.641,46.95,180,491,302
57,4,21,4,84,0.19,0.31,0.643,3.71,26,54,7
58,2,2,98,196,49.0,0.48,0.653,9.4,94,128,10
59,2,1,14,14,14.0,0.857,1.0,12.0,12,14,1
60,4,9,6,54,0.667,0.407,0.519,5.5,22,28,4
61,2,1,30,30,30.0,0.4,1.0,2.4,12,30,5
62,5,74,471,1954,2.707,0.339,0.433,15.84,820,499,756
63,2,2,20,40,10.0,0.675,0.675,27.0,27,27,1
64,1,12,67,804,5.583,0.403,0.704,3.68,324,566,88
65,1,9,22,198,2.444,0.389,0.843,1.93,77,167,40
66,5,66,472,8352,2.843,0.359,0.547,17.12,93,821,641
67,1,10,252,2520,25.2,0.377,0.775,2.88,950,953,330
68,2,2,236,472,118.0,0.566,0.689,10.27,267,325,26
69,5,87,137,5619,0.733,0.899,0.991,29.29,25,400,786
70,4,13,5,65,0.385,0.123,0.538,8.0,8,35,1
71,3,8,1,8,0.125,1.0,1.0,8.0,8,8,1
72,5,53,158,4174,1.033,0.587,0.641,46.95,180,491,302
73,1,5,116,580,23.2,0.376,0.784,2.18,218,455,100
74,2,1,172,172,172.0,0.465,1.0,1.04,80,172,77
75,2,2,22,44,11.0,0.705,0.864,15.5,31,38,2
76,1,5,6,30,1.2,0.333,0.333,10.0,10,10,1
77,3,10,1,10,0.1,1.0,1.0,10.0,10,10,1
78,4,30,61,1830,2.033,0.157,0.483,1.88,288,884,153
79,1,8,21,168,2.625,0.357,0.911,1.67,60,153,36
80,2,2,537,1074,268.5,0.537,0.609,22.19,577,654,26
81,2,1,36,36,36.0,0.722,1.0,8.67,26,36,3
82,5,29,32,928,1.103,0.476,0.72,7.25,442,668,61
83,2,1,14,14,14.0,0.643,1.0,4.5,9,14,2
84,1,12,67,804,5.583,0.403,0.704,3.68,324,566,88
85,5,66,472,8352,2.843,0.359,0.547,17.12,93,821,641
86,3,10,1,10,0.1,1.0,1.0,10.0,10,10,1
87,3,8,1,8,0.125,0.875,1.0,7.0,7,8,1
88,3,58,3,174,0.052,0.339,0.345,59.0,59,60,1
89,2,2,325,650,162.5,0.485,0.537,28.64,315,349,11
90,4,21,68,1428,3.238,0.052,0.109,5.69,74,156,13
91,1,17,24,408,1.412,0.407,0.809,4.88,166,330,34
92,1,4,18,72,4.5,0.25,0.528,2.57,18,38,7
93,1,9,61,549,6.778,0.213,0.683,1.6,117,375,73
94,4,5,9,45,1.8,0.178,0.533,1.6,8,24,5
95,4,9,17,153,1.889,0.144,0.458,3.14,22,70,7
96,2,12,278,3336,23.167,0.11,0.144,15.91,366,479,23
97,3,16,1,16,0.063,1.0,1.0,16.0,16,16,1
98,5,87,137,5619,0.733,0.899,0.991,29.29,25,400,786
99,3,66,3,198,0.045,0.657,0.909,2.6,130,180,50
100,5,28,347,4416,2.711,0.399,0.567,13.07,721,163,356
101,1,10,61,610,6.1,0.487,0.834,3.13,297,509,95
102,5,29,32,928,1.103,0.432,0.689,6.27,401,639,64
103,5,63,79,4977,1.254,0.338,0.345,186.78,681,718,9
104,5,72,96,6912,1.333,0.488,0.582,15.69,374,25,215
105,1,5,69,345,13.8,0.249,0.632,1.51,86,218,57
106,1,7,11,77,1.571,0.416,0.961,1.6,32,74,20
107,2,1,196,196,196.0,0.98,1.0,64.0,192,196,3
108,3,9,1,9,0.111,1.0,1.0,9.0,9,9,1
109,2,1,8,8,8.0,1.0,1.0,8.0,8,8,1
110,2,4,194,776,48.5,0.263,0.273,34.0,204,212,6
111,2,1,235,235,235.0,0.923,1.0,27.13,217,235,8
112,5,72,96,6912,1.333,0.488,0.582,15.69,374,25,215
113,4,31,71,2201,2.29,0.159,0.296,10.29,350,651,34
114,1,9,93,837,10.333,0.229,0.734,1.57,192,614,122
115,1,9,166,1494,18.444,0.336,0.723,2.38,502,80,211
116,3,5,2,10,0.4,0.8,0.8,8.0,8,8,1
117,5,95,93,8835,0.979,0.675,0.902,3.63,966,968,644
118,1,8,34,272,4.25,0.419,0.783,2.0,114,213,57
119,1,8,86,688,10.75,0.494,0.945,2.64,340,650,129
120,3,61,30,7830,0.115,0.063,0.09,2.4,492,701,205
121,5,83,149,2367,1.795,0.388,0.472,28.77,804,838,167
122,3,26,1,26,0.038,1.0,1.0,26.0,26,26,1
123,2,8,16,128,2.0,0.398,0.695,2.55,51,89,20
124,4,16,4,64,0.25,0.156,0.531,5.0,10,34,2
125,4,36,43,1548,1.194,0.117,0.183,3.07,181,283,59
126,2,2,48,96,24.0,0.625,0.677,30.0,60,65,2
127,2,2,446,892,223.0,0.439,0.603,17.82,392,538,22
128,2,2,537,1074,268.5,0.523,0.567,62.44,562,609,9
129,4,16,21,336,1.313,0.095,0.515,1.6,32,173,20
130,3,8,1,8,0.125,1.0,1.0,8.0,8,8,1
131,1,9,16,144,1.778,0.222,0.479,1.33,32,69,24
132,2,1,46,46,46.0,0.783,1.0,12.0,36,46,3
133,5,32,547,2204,4.144,0.37,0.483,20.66,693,874,292
134,2,6,7,42,1.167,0.238,0.69,10.0,10,29,1
135,3,13,1,13,0.077,1.0,1.0,13.0,13,13,1
136,4,11,48,528,4.364,0.237,0.39,7.35,125,206,17
137,3,5,2,210,0.019,0.529,0.533,111.0,111,112,1
138,3,22,1,22,0.045,1.0,1.0,22.0,22,22,1
139,5,72,96,6912,1.333,0.488,0.582,15.69,374,25,215
140,5,63,66,4158,1.048,0.491,0.591,44.37,41,458,46
141,3,9,1,9,0.111,1.0,1.0,9.0,9,9,1
142,2,2,22,44,11.0,0.705,0.864,15.5,31,38,2
143,3,7,1,7,0.143,1.0,1.0,7.0,7,7,1
144,5,28,32,896,1.143,0.481,0.742,7.43,431,665,58
145,1,9,14,126,1.556,0.706,0.865,7.42,89,109,12
146,4,52,48,2496,0.923,0.138,0.248,7.67,345,619,45
147,5,63,66,4158,1.048,0.491,0.591,44.37,41,458,46
148,5,87,141,6367,0.754,0.415,0.884,4.69,947,301,333
149,1,10,18,180,1.8,0.539,0.811,8.82,97,146,11
150,3,4,2,8,0.5,0.875,0.875,7.0,7,7,1
151,5,28,347,4416,2.711,0.399,0.567,13.07,721,163,356
152,5,28,31,868,1.107,0.492,0.745,7.49,427,647,57
153,4,85,69,5865,0.812,0.165,0.441,1.44,969,588,674
154,1,14,265,3710,18.929,0.354,0.565,4.47,315,97,294
155,4,29,48,1392,1.655,0.116,0.268,5.06,162,373,32
156,5,63,79,4977,1.254,0.338,0.345,186.78,681,718,9
157,4,39,70,2730,1.795,0.09,0.255,7.0,245,697,35
158,5,29,31,899,1.069,0.463,0.726,6.93,416,653,60
159,2,3,470,1410,156.67,0.352,0.387,23.62,496,545,21
160,4,91,285,5935,3.132,0.158,0.165,113.89,100,287,36
161,4,29,48,1392,1.655,0.116,0.268,5.06,162,373,32
162,3,4,2,8,0.5,0.875,0.875,7.0,7,7,1
163,4,55,48,2640,0.873,0.142,0.364,4.26,375,960,88
164,1,11,84,924,7.636,0.291,0.843,1.74,269,779,155
165,4,6,6,36,1.0,0.194,0.417,3.5,7,15,2
166,1,10,28,280,2.8,0.375,0.657,2.33,105,184,45
167,3,15,1,15,0.067,1.0,1.0,15.0,15,15,1
168,3,9,1,9,0.111,1.0,1.0,9.0,9,9,1
169,1,24,186,4464,7.75,0.505,0.989,7.4,256,413,305
170,4,53,48,2544,0.906,0.157,0.269,7.84,400,685,51
171,3,12,2,24,0.167,0.625,0.667,15.0,15,16,1
172,2,1,71,71,71.0,0.521,1.0,2.31,37,71,16
173,2,1,23,23,23.0,0.826,1.0,19.0,19,23,1
174,2,1,35,35,35.0,0.857,1.0,10.0,30,35,3
175,2,1,10,10,10.0,0.8,1.0,4.0,8,10,2
176,1,8,15,120,1.875,0.458,0.95,2.2,55,114,25
177,3,10,1,10,0.1,1.0,1.0,10.0,10,10,1
178,3,27,1,27,0.037,1.0,1.0,27.0,27,27,1
179,5,29,31,899,1.069,0.463,0.726,6.93,416,653,60
180,4,9,6,54,0.667,0.407,0.519,5.5,22,28,4
181,5,29,32,928,1.103,0.476,0.72,7.25,442,668,61
182,1,10,61,610,6.1,0.487,0.834,3.13,297,509,95
183,3,44,3,132,0.068,0.598,0.841,2.47,79,111,32
184,2,1,45,45,45.0,0.244,1.0,1.38,11,45,8
185,1,10,26,260,2.6,0.312,0.577,2.03,81,150,40
186,4,7,13,91,1.857,0.154,0.484,2.0,14,44,7
187,4,22,22,484,1.0,0.107,0.473,1.79,52,229,29
188,2,2,537,1074,268.5,0.537,0.609,22.19,577,654,26
189,3,12,2,24,0.167,0.625,0.667,15.0,15,16,1
190,4,6,13,78,2.167,0.103,0.449,4.0,8,35,2
191,1,5,28,140,5.6,0.321,0.95,1.45,45,133,31
192,4,55,48,2640,0.873,0.142,0.364,4.26,375,960,88
193,2,2,48,96,24.0,0.625,0.677,30.0,60,65,2
194,3,13,1,13,0.077,1.0,1.0,13.0,13,13,1
195,4,16,30,480,1.875,0.133,0.471,2.29,64,226,28
196,2,1,86,86,86.0,0.93,1.0,40.0,80,86,2
197,4,53,48,2544,0.906,0.157,0.269,7.84,400,685,51
198,1,7,38,266,5.429,0.286,0.748,1.69,76,199,45
199,4,21,68,1428,3.238,0.052,0.109,5.69,74,156,13
200,3,37,1,37,0.027,1.0,1.0,37.0,37,37,1
201,5,68,145,4360,0.863,0.798,0.963,13.06,430,457,488
202,4,16,21,336,1.313,0.095,0.515,1.6,32,173,20
203,4,7,24,168,3.429,0.101,0.298,1.89,17,50,9
204,1,10,57,570,5.7,0.556,0.719,5.2,317,410,61
205,3,66,3,198,0.045,0.657,0.909,2.6,130,180,50
206,3,66,3,198,0.045,0.657,0.909,2.6,130,180,50
207,3,94,2,188,0.021,0.516,0.516,97.0,97,97,1
208,5,72,96,6912,1.333,0.488,0.582,15.69,374,25,215
209,3,31,1,31,0.032,1.0,1.0,31.0,31,31,1
210,3,26,1,26,0.038,1.0,1.0,26.0,26,26,1
211,3,9,1,9,0.111,1.0,1.0,9.0,9,9,1
212,4,36,96,3456,2.667,0.096,0.207,7.7,331,717,43
213,1,5,33,165,6.6,0.315,0.909,1.27,52,150,41
214,4,38,70,2660,1.842,0.059,0.062,19.63,157,165,8
215,5,63,161,6243,0.988,0.523,0.897,8.4,725,547,634
216,2,1,12,12,12.0,0.667,1.0,4.0,8,12,2
217,5,93,104,9672,1.118,0.451,0.611,4.25,366,908,28
218,4,37,20,740,0.541,0.131,0.193,4.22,97,143,23
219,5,28,32,896,1.143,0.481,0.742,7.43,431,665,58
220,3,10,1,10,0.1,1.0,1.0,10.0,10,10,1
221,4,34,25,850,0.735,0.256,0.534,2.06,218,454,106
222,4,53,442,7626,2.889,0.114,0.215,6.27,689,538,227
223,4,45,79,3555,1.756,0.087,0.195,4.81,308,693,64
224,3,9,2,18,0.222,0.611,0.722,11.0,11,13,1
225,2,1,36,36,36.0,0.583,1.0,5.25,21,36,4
226,3,9,1,9,0.111,1.0,1.0,9.0,9,9,1
227,4,13,13,169,1.0,0.124,0.45,3.5,21,76,6
228,5,68,145,4360,0.863,0.798,0.963,13.06,430,457,488
229,1,10,34,340,3.4,0.421,0.906,2.01,143,308,71
230,2,3,132,396,44.0,0.505,0.558,20.0,200,221,10
231,1,13,104,1352,8.0,0.198,0.639,3.44,268,864,78
232,2,2,537,1074,268.5,0.538,0.555,82.57,578,596,7
233,1,9,12,108,1.333,0.37,1.0,2.0,40,108,20
234,1,6,6,36,1.0,0.361,0.778,1.63,13,28,8
235,2,1,40,40,40.0,0.875,1.0,11.67,35,40,3
236,5,29,32,928,1.103,0.476,0.72,7.25,442,668,61
237,3,7,1,7,0.143,1.0,1.0,7.0,7,7,1
238,1,8,36,288,4.5,0.615,0.938,3.22,177,270,55
239,3,47,1,47,0.021,1.0,1.0,47.0,47,47,1
240,3,8,1,8,0.125,1.0,1.0,8.0,8,8,1
241,5,68,135,2680,0.804,0.82,0.904,62.81,591,513,296
242,3,7,1,7,0.143,1.0,1.0,7.0,7,7,1
243,5,63,66,4158,1.048,0.491,0.591,44.37,41,458,46
244,4,48,402,9296,8.375,0.055,0.094,4.13,58,814,256
245,2,1,117,117,117.0,0.393,1.0,5.75,46,117,8
246,5,28,32,896,1.143,0.462,0.722,7.02,414,647,59
247,2,4,19,76,4.75,0.276,0.382,5.25,21,29,4
248,5,65,50,3250,0.769,0.454,0.487,245.83,475,582,6
249,1,10,29,290,2.9,0.303,0.731,2.1,88,212,42
250,5,78,140,4920,0.787,0.574,0.649,21.52,292,177,664
251,4,54,48,2592,0.889,0.143,0.264,6.85,370,685,54
252,4,58,167,6386,1.057,0.16,0.276,8.24,213,279,511
253,5,32,547,2204,4.144,0.37,0.483,20.66,693,874,292
254,3,36,1,136,0.007,0.993,1.0,135.0,135,136,1
255,5,64,73,4672,1.141,0.403,0.445,72.38,882,77,26
256,4,6,9,54,1.5,0.148,0.296,4.0,8,16,2
257,3,32,1,32,0.031,1.0,1.0,32.0,32,32,1
258,2,1,106,106,106.0,0.434,1.0,1.02,46,106,45
259,4,34,27,918,0.794,0.219,0.554,3.09,201,509,65
260,1,9,16,144,1.778,0.278,0.917,1.48,40,132,27
261,1,7,7,49,1.0,0.286,0.633,1.56,14,31,9
262,5,29,32,928,1.103,0.476,0.72,7.25,442,668,61
263,1,9,268,2412,29.778,0.132,0.534,1.24,319,288,258
264,3,11,1,11,0.091,1.0,1.0,11.0,11,11,1
265,1,24,117,2808,4.875,0.347,0.729,2.88,975,48,338
266,2,1,19,19,19.0,0.737,1.0,4.67,14,19,3
267,2,2,46,92,23.0,0.511,0.554,47.0,47,51,1
268,4,10,7,70,0.7,0.157,0.6,1.57,11,42,7
269,2,18,342,6156,19.0,0.847,0.897,43.48,217,522,120
270,4,12,4,48,0.333,0.292,1.0,2.0,14,48,7
271,2,1,14,14,14.0,0.929,1.0,13.0,13,14,1
272,5,86,469,7234,2.522,0.378,0.529,22.29,17,133,481
273,5,28,32,896,1.143,0.481,0.742,7.43,431,665,58
274,3,1,25,25,25.0,1.0,1.0,25.0,25,25,1
275,3,30,5,2150,0.012,0.216,0.221,46.5,465,475,10
276,5,74,471,1954,2.707,0.339,0.433,15.84,820,499,756
277,3,13,1,13,0.077,1.0,1.0,13.0,13,13,1
278,3,20,1,20,0.05,1.0,1.0,20.0,20,20,1
279,4,83,326,7058,3.928,0.286,0.671,7.55,741,149,25
280,2,1,11,11,11.0,1.0,1.0,11.0,11,11,1
281,2,1,44,44,44.0,0.25,1.0,2.2,11,44,5
282,4,5,4,20,0.8,0.45,0.65,4.5,9,13,2
283,5,64,73,4672,1.141,0.403,0.445,72.38,882,77,26
284,1,7,37,259,5.286,0.521,0.954,3.14,135,247,43
285,5,68,135,2680,0.804,0.82,0.904,62.81,591,513,296
286,3,12,2,24,0.167,0.625,0.667,15.0,15,16,1
287,4,4,463,752,1.523,0.063,0.121,3.91,898,81,273
288,2,1,22,22,22.0,0.955,1.0,21.0,21,22,1
289,3,98,3,294,0.031,0.48,0.486,141.0,141,143,1
290,4,12,464,8368,2.189,0.052,0.07,11.84,66,884,428
291,5,28,31,868,1.107,0.508,0.767,7.47,441,666,59
292,3,17,1,17,0.059,1.0,1.0,17.0,17,17,1
293,2,1,13,13,13.0,0.692,1.0,4.5,9,13,2
294,5,28,31,868,1.107,0.508,0.767,7.47,441,666,59
295,4,81,49,3969,0.605,0.113,0.398,2.26,449,580,199
296,4,52,461,3972,8.865,0.192,0.248,11.52,607,938,400
297,5,63,79,4977,1.254,0.338,0.345,186.78,681,718,9
298,5,63,161,6243,0.988,0.523,0.897,8.4,725,547,634
299,4,53,48,2544,0.906,0.181,0.374,4.69,460,951,98
300,3,8,1,8,0.125,1.0,1.0,8.0,8,8,1
301,3,13,1,13,0.077,1.0,1.0,13.0,13,13,1
302,4,54,357,9278,6.611,0.324,0.644,6.22,238,422,3
303,4,54,357,9278,6.611,0.299,0.655,6.4,766,626,901
304,3,11,1,11,0.091,1.0,1.0,11.0,11,11,1
305,2,1,94,94,94.0,0.564,1.0,3.31,53,94,16
306,3,58,3,174,0.052,0.339,0.345,59.0,59,60,1
307,2,1,98,98,98.0,0.939,1.0,30.67,92,98,3
308,4,8,1,8,0.125,0.875,1.0,7.0,7,8,1
309,4,6,9,54,1.5,0.148,0.296,4.0,8,16,2
310,3,5,2,10,0.4,0.8,0.8,8.0,8,8,1
311,3,14,1,14,0.071,1.0,1.0,14.0,14,14,1
312,1,5,6,30,1.2,0.333,0.967,2.5,10,29,4
313,2,3,304,912,101.33,0.555,0.686,42.17,506,626,12
314,5,28,347,4416,2.711,0.399,0.567,13.07,721,163,356
315,3,9,1,9,0.111,1.0,1.0,9.0,9,9,1
316,3,17,1,117,0.009,1.0,1.0,117.0,117,117,1
317,5,63,79,4977,1.254,0.338,0.345,186.78,681,718,9
318,5,78,140,4920,0.787,0.574,0.649,21.52,292,177,664
319,3,25,1,25,0.04,1.0,1.0,25.0,25,25,1
320,4,12,464,8368,2.189,0.052,0.07,11.84,66,884,428
321,2,1,214,214,214.0,1.0,1.0,214.0,214,214,1
322,1,7,11,77,1.571,0.364,0.948,1.47,28,73,19
323,5,83,149,2367,1.795,0.388,0.472,28.77,804,838,167
324,3,34,1,34,0.029,1.0,1.0,34.0,34,34,1
325,5,28,31,868,1.107,0.508,0.767,7.47,441,666,59
326,2,1,16,16,16.0,1.0,1.0,16.0,16,16,1
327,1,12,410,4920,34.167,0.333,0.661,2.69,636,254,608
328,4,30,61,1830,2.033,0.157,0.483,1.88,288,884,153
329,1,11,23,253,2.091,0.415,0.858,3.5,105,217,30
330,5,63,66,4158,1.048,0.491,0.591,44.37,41,458,46
331,1,11,38,418,3.455,0.328,0.852,1.96,137,356,70
332,4,7,15,105,2.143,0.114,0.295,2.4,12,31,5
333,1,9,53,477,5.889,0.335,0.602,2.42,160,287,66
334,2,1,10,10,10.0,0.8,1.0,4.0,8,10,2
335,4,13,5,65,0.385,0.323,0.554,5.25,21,36,4
336,3,6,21,126,3.5,0.198,0.444,1.67,25,56,15
337,3,66,3,198,0.045,0.657,0.909,2.6,130,180,50
338,3,84,1,84,0.012,1.0,1.0,84.0,84,84,1
339,4,6,5,30,0.833,0.367,1.0,2.2,11,30,5
340,5,83,149,2367,1.795,0.388,0.472,28.77,804,838,167
341,1,2,31,62,15.5,0.194,0.516,2.0,12,32,6
342,5,87,141,6367,0.754,0.415,0.884,4.69,947,301,333
343,1,12,11,132,0.917,0.371,1.0,1.63,49,132,30
344,2,1,28,28,28.0,0.536,1.0,3.0,15,28,5
345,4,12,4,48,0.333,0.292,1.0,2.0,14,48,7
346,2,1,20,20,20.0,0.75,1.0,3.0,15,20,5
347,1,10,47,470,4.7,0.336,0.628,2.26,158,295,70
348,1,8,65,520,8.125,0.302,0.908,1.74,157,472,90
349,1,8,215,1720,26.875,0.367,0.746,2.6,631,283,243
350,4,5,3,15,0.6,0.467,0.6,3.5,7,9,2
351,5,28,31,868,1.107,0.492,0.745,7.49,427,647,57
352,5,63,66,4158,1.048,0.491,0.591,44.37,41,458,46
353,1,7,5,35,0.714,0.257,0.571,2.25,9,20,4
354,2,4,19,76,4.75,0.276,0.382,5.25,21,29,4
355,5,32,547,2204,4.144,0.37,0.483,20.66,693,874,292
356,5,87,137,5619,0.733,0.899,0.991,29.29,25,400,786
357,5,28,32,896,1.143,0.481,0.742,7.43,431,665,58
358,5,28,32,896,1.143,0.481,0.742,7.43,431,665,58
359,4,29,61,1769,2.103,0.121,0.431,1.78,214,762,120
360,5,93,104,9672,1.118,0.451,0.611,4.25,366,908,28
361,4,13,5,65,0.385,0.123,0.538,8.0,8,35,1
362,4,43,62,2666,1.442,0.08,0.17,6.63,212,454,32
363,5,87,137,5619,0.733,0.899,0.991,29.29,25,400,786
364,4,1,99,9999,0.98,0.14,0.778,2.02,398,780,691
365,2,2,538,1076,269.0,0.518,0.596,29.32,557,641,19
366,5,28,32,896,1.143,0.488,0.743,7.05,437,666,62
367,3,4,2,8,0.5,1.0,1.0,8.0,8,8,1
368,5,63,161,6243,0.988,0.523,0.897,8.4,725,547,634
369,5,83,149,2367,1.795,0.388,0.472,28.77,804,838,167
370,1,12,10,120,0.833,0.675,0.783,11.57,81,94,7
371,2,2,536,1072,268.0,0.505,0.512,180.33,541,549,3
372,4,9,10,90,1.111,0.144,0.522,6.5,13,47,2
373,4,32,350,1200,10.938,0.142,0.402,3.96,588,497,401
374,4,5,7,35,1.4,0.229,0.6,2.67,8,21,3
375,2,3,113,339,37.667,0.41,0.472,13.9,139,160,10
376,3,8,1,8,0.125,1.0,1.0,8.0,8,8,1
377,5,28,31,868,1.107,0.492,0.745,7.49,427,647,57
378,3,8,1,8,0.125,1.0,1.0,8.0,8,8,1
379,5,32,547,2204,4.144,0.37,0.483,20.66,693,874,292
380,1,8,40,320,5.0,0.363,0.806,1.68,116,258,69
381,1,25,185,4625,7.4,0.479,0.95,7.24,214,395,306
382,4,20,39,780,1.95,0.14,0.405,3.21,109,316,34
383,1,7,35,245,5.0,0.408,0.755,2.38,100,185,42
384,5,29,31,899,1.069,0.463,0.726,6.93,416,653,60
385,2,1,57,57,57.0,0.456,1.0,3.71,26,57,7
386,5,83,149,2367,1.795,0.388,0.472,28.77,804,838,167
387,2,1,15,15,15.0,0.867,1.0,6.5,13,15,2
388,3,27,4,108,0.148,0.38,0.75,2.56,41,81,16
389,1,36,186,6696,5.167,0.318,0.654,7.28,126,382,292
390,5,29,31,899,1.069,0.463,0.726,6.93,416,653,60
391,2,1,9,9,9.0,1.0,1.0,9.0,9,9,1
392,2,3,470,1410,156.67,0.352,0.387,23.62,496,545,21
393,4,4,8,32,2.0,0.344,0.531,5.5,11,17,2
394,4,6,6,36,1.0,0.194,0.417,3.5,7,15,2
395,2,1,42,42,42.0,0.19,1.0,1.6,8,42,5
396,3,32,1,32,0.031,1.0,1.0,32.0,32,32,1
397,1,6,97,582,16.167,0.232,0.852,1.55,135,496,87
398,5,64,73,4672,1.141,0.403,0.445,72.38,882,77,26
399,4,32,106,3392,3.313,0.198,0.395,4.56,671,341,147
400,5,86,469,7234,2.522,0.378,0.529,22.29,17,133,481
401,5,86,469,7234,2.522,0.378,0.529,22.29,17,133,481
402,3,11,1,11,0.091,1.0,1.0,11.0,11,11,1
403,3,66,3,198,0.045,0.657,0.909,2.6,130,180,50
404,5,66,472,8352,2.843,0.359,0.547,17.12,93,821,641
405,1,7,15,105,2.143,0.4,0.924,1.5,42,97,28
406,2,1,11,11,11.0,0.909,1.0,10.0,10,11,1
407,2,2,46,92,23.0,0.511,0.554,47.0,47,51,1
408,1,9,535,4815,59.444,0.191,0.788,1.36,921,793,676
409,5,28,32,896,1.143,0.488,0.743,7.05,437,666,62
410,4,4,5,20,1.25,0.35,0.8,2.33,7,16,3
411,4,29,61,1769,2.103,0.121,0.431,1.78,214,762,120
412,1,7,15,105,2.143,0.181,0.61,2.71,19,64,7
413,4,17,60,1020,3.529,0.139,0.371,7.1,142,378,20
414,5,28,32,896,1.143,0.488,0.743,7.05,437,666,62
415,4,18,105,2390,0.89,0.052,0.105,3.33,642,296,193
416,2,1,9,9,9.0,0.778,1.0,7.0,7,9,1
417,3,9,1,9,0.111,1.0,1.0,9.0,9,9,1
418,4,11,48,528,4.364,0.237,0.39,7.35,125,206,17
419,4,7,11,77,1.571,0.117,0.494,1.8,9,38,5
420,1,8,51,408,6.375,0.306,0.637,1.95,125,260,64
421,4,8,16,128,2.0,0.156,0.859,5.0,20,110,4
422,2,28,330,9240,11.786,0.057,0.066,31.0,527,614,17
423,4,34,25,850,0.735,0.256,0.534,2.06,218,454,106
424,5,63,79,4977,1.254,0.338,0.345,186.78,681,718,9
425,3,42,1,42,0.024,1.0,1.0,42.0,42,42,1
426,5,86,469,7234,2.522,0.378,0.529,22.29,17,133,481
427,3,9,2,18,0.222,0.611,0.722,11.0,11,13,1
428,4,32,106,3392,3.313,0.198,0.395,4.56,671,341,147
429,2,1,23,23,23.0,0.826,1.0,19.0,19,23,1
430,1,14,18,252,1.286,0.298,0.655,5.0,75,165,15
431,5,65,50,3250,0.769,0.454,0.487,245.83,475,582,6
432,3,13,1,13,0.077,1.0,1.0,13.0,13,13,1
433,4,54,48,2592,0.889,0.143,0.264,6.85,370,685,54
434,1,7,23,161,3.286,0.093,0.54,1.36,15,87,11
435,1,10,38,380,3.8,0.434,0.892,2.89,165,339,57
436,2,2,536,1072,268.0,0.498,0.533,41.08,534,571,13
437,5,29,31,899,1.069,0.463,0.726,6.93,416,653,60
438,3,8,1,8,0.125,1.0,1.0,8.0,8,8,1
439,2,1,33,33,33.0,0.667,1.0,3.67,22,33,6
440,2,1,84,84,84.0,0.917,1.0,19.25,77,84,4
441,2,2,18,36,9.0,0.667,0.694,24.0,24,25,1
442,2,1,13,13,13.0,0.692,1.0,4.5,9,13,2
443,3,98,3,294,0.031,0.48,0.486,141.0,141,143,1
444,2,3,106,318,35.333,0.258,0.34,6.31,82,108,13
445,5,74,471,1954,2.707,0.339,0.433,15.84,820,499,756
446,5,83,149,2367,1.795,0.388,0.472,28.77,804,838,167
447,1,8,168,1344,21.0,0.32,0.909,1.76,430,222,245
448,3,17,1,117,0.009,1.0,1.0,117.0,117,117,1
449,2,1,46,46,46.0,0.239,1.0,1.38,11,46,8
450,3,53,1,53,0.019,1.0,1.0,53.0,53,53,1
451,2,3,106,318,35.333,0.258,0.34,6.31,82,108,13
452,2,2,236,472,118.0,0.566,0.689,10.27,267,325,26
453,5,32,547,2204,4.144,0.37,0.483,20.66,693,874,292
454,5,87,141,6367,0.754,0.415,0.884,4.69,947,301,333
455,4,37,20,740,0.541,0.131,0.193,4.22,97,143,23
456,2,1,17,17,17.0,0.412,1.0,1.75,7,17,4
457,1,11,272,2992,24.727,0.281,0.68,2.0,840,36,420
458,2,1,13,13,13.0,0.692,1.0,4.5,9,13,2
459,5,29,32,928,1.103,0.432,0.689,6.27,401,639,64
460,3,8,1,8,0.125,1.0,1.0,8.0,8,8,1
461,2,3,500,1500,166.67,0.373,0.421,19.28,559,632,29
462,4,12,146,1752,12.167,0.091,0.128,26.67,160,225,6
463,5,28,32,896,1.143,0.462,0.722,7.02,414,647,59
464,1,5,5,25,1.0,0.52,1.0,2.17,13,25,6
465,4,83,277,2991,3.337,0.18,0.365,6.86,138,387,603
466,5,95,93,8835,0.979,0.675,0.902,3.63,966,968,644
467,3,5,2,210,0.019,0.529,0.533,111.0,111,112,1
468,5,93,104,9672,1.118,0.451,0.611,4.25,366,908,28
469,2,1,199,199,199.0,0.99,1.0,197.0,197,199,1
470,2,1,61,61,61.0,1.0,1.0,61.0,61,61,1
471,3,7,1,7,0.143,1.0,1.0,7.0,7,7,1
472,4,12,4,48,0.333,0.292,1.0,2.0,14,48,7
473,5,28,31,868,1.107,0.492,0.745,7.49,427,647,57
474,3,5,2,10,0.4,0.7,0.7,7.0,7,7,1
475,4,8,9,72,1.125,0.125,0.319,4.5,9,23,2
476,5,78,140,4920,0.787,0.574,0.649,21.52,292,177,664
477,3,5,2,210,0.019,0.529,0.533,111.0,111,112,1
478,2,1,10,10,10.0,1.0,1.0,10.0,10,10,1
479,5,53,158,4174,1.033,0.587,0.641,46.95,180,491,302
480,5,95,93,8835,0.979,0.675,0.902,3.63,966,968,644
481,4,13,13,169,1.0,0.124,0.45,3.5,21,76,6
482,1,6,57,342,9.5,0.453,0.906,2.46,155,310,63
483,2,1,114,114,114.0,0.939,1.0,21.4,107,114,5
484,5,65,50,3250,0.769,0.454,0.487,245.83,475,582,6
485,1,7,145,1015,20.714,0.207,0.658,1.5,210,668,140
486,4,14,19,266,1.357,0.128,0.541,2.83,34,144,12
487,3,14,2,28,0.143,0.536,0.536,15.0,15,15,1
488,1,7,5,35,0.714,0.257,0.571,2.25,9,20,4
489,2,1,7,7,7.0,1.0,1.0,7.0,7,7,1
490,3,22,1,22,0.045,1.0,1.0,22.0,22,22,1
491,4,34,27,918,0.794,0.219,0.554,3.09,201,509,65
492,3,42,7,294,0.167,0.282,0.432,2.18,83,127,38
493,3,8,1,8,0.125,1.0,1.0,8.0,8,8,1
494,4,11,463,3993,1.489,0.088,0.16,3.93,631,92,212
495,3,42,7,294,0.167,0.282,0.432,2.18,83,127,38
496,4,4,5,20,1.25,0.35,0.8,2.33,7,16,3
497,3,10,1,10,0.1,1.0,1.0,10.0,10,10,1
498,3,9,2,18,0.222,0.611,0.722,11.0,11,13,1
499,2,1,40,40,40.0,0.875,1.0,11.67,35,40,3
500,5,29,32,928,1.103,0.432,0.689,6.27,401,639,64
501,4,83,315,6145,3.795,0.295,0.594,9.21,725,523,839
502,2,1,19,19,19.0,0.737,1.0,4.67,14,19,3
503,4,34,27,918,0.794,0.219,0.554,3.09,201,509,65
504,2,6,47,282,7.833,0.202,0.202,57.0,57,57,1
505,1,6,4,24,0.667,0.417,0.583,5.0,10,14,2
506,2,1,47,47,47.0,0.532,1.0,25.0,25,47,1
507,1,8,11,88,1.375,0.159,0.477,1.75,14,42,8
508,4,16,21,336,1.313,0.095,0.515,1.6,32,173,20
509,5,28,32,896,1.143,0.488,0.743,7.05,437,666,62
510,2,3,132,396,44.0,0.505,0.558,20.0,200,221,10
511,4,11,463,3993,1.489,0.088,0.16,3.93,631,92,212
512,5,65,50,3250,0.769,0.454,0.487,245.83,475,582,6
513,3,58,3,174,0.052,0.339,0.345,59.0,59,60,1
514,1,8,157,1256,19.625,0.446,0.987,2.55,560,240,220
515,4,49,79,3871,1.612,0.084,0.179,7.36,324,694,44
516,3,10,1,10,0.1,1.0,1.0,10.0,10,10,1
517,2,25,169,4225,6.76,0.215,0.947,1.57,907,0,579
518,4,5,9,45,1.8,0.178,0.533,1.6,8,24,5
519,3,17,1,117,0.009,1.0,1.0,117.0,117,117,1
520,5,66,472,8352,2.843,0.359,0.547,17.12,93,821,641
521,4,10,12,120,1.2,0.208,0.583,1.67,25,70,15
522,1,7,18,126,2.571,0.468,1.0,2.81,59,126,21
523,4,86,67,5762,0.779,0.164,0.935,2.37,947,386,399
524,5,68,135,2680,0.804,0.82,0.904,62.81,591,513,296
525,2,1,15,15,15.0,0.867,1.0,13.0,13,15,1
526,4,36,43,1548,1.194,0.117,0.183,3.07,181,283,59
527,1,7,214,1498,30.571,0.449,0.899,2.77,672,346,243
528,2,1,277,277,277.0,1.0,1.0,277.0,277,277,1
529,5,29,32,928,1.103,0.432,0.689,6.27,401,639,64
530,2,1,73,73,73.0,0.616,1.0,3.75,45,73,12
531,1,6,26,156,4.333,0.34,0.974,1.33,53,152,40
532,3,9,1,9,0.111,1.0,1.0,9.0,9,9,1
533,2,1,55,55,55.0,0.564,1.0,10.33,31,55,3
534,4,7,24,168,3.429,0.101,0.298,1.89,17,50,9
535,4,8,1,8,0.125,0.875,1.0,7.0,7,8,1
536,1,9,97,873,10.778,0.317,0.863,1.76,277,753,157
537,3,5,2,10,0.4,0.7,0.7,7.0,7,7,1
538,2,1,75,75,75.0,0.92,1.0,11.5,69,75,6
539,2,1,27,27,27.0,0.259,1.0,1.4,7,27,5
540,5,63,79,4977,1.254,0.338,0.345,186.78,681,718,9
541,3,12,1,12,0.083,1.0,1.0,12.0,12,12,1
542,5,68,135,2680,0.804,0.82,0.904,62.81,591,513,296
543,4,24,18,432,0.75,0.139,0.377,2.07,60,163,29
544,1,10,15,150,1.5,0.3,1.0,1.88,45,150,24
545,2,1,138,138,138.0,1.0,1.0,138.0,138,138,1
546,5,87,137,5619,0.733,0.899,0.991,29.29,25,400,786
547,1,9,304,2736,33.778,0.202,0.749,1.32,554,49,419
548,4,14,19,266,1.357,0.113,0.504,30.0,30,134,1
549,3,8,1,8,0.125,1.0,1.0,8.0,8,8,1
550,5,74,471,1954,2.707,0.339,0.433,15.84,820,499,756
551,1,8,19,152,2.375,0.309,0.98,1.52,47,149,31
552,4,67,30,2010,0.448,0.169,0.46,2.26,339,924,150
553,3,11,2,22,0.182,0.636,0.636,14.0,14,14,1
554,1,9,272,2448,30.222,0.269,0.763,1.87,659,868,353
555,1,7,2,14,0.286,0.714,0.714,10.0,10,10,1
556,5,63,161,6243,0.988,0.523,0.897,8.4,725,547,634
557,3,7,1,7,0.143,1.0,1.0,7.0,7,7,1
558,1,11,87,957,7.909,0.253,0.662,1.89,242,634,128
559,4,31,37,1147,1.194,0.189,0.555,2.07,217,637,105
560,5,93,104,9672,1.118,0.451,0.611,4.25,366,908,28
561,4,34,27,918,0.794,0.219,0.554,3.09,201,509,65
562,5,78,140,4920,0.787,0.574,0.649,21.52,292,177,664
563,5,64,73,4672,1.141,0.403,0.445,72.38,882,77,26
564,4,9,6,54,0.667,0.407,0.519,5.5,22,28,4
565,1,1,22,22,22.0,0.591,1.0,2.6,13,22,5
566,5,29,32,928,1.103,0.476,0.72,7.25,442,668,61
567,5,28,347,4416,2.711,0.399,0.567,13.07,721,163,356
568,1,9,183,1647,20.333,0.327,0.744,2.25,538,225,239
569,1,6,7,42,1.167,0.405,0.833,1.89,17,35,9
570,1,6,15,90,2.5,0.467,0.711,3.23,42,64,13
571,1,9,82,738,9.111,0.383,0.641,2.62,283,473,108
572,1,9,103,927,11.444,0.164,0.771,1.22,152,715,125
573,5,86,469,7234,2.522,0.378,0.529,22.29,17,133,481
574,5,74,471,1954,2.707,0.339,0.433,15.84,820,499,756
575,4,8,16,128,2.0,0.156,0.859,5.0,20,110,4
576,4,10,12,120,1.2,0.208,0.583,1.67,25,70,15
577,5,32,547,2204,4.144,0.37,0.483,20.66,693,874,292
578,2,1,19,19,19.0,0.684,1.0,4.33,13,19,3
579,4,5,9,45,1.8,0.178,0.533,1.6,8,24,5
580,3,15,1,15,0.067,1.0,1.0,15.0,15,15,1
581,4,36,172,6192,4.778,0.128,0.337,4.84,793,86,164
582,1,3,3,9,1.0,0.778,0.778,7.0,7,7,1
583,3,54,1,54,0.019,1.0,1.0,54.0,54,54,1
584,4,52,461,3972,8.865,0.192,0.248,11.52,607,938,400
585,5,28,31,868,1.107,0.492,0.745,7.49,427,647,57
586,2,1,10,10,10.0,1.0,1.0,10.0,10,10,1
587,2,1,51,51,51.0,0.471,1.0,2.4,24,51,10
588,4,1,99,9999,0.98,0.14,0.778,2.02,398,780,691
589,1,6,49,294,8.167,0.32,0.527,2.94,94,155,32
590,1,11,25,275,2.273,0.298,0.811,2.05,82,223,40
591,2,3,213,639,71.0,0.318,0.379,11.94,203,242,17
592,5,86,469,7234,2.522,0.378,0.529,22.29,17,133,481
593,1,6,17,102,2.833,0.245,0.598,1.56,25,61,16
594,5,29,32,928,1.103,0.432,0.689,6.27,401,639,64
595,5,86,469,7234,2.522,0.378,0.529,22.29,17,133,481
596,1,8,18,144,2.25,0.354,0.757,1.65,51,109,31
597,4,34,25,850,0.735,0.256,0.534,2.06,218,454,106
598,4,83,326,7058,3.928,0.286,0.671,7.55,741,149,25
599,4,36,48,1728,1.333,0.143,0.437,3.58,247,755,69
600,3,17,1,117,0.009,1.0,1.0,117.0,117,117,1
601,2,1,19,19,19.0,0.737,1.0,4.67,14,19,3
602,3,8,1,8,0.125,1.0,1.0,8.0,8,8,1
603,1,10,53,530,5.3,0.215,0.781,1.44,114,414,79
604,2,1,51,51,51.0,0.471,1.0,2.4,24,51,10
605,3,27,1,27,0.037,1.0,1.0,27.0,27,27,1
606,2,1,7,7,7.0,1.0,1.0,7.0,7,7,1
607,3,31,1,31,0.032,1.0,1.0,31.0,31,31,1
608,5,95,93,8835,0.979,0.675,0.902,3.63,966,968,644
609,2,2,6,12,3.0,0.667,1.0,4.0,8,12,2
610,3,53,1,53,0.019,1.0,1.0,53.0,53,53,1
611,5,78,140,4920,0.787,0.574,0.649,21.52,292,177,664
612,2,1,16,16,16.0,1.0,1.0,16.0,16,16,1
613,4,5,3,15,0.6,0.467,0.6,3.5,7,9,2
614,1,10,48,480,4.8,0.579,0.706,6.04,278,339,46
615,1,8,12,96,1.5,0.396,0.969,1.81,38,93,21
616,5,78,140,4920,0.787,0.574,0.649,21.52,292,177,664
617,2,1,78,78,78.0,0.949,1.0,24.67,74,78,3
618,1,14,385,5390,27.5,0.369,0.561,4.83,990,22,412
619,4,6,12,72,2.0,0.139,0.514,1.43,10,37,7
620,5,72,96,6912,1.333,0.488,0.582,15.69,374,25,215
621,3,27,4,108,0.148,0.38,0.75,2.56,41,81,16
622,5,28,31,868,1.107,0.508,0.767,7.47,441,666,59
623,2,1,35,35,35.0,0.857,1.0,10.0,30,35,3
624,5,28,31,868,1.107,0.492,0.745,7.49,427,647,57
625,5,28,347,4416,2.711,0.399,0.567,13.07,721,163,356
626,4,7,24,168,3.429,0.101,0.298,1.89,17,50,9
627,2,3,550,1650,183.33,0.329,0.375,27.15,543,619,20
628,3,7,1,7,0.143,1.0,1.0,7.0,7,7,1
629,4,6,6,36,1.0,0.194,0.417,3.5,7,15,2
630,4,83,314,6062,3.783,0.282,0.619,8.77,353,139,838
631,2,37,1,37,0.027,1.0,1.0,37.0,37,37,1
632,1,15,11,165,0.733,0.503,0.685,10.38,83,113,8
633,4,24,18,432,0.75,0.139,0.377,2.07,60,163,29
634,3,1,25,25,25.0,1.0,1.0,25.0,25,25,1
635,2,17,342,5814,20.118,0.916,0.996,30.27,328,790,176
636,5,83,149,2367,1.795,0.388,0.472,28.77,804,838,167
637,5,28,31,868,1.107,0.508,0.767,7.47,441,666,59
638,1,9,534,4806,59.333,0.14,0.518,1.32,671,491,507
639,1,5,43,215,8.6,0.233,0.8,1.35,50,172,37
640,2,1,71,71,71.0,0.521,1.0,2.31,37,71,16
641,5,63,161,6243,0.988,0.523,0.897,8.4,725,547,634
642,1,8,95,760,11.875,0.187,0.645,1.34,142,490,106
643,3,54,1,54,0.019,1.0,1.0,54.0,54,54,1
644,1,7,22,154,3.143,0.156,0.519,1.6,24,80,15
645,4,15,14,210,0.933,0.11,0.338,1.92,23,71,12
646,5,63,161,6243,0.988,0.523,0.897,8.4,725,547,634
647,3,23,1,23,0.043,1.0,1.0,23.0,23,23,1
648,3,10,1,10,0.1,0.9,1.0,9.0,9,10,1
649,1,8,39,312,4.875,0.224,0.824,1.21,70,257,58
650,4,37,20,740,0.541,0.131,0.193,4.22,97,143,23
651,4,7,9,63,1.286,0.143,0.238,9.0,9,15,1
652,4,30,61,1830,2.033,0.157,0.483,1.88,288,884,153
653,4,6,465,2290,1.52,0.055,0.123,2.69,861,452,925
654,2,1,8,8,8.0,0.875,1.0,7.0,7,8,1
655,4,21,4,84,0.19,0.31,0.643,3.71,26,54,7
656,2,1,75,75,75.0,0.813,1.0,5.55,61,75,11
657,4,6,13,78,2.167,0.103,0.449,4.0,8,35,2
658,4,16,21,336,1.313,0.095,0.515,1.6,32,173,20
659,2,1,14,14,14.0,0.643,1.0,4.5,9,14,2
660,1,11,125,1375,11.364,0.432,0.804,3.03,594,105,196
661,4,10,7,70,0.7,0.157,0.6,1.57,11,42,7
662,5,74,471,1954,2.707,0.339,0.433,15.84,820,499,756
663,4,5,9,45,1.8,0.178,0.533,1.6,8,24,5
664,2,2,536,1072,268.0,0.538,0.737,30.37,577,790,19
665,4,24,18,432,0.75,0.139,0.377,2.07,60,163,29
666,1,6,17,102,2.833,0.451,0.745,2.56,46,76,18
667,5,28,347,4416,2.711,0.399,0.567,13.07,721,163,356
668,4,86,67,5762,0.779,0.164,0.935,2.37,947,386,399
669,5,86,469,7234,2.522,0.378,0.529,22.29,17,133,481
670,3,31,1,31,0.032,1.0,1.0,31.0,31,31,1
671,3,94,2,188,0.021,0.516,0.516,97.0,97,97,1
672,5,72,96,6912,1.333,0.488,0.582,15.69,374,25,215
673,5,28,32,896,1.143,0.462,0.722,7.02,414,647,59
674,4,83,277,2991,3.337,0.18,0.365,6.86,138,387,603
675,1,9,34,306,3.778,0.288,0.641,2.1,88,196,42
676,3,84,1,84,0.012,1.0,1.0,84.0,84,84,1
677,2,1,19,19,19.0,0.632,1.0,4.0,12,19,3
678,4,22,22,484,1.0,0.107,0.473,1.79,52,229,29
679,5,29,31,899,1.069,0.463,0.726,6.93,416,653,60
680,1,10,61,610,6.1,0.29,0.657,2.16,177,401,82
681,4,45,79,3555,1.756,0.087,0.195,4.81,308,693,64
682,4,16,4,64,0.25,0.156,0.531,5.0,10,34,2
683,4,85,69,5865,0.812,0.165,0.441,1.44,969,588,674
684,4,9,10,90,1.111,0.144,0.522,6.5,13,47,2
685,5,63,161,6243,0.988,0.523,0.897,8.4,725,547,634
686,2,1,214,214,214.0,1.0,1.0,214.0,214,214,1
687,4,47,286,3442,6.085,0.183,0.317,4.67,459,258,526
688,2,1,15,15,15.0,0.867,1.0,6.5,13,15,2
689,3,61,30,7830,0.115,0.063,0.09,2.4,492,701,205
690,1,7,24,168,3.429,0.196,0.762,1.38,33,128,24
691,5,28,32,896,1.143,0.462,0.722,7.02,414,647,59
692,5,53,158,4174,1.033,0.587,0.641,46.95,180,491,302
693,2,1,41,41,41.0,0.927,1.0,12.67,38,41,3
694,5,66,472,8352,2.843,0.359,0.547,17.12,93,821,641
695,5,63,66,4158,1.048,0.491,0.591,44.37,41,458,46
696,2,3,106,318,35.333,0.258,0.34,6.31,82,108,13
697,5,83,149,2367,1.795,0.388,0.472,28.77,804,838,167
698,3,9,1,9,0.111,1.0,1.0,9.0,9,9,1
699,2,2,20,40,10.0,0.725,0.875,29.0,29,35,1
700,4,83,326,7058,3.928,0.286,0.671,7.55,741,149,25
701,2,3,54,162,18.0,0.364,0.519,8.43,59,84,7
702,5,83,149,2367,1.795,0.388,0.472,28.77,804,838,167
703,2,3,259,777,86.333,0.411,0.481,13.29,319,374,24
704,4,83,277,2991,3.337,0.18,0.365,6.86,138,387,603
705,2,2,535,1070,267.5,0.648,0.92,11.75,693,984,59
706,5,29,32,928,1.103,0.476,0.72,7.25,442,668,61
707,1,8,84,672,10.5,0.229,0.689,1.4,154,463,110
708,4,32,350,1200,10.938,0.142,0.402,3.96,588,497,401
709,5,83,149,2367,1.795,0.388,0.472,28.77,804,838,167
710,3,69,3,207,0.043,0.643,0.952,2.08,133,197,64
711,2,1,277,277,277.0,0.993,1.0,137.5,275,277,2
712,4,86,67,5762,0.779,0.164,0.935,2.37,947,386,399
713,1,9,11,99,1.222,0.283,0.939,1.56,28,93,18
714,4,17,9,153,0.529,0.209,0.497,1.88,32,76,17
715,1,11,288,3168,26.182,0.248,0.5,2.04,787,584,386
716,4,5,9,45,1.8,0.178,0.533,1.6,8,24,5
717,5,32,547,2204,4.144,0.37,0.483,20.66,693,874,292
718,5,93,104,9672,1.118,0.451,0.611,4.25,366,908,28
719,5,87,141,6367,0.754,0.415,0.884,4.69,947,301,333
720,2,1,124,124,124.0,0.444,1.0,7.86,55,124,7
721,4,49,79,3871,1.612,0.084,0.179,7.36,324,694,44
722,4,67,30,2010,0.448,0.169,0.46,2.26,339,924,150
723,1,10,130,1300,13.0,0.453,0.822,2.78,589,69,212
724,2,1,14,14,14.0,0.643,1.0,4.5,9,14,2
725,4,4,8,32,2.0,0.344,0.531,5.5,11,17,2
726,5,66,472,8352,2.843,0.359,0.547,17.12,93,821,641
727,2,1,46,46,46.0,0.783,1.0,12.0,36,46,3
728,1,7,116,812,16.571,0.309,0.676,2.2,251,549,114
729,2,1,29,29,29.0,1.0,1.0,29.0,29,29,1
730,1,8,39,312,4.875,0.205,0.712,1.36,64,222,47
731,1,12,37,444,3.083,0.41,0.748,3.87,182,332,47
732,5,29,31,899,1.069,0.463,0.726,6.93,416,653,60
733,1,8,16,128,2.0,0.359,0.781,2.0,46,100,23
734,1,16,439,7024,27.438,0.384,0.724,5.09,696,84,530
735,4,36,48,1728,1.333,0.143,0.437,3.58,247,755,69
736,1,7,346,2422,49.429,0.159,0.749,1.17,386,813,329
737,5,72,96,6912,1.333,0.488,0.582,15.69,374,25,215
738,3,7,1,7,0.143,1.0,1.0,7.0,7,7,1
739,1,6,184,1104,30.667,0.323,0.752,1.99,357,830,179
740,1,9,18,162,2.0,0.241,0.981,1.44,39,159,27
741,1,6,29,174,4.833,0.293,0.92,1.5,51,160,34
742,1,8,8,64,1.0,0.234,0.328,5.0,15,21,3
743,5,87,141,6367,0.754,0.415,0.884,4.69,947,301,333
744,3,19,2,38,0.105,0.816,0.816,31.0,31,31,1
745,3,17,1,117,0.009,1.0,1.0,117.0,117,117,1
746,5,29,31,899,1.069,0.463,0.726,6.93,416,653,60
747,3,13,1,13,0.077,1.0,1.0,13.0,13,13,1
748,5,63,161,6243,0.988,0.523,0.897,8.4,725,547,634
749,4,14,19,266,1.357,0.128,0.541,2.83,34,144,12
750,5,29,32,928,1.103,0.432,0.689,6.27,401,639,64
751,4,13,5,65,0.385,0.323,0.554,5.25,21,36,4
752,2,1,14,14,14.0,0.929,1.0,13.0,13,14,1
753,2,1,147,147,147.0,0.864,1.0,11.55,127,147,11
754,2,1,67,67,67.0,0.985,1.0,66.0,66,67,1
755,4,4,7,28,1.75,0.286,1.0,2.0,8,28,4
756,3,13,1,13,0.077,1.0,1.0,13.0,13,13,1
757,2,1,16,16,16.0,1.0,1.0,16.0,16,16,1
758,5,28,32,896,1.143,0.462,0.722,7.02,414,647,59
759,1,9,184,1656,20.444,0.214,0.798,1.46,354,322,242
760,4,5,7,35,1.4,0.229,0.6,2.67,8,21,3
761,1,6,14,84,2.333,0.274,1.0,1.28,23,84,18
762,5,87,137,5619,0.733,0.899,0.991,29.29,25,400,786
763,2,3,183,549,61.0,0.488,0.577,29.78,268,317,9
764,2,1,16,16,16.0,1.0,1.0,16.0,16,16,1
765,5,53,158,4174,1.033,0.587,0.641,46.95,180,491,302
766,4,33,28,924,0.848,0.098,0.271,5.69,91,250,16
767,3,54,1,54,0.019,1.0,1.0,54.0,54,54,1
768,5,95,93,8835,0.979,0.675,0.902,3.63,966,968,644
769,2,12,278,3336,23.167,0.11,0.144,15.91,366,479,23
770,2,2,475,950,237.5,0.504,0.544,95.8,479,517,5
771,1,8,33,264,4.125,0.375,0.981,1.6,99,259,62
772,5,32,547,2204,4.144,0.37,0.483,20.66,693,874,292
773,3,9,2,18,0.222,0.611,0.722,11.0,11,13,1
774,4,6,5,30,0.833,0.367,1.0,2.2,11,30,5
775,1,12,42,504,3.5,0.355,0.788,2.71,179,397,66
776,5,29,32,928,1.103,0.432,0.689,6.27,401,639,64
777,4,8,16,128,2.0,0.156,0.859,5.0,20,110,4
778,5,63,161,6243,0.988,0.523,0.897,8.4,725,547,634
779,4,14,19,266,1.357,0.113,0.504,30.0,30,134,1
780,2,1,63,63,63.0,0.952,1.0,20.0,60,63,3
781,2,1,199,199,199.0,0.945,1.0,37.6,188,199,5
782,1,11,61,671,5.545,0.361,0.614,5.04,242,412,48
783,3,17,2,34,0.118,0.706,0.706,24.0,24,24,1
784,3,30,5,2150,0.012,0.216,0.221,46.5,465,475,10
785,1,9,5,45,0.556,0.244,0.867,2.2,11,39,5
786,4,6,5,30,0.833,0.233,0.633,1.75,7,19,4
787,4,5,7,35,1.4,0.229,0.6,2.67,8,21,3
788,2,2,538,1076,269.0,0.637,0.703,29.78,685,756,23
789,3,11,1,11,0.091,1.0,1.0,11.0,11,11,1
790,3,7,1,7,0.143,1.0,1.0,7.0,7,7,1
791,2,1,277,277,277.0,0.993,1.0,137.5,275,277,2
792,1,12,410,4920,34.167,0.333,0.661,2.69,636,254,608
793,4,12,464,8368,2.189,0.052,0.07,11.84,66,884,428
794,3,4,2,8,0.5,1.0,1.0,8.0,8,8,1
795,5,29,32,928,1.103,0.432,0.689,6.27,401,639,64
796,2,1,19,19,19.0,0.579,1.0,3.67,11,19,3
797,2,1,69,69,69.0,0.841,1.0,8.29,58,69,7
798,1,10,240,2400,24.0,0.383,0.821,2.75,919,971,334
799,2,1,159,159,159.0,0.975,1.0,77.5,155,159,2
800,5,28,32,896,1.143,0.462,0.722,7.02,414,647,59
801,1,8,50,400,6.25,0.528,0.955,3.01,211,382,70
802,1,9,171,1539,19.0,0.4,0.778,2.87,615,198,214
803,5,87,141,6367,0.754,0.415,0.884,4.69,947,301,333
804,2,1,11,11,11.0,1.0,1.0,11.0,11,11,1
805,4,4,8,32,2.0,0.344,0.531,5.5,11,17,2
806,3,54,1,54,0.019,1.0,1.0,54.0,54,54,1
807,3,15,1,15,0.067,1.0,1.0,15.0,15,15,1
808,5,28,32,896,1.143,0.462,0.722,7.02,414,647,59
809,2,3,129,387,43.0,0.305,0.377,11.8,118,146,10
810,4,24,18,432,0.75,0.139,0.377,2.07,60,163,29
811,4,83,314,6062,3.783,0.282,0.619,8.77,353,139,838
812,1,6,9,54,1.5,0.556,1.0,2.14,30,54,14
813,3,14,2,28,0.143,0.536,0.536,15.0,15,15,1
814,4,18,105,2390,0.89,0.052,0.105,3.33,642,296,193
815,2,1,84,84,84.0,0.917,1.0,19.25,77,84,4
816,4,13,5,65,0.385,0.123,0.538,8.0,8,35,1
817,4,16,30,480,1.875,0.133,0.471,2.29,64,226,28
818,5,66,472,8352,2.843,0.359,0.547,17.12,93,821,641
819,5,28,32,896,1.143,0.488,0.743,7.05,437,666,62
820,4,17,9,153,0.529,0.209,0.497,1.88,32,76,17
821,4,8,5,40,0.625,0.275,0.45,3.67,11,18,3
822,4,5,4,20,0.8,0.45,0.65,4.5,9,13,2
823,4,49,79,3871,1.612,0.084,0.179,7.36,324,694,44
824,3,4,2,8,0.5,0.875,0.875,7.0,7,7,1
825,3,20,1,20,0.05,1.0,1.0,20.0,20,20,1
826,3,42,7,294,0.167,0.282,0.432,2.18,83,127,38
827,5,86,469,7234,2.522,0.378,0.529,22.29,17,133,481
828,3,12,2,24,0.167,0.625,0.667,15.0,15,16,1
829,1,12,45,540,3.75,0.467,0.694,6.63,252,375,38
830,3,7,1,7,0.143,1.0,1.0,7.0,7,7,1
831,2,1,22,22,22.0,0.955,1.0,21.0,21,22,1
832,3,13,1,13,0.077,1.0,1.0,13.0,13,13,1
833,4,60,286,5760,1.788,0.201,0.226,55.42,199,347,166
834,1,5,43,215,8.6,0.265,0.786,1.33,57,169,43
835,2,1,52,52,52.0,0.981,1.0,51.0,51,52,1
836,4,17,60,1020,3.529,0.139,0.371,7.1,142,378,20
837,5,87,141,6367,0.754,0.415,0.884,4.69,947,301,333
838,2,2,537,1074,268.5,0.523,0.567,62.44,562,609,9
839,1,5,107,535,21.4,0.247,0.91,1.43,132,487,92
840,5,28,32,896,1.143,0.481,0.742,7.43,431,665,58
841,4,53,48,2544,0.906,0.157,0.269,7.84,400,685,51
842,2,4,9,36,2.25,0.611,0.611,22.0,22,22,1
843,3,31,1,31,0.032,1.0,1.0,31.0,31,31,1
844,1,9,5,45,0.556,0.711,0.889,10.67,32,40,3
845,5,83,149,2367,1.795,0.388,0.472,28.77,804,838,167
846,5,28,31,868,1.107,0.492,0.745,7.49,427,647,57
847,4,32,350,1200,10.938,0.142,0.402,3.96,588,497,401
848,5,28,32,896,1.143,0.462,0.722,7.02,414,647,59
849,3,9,1,9,0.111,1.0,1.0,9.0,9,9,1
850,2,3,259,777,86.333,0.411,0.481,13.29,319,374,24
851,4,6,465,2290,1.52,0.055,0.123,2.69,861,452,925
852,3,25,1,25,0.04,1.0,1.0,25.0,25,25,1
853,5,29,31,899,1.069,0.463,0.726,6.93,416,653,60
854,2,1,255,255,255.0,0.686,1.0,4.86,175,255,36
855,2,1,8,8,8.0,1.0,1.0,8.0,8,8,1
856,4,31,37,1147,1.194,0.189,0.555,2.07,217,637,105
857,5,63,161,6243,0.988,0.523,0.897,8.4,725,547,634
858,5,78,140,4920,0.787,0.574,0.649,21.52,292,177,664
859,4,6,13,78,2.167,0.103,0.449,4.0,8,35,2
860,3,31,1,31,0.032,1.0,1.0,31.0,31,31,1
861,1,9,160,1440,17.778,0.36,0.763,2.63,518,98,197
862,4,4,11,44,2.75,0.159,0.932,1.75,7,41,4
863,2,1,42,42,42.0,0.31,1.0,2.6,13,42,5
864,3,9,1,9,0.111,1.0,1.0,9.0,9,9,1
865,3,37,1,37,0.027,1.0,1.0,37.0,37,37,1
866,3,30,5,2150,0.012,0.216,0.221,46.5,465,475,10
867,5,65,50,3250,0.769,0.454,0.487,245.83,475,582,6
868,3,8,1,8,0.125,1.0,1.0,8.0,8,8,1
869,2,1,10,10,10.0,1.0,1.0,10.0,10,10,1
870,3,8,1,8,0.125,1.0,1.0,8.0,8,8,1
871,5,29,31,899,1.069,0.463,0.726,6.93,416,653,60
872,5,83,149,2367,1.795,0.388,0.472,28.77,804,838,167
873,1,6,11,66,1.833,0.364,0.955,1.33,24,63,18
874,2,3,129,387,43.0,0.305,0.377,11.8,118,146,10
875,2,1,413,413,413.0,0.998,1.0,412.0,412,413,1
876,5,66,472,8352,2.843,0.359,0.547,17.12,93,821,641
877,5,78,140,4920,0.787,0.574,0.649,21.52,292,177,664
878,4,20,39,780,1.95,0.14,0.405,3.21,109,316,34
879,3,13,1,13,0.077,1.0,1.0,13.0,13,13,1
880,4,0,49,4900,0.49,0.093,0.4,1.77,458,958,259
881,3,47,1,47,0.021,1.0,1.0,47.0,47,47,1
882,1,6,13,78,2.167,0.256,0.974,1.54,20,76,13
883,1,8,4,32,0.5,0.375,1.0,1.5,12,32,8
884,3,10,1,10,0.1,1.0,1.0,10.0,10,10,1
885,4,36,43,1548,1.194,0.117,0.183,3.07,181,283,59
886,4,21,4,84,0.19,0.31,0.643,3.71,26,54,7
887,2,1,11,11,11.0,0.727,1.0,4.0,8,11,2
888,4,7,24,168,3.429,0.101,0.298,1.89,17,50,9
889,4,30,61,1830,2.033,0.157,0.483,1.88,288,884,153
890,2,25,169,4225,6.76,0.215,0.947,1.57,907,0,579
891,2,1,42,42,42.0,0.19,1.0,1.6,8,42,5
892,2,1,16,16,16.0,1.0,1.0,16.0,16,16,1
893,3,32,1,32,0.031,1.0,1.0,32.0,32,32,1
894,3,8,1,8,0.125,1.0,1.0,8.0,8,8,1
895,3,5,2,10,0.4,0.8,0.8,8.0,8,8,1
896,4,6,5,30,0.833,0.233,0.633,1.75,7,19,4
897,4,6,12,72,2.0,0.139,0.514,1.43,10,37,7
898,5,74,471,1954,2.707,0.339,0.433,15.84,820,499,756
899,1,5,93,465,18.6,0.351,1.0,1.66,163,465,98
900,5,29,32,928,1.103,0.476,0.72,7.25,442,668,61
901,5,86,469,7234,2.522,0.378,0.529,22.29,17,133,481
902,2,1,19,19,19.0,0.737,1.0,4.67,14,19,3
903,4,5,3,15,0.6,0.467,0.6,3.5,7,9,2
904,4,6,6,36,1.0,0.194,0.417,3.5,7,15,2
905,1,9,92,828,10.222,0.287,0.694,1.93,238,575,123
906,1,9,126,1134,14.0,0.484,0.953,2.83,549,81,194
907,4,5,12,60,2.4,0.133,0.267,4.0,8,16,2
908,4,4,7,28,1.75,0.286,1.0,2.0,8,28,4
909,4,10,12,120,1.2,0.208,0.583,1.67,25,70,15
910,3,7,1,7,0.143,1.0,1.0,7.0,7,7,1
911,5,28,31,868,1.107,0.492,0.745,7.49,427,647,57
912,4,7,9,63,1.286,0.143,0.238,9.0,9,15,1
913,3,37,1,37,0.027,1.0,1.0,37.0,37,37,1
914,3,34,1,34,0.029,1.0,1.0,34.0,34,34,1
915,4,6,17,102,2.833,0.137,0.627,2.8,14,64,5
916,2,2,536,1072,268.0,0.532,0.558,30.0,570,598,19
917,4,12,146,1752,12.167,0.091,0.128,26.67,160,225,6
918,4,4,11,44,2.75,0.159,0.932,1.75,7,41,4
919,3,9,1,9,0.111,1.0,1.0,9.0,9,9,1
920,4,13,5,65,0.385,0.323,0.554,5.25,21,36,4
921,1,7,7,49,1.0,0.327,1.0,2.0,16,49,8
922,5,68,135,2680,0.804,0.82,0.904,62.81,591,513,296
923,1,9,44,396,4.889,0.449,0.879,2.97,178,348,60
924,1,9,121,1089,13.444,0.356,0.817,2.2,388,890,176
925,4,83,315,6145,3.795,0.295,0.594,9.21,725,523,839
926,5,74,471,1954,2.707,0.339,0.433,15.84,820,499,756
927,4,31,105,3255,3.387,0.242,0.456,4.89,787,485,161
928,1,8,16,128,2.0,0.328,0.969,1.91,42,124,22
929,1,9,12,108,1.333,0.444,0.981,1.71,48,106,28
930,5,72,96,6912,1.333,0.488,0.582,15.69,374,25,215
931,5,28,347,4416,2.711,0.399,0.567,13.07,721,163,356
932,2,1,8,8,8.0,0.875,1.0,7.0,7,8,1
933,2,1,10,10,10.0,0.8,1.0,4.0,8,10,2
934,4,6,9,54,1.5,0.148,0.296,4.0,8,16,2
935,5,87,141,6367,0.754,0.415,0.884,4.69,947,301,333
936,5,95,93,8835,0.979,0.675,0.902,3.63,966,968,644
937,4,4,8,32,2.0,0.344,0.531,5.5,11,17,2
938,2,2,49,98,24.5,0.51,0.51,50.0,50,50,1
939,5,63,66,4158,1.048,0.491,0.591,44.37,41,458,46
940,1,17,24,408,1.412,0.426,0.792,4.46,174,323,39
941,2,1,186,186,186.0,0.828,1.0,9.06,154,186,17
942,2,1,14,14,14.0,1.0,1.0,14.0,14,14,1
943,5,29,32,928,1.103,0.476,0.72,7.25,442,668,61
944,5,28,32,896,1.143,0.488,0.743,7.05,437,666,62
945,1,8,14,112,1.75,0.286,0.884,2.67,32,99,12
946,2,3,132,396,44.0,0.505,0.558,20.0,200,221,10
947,4,24,18,432,0.75,0.139,0.377,2.07,60,163,29
948,5,32,547,2204,4.144,0.37,0.483,20.66,693,874,292
949,5,66,472,8352,2.843,0.359,0.547,17.12,93,821,641
950,1,8,21,168,2.625,0.482,0.827,13.5,81,139,6
951,2,1,14,14,14.0,0.929,1.0,13.0,13,14,1
952,3,7,1,7,0.143,1.0,1.0,7.0,7,7,1
953,3,14,1,14,0.071,1.0,1.0,14.0,14,14,1
954,4,5,7,35,1.4,0.229,0.6,2.67,8,21,3
955,1,8,75,600,9.375,0.415,0.91,2.37,249,546,105
956,3,8,1,8,0.125,1.0,1.0,8.0,8,8,1
957,4,52,48,2496,0.923,0.138,0.248,7.67,345,619,45
958,5,93,104,9672,1.118,0.451,0.611,4.25,366,908,28
959,3,42,7,294,0.167,0.282,0.432,2.18,83,127,38
960,5,78,140,4920,0.787,0.574,0.649,21.52,292,177,664
961,5,95,93,8835,0.979,0.675,0.902,3.63,966,968,644
962,2,2,99,198,49.5,0.253,0.616,4.55,50,122,11
963,2,2,538,1076,269.0,0.519,0.684,34.88,558,736,16
964,3,30,5,2150,0.012,0.216,0.221,46.5,465,475,10
965,2,2,22,44,11.0,0.477,1.0,21.0,21,44,1
966,1,7,35,245,5.0,0.453,0.873,2.47,111,214,45
967,1,6,14,84,2.333,0.571,0.976,2.4,48,82,20
968,4,16,21,336,1.313,0.095,0.515,1.6,32,173,20
969,3,14,2,28,0.143,0.536,0.536,15.0,15,15,1
970,3,31,1,31,0.032,1.0,1.0,31.0,31,31,1
971,4,5,7,35,1.4,0.229,0.6,2.67,8,21,3
972,2,1,57,57,57.0,0.456,1.0,3.71,26,57,7
973,2,3,54,162,18.0,0.364,0.519,8.43,59,84,7
974,3,9,1,9,0.111,1.0,1.0,9.0,9,9,1
975,1,7,169,1183,24.143,0.167,0.785,1.28,197,929,154
976,1,8,9,72,1.125,0.431,0.958,2.07,31,69,15
977,5,28,347,4416,2.711,0.399,0.567,13.07,721,163,356
978,5,63,161,6243,0.988,0.523,0.897,8.4,725,547,634
979,3,10,1,10,0.1,0.9,1.0,9.0,9,10,1
980,3,37,1,37,0.027,1.0,1.0,37.0,37,37,1
981,2,1,20,20,20.0,0.55,1.0,1.38,11,20,8
982,1,7,15,105,2.143,0.229,0.886,1.6,24,93,15
983,3,54,1,54,0.019,1.0,1.0,54.0,54,54,1
984,3,26,1,26,0.038,1.0,1.0,26.0,26,26,1
985,2,3,129,387,43.0,0.305,0.377,11.8,118,146,10
986,5,28,32,896,1.143,0.462,0.722,7.02,414,647,59
987,2,10,553,5530,55.3,0.797,0.884,21.3,409,890,207
988,1,8,263,2104,32.875,0.154,0.549,1.19,325,156,274
989,5,95,93,8835,0.979,0.675,0.902,3.63,966,968,644
990,5,83,149,2367,1.795,0.388,0.472,28.77,804,838,167
991,3,15,1,15,0.067,1.0,1.0,15.0,15,15,1
992,1,7,38,266,5.429,0.414,0.846,2.44,110,225,45
993,1,11,8,88,0.727,0.25,1.0,2.44,22,88,9
994,3,17,1,17,0.059,1.0,1.0,17.0,17,17,1
995,4,11,48,528,4.364,0.237,0.39,7.35,125,206,17
996,5,78,140,4920,0.787,0.574,0.649,21.52,292,177,664
997,2,2,199,398,99.5,0.485,0.508,32.17,193,202,6
998,5,63,161,6243,0.988,0.523,0.897,8.4,725,547,634
999,4,9,4,36,0.444,0.25,0.75,9.0,9,27,1
1000,1,5,31,155,6.2,0.355,0.974,1.49,55,151,37
1001,2,1,148,148,148.0,0.959,1.0,47.33,142,148,3
1002,3,8,1,8,0.125,0.875,1.0,7.0,7,8,1
1003,2,3,500,1500,166.67,0.373,0.421,19.28,559,632,29
1004,4,7,24,168,3.429,0.101,0.298,1.89,17,50,9
1005,5,86,469,7234,2.522,0.378,0.529,22.29,17,133,481
1006,5,29,31,899,1.069,0.463,0.726,6.93,416,653,60
1007,5,29,32,928,1.103,0.432,0.689,6.27,401,639,64
1008,1,6,6,36,1.0,0.528,0.917,3.17,19,33,6
1009,3,16,1,16,0.063,1.0,1.0,16.0,16,16,1
1010,3,4,2,8,0.5,0.875,0.875,7.0,7,7,1
1011,1,6,22,132,3.667,0.197,1.0,2.89,26,132,9
1012,2,18,342,6156,19.0,0.847,0.897,43.48,217,522,120
1013,1,7,14,98,2.0,0.327,1.0,1.6,32,98,20
1014,3,14,1,14,0.071,1.0,1.0,14.0,14,14,1
1015,2,2,199,398,99.5,0.485,0.508,32.17,193,202,6
1016,1,10,126,1260,12.6,0.425,0.862,2.68,536,86,200
1017,5,29,31,899,1.069,0.463,0.726,6.93,416,653,60
1018,5,87,141,6367,0.754,0.415,0.884,4.69,947,301,333
1019,2,6,47,282,7.833,0.202,0.202,57.0,57,57,1
1020,2,6,7,42,1.167,0.238,0.69,10.0,10,29,1
1021,4,6,465,2290,1.52,0.055,0.123,2.69,861,452,925
1022,1,8,13,104,1.625,0.663,0.817,6.9,69,85,10
1023,2,18,342,6156,19.0,0.847,0.897,43.48,217,522,120
1024,5,28,347,4416,2.711,0.399,0.567,13.07,721,163,356
1025,2,1,75,75,75.0,0.813,1.0,5.55,61,75,11
1026,3,5,2,10,0.4,0.8,0.8,8.0,8,8,1
1027,5,74,471,1954,2.707,0.339,0.433,15.84,820,499,756
1028,4,86,67,5762,0.779,0.164,0.935,2.37,947,386,399
1029,5,87,141,6367,0.754,0.415,0.884,4.69,947,301,333
1030,5,53,158,4174,1.033,0.587,0.641,46.95,180,491,302
1031,3,14,1,14,0.071,1.0,1.0,14.0,14,14,1
1032,4,5,9,45,1.8,0.178,0.533,1.6,8,24,5
1033,5,63,161,6243,0.988,0.523,0.897,8.4,725,547,634
1034,5,87,141,6367,0.754,0.415,0.884,4.69,947,301,333
1035,4,83,314,6062,3.783,0.282,0.619,8.77,353,139,838
1036,1,5,14,70,2.8,0.586,0.943,2.28,41,66,18
1037,1,7,107,749,15.286,0.27,0.654,1.6,202,490,126
1038,2,1,44,44,44.0,0.727,1.0,5.33,32,44,6
1039,5,28,32,896,1.143,0.481,0.742,7.43,431,665,58
1040,5,66,472,8352,2.843,0.359,0.547,17.12,93,821,641
1041,2,1,75,75,75.0,0.813,1.0,5.55,61,75,11
1042,2,1,44,44,44.0,0.909,1.0,20.0,40,44,2
1043,1,9,10,90,1.111,0.389,0.889,1.94,35,80,18
1044,3,19,2,38,0.105,0.816,0.816,31.0,31,31,1
1045,5,28,31,868,1.107,0.508,0.767,7.47,441,666,59
1046,5,29,31,899,1.069,0.463,0.726,6.93,416,653,60
1047,4,36,43,1548,1.194,0.117,0.183,3.07,181,283,59
1048,2,2,46,92,23.0,0.511,0.554,47.0,47,51,1
1049,5,28,32,896,1.143,0.462,0.722,7.02,414,647,59
1050,5,65,50,3250,0.769,0.454,0.487,245.83,475,582,6
1051,5,28,347,4416,2.711,0.399,0.567,13.07,721,163,356
1052,1,8,6,48,0.75,0.5,0.854,3.0,24,41,8
1053,5,53,158,4174,1.033,0.587,0.641,46.95,180,491,302
1054,5,28,31,868,1.107,0.508,0.767,7.47,441,666,59
1055,2,2,536,1072,268.0,0.498,0.533,41.08,534,571,13
1056,5,95,93,8835,0.979,0.675,0.902,3.63,966,968,644
1057,5,64,73,4672,1.141,0.403,0.445,72.38,882,77,26
1058,2,1,7,7,7.0,1.0,1.0,7.0,7,7,1
1059,5,74,471,1954,2.707,0.339,0.433,15.84,820,499,756
1060,2,2,50,100,25.0,0.46,0.51,15.33,46,51,3
1061,5,29,31,899,1.069,0.463,0.726,6.93,416,653,60
1062,5,87,141,6367,0.754,0.415,0.884,4.69,947,301,333
1063,2,2,123,246,61.5,0.5,0.504,123.0,123,124,1
1064,5,78,140,4920,0.787,0.574,0.649,21.52,292,177,664
1065,3,27,1,27,0.037,1.0,1.0,27.0,27,27,1
1066,5,28,347,4416,2.711,0.399,0.567,13.07,721,163,356
1067,2,4,19,76,4.75,0.276,0.382,5.25,21,29,4
1068,4,21,4,84,0.19,0.31,0.643,3.71,26,54,7
1069,4,30,61,1830,2.033,0.157,0.483,1.88,288,884,153
1070,1,10,162,1620,16.2,0.454,0.573,5.93,735,928,124
1071,2,1,206,206,206.0,0.99,1.0,204.0,204,206,1
1072,1,7,32,224,4.571,0.272,0.862,1.53,61,193,40
1073,5,83,149,2367,1.795,0.388,0.472,28.77,804,838,167
1074,1,8,148,1184,18.5,0.196,0.718,1.28,232,850,181
1075,1,12,71,852,5.917,0.631,0.904,6.64,538,770,81
1076,1,8,80,640,10.0,0.347,0.933,1.75,222,597,127
1077,5,68,145,4360,0.863,0.798,0.963,13.06,430,457,488
1078,5,53,158,4174,1.033,0.587,0.641,46.95,180,491,302
1079,5,86,469,7234,2.522,0.378,0.529,22.29,17,133,481
1080,3,34,1,34,0.029,1.0,1.0,34.0,34,34,1
1081,3,31,1,31,0.032,1.0,1.0,31.0,31,31,1
1082,2,1,98,98,98.0,0.939,1.0,30.67,92,98,3
1083,3,76,1,76,0.013,1.0,1.0,76.0,76,76,1
1084,1,13,267,3471,20.538,0.401,0.662,4.87,392,299,286
1085,5,29,31,899,1.069,0.463,0.726,6.93,416,653,60
1086,2,3,537,1611,179.0,0.345,0.405,22.24,556,652,25
1087,4,5,4,20,0.8,0.45,0.65,4.5,9,13,2
1088,5,28,32,896,1.143,0.481,0.742,7.43,431,665,58
1089,5,68,135,2680,0.804,0.82,0.904,62.81,591,513,296
1090,5,28,31,868,1.107,0.508,0.767,7.47,441,666,59
1091,4,36,48,1728,1.333,0.143,0.437,3.58,247,755,69
1092,4,7,47,329,6.714,0.158,0.289,5.78,52,95,9
1093,1,8,175,1400,21.875,0.156,0.882,1.2,219,235,183
1094,5,86,469,7234,2.522,0.378,0.529,22.29,17,133,481
1095,5,28,32,896,1.143,0.488,0.743,7.05,437,666,62
1096,2,2,98,196,49.0,0.48,0.653,9.4,94,128,10
1097,4,55,48,2640,0.873,0.142,0.364,4.26,375,960,88
1098,2,2,537,1074,268.5,0.537,0.609,22.19,577,654,26
1099,5,63,79,4977,1.254,0.338,0.345,186.78,681,718,9
1100,5,28,31,868,1.107,0.492,0.745,7.49,427,647,57
1101,2,1,13,13,13.0,1.0,1.0,13.0,13,13,1
1102,4,25,9,225,0.36,0.187,0.436,2.47,42,98,17
1103,1,6,13,78,2.167,0.295,0.692,1.53,23,54,15
1104,3,7,1,7,0.143,1.0,1.0,7.0,7,7,1
1105,3,5,2,10,0.4,0.9,0.9,9.0,9,9,1
1106,1,7,18,126,2.571,0.206,0.651,2.17,26,82,12
1107,4,36,43,1548,1.194,0.117,0.183,3.07,181,283,59
1108,2,1,8,8,8.0,1.0,1.0,8.0,8,8,1
1109,4,38,70,2660,1.842,0.059,0.062,19.63,157,165,8
1110,3,9,1,9,0.111,1.0,1.0,9.0,9,9,1
1111,5,28,31,868,1.107,0.508,0.767,7.47,441,666,59
1112,4,31,71,2201,2.29,0.159,0.296,10.29,350,651,34
1113,2,2,16,32,8.0,0.25,0.531,2.67,8,17,3
1114,2,1,29,29,29.0,1.0,1.0,29.0,29,29,1
1115,2,2,446,892,223.0,0.439,0.603,17.82,392,538,22
1116,1,9,42,378,4.667,0.198,0.563,1.15,75,213,65
1117,1,5,16,80,3.2,0.563,0.925,2.65,45,74,17
1118,5,53,158,4174,1.033,0.587,0.641,46.95,180,491,302
1119,3,4,2,8,0.5,1.0,1.0,8.0,8,8,1
1120,3,66,3,198,0.045,0.657,0.909,2.6,130,180,50
1121,1,8,15,120,1.875,0.433,0.625,2.74,52,75,19
1122,5,53,158,4174,1.033,0.587,0.641,46.95,180,491,302
1123,2,1,14,14,14.0,0.5,1.0,2.33,7,14,3
1124,3,8,1,8,0.125,1.0,1.0,8.0,8,8,1
1125,2,1,35,35,35.0,0.857,1.0,10.0,30,35,3
1126,3,9,1,9,0.111,1.0,1.0,9.0,9,9,1
1127,2,2,99,198,49.5,0.253,0.616,4.55,50,122,11
1128,2,17,341,5797,20.059,0.935,0.998,36.38,420,784,149
1129,2,4,524,2096,131.0,0.542,0.603,40.57,136,264,28
1130,4,6,5,30,0.833,0.233,0.633,1.75,7,19,4
1131,3,9,1,9,0.111,1.0,1.0,9.0,9,9,1
1132,3,9,1,9,0.111,1.0,1.0,9.0,9,9,1
1133,4,49,79,3871,1.612,0.084,0.179,7.36,324,694,44
1134,2,1,34,34,34.0,0.353,1.0,1.71,12,34,7
1135,2,1,28,28,28.0,0.964,1.0,27.0,27,28,1
1136,2,1,206,206,206.0,0.99,1.0,204.0,204,206,1
1137,2,1,17,17,17.0,0.941,1.0,16.0,16,17,1
1138,1,10,35,350,3.5,0.331,0.686,1.93,116,240,60
1139,1,7,48,336,6.857,0.298,0.613,1.67,100,206,60
1140,4,29,48,1392,1.655,0.116,0.268,5.06,162,373,32
1141,2,1,52,52,52.0,0.962,1.0,25.0,50,52,2
1142,2,37,1,37,0.027,1.0,1.0,37.0,37,37,1
1143,1,16,24,384,1.5,0.44,0.948,5.28,169,364,32
1144,2,1,8,8,8.0,1.0,1.0,8.0,8,8,1
1145,1,12,72,864,6.0,0.63,0.885,6.11,544,765,89
1146,5,65,50,3250,0.769,0.454,0.487,245.83,475,582,6
1147,5,63,66,4158,1.048,0.491,0.591,44.37,41,458,46
1148,5,53,158,4174,1.033,0.587,0.641,46.95,180,491,302
1149,5,29,32,928,1.103,0.476,0.72,7.25,442,668,61
1150,1,9,23,207,2.556,0.362,0.831,1.92,75,172,39
1151,5,29,32,928,1.103,0.432,0.689,6.27,401,639,64
1152,2,1,71,71,71.0,0.521,1.0,2.31,37,71,16
1153,3,9,1,9,0.111,1.0,1.0,9.0,9,9,1
1154,2,2,535,1070,267.5,0.648,0.92,11.75,693,984,59
1155,1,12,61,732,5.083,0.251,0.746,1.77,184,546,104
1156,4,83,315,6145,3.795,0.295,0.594,9.21,725,523,839
1157,1,5,19,95,3.8,0.211,0.779,1.33,20,74,15
1158,5,64,73,4672,1.141,0.403,0.445,72.38,882,77,26
1159,5,28,32,896,1.143,0.462,0.722,7.02,414,647,59
1160,4,48,402,9296,8.375,0.055,0.094,4.13,58,814,256
1161,2,2,536,1072,268.0,0.538,0.737,30.37,577,790,19
1162,3,8,1,8,0.125,1.0,1.0,8.0,8,8,1
1163,3,17,1,17,0.059,1.0,1.0,17.0,17,17,1
1164,2,1,13,13,13.0,1.0,1.0,13.0,13,13,1
1165,3,6,21,126,3.5,0.198,0.444,1.67,25,56,15
1166,4,24,18,432,0.75,0.139,0.377,2.07,60,163,29
1167,4,4,5,20,1.25,0.35,0.8,2.33,7,16,3
1168,4,33,28,924,0.848,0.098,0.271,5.69,91,250,16
1169,5,63,66,4158,1.048,0.491,0.591,44.37,41,458,46
1170,3,14,1,14,0.071,1.0,1.0,14.0,14,14,1
1171,2,2,48,96,24.0,0.625,0.677,30.0,60,65,2
1172,2,1,14,14,14.0,0.643,1.0,3.0,9,14,3
1173,2,1,277,277,277.0,0.993,1.0,137.5,275,277,2
1174,3,84,1,84,0.012,1.0,1.0,84.0,84,84,1
1175,3,94,2,188,0.021,0.516,0.516,97.0,97,97,1
1176,5,78,140,4920,0.787,0.574,0.649,21.52,292,177,664
1177,5,93,104,9672,1.118,0.451,0.611,4.25,366,908,28
1178,4,53,48,2544,0.906,0.181,0.374,4.69,460,951,98
1179,3,4,2,8,0.5,0.875,0.875,7.0,7,7,1
1180,3,4,2,8,0.5,1.0,1.0,8.0,8,8,1
1181,4,6,5,30,0.833,0.233,0.633,1.75,7,19,4
1182,2,8,231,1848,28.875,0.872,0.882,179.0,611,630,9
1183,4,5,9,45,1.8,0.178,0.533,1.6,8,24,5
1184,3,5,2,210,0.019,0.529,0.533,111.0,111,112,1
1185,5,32,547,2204,4.144,0.37,0.483,20.66,693,874,292
1186,4,36,96,3456,2.667,0.096,0.207,7.7,331,717,43
1187,3,66,3,198,0.045,0.657,0.909,2.6,130,180,50
1188,2,2,204,408,102.0,0.412,0.681,10.5,168,278,16
1189,2,1,11,11,11.0,0.727,1.0,4.0,8,11,2
1190,1,10,127,1270,12.7,0.388,0.798,2.35,493,14,210
1191,2,1,75,75,75.0,0.92,1.0,11.5,69,75,6
1192,1,10,262,2620,26.2,0.274,0.757,1.8,719,984,399
1193,3,38,1,38,0.026,1.0,1.0,38.0,38,38,1
1194,3,10,1,10,0.1,0.9,1.0,9.0,9,10,1
1195,3,11,1,11,0.091,1.0,1.0,11.0,11,11,1
1196,2,1,17,17,17.0,0.824,1.0,4.67,14,17,3
1197,5,64,73,4672,1.141,0.403,0.445,72.38,882,77,26
1198,2,2,325,650,162.5,0.485,0.537,28.64,315,349,11
1199,4,9,17,153,1.889,0.144,0.458,3.14,22,70,7
1200,4,7,15,105,2.143,0.114,0.295,2.4,12,31,5
1201,5,65,50,3250,0.769,0.454,0.487,245.83,475,582,6
1202,3,9,1,9,0.111,1.0,1.0,9.0,9,9,1
1203,2,4,194,776,48.5,0.263,0.273,34.0,204,212,6
1204,3,13,1,13,0.077,1.0,1.0,13.0,13,13,1
1205,2,4,194,776,48.5,0.263,0.273,34.0,204,212,6
1206,2,1,8,8,8.0,1.0,1.0,8.0,8,8,1
1207,2,1,14,14,14.0,0.929,1.0,13.0,13,14,1
1208,4,16,29,464,1.813,0.144,0.496,2.58,67,230,26
1209,3,9,1,9,0.111,1.0,1.0,9.0,9,9,1
1210,3,39,1,39,0.026,1.0,1.0,39.0,39,39,1
1211,2,1,11,11,11.0,1.0,1.0,11.0,11,11,1
1212,2,28,330,9240,11.786,0.057,0.066,31.0,527,614,17
1213,4,54,357,9278,6.611,0.324,0.644,6.22,238,422,3
1214,3,98,3,294,0.031,0.48,0.486,141.0,141,143,1
1215,3,31,1,31,0.032,1.0,1.0,31.0,31,31,1
1216,3,9,2,18,0.222,0.611,0.722,11.0,11,13,1
1217,1,7,26,182,3.714,0.374,0.846,1.66,68,154,41
1218,4,6,12,72,2.0,0.139,0.514,1.43,10,37,7
1219,3,15,1,15,0.067,1.0,1.0,15.0,15,15,1
1220,3,7,1,7,0.143,1.0,1.0,7.0,7,7,1
1221,4,5,12,60,2.4,0.133,0.267,4.0,8,16,2
1222,4,1,99,9999,0.98,0.14,0.778,2.02,398,780,691
1223,4,43,62,2666,1.442,0.08,0.17,6.63,212,454,32
1224,1,7,14,98,2.0,0.5,1.0,2.72,49,98,18
1225,1,8,49,392,6.125,0.413,0.76,1.93,162,298,84
1226,3,10,1,10,0.1,1.0,1.0,10.0,10,10,1
1227,1,6,129,774,21.5,0.195,0.565,1.35,151,437,112
1228,2,2,446,892,223.0,0.439,0.603,17.82,392,538,22
1229,3,12,1,12,0.083,1.0,1.0,12.0,12,12,1
1230,3,17,1,17,0.059,1.0,1.0,17.0,17,17,1
1231,2,3,113,339,37.667,0.357,0.378,30.25,121,128,4
1232,2,2,6,12,3.0,0.667,1.0,4.0,8,12,2
1233,1,25,491,2275,19.64,0.454,0.937,7.21,572,502,773
1234,5,29,32,928,1.103,0.476,0.72,7.25,442,668,61
1235,4,13,8,104,0.615,0.154,0.769,1.07,16,80,15
1236,3,9,1,9,0.111,1.0,1.0,9.0,9,9,1
1237,3,9,1,9,0.111,1.0,1.0,9.0,9,9,1
1238,1,2,19,38,9.5,0.237,1.0,1.8,9,38,5
1239,3,27,4,108,0.148,0.38,0.75,2.56,41,81,16
1240,1,7,10,70,1.429,0.286,0.886,1.82,20,62,11
1241,4,47,286,3442,6.085,0.183,0.317,4.67,459,258,526
1242,2,1,193,193,193.0,0.57,1.0,2.97,110,193,37
1243,2,1,255,255,255.0,0.686,1.0,4.86,175,255,36
1244,4,16,29,464,1.813,0.144,0.496,2.58,67,230,26
1245,4,83,315,6145,3.795,0.295,0.594,9.21,725,523,839
1246,1,7,13,91,1.857,0.308,0.978,1.56,28,89,18
1247,3,20,1,20,0.05,1.0,1.0,20.0,20,20,1
1248,1,12,311,3732,25.917,0.195,0.781,1.64,727,914,443
1249,1,8,8,64,1.0,0.359,0.766,1.64,23,49,14
1250,1,11,37,407,3.364,0.371,0.899,2.01,151,366,75
1251,5,28,31,868,1.107,0.508,0.767,7.47,441,666,59
1252,1,8,12,96,1.5,0.406,0.896,1.86,39,86,21
1253,5,28,31,868,1.107,0.508,0.767,7.47,441,666,59
1254,3,13,1,13,0.077,1.0,1.0,13.0,13,13,1
1255,1,10,330,3300,33.0,0.225,0.771,1.44,744,545,518
1256,3,9,2,18,0.222,0.611,0.722,11.0,11,13,1
1257,1,8,83,664,10.375,0.404,0.741,2.58,268,492,104
1258,2,1,18,18,18.0,0.5,1.0,3.0,9,18,3
1259,3,4,2,8,0.5,0.875,0.875,7.0,7,7,1
1260,1,7,262,1834,37.429,0.152,0.684,1.28,279,254,218
1261,2,1,79,79,79.0,0.608,1.0,6.86,48,79,7
1262,4,53,48,2544,0.906,0.181,0.374,4.69,460,951,98
1263,3,14,2,28,0.143,0.536,0.536,15.0,15,15,1
1264,1,13,226,2938,17.385,0.258,0.971,3.12,759,852,243
1265,3,18,1,18,0.056,1.0,1.0,18.0,18,18,1
1266,2,1,8,8,8.0,0.875,1.0,7.0,7,8,1
1267,3,9,1,9,0.111,1.0,1.0,9.0,9,9,1
1268,3,9,1,9,0.111,1.0,1.0,9.0,9,9,1
1269,2,2,62,124,31.0,0.452,0.565,11.2,56,70,5
1270,1,10,40,400,4.0,0.295,0.683,2.07,118,273,57
1271,4,37,20,740,0.541,0.131,0.193,4.22,97,143,23
1272,5,29,32,928,1.103,0.432,0.689,6.27,401,639,64
1273,5,29,32,928,1.103,0.476,0.72,7.25,442,668,61
1274,5,66,472,8352,2.843,0.359,0.547,17.12,93,821,641
1275,1,16,415,6640,25.938,0.389,0.675,5.17,582,480,499
1276,2,1,95,95,95.0,1.0,1.0,95.0,95,95,1
1277,3,7,1,7,0.143,1.0,1.0,7.0,7,7,1
1278,3,13,1,13,0.077,1.0,1.0,13.0,13,13,1
1279,3,12,2,24,0.167,0.625,0.667,15.0,15,16,1
1280,2,1,17,17,17.0,0.824,1.0,4.67,14,17,3
1281,3,5,2,10,0.4,0.7,0.7,7.0,7,7,1
1282,2,1,29,29,29.0,0.931,1.0,13.5,27,29,2
1283,3,10,1,10,0.1,1.0,1.0,10.0,10,10,1
1284,4,8,4,32,0.5,0.438,0.594,7.0,14,19,2
1285,2,3,536,1608,178.67,0.341,0.353,61.0,549,567,9
1286,2,1,117,117,117.0,0.393,1.0,5.75,46,117,8
1287,2,2,32,64,16.0,0.516,0.531,33.0,33,34,1
1288,2,1,52,52,52.0,0.788,1.0,10.25,41,52,4
1289,3,31,1,31,0.032,1.0,1.0,31.0,31,31,1
1290,3,7,2,14,0.286,0.643,0.714,9.0,9,10,1
1291,5,87,137,5619,0.733,0.899,0.991,29.29,25,400,786
1292,2,1,7,7,7.0,1.0,1.0,7.0,7,7,1
1293,1,12,72,864,6.0,0.635,0.94,5.97,549,812,92
1294,3,13,1,13,0.077,1.0,1.0,13.0,13,13,1
1295,1,4,10,40,2.5,0.6,0.8,4.0,24,32,6
1296,3,9,1,9,0.111,1.0,1.0,9.0,9,9,1
1297,3,9,1,9,0.111,1.0,1.0,9.0,9,9,1
1298,5,65,50,3250,0.769,0.454,0.487,245.83,475,582,6
1299,4,83,277,2991,3.337,0.18,0.365,6.86,138,387,603
1300,5,95,93,8835,0.979,0.675,0.902,3.63,966,968,644
1301,2,2,21,42,10.5,0.452,1.0,6.33,19,42,3
1302,2,2,99,198,49.5,0.253,0.616,4.55,50,122,11
1303,1,11,193,2123,17.545,0.243,0.683,1.59,516,451,325
1304,3,27,4,108,0.148,0.38,0.75,2.56,41,81,16
1305,3,32,1,32,0.031,1.0,1.0,32.0,32,32,1
1306,3,39,1,39,0.026,1.0,1.0,39.0,39,39,1
1307,4,49,79,3871,1.612,0.084,0.179,7.36,324,694,44
1308,3,12,1,12,0.083,1.0,1.0,12.0,12,12,1
1309,5,53,158,4174,1.033,0.587,0.641,46.95,180,491,302
1310,1,13,25,325,1.923,0.234,0.286,10.86,76,93,7
1311,3,18,1,18,0.056,1.0,1.0,18.0,18,18,1
1312,5,74,471,1954,2.707,0.339,0.433,15.84,820,499,756
1313,2,1,73,73,73.0,0.616,1.0,3.75,45,73,12
1314,5,29,32,928,1.103,0.476,0.72,7.25,442,668,61
1315,3,42,1,42,0.024,1.0,1.0,42.0,42,42,1
1316,5,28,32,896,1.143,0.488,0.743,7.05,437,666,62
1317,4,5,4,20,0.8,0.45,0.65,4.5,9,13,2
1318,2,12,278,3336,23.167,0.11,0.144,15.91,366,479,23
1319,1,11,9,99,0.818,0.404,0.717,4.44,40,71,9
1320,4,6,12,72,2.0,0.139,0.514,1.43,10,37,7
1321,5,53,158,4174,1.033,0.587,0.641,46.95,180,491,302
1322,1,7,198,1386,28.286,0.17,0.713,1.36,236,988,174
1323,5,29,32,928,1.103,0.432,0.689,6.27,401,639,64
1324,5,63,161,6243,0.988,0.523,0.897,8.4,725,547,634
1325,5,28,31,868,1.107,0.508,0.767,7.47,441,666,59
1326,3,4,11,8844,0.014,0.191,0.233,15.64,689,58,108
1327,3,27,4,108,0.148,0.38,0.75,2.56,41,81,16
1328,4,7,13,91,1.857,0.154,0.484,2.0,14,44,7
1329,3,31,1,31,0.032,1.0,1.0,31.0,31,31,1
1330,3,27,4,108,0.148,0.38,0.75,2.56,41,81,16
1331,3,14,1,14,0.071,1.0,1.0,14.0,14,14,1
1332,2,3,113,339,37.667,0.357,0.378,30.25,121,128,4
1333,2,1,8,8,8.0,1.0,1.0,8.0,8,8,1
1334,4,4,463,752,1.523,0.063,0.121,3.91,898,81,273
1335,5,28,31,868,1.107,0.508,0.767,7.47,441,666,59
1336,2,1,76,76,76.0,0.961,1.0,36.5,73,76,2
1337,3,8,1,8,0.125,0.875,1.0,7.0,7,8,1
1338,5,68,135,2680,0.804,0.82,0.904,62.81,591,513,296
1339,5,29,32,928,1.103,0.476,0.72,7.25,442,668,61
1340,3,5,2,10,0.4,0.7,0.7,7.0,7,7,1
1341,2,1,14,14,14.0,0.929,1.0,13.0,13,14,1
1342,5,86,469,7234,2.522,0.378,0.529,22.29,17,133,481
1343,3,34,1,34,0.029,1.0,1.0,34.0,34,34,1
1344,1,7,178,1246,25.429,0.242,0.795,1.41,301,990,213
1345,1,9,508,4572,56.444,0.164,0.69,1.22,748,154,614
1346,4,7,47,329,6.714,0.158,0.289,5.78,52,95,9
1347,5,78,140,4920,0.787,0.574,0.649,21.52,292,177,664
1348,4,28,61,1708,2.179,0.172,0.509,1.97,294,870,149
1349,5,28,31,868,1.107,0.492,0.745,7.49,427,647,57
1350,4,8,5,40,0.625,0.275,0.45,3.67,11,18,3
1351,2,2,52,104,26.0,0.231,0.529,1.5,24,55,16
1352,4,37,72,2664,1.946,0.12,0.257,7.64,321,685,42
1353,3,58,3,174,0.052,0.339,0.345,59.0,59,60,1
1354,5,29,31,899,1.069,0.463,0.726,6.93,416,653,60
1355,5,66,472,8352,2.843,0.359,0.547,17.12,93,821,641
1356,3,1,25,25,25.0,1.0,1.0,25.0,25,25,1
1357,4,52,461,3972,8.865,0.192,0.248,11.52,607,938,400
1358,2,1,52,52,52.0,0.981,1.0,51.0,51,52,1
1359,5,63,161,6243,0.988,0.523,0.897,8.4,725,547,634
1360,3,13,1,13,0.077,1.0,1.0,13.0,13,13,1
1361,2,1,257,257,257.0,1.0,1.0,257.0,257,257,1
1362,1,8,12,96,1.5,0.385,0.698,2.47,37,67,15
1363,1,12,67,804,5.583,0.376,0.751,2.99,302,604,101
1364,2,3,113,339,37.667,0.41,0.472,13.9,139,160,10
1365,4,30,61,1830,2.033,0.157,0.483,1.88,288,884,153
1366,5,63,66,4158,1.048,0.491,0.591,44.37,41,458,46
1367,2,2,537,1074,268.5,0.594,0.655,21.27,638,703,30
1368,4,58,167,6386,1.057,0.16,0.276,8.24,213,279,511
1369,4,10,12,120,1.2,0.208,0.583,1.67,25,70,15
1370,4,68,34,2312,0.5,0.224,0.526,2.44,519,215,213
1371,2,9,13,117,1.444,0.103,0.752,4.0,12,88,3
1372,3,9,1,9,0.111,1.0,1.0,9.0,9,9,1
1373,5,29,32,928,1.103,0.432,0.689,6.27,401,639,64
1374,1,10,47,470,4.7,0.481,0.991,2.97,226,466,76
1375,3,5,2,10,0.4,0.7,0.7,7.0,7,7,1
1376,5,29,32,928,1.103,0.476,0.72,7.25,442,668,61
1377,2,2,537,1074,268.5,0.538,0.555,82.57,578,596,7
1378,2,2,6,12,3.0,0.667,1.0,4.0,8,12,2
1379,5,29,32,928,1.103,0.476,0.72,7.25,442,668,61
1380,4,6,17,102,2.833,0.137,0.627,2.8,14,64,5
1381,4,24,18,432,0.75,0.139,0.377,2.07,60,163,29
1382,5,93,104,9672,1.118,0.451,0.611,4.25,366,908,28
1383,5,63,79,4977,1.254,0.338,0.345,186.78,681,718,9
1384,4,67,30,2010,0.448,0.169,0.46,2.26,339,924,150
1385,5,72,96,6912,1.333,0.488,0.582,15.69,374,25,215
1386,4,20,39,780,1.95,0.14,0.405,3.21,109,316,34
1387,5,53,158,4174,1.033,0.587,0.641,46.95,180,491,302
1388,2,1,17,17,17.0,0.824,1.0,4.67,14,17,3
1389,5,68,135,2680,0.804,0.82,0.904,62.81,591,513,296
1390,4,6,465,2290,1.52,0.055,0.123,2.69,861,452,925
1391,4,16,29,464,1.813,0.144,0.496,2.58,67,230,26
1392,3,4,2,8,0.5,0.875,0.875,7.0,7,7,1
1393,1,7,14,98,2.0,0.316,0.908,1.94,31,89,16
1394,2,1,71,71,71.0,0.521,1.0,2.31,37,71,16
1395,2,1,14,14,14.0,0.643,1.0,4.5,9,14,2
1396,4,60,286,5760,1.788,0.201,0.226,55.42,199,347,166
1397,1,9,535,4815,59.444,0.146,0.634,1.32,704,52,534
1398,1,7,20,140,2.857,0.429,0.993,2.0,60,139,30
1399,2,7,46,322,6.571,0.177,0.304,8.14,57,98,7
1400,1,8,7,56,0.875,0.375,1.0,2.1,21,56,10
1401,1,12,117,1404,9.75,0.231,0.712,1.68,324,0,193
1402,3,7,1,7,0.143,1.0,1.0,7.0,7,7,1
1403,2,1,235,235,235.0,0.923,1.0,27.13,217,235,8
1404,4,38,70,2660,1.842,0.059,0.062,19.63,157,165,8
1405,2,1,27,27,27.0,0.259,1.0,1.4,7,27,5
1406,5,63,161,6243,0.988,0.523,0.897,8.4,725,547,634
1407,2,1,19,19,19.0,0.789,1.0,3.75,15,19,4
1408,3,47,1,47,0.021,1.0,1.0,47.0,47,47,1
1409,1,9,41,369,4.556,0.298,0.775,1.9,110,286,58
1410,3,13,1,13,0.077,1.0,1.0,13.0,13,13,1
1411,2,1,127,127,127.0,0.646,1.0,13.67,82,127,6
1412,3,31,1,31,0.032,1.0,1.0,31.0,31,31,1
1413,3,94,2,188,0.021,0.516,0.516,97.0,97,97,1
1414,3,30,5,2150,0.012,0.216,0.221,46.5,465,475,10
1415,1,9,84,756,9.333,0.329,0.632,2.08,249,478,120
1416,4,4,7,28,1.75,0.286,1.0,2.0,8,28,4
1417,4,30,60,1800,2.0,0.154,0.457,1.85,278,823,150
1418,1,17,245,4165,14.412,0.913,0.997,12.97,801,152,293
1419,1,8,84,672,10.5,0.36,0.954,1.94,242,641,125
1420,3,13,1,13,0.077,1.0,1.0,13.0,13,13,1
1421,1,8,61,488,7.625,0.342,0.875,1.94,167,427,86
1422,3,14,1,14,0.071,1.0,1.0,14.0,14,14,1
1423,3,7,1,7,0.143,1.0,1.0,7.0,7,7,1
1424,4,97,198,9006,1.005,0.273,0.332,46.93,654,964,227
1425,5,63,66,4158,1.048,0.491,0.591,44.37,41,458,46
1426,1,11,101,1111,9.182,0.398,0.888,2.76,442,987,160
1427,3,84,1,84,0.012,1.0,1.0,84.0,84,84,1
1428,2,2,535,1070,267.5,0.648,0.92,11.75,693,984,59
1429,2,1,28,28,28.0,0.964,1.0,27.0,27,28,1
1430,4,5,3,15,0.6,0.467,0.6,3.5,7,9,2
1431,5,93,104,9672,1.118,0.451,0.611,4.25,366,908,28
1432,4,14,19,266,1.357,0.113,0.504,30.0,30,134,1
1433,5,32,547,2204,4.144,0.37,0.483,20.66,693,874,292
1434,4,12,146,1752,12.167,0.091,0.128,26.67,160,225,6
1435,5,32,547,2204,4.144,0.37,0.483,20.66,693,874,292
1436,5,29,32,928,1.103,0.476,0.72,7.25,442,668,61
1437,1,6,32,192,5.333,0.286,0.891,1.41,55,171,39
1438,2,3,463,1389,154.33,0.296,0.382,13.7,411,531,30
1439,3,13,1,13,0.077,1.0,1.0,13.0,13,13,1
1440,1,9,4,36,0.444,0.444,1.0,8.0,16,36,2
1441,3,69,3,207,0.043,0.643,0.952,2.08,133,197,64
1442,5,65,50,3250,0.769,0.454,0.487,245.83,475,582,6
1443,2,1,14,14,14.0,0.643,1.0,4.5,9,14,2
1444,3,12,1,12,0.083,1.0,1.0,12.0,12,12,1
1445,5,28,32,896,1.143,0.488,0.743,7.05,437,666,62
1446,4,81,49,3969,0.605,0.113,0.398,2.26,449,580,199
1447,5,66,472,8352,2.843,0.359,0.547,17.12,93,821,641
1448,5,32,547,2204,4.144,0.37,0.483,20.66,693,874,292
1449,4,30,61,1830,2.033,0.157,0.483,1.88,288,884,153
1450,1,3,4,12,1.333,0.917,0.917,11.0,11,11,1
1451,2,1,52,52,52.0,0.538,1.0,14.0,28,52,2
1452,5,87,137,5619,0.733,0.899,0.991,29.29,25,400,786
1453,4,18,105,2390,0.89,0.052,0.105,3.33,642,296,193
1454,5,68,135,2680,0.804,0.82,0.904,62.81,591,513,296
1455,5,66,472,8352,2.843,0.359,0.547,17.12,93,821,641
1456,2,2,537,1074,268.5,0.537,0.609,22.19,577,654,26
1457,3,20,1,20,0.05,1.0,1.0,20.0,20,20,1
1458,3,5,2,10,0.4,0.8,0.8,8.0,8,8,1
1459,4,5,12,60,2.4,0.133,0.267,4.0,8,16,2
1460,1,10,35,350,3.5,0.337,0.711,2.62,118,249,45
1461,3,31,1,31,0.032,1.0,1.0,31.0,31,31,1
1462,5,63,79,4977,1.254,0.338,0.345,186.78,681,718,9
1463,3,18,1,18,0.056,1.0,1.0,18.0,18,18,1
1464,1,9,41,369,4.556,0.201,0.653,1.3,74,241,57
1465,3,13,1,13,0.077,1.0,1.0,13.0,13,13,1
1466,4,43,62,2666,1.442,0.08,0.17,6.63,212,454,32
1467,4,68,34,2312,0.5,0.224,0.526,2.44,519,215,213
1468,5,28,31,868,1.107,0.508,0.767,7.47,441,666,59
1469,2,1,79,79,79.0,0.608,1.0,6.86,48,79,7
1470,3,54,1,54,0.019,1.0,1.0,54.0,54,54,1
1471,5,87,141,6367,0.754,0.415,0.884,4.69,947,301,333
1472,3,27,4,108,0.148,0.333,0.667,2.57,36,72,14
1473,3,66,3,198,0.045,0.657,0.909,2.6,130,180,50
1474,1,7,54,378,7.714,0.497,0.849,3.42,188,321,55
1475,3,31,1,31,0.032,1.0,1.0,31.0,31,31,1
1476,2,2,535,1070,267.5,0.545,0.629,24.29,583,673,24
1477,1,11,337,3707,30.636,0.179,0.648,2.09,664,402,318
1478,2,25,300,7500,12.0,0.065,0.071,40.33,484,531,12
1479,1,7,151,1057,21.571,0.077,0.434,1.33,81,459,61
1480,2,2,100,200,50.0,0.46,0.505,11.5,92,101,8
1481,3,5,2,10,0.4,0.7,0.7,7.0,7,7,1
1482,3,14,1,14,0.071,1.0,1.0,14.0,14,14,1
1483,3,14,1,14,0.071,1.0,1.0,14.0,14,14,1
1484,2,1,29,29,29.0,1.0,1.0,29.0,29,29,1
1485,3,8,1,8,0.125,1.0,1.0,8.0,8,8,1
1486,2,1,11,11,11.0,0.909,1.0,10.0,10,11,1
1487,2,2,536,1072,268.0,0.498,0.533,41.08,534,571,13
1488,1,7,219,1533,31.286,0.195,0.617,1.44,299,946,207
1489,3,31,1,31,0.032,1.0,1.0,31.0,31,31,1
1490,2,1,17,17,17.0,1.0,1.0,17.0,17,17,1
1491,2,1,94,94,94.0,0.564,1.0,3.31,53,94,16
1492,2,1,52,52,52.0,0.962,1.0,25.0,50,52,2
1493,3,36,1,136,0.007,0.993,1.0,135.0,135,136,1
1494,4,16,29,464,1.813,0.144,0.496,2.58,67,230,26
1495,2,2,21,42,10.5,0.452,1.0,6.33,19,42,3
1496,3,5,2,10,0.4,0.7,0.7,7.0,7,7,1
1497,2,2,536,1072,268.0,0.568,0.688,24.36,609,737,25
1498,3,37,1,37,0.027,1.0,1.0,37.0,37,37,1
1499,5,95,93,8835,0.979,0.675,0.902,3.63,966,968,644
1500,5,28,31,868,1.107,0.508,0.767,7.47,441,666,59
1501,4,12,4,48,0.333,0.292,1.0,2.0,14,48,7
1502,1,9,9,81,1.0,0.383,0.802,2.38,31,65,13
1503,1,10,23,230,2.3,0.248,0.678,2.19,57,156,26
1504,3,9,1,9,0.111,1.0,1.0,9.0,9,9,1
1505,3,26,1,26,0.038,1.0,1.0,26.0,26,26,1
1506,2,1,33,33,33.0,0.667,1.0,3.67,22,33,6
1507,4,12,146,1752,12.167,0.091,0.128,26.67,160,225,6
1508,4,6,13,78,2.167,0.103,0.449,4.0,8,35,2
1509,5,29,32,928,1.103,0.476,0.72,7.25,442,668,61
1510,3,84,1,84,0.012,1.0,1.0,84.0,84,84,1
1511,5,93,104,9672,1.118,0.451,0.611,4.25,366,908,28
1512,4,13,5,65,0.385,0.123,0.538,8.0,8,35,1
1513,5,28,31,868,1.107,0.492,0.745,7.49,427,647,57
1514,4,8,5,40,0.625,0.275,0.45,3.67,11,18,3
1515,5,78,140,4920,0.787,0.574,0.649,21.52,292,177,664
1516,5,64,73,4672,1.141,0.403,0.445,72.38,882,77,26
1517,3,8,1,8,0.125,1.0,1.0,8.0,8,8,1
1518,4,16,30,480,1.875,0.133,0.471,2.29,64,226,28
1519,3,9,1,9,0.111,1.0,1.0,9.0,9,9,1
1520,3,34,1,34,0.029,1.0,1.0,34.0,34,34,1
1521,5,29,32,928,1.103,0.476,0.72,7.25,442,668,61
1522,4,31,105,3255,3.387,0.242,0.456,4.89,787,485,161
1523,1,16,417,6672,26.063,0.381,0.652,5.29,543,349,481
1524,1,7,121,847,17.286,0.272,0.646,1.54,230,547,149
1525,3,20,1,20,0.05,1.0,1.0,20.0,20,20,1
1526,1,12,72,864,6.0,0.635,0.94,5.97,549,812,92
1527,5,28,347,4416,2.711,0.399,0.567,13.07,721,163,356
1528,4,6,13,78,2.167,0.103,0.449,4.0,8,35,2
1529,4,13,13,169,1.0,0.124,0.45,3.5,21,76,6
1530,5,28,32,896,1.143,0.481,0.742,7.43,431,665,58
1531,2,1,9,9,9.0,0.889,1.0,8.0,8,9,1
1532,1,6,14,84,2.333,0.321,0.881,1.8,27,74,15
1533,5,63,66,4158,1.048,0.491,0.591,44.37,41,458,46
1534,5,93,104,9672,1.118,0.451,0.611,4.25,366,908,28
1535,5,87,141,6367,0.754,0.415,0.884,4.69,947,301,333
1536,4,16,4,64,0.25,0.156,0.531,5.0,10,34,2
1537,4,4,5,20,1.25,0.35,0.8,2.33,7,16,3
1538,4,30,61,1830,2.033,0.157,0.483,1.88,288,884,153
1539,3,14,1,14,0.071,1.0,1.0,14.0,14,14,1
1540,2,1,18,18,18.0,0.5,1.0,3.0,9,18,3
1541,1,9,12,108,1.333,0.426,1.0,1.59,46,108,29
1542,5,32,547,2204,4.144,0.37,0.483,20.66,693,874,292
1543,3,4,11,8844,0.014,0.191,0.233,15.64,689,58,108
1544,5,63,79,4977,1.254,0.338,0.345,186.78,681,718,9
1545,1,10,506,5060,50.6,0.15,0.589,1.34,758,980,564
1546,1,13,228,2964,17.538,0.264,0.942,3.29,783,791,238
1547,3,7,1,7,0.143,1.0,1.0,7.0,7,7,1
1548,5,66,472,8352,2.843,0.359,0.547,17.12,93,821,641
1549,4,8,5,40,0.625,0.275,0.45,3.67,11,18,3
1550,4,5,7,35,1.4,0.229,0.6,2.67,8,21,3
1551,2,1,172,172,172.0,0.465,1.0,1.04,80,172,77
1552,4,7,47,329,6.714,0.158,0.289,5.78,52,95,9
1553,2,1,37,37,37.0,0.811,1.0,6.0,30,37,5
1554,2,1,71,71,71.0,0.521,1.0,2.31,37,71,16
1555,5,29,32,928,1.103,0.476,0.72,7.25,442,668,61
1556,5,87,141,6367,0.754,0.415,0.884,4.69,947,301,333
1557,5,29,31,899,1.069,0.463,0.726,6.93,416,653,60
1558,4,31,105,3255,3.387,0.224,0.417,5.35,728,358,136
1559,2,21,2,42,0.095,0.738,0.738,31.0,31,31,1
1560,3,7,1,7,0.143,1.0,1.0,7.0,7,7,1
1561,5,74,471,1954,2.707,0.339,0.433,15.84,820,499,756
1562,4,13,5,65,0.385,0.323,0.554,5.25,21,36,4
1563,4,20,39,780,1.95,0.14,0.405,3.21,109,316,34
1564,4,36,172,6192,4.778,0.128,0.337,4.84,793,86,164
1565,1,7,11,77,1.571,0.299,0.987,1.35,23,76,17
1566,4,55,48,2640,0.873,0.142,0.364,4.26,375,960,88
1567,5,28,347,4416,2.711,0.399,0.567,13.07,721,163,356
1568,4,6,12,72,2.0,0.139,0.514,1.43,10,37,7
1569,1,7,18,126,2.571,0.302,0.984,1.36,38,124,28
1570,1,8,15,120,1.875,0.458,0.908,2.5,55,109,22
1571,3,13,1,13,0.077,1.0,1.0,13.0,13,13,1
1572,2,25,300,7500,12.0,0.065,0.071,40.33,484,531,12
1573,3,9,1,9,0.111,1.0,1.0,9.0,9,9,1
1574,4,9,4,36,0.444,0.25,0.75,9.0,9,27,1
1575,1,8,20,160,2.5,0.506,1.0,2.45,81,160,33
1576,5,72,96,6912,1.333,0.488,0.582,15.69,374,25,215
1577,2,2,98,196,49.0,0.48,0.653,9.4,94,128,10
1578,3,4,2,8,0.5,0.875,0.875,7.0,7,7,1
1579,4,54,357,9278,6.611,0.299,0.655,6.4,766,626,901
1580,4,7,15,105,2.143,0.114,0.295,2.4,12,31,5
1581,4,48,402,9296,8.375,0.055,0.094,4.13,58,814,256
1582,4,8,9,72,1.125,0.125,0.319,4.5,9,23,2
1583,5,29,32,928,1.103,0.476,0.72,7.25,442,668,61
1584,3,5,2,210,0.019,0.529,0.533,111.0,111,112,1
1585,1,7,41,287,5.857,0.22,0.756,1.47,63,217,43
1586,4,13,13,169,1.0,0.124,0.45,3.5,21,76,6
1587,1,8,82,656,10.25,0.396,0.713,2.63,260,468,99
1588,4,4,11,44,2.75,0.159,0.932,1.75,7,41,4
1589,4,6,5,30,0.833,0.233,0.633,1.75,7,19,4
1590,5,93,104,9672,1.118,0.451,0.611,4.25,366,908,28
1591,5,63,79,4977,1.254,0.338,0.345,186.78,681,718,9
1592,2,1,44,44,44.0,0.727,1.0,5.33,32,44,6
1593,4,13,5,65,0.385,0.123,0.538,8.0,8,35,1
1594,5,93,104,9672,1.118,0.451,0.611,4.25,366,908,28
1595,2,3,470,1410,156.67,0.352,0.387,23.62,496,545,21
1596,2,2,538,1076,269.0,0.519,0.684,34.88,558,736,16
1597,1,13,349,4537,26.846,0.38,0.668,4.36,724,29,395
1598,1,9,46,414,5.111,0.242,0.737,1.47,100,305,68
1599,5,29,32,928,1.103,0.476,0.72,7.25,442,668,61
1600,4,83,314,6062,3.783,0.282,0.619,8.77,353,139,838
1601,2,1,199,199,199.0,0.99,1.0,197.0,197,199,1
1602,3,9,1,9,0.111,1.0,1.0,9.0,9,9,1
1603,4,36,172,6192,4.778,0.128,0.337,4.84,793,86,164
1604,1,7,15,105,2.143,0.333,0.838,1.46,35,88,24
1605,1,9,18,162,2.0,0.623,0.864,7.77,101,140,13
1606,4,19,47,893,2.474,0.078,0.112,3.89,70,100,18
1607,3,5,2,210,0.019,0.529,0.533,111.0,111,112,1
1608,1,8,10,80,1.25,0.425,0.925,2.13,34,74,16
1609,1,6,96,576,16.0,0.335,0.703,2.44,193,405,79
1610,4,13,5,65,0.385,0.123,0.538,8.0,8,35,1
1611,4,5,7,35,1.4,0.229,0.6,2.67,8,21,3
1612,2,1,85,85,85.0,0.882,1.0,12.5,75,85,6
1613,1,6,6,36,1.0,0.417,0.944,1.5,15,34,10
1614,5,72,96,6912,1.333,0.488,0.582,15.69,374,25,215
1615,3,5,2,210,0.019,0.529,0.533,111.0,111,112,1
1616,2,17,342,5814,20.118,0.916,0.996,30.27,328,790,176
1617,2,2,537,1074,268.5,0.621,0.747,16.68,667,802,40
1618,3,4,2,8,0.5,1.0,1.0,8.0,8,8,1
1619,5,63,66,4158,1.048,0.491,0.591,44.37,41,458,46
1620,3,12,2,24,0.167,0.625,0.667,15.0,15,16,1
1621,1,6,94,564,15.667,0.188,0.874,1.63,106,493,65
1622,4,12,464,8368,2.189,0.052,0.07,11.84,66,884,428
1623,1,8,6,48,0.75,0.375,0.792,3.0,18,38,6
1624,5,68,145,4360,0.863,0.798,0.963,13.06,430,457,488
1625,3,15,1,15,0.067,1.0,1.0,15.0,15,15,1
1626,3,14,1,14,0.071,1.0,1.0,14.0,14,14,1
1627,3,16,1,16,0.063,1.0,1.0,16.0,16,16,1
1628,4,8,16,128,2.0,0.156,0.859,5.0,20,110,4
1629,1,9,164,1476,18.222,0.189,0.65,1.26,279,959,221
1630,5,68,135,2680,0.804,0.82,0.904,62.81,591,513,296
1631,5,66,472,8352,2.843,0.359,0.547,17.12,93,821,641
1632,1,8,263,2104,32.875,0.154,0.549,1.19,325,156,274
1633,3,5,2,10,0.4,0.8,0.8,8.0,8,8,1
1634,3,42,7,294,0.167,0.282,0.432,2.18,83,127,38
1635,2,7,14,98,2.0,0.102,0.204,10.0,10,20,1
1636,3,5,2,10,0.4,0.9,0.9,9.0,9,9,1
1637,2,1,86,86,86.0,0.93,1.0,40.0,80,86,2
1638,3,12,1,12,0.083,1.0,1.0,12.0,12,12,1
1639,3,54,1,54,0.019,1.0,1.0,54.0,54,54,1
1640,5,29,31,899,1.069,0.463,0.726,6.93,416,653,60
1641,2,1,46,46,46.0,0.239,1.0,1.38,11,46,8
1642,5,95,93,8835,0.979,0.675,0.902,3.63,966,968,644
1643,3,22,1,22,0.045,1.0,1.0,22.0,22,22,1
1644,5,65,50,3250,0.769,0.454,0.487,245.83,475,582,6
1645,1,7,41,287,5.857,0.345,0.777,1.55,99,223,64
1646,5,83,149,2367,1.795,0.388,0.472,28.77,804,838,167
1647,5,72,96,6912,1.333,0.488,0.582,15.69,374,25,215
1648,3,94,2,188,0.021,0.516,0.516,97.0,97,97,1
1649,2,2,112,224,56.0,0.496,0.504,55.5,111,113,2
1650,2,2,536,1072,268.0,0.498,0.533,41.08,534,571,13
1651,4,17,9,153,0.529,0.209,0.497,1.88,32,76,17
1652,3,1,25,25,25.0,1.0,1.0,25.0,25,25,1
1653,3,32,1,32,0.031,1.0,1.0,32.0,32,32,1
1654,3,27,4,108,0.148,0.333,0.667,2.57,36,72,14
1655,2,2,537,1074,268.5,0.52,0.621,26.57,558,667,21
1656,3,9,2,18,0.222,0.611,0.722,11.0,11,13,1
1657,3,13,1,13,0.077,1.0,1.0,13.0,13,13,1
1658,3,30,5,2150,0.012,0.216,0.221,46.5,465,475,10
1659,5,53,158,4174,1.033,0.587,0.641,46.95,180,491,302
1660,1,9,110,990,12.222,0.311,0.627,2.08,308,621,148
1661,3,84,1,84,0.012,1.0,1.0,84.0,84,84,1
1662,1,9,343,3087,38.111,0.162,0.677,1.24,499,91,401
1663,3,13,1,13,0.077,1.0,1.0,13.0,13,13,1
1664,2,2,536,1072,268.0,0.532,0.558,30.0,570,598,19
1665,3,8,1,8,0.125,1.0,1.0,8.0,8,8,1
1666,5,63,161,6243,0.988,0.523,0.897,8.4,725,547,634
1667,1,10,50,500,5.0,0.472,0.812,2.74,236,406,86
1668,2,1,63,63,63.0,0.587,1.0,2.31,37,63,16
1669,2,2,537,1074,268.5,0.51,0.534,49.82,548,574,11
1670,2,2,22,44,11.0,0.75,0.75,33.0,33,33,1
1671,3,5,2,10,0.4,0.8,0.8,8.0,8,8,1
1672,5,87,141,6367,0.754,0.415,0.884,4.69,947,301,333
1673,1,9,52,468,5.778,0.203,0.626,1.38,95,293,69
1674,1,7,13,91,1.857,0.286,0.923,2.6,26,84,10
1675,2,1,106,106,106.0,0.434,1.0,1.02,46,106,45
1676,2,3,536,1608,178.67,0.341,0.353,61.0,549,567,9
1677,2,2,14,28,7.0,0.286,0.821,8.0,8,23,1
1678,3,8,1,8,0.125,1.0,1.0,8.0,8,8,1
1679,2,12,278,3336,23.167,0.11,0.144,15.91,366,479,23
1680,5,66,472,8352,2.843,0.359,0.547,17.12,93,821,641
1681,3,76,1,76,0.013,1.0,1.0,76.0,76,76,1
1682,1,12,22,264,1.833,0.542,0.784,8.94,143,207,16
1683,3,37,1,37,0.027,1.0,1.0,37.0,37,37,1
1684,1,9,272,2448,30.222,0.269,0.696,1.93,659,704,342
1685,1,10,271,2710,27.1,0.176,0.574,1.39,476,556,342
1686,4,16,29,464,1.813,0.144,0.496,2.58,67,230,26
1687,4,5,12,60,2.4,0.133,0.267,4.0,8,16,2
1688,3,8,1,8,0.125,1.0,1.0,8.0,8,8,1
1689,5,63,161,6243,0.988,0.523,0.897,8.4,725,547,634
1690,1,3,3,9,1.0,0.889,0.889,8.0,8,8,1
1691,3,14,1,14,0.071,1.0,1.0,14.0,14,14,1
1692,5,68,135,2680,0.804,0.82,0.904,62.81,591,513,296
1693,5,63,66,4158,1.048,0.491,0.591,44.37,41,458,46
1694,1,10,80,800,8.0,0.314,0.799,2.06,251,639,122
1695,4,7,9,63,1.286,0.143,0.238,9.0,9,15,1
1696,2,3,106,318,35.333,0.258,0.34,6.31,82,108,13
1697,4,28,61,1708,2.179,0.172,0.509,1.97,294,870,149
1698,5,29,32,928,1.103,0.476,0.72,7.25,442,668,61
1699,5,95,93,8835,0.979,0.675,0.902,3.63,966,968,644
1700,3,7,1,7,0.143,1.0,1.0,7.0,7,7,1
1701,2,2,536,1072,268.0,0.498,0.533,41.08,534,571,13
1702,2,2,199,398,99.5,0.485,0.508,32.17,193,202,6
1703,2,1,8,8,8.0,1.0,1.0,8.0,8,8,1
1704,1,2,69,138,34.5,0.087,0.507,1.2,12,70,10
1705,2,1,17,17,17.0,0.765,1.0,6.5,13,17,2
1706,3,76,1,76,0.013,1.0,1.0,76.0,76,76,1
1707,4,25,9,225,0.36,0.187,0.436,2.47,42,98,17
1708,3,9,2,18,0.222,0.611,0.722,11.0,11,13,1
1709,1,8,38,304,4.75,0.25,0.73,1.38,76,222,55
1710,2,1,63,63,63.0,0.587,1.0,2.31,37,63,16
1711,3,58,3,174,0.052,0.339,0.345,59.0,59,60,1
1712,1,8,535,4280,66.875,0.171,0.697,1.27,731,984,575
1713,4,54,357,9278,6.611,0.299,0.655,6.4,766,626,901
1714,2,1,196,196,196.0,0.98,1.0,64.0,192,196,3
1715,3,8,1,8,0.125,1.0,1.0,8.0,8,8,1
1716,3,98,3,294,0.031,0.48,0.486,141.0,141,143,1
1717,2,1,10,10,10.0,0.8,1.0,4.0,8,10,2
1718,4,32,106,3392,3.313,0.198,0.395,4.56,671,341,147
1719,1,14,186,2604,13.286,0.307,0.652,2.5,799,698,319
1720,1,10,12,120,1.2,0.183,0.392,2.2,22,47,10
1721,3,16,1,16,0.063,1.0,1.0,16.0,16,16,1
1722,1,8,25,200,3.125,0.37,0.73,2.06,74,146,36
1723,3,8,1,8,0.125,1.0,1.0,8.0,8,8,1
1724,1,7,21,147,3.0,0.313,0.966,1.48,46,142,31
1725,5,28,32,896,1.143,0.488,0.743,7.05,437,666,62
1726,5,63,66,4158,1.048,0.491,0.591,44.37,41,458,46
1727,1,8,21,168,2.625,0.482,0.827,13.5,81,139,6
1728,2,1,19,19,19.0,0.737,1.0,4.67,14,19,3
1729,4,9,6,54,0.667,0.407,0.519,5.5,22,28,4
1730,1,5,13,65,2.6,0.292,0.892,1.46,19,58,13
1731,5,28,31,868,1.107,0.508,0.767,7.47,441,666,59
1732,4,83,314,6062,3.783,0.298,0.671,8.75,772,482,888
1733,5,29,32,928,1.103,0.432,0.689,6.27,401,639,64
1734,1,10,179,1790,17.9,0.2,0.758,1.41,358,356,254
1735,5,53,158,4174,1.033,0.587,0.641,46.95,180,491,302
1736,4,86,67,5762,0.779,0.164,0.935,2.37,947,386,399
1737,4,34,27,918,0.794,0.219,0.554,3.09,201,509,65
1738,5,65,50,3250,0.769,0.454,0.487,245.83,475,582,6
1739,3,4,2,8,0.5,1.0,1.0,8.0,8,8,1
1740,2,1,41,41,41.0,0.927,1.0,12.67,38,41,3
1741,3,13,1,13,0.077,1.0,1.0,13.0,13,13,1
1742,5,29,31,899,1.069,0.463,0.726,6.93,416,653,60
1743,2,1,54,54,54.0,0.944,1.0,17.0,51,54,3
1744,3,27,4,108,0.148,0.333,0.667,2.57,36,72,14
1745,5,95,93,8835,0.979,0.675,0.902,3.63,966,968,644
1746,1,8,69,552,8.625,0.312,0.842,1.91,172,465,90
1747,3,5,2,210,0.019,0.529,0.533,111.0,111,112,1
1748,3,5,2,10,0.4,0.9,0.9,9.0,9,9,1
1749,5,83,149,2367,1.795,0.388,0.472,28.77,804,838,167
1750,2,1,196,196,196.0,0.98,1.0,64.0,192,196,3
1751,3,42,7,294,0.167,0.282,0.432,2.18,83,127,38
1752,3,4,2,8,0.5,1.0,1.0,8.0,8,8,1
1753,5,95,93,8835,0.979,0.675,0.902,3.63,966,968,644
1754,2,1,17,17,17.0,0.765,1.0,6.5,13,17,2
1755,3,13,1,13,0.077,1.0,1.0,13.0,13,13,1
1756,4,5,4,20,0.8,0.45,0.65,4.5,9,13,2
1757,3,17,1,117,0.009,1.0,1.0,117.0,117,117,1
1758,2,18,342,6156,19.0,0.847,0.897,43.48,217,522,120
1759,5,93,104,9672,1.118,0.451,0.611,4.25,366,908,28
1760,1,5,70,350,14.0,0.18,0.417,1.4,63,146,45
1761,3,12,2,24,0.167,0.625,0.667,15.0,15,16,1
1762,1,4,2,8,0.5,0.875,0.875,7.0,7,7,1
1763,5,63,66,4158,1.048,0.491,0.591,44.37,41,458,46
1764,4,13,13,169,1.0,0.124,0.45,3.5,21,76,6
1765,1,7,140,980,20.0,0.253,0.886,1.49,248,868,167
1766,3,9,1,9,0.111,1.0,1.0,9.0,9,9,1
1767,5,28,32,896,1.143,0.481,0.742,7.43,431,665,58
1768,5,65,50,3250,0.769,0.454,0.487,245.83,475,582,6
1769,2,1,17,17,17.0,0.412,1.0,1.75,7,17,4
1770,2,3,129,387,43.0,0.305,0.377,11.8,118,146,10
1771,1,14,185,2590,13.214,0.254,0.651,2.27,657,687,289
1772,2,1,10,10,10.0,1.0,1.0,10.0,10,10,1
1773,2,2,535,1070,267.5,0.648,0.92,11.75,693,984,59
1774,5,65,50,3250,0.769,0.454,0.487,245.83,475,582,6
1775,4,36,43,1548,1.194,0.117,0.183,3.07,181,283,59
1776,1,6,13,78,2.167,0.128,0.577,1.67,10,45,6
1777,2,1,172,172,172.0,0.465,1.0,1.04,80,172,77
1778,1,8,13,104,1.625,0.413,1.0,1.95,43,104,22
1779,3,8,1,8,0.125,1.0,1.0,8.0,8,8,1
1780,5,83,149,2367,1.795,0.388,0.472,28.77,804,838,167
1781,4,54,357,9278,6.611,0.324,0.644,6.22,238,422,3
1782,3,26,1,26,0.038,1.0,1.0,26.0,26,26,1
1783,2,17,342,5814,20.118,0.916,0.996,30.27,328,790,176
1784,5,95,93,8835,0.979,0.675,0.902,3.63,966,968,644
1785,4,6,17,102,2.833,0.137,0.627,2.8,14,64,5
1786,3,5,2,10,0.4,0.7,0.7,7.0,7,7,1
1787,2,1,30,30,30.0,0.4,1.0,2.4,12,30,5
1788,5,63,79,4977,1.254,0.338,0.345,186.78,681,718,9
1789,5,66,472,8352,2.843,0.359,0.547,17.12,93,821,641
1790,2,1,98,98,98.0,0.939,1.0,30.67,92,98,3
1791,1,7,5,35,0.714,0.371,0.829,1.86,13,29,7
1792,5,29,32,928,1.103,0.432,0.689,6.27,401,639,64
1793,1,8,52,416,6.5,0.325,0.877,1.75,135,365,77
1794,5,63,161,6243,0.988,0.523,0.897,8.4,725,547,634
1795,2,2,537,1074,268.5,0.523,0.567,62.44,562,609,9
1796,3,5,2,10,0.4,0.9,0.9,9.0,9,9,1
1797,2,1,20,20,20.0,0.55,1.0,1.38,11,20,8
1798,2,1,54,54,54.0,0.944,1.0,17.0,51,54,3
1799,2,2,49,98,24.5,0.51,0.51,50.0,50,50,1
1800,2,2,46,92,23.0,0.511,0.554,47.0,47,51,1
1801,2,1,17,17,17.0,0.941,1.0,16.0,16,17,1
1802,3,12,1,12,0.083,1.0,1.0,12.0,12,12,1
1803,2,1,214,214,214.0,1.0,1.0,214.0,214,214,1
1804,4,4,5,20,1.25,0.35,0.8,2.33,7,16,3
1805,5,65,50,3250,0.769,0.454,0.487,245.83,475,582,6
1806,3,9,1,9,0.111,1.0,1.0,9.0,9,9,1
1807,1,14,253,3542,18.071,0.372,0.826,4.36,317,924,302
1808,1,9,272,2448,30.222,0.269,0.763,1.87,659,868,353
1809,1,11,65,715,5.909,0.178,0.662,1.65,127,473,77
1810,4,17,60,1020,3.529,0.139,0.371,7.1,142,378,20
1811,3,7,1,7,0.143,1.0,1.0,7.0,7,7,1
1812,2,2,69,138,34.5,0.623,0.906,10.75,86,125,8
1813,3,17,1,17,0.059,1.0,1.0,17.0,17,17,1
1814,3,11,1,11,0.091,1.0,1.0,11.0,11,11,1
1815,5,32,547,2204,4.144,0.37,0.483,20.66,693,874,292
1816,4,6,12,72,2.0,0.139,0.514,1.43,10,37,7
1817,5,72,96,6912,1.333,0.488,0.582,15.69,374,25,215
1818,3,13,1,13,0.077,1.0,1.0,13.0,13,13,1
1819,4,31,71,2201,2.29,0.159,0.296,10.29,350,651,34
1820,4,12,464,8368,2.189,0.052,0.07,11.84,66,884,428
1821,5,68,135,2680,0.804,0.82,0.904,62.81,591,513,296
1822,5,64,73,4672,1.141,0.403,0.445,72.38,882,77,26
1823,4,11,48,528,4.364,0.237,0.39,7.35,125,206,17
1824,4,34,25,850,0.735,0.256,0.534,2.06,218,454,106
1825,1,11,272,2992,24.727,0.168,0.595,1.43,504,781,352
1826,2,2,475,950,237.5,0.504,0.544,95.8,479,517,5
1827,3,16,1,16,0.063,1.0,1.0,16.0,16,16,1
1828,3,9,1,9,0.111,1.0,1.0,9.0,9,9,1
1829,3,9,1,9,0.111,1.0,1.0,9.0,9,9,1
1830,2,1,277,277,277.0,0.993,1.0,137.5,275,277,2
1831,1,8,18,144,2.25,0.215,0.813,2.38,31,117,13
1832,1,7,34,238,4.857,0.252,1.0,1.43,60,238,42
1833,1,8,275,2200,34.375,0.209,0.737,1.31,460,621,351
1834,5,68,145,4360,0.863,0.798,0.963,13.06,430,457,488
1835,2,3,259,777,86.333,0.96,0.978,67.82,746,760,11
1836,5,64,73,4672,1.141,0.403,0.445,72.38,882,77,26
1837,4,6,9,54,1.5,0.148,0.296,4.0,8,16,2
1838,2,1,19,19,19.0,0.789,1.0,3.75,15,19,4
1839,3,93,4,372,0.043,0.419,0.565,2.89,156,210,54
1840,5,28,31,868,1.107,0.508,0.767,7.47,441,666,59
1841,3,61,30,7830,0.115,0.063,0.09,2.4,492,701,205
1842,1,7,14,98,2.0,0.296,0.786,2.9,29,77,10
1843,1,11,43,473,3.909,0.336,0.753,2.74,159,356,58
1844,2,1,206,206,206.0,0.99,1.0,204.0,204,206,1
1845,5,29,32,928,1.103,0.432,0.689,6.27,401,639,64
1846,3,44,3,132,0.068,0.598,0.841,2.47,79,111,32
1847,4,12,146,1752,12.167,0.091,0.128,26.67,160,225,6
1848,4,25,9,225,0.36,0.187,0.436,2.47,42,98,17
1849,1,8,126,1008,15.75,0.209,0.573,1.45,211,578,146
1850,2,1,22,22,22.0,0.955,1.0,21.0,21,22,1
1851,1,14,11,154,0.786,0.526,0.708,8.1,81,109,10
1852,1,7,20,140,2.857,0.25,0.593,1.35,35,83,26
1853,5,78,140,4920,0.787,0.574,0.649,21.52,292,177,664
1854,2,2,536,1072,268.0,0.505,0.512,180.33,541,549,3
1855,4,6,17,102,2.833,0.137,0.627,2.8,14,64,5
1856,5,93,104,9672,1.118,0.451,0.611,4.25,366,908,28
1857,4,10,7,70,0.7,0.157,0.6,1.57,11,42,7
1858,1,6,39,234,6.5,0.226,0.705,1.66,53,165,32
1859,3,12,1,12,0.083,1.0,1.0,12.0,12,12,1
1860,3,42,1,42,0.024,1.0,1.0,42.0,42,42,1
1861,3,23,1,23,0.043,1.0,1.0,23.0,23,23,1
1862,2,3,550,1650,183.33,0.329,0.375,27.15,543,619,20
1863,2,1,184,184,184.0,0.967,1.0,44.5,178,184,4
1864,2,1,28,28,28.0,0.536,1.0,3.0,15,28,5
1865,3,12,1,12,0.083,1.0,1.0,12.0,12,12,1
1866,2,8,231,1848,28.875,0.872,0.882,179.0,611,630,9
1867,4,9,4,36,0.444,0.25,0.75,9.0,9,27,1
1868,1,5,11,55,2.2,0.455,1.0,1.67,25,55,15
1869,2,1,15,15,15.0,0.533,1.0,2.0,8,15,4
1870,1,6,45,270,7.5,0.422,0.881,1.73,114,238,66
1871,1,9,42,378,4.667,0.312,0.889,1.97,118,336,60
1872,5,29,32,928,1.103,0.476,0.72,7.25,442,668,61
1873,3,39,1,39,0.026,1.0,1.0,39.0,39,39,1
1874,3,10,1,10,0.1,1.0,1.0,10.0,10,10,1
1875,5,28,31,868,1.107,0.492,0.745,7.49,427,647,57
1876,5,63,79,4977,1.254,0.338,0.345,186.78,681,718,9
1877,2,1,79,79,79.0,0.608,1.0,6.86,48,79,7
1878,1,14,412,5768,29.429,0.179,0.671,1.59,32,869,651
1879,2,3,113,339,37.667,0.357,0.378,30.25,121,128,4
1880,1,6,33,198,5.5,0.52,0.995,2.24,103,197,46
1881,3,8,1,8,0.125,1.0,1.0,8.0,8,8,1
1882,4,6,465,2290,1.52,0.055,0.123,2.69,861,452,925
1883,2,1,35,35,35.0,0.829,1.0,9.67,29,35,3
1884,1,9,256,2304,28.444,0.099,0.446,1.36,227,27,167
1885,5,28,347,4416,2.711,0.399,0.567,13.07,721,163,356
1886,1,6,32,192,5.333,0.292,0.698,1.37,56,134,41
1887,5,63,66,4158,1.048,0.491,0.591,44.37,41,458,46
1888,5,28,32,896,1.143,0.481,0.742,7.43,431,665,58
1889,4,9,6,54,0.667,0.407,0.519,5.5,22,28,4
1890,4,36,43,1548,1.194,0.117,0.183,3.07,181,283,59
1891,1,10,96,960,9.6,0.418,0.886,2.49,401,851,161
1892,2,1,14,14,14.0,1.0,1.0,14.0,14,14,1
1893,3,5,2,10,0.4,0.8,0.8,8.0,8,8,1
1894,1,9,9,81,1.0,0.728,0.889,7.38,59,72,8
1895,3,7,1,7,0.143,1.0,1.0,7.0,7,7,1
1896,2,7,46,322,6.571,0.177,0.304,8.14,57,98,7
1897,3,10,1,10,0.1,1.0,1.0,10.0,10,10,1
1898,5,28,347,4416,2.711,0.399,0.567,13.07,721,163,356
1899,3,22,1,22,0.045,1.0,1.0,22.0,22,22,1
1900,3,37,1,37,0.027,1.0,1.0,37.0,37,37,1
1901,2,1,15,15,15.0,0.733,1.0,3.67,11,15,3
1902,2,1,131,131,131.0,0.977,1.0,64.0,128,131,2
1903,5,78,140,4920,0.787,0.574,0.649,21.52,292,177,664
1904,1,7,53,371,7.571,0.342,0.58,2.4,127,215,53
1905,3,47,1,47,0.021,1.0,1.0,47.0,47,47,1
1906,4,54,48,2592,0.889,0.143,0.264,6.85,370,685,54
1907,1,11,288,3168,26.182,0.248,0.5,2.04,787,584,386
1908,5,28,347,4416,2.711,0.399,0.567,13.07,721,163,356
1909,4,83,277,2991,3.337,0.18,0.365,6.86,138,387,603
1910,4,38,70,2660,1.842,0.059,0.062,19.63,157,165,8
1911,1,7,227,1589,32.429,0.217,0.509,1.6,345,809,215
1912,1,11,24,264,2.182,0.307,0.795,2.08,81,210,39
1913,4,7,24,168,3.429,0.101,0.298,1.89,17,50,9
1914,3,10,1,10,0.1,1.0,1.0,10.0,10,10,1
1915,5,74,471,1954,2.707,0.339,0.433,15.84,820,499,756
1916,2,1,13,13,13.0,0.692,1.0,3.0,9,13,3
1917,2,1,42,42,42.0,0.31,1.0,2.6,13,42,5
1918,5,74,471,1954,2.707,0.339,0.433,15.84,820,499,756
1919,3,66,3,198,0.045,0.657,0.909,2.6,130,180,50
1920,1,9,161,1449,17.889,0.273,0.521,2.41,396,755,164
1921,2,1,193,193,193.0,0.57,1.0,2.97,110,193,37
1922,3,9,1,9,0.111,1.0,1.0,9.0,9,9,1
1923,5,72,96,6912,1.333,0.488,0.582,15.69,374,25,215
1924,3,7,1,7,0.143,1.0,1.0,7.0,7,7,1
1925,4,54,357,9278,6.611,0.324,0.644,6.22,238,422,3
1926,1,9,54,486,6.0,0.391,0.817,1.98,190,397,96
1927,1,7,11,77,1.571,0.364,0.935,1.4,28,72,20
1928,5,78,140,4920,0.787,0.574,0.649,21.52,292,177,664
1929,1,9,52,468,5.778,0.359,0.827,2.4,168,387,70
1930,2,1,159,159,159.0,0.994,1.0,158.0,158,159,1
1931,3,8,1,8,0.125,1.0,1.0,8.0,8,8,1
1932,3,11,2,22,0.182,0.636,0.636,14.0,14,14,1
1933,1,10,83,830,8.3,0.357,0.813,2.28,296,675,130
1934,5,63,79,4977,1.254,0.338,0.345,186.78,681,718,9
1935,5,65,50,3250,0.769,0.454,0.487,245.83,475,582,6
1936,1,8,70,560,8.75,0.298,0.914,1.76,167,512,95
1937,4,36,96,3456,2.667,0.096,0.207,7.7,331,717,43
1938,1,19,130,2470,6.842,0.208,0.65,1.93,514,606,267
1939,3,8,1,8,0.125,1.0,1.0,8.0,8,8,1
1940,1,6,11,66,1.833,0.394,0.955,1.53,26,63,17
1941,4,14,19,266,1.357,0.113,0.504,30.0,30,134,1
1942,5,53,158,4174,1.033,0.587,0.641,46.95,180,491,302
1943,4,29,61,1769,2.103,0.121,0.431,1.78,214,762,120
1944,5,72,96,6912,1.333,0.488,0.582,15.69,374,25,215
1945,5,74,471,1954,2.707,0.339,0.433,15.84,820,499,756
1946,5,29,32,928,1.103,0.432,0.689,6.27,401,639,64
1947,4,17,9,153,0.529,0.209,0.497,1.88,32,76,17
1948,1,10,41,410,4.1,0.463,0.968,2.79,190,397,68
1949,5,86,469,7234,2.522,0.378,0.529,22.29,17,133,481
1950,1,28,32,896,1.143,0.501,0.744,7.02,449,667,64
1951,1,8,12,96,1.5,0.521,0.958,2.5,50,92,20
1952,1,8,8,64,1.0,0.25,0.672,1.6,16,43,10
1953,5,53,158,4174,1.033,0.587,0.641,46.95,180,491,302
1954,3,22,1,22,0.045,1.0,1.0,22.0,22,22,1
1955,2,1,55,55,55.0,0.564,1.0,10.33,31,55,3
1956,1,16,439,7024,27.438,0.384,0.724,5.09,696,84,530
1957,1,12,128,1536,10.667,0.339,0.737,2.91,520,132,179
1958,5,83,149,2367,1.795,0.388,0.472,28.77,804,838,167
1959,5,28,32,896,1.143,0.481,0.742,7.43,431,665,58
1960,5,64,73,4672,1.141,0.403,0.445,72.38,882,77,26
1961,5,63,66,4158,1.048,0.491,0.591,44.37,41,458,46
1962,2,1,9,9,9.0,0.778,1.0,7.0,7,9,1
1963,1,6,14,84,2.333,0.393,0.905,1.57,33,76,21
1964,4,52,48,2496,0.923,0.138,0.248,7.67,345,619,45
1965,2,2,536,1072,268.0,0.568,0.688,24.36,609,737,25
1966,5,32,547,2204,4.144,0.37,0.483,20.66,693,874,292
1967,3,5,2,10,0.4,0.8,0.8,8.0,8,8,1
1968,2,1,75,75,75.0,0.813,1.0,5.55,61,75,11
1969,1,11,64,704,5.818,0.395,0.558,3.35,278,393,83
1970,5,29,32,928,1.103,0.432,0.689,6.27,401,639,64
1971,3,9,1,9,0.111,1.0,1.0,9.0,9,9,1
1972,1,8,107,856,13.375,0.381,0.77,2.4,326,659,136
1973,2,1,87,87,87.0,0.92,1.0,16.0,80,87,5
1974,1,7,61,427,8.714,0.321,0.965,1.78,137,412,77
1975,4,5,9,45,1.8,0.178,0.533,1.6,8,24,5
1976,3,98,3,294,0.031,0.48,0.486,141.0,141,143,1
1977,5,53,158,4174,1.033,0.587,0.641,46.95,180,491,302
1978,2,1,14,14,14.0,0.857,1.0,12.0,12,14,1
1979,3,44,3,132,0.068,0.598,0.841,2.47,79,111,32
1980,1,8,5,40,0.625,0.45,1.0,3.0,18,40,6
1981,3,61,30,7830,0.115,0.063,0.09,2.4,492,701,205
1982,1,12,67,804,5.583,0.376,0.751,2.99,302,604,101
1983,2,1,161,161,161.0,0.41,1.0,1.02,66,161,65
1984,4,9,17,153,1.889,0.144,0.458,3.14,22,70,7
1985,4,54,357,9278,6.611,0.299,0.655,6.4,766,626,901
1986,3,93,4,372,0.043,0.419,0.565,2.89,156,210,54
1987,3,39,1,39,0.026,1.0,1.0,39.0,39,39,1
1988,2,1,20,20,20.0,0.55,1.0,1.38,11,20,8
1989,5,95,93,8835,0.979,0.675,0.902,3.63,966,968,644
1990,5,64,73,4672,1.141,0.403,0.445,72.38,882,77,26
1991,4,6,9,54,1.5,0.148,0.296,4.0,8,16,2
1992,2,6,142,852,23.667,0.115,0.173,6.53,98,147,15
1993,1,7,213,1491,30.429,0.199,0.733,1.25,296,93,237
1994,3,39,1,39,0.026,1.0,1.0,39.0,39,39,1
1995,5,87,137,5619,0.733,0.899,0.991,29.29,25,400,786
1996,2,4,115,460,28.75,0.426,0.487,17.82,196,224,11
1997,2,3,286,858,95.333,0.406,0.427,87.0,348,366,4
1998,1,10,179,1790,17.9,0.2,0.758,1.41,358,356,254
1999,1,7,228,1596,32.571,0.154,0.548,1.4,245,875,175
2000,3,12,2,24,0.167,0.625,0.667,15.0,15,16,1
2001,2,2,50,100,25.0,0.46,0.51,15.33,46,51,3
2002,1,16,309,4944,19.313,0.382,0.549,5.38,890,713,351
2003,4,6,17,102,2.833,0.137,0.627,2.8,14,64,5
2004,3,54,1,54,0.019,1.0,1.0,54.0,54,54,1
2005,2,1,44,44,44.0,0.727,1.0,5.33,32,44,6
2006,3,7,1,7,0.143,1.0,1.0,7.0,7,7,1
2007,3,42,7,294,0.167,0.282,0.432,2.18,83,127,38
2008,1,77,245,8865,3.182,0.445,0.523,32.67,396,871,257
2009,5,32,547,2204,4.144,0.37,0.483,20.66,693,874,292
2010,1,6,96,576,16.0,0.309,0.644,2.44,178,371,73
2011,3,27,4,108,0.148,0.38,0.75,2.56,41,81,16
2012,1,10,119,1190,11.9,0.202,0.842,1.59,240,2,151
2013,4,31,105,3255,3.387,0.224,0.417,5.35,728,358,136
2014,1,8,41,328,5.125,0.424,0.966,2.53,139,317,55
2015,1,8,75,600,9.375,0.328,0.888,1.86,197,533,106
2016,1,5,40,200,8.0,0.44,0.935,1.4,88,187,63
2017,2,1,63,63,63.0,1.0,1.0,63.0,63,63,1
2018,3,9,1,9,0.111,1.0,1.0,9.0,9,9,1
2019,2,3,59,177,19.667,0.475,0.475,84.0,84,84,1
2020,4,81,49,3969,0.605,0.113,0.398,2.26,449,580,199
2021,5,93,104,9672,1.118,0.451,0.611,4.25,366,908,28
2022,4,36,96,3456,2.667,0.096,0.207,7.7,331,717,43
2023,1,9,24,216,2.667,0.213,0.468,1.28,46,101,36
2024,1,11,261,2871,23.727,0.233,0.637,1.75,668,830,381
2025,1,7,33,231,4.714,0.143,0.844,2.36,33,195,14
2026,4,6,5,30,0.833,0.367,1.0,2.2,11,30,5
2027,3,14,2,28,0.143,0.536,0.536,15.0,15,15,1
2028,2,3,537,1611,179.0,0.345,0.405,22.24,556,652,25
2029,4,6,5,30,0.833,0.367,1.0,2.2,11,30,5
2030,2,3,183,549,61.0,0.488,0.577,29.78,268,317,9
2031,2,1,39,39,39.0,0.897,1.0,8.75,35,39,4
2032,2,2,22,44,11.0,0.75,0.75,33.0,33,33,1
2033,3,13,1,13,0.077,1.0,1.0,13.0,13,13,1
2034,4,1,99,9999,0.98,0.14,0.778,2.02,398,780,691
2035,3,94,2,188,0.021,0.516,0.516,97.0,97,97,1
2036,4,4,5,20,1.25,0.35,0.8,2.33,7,16,3
2037,1,9,11,99,1.222,0.253,0.778,1.92,25,77,13
2038,3,8,1,8,0.125,1.0,1.0,8.0,8,8,1
2039,3,12,1,12,0.083,1.0,1.0,12.0,12,12,1
2040,4,6,12,72,2.0,0.139,0.514,1.43,10,37,7
2041,5,93,104,9672,1.118,0.451,0.611,4.25,366,908,28
2042,4,58,167,6386,1.057,0.16,0.276,8.24,213,279,511
2043,4,21,68,1428,3.238,0.052,0.109,5.69,74,156,13
2044,4,25,9,225,0.36,0.187,0.436,2.47,42,98,17
2045,4,49,79,3871,1.612,0.084,0.179,7.36,324,694,44
2046,3,8,1,8,0.125,1.0,1.0,8.0,8,8,1
2047,3,26,1,26,0.038,1.0,1.0,26.0,26,26,1
2048,3,27,4,108,0.148,0.333,0.667,2.57,36,72,14
2049,1,11,104,1144,9.455,0.367,0.747,2.56,420,854,164
2050,2,1,45,45,45.0,0.933,1.0,21.0,42,45,2
2051,5,28,31,868,1.107,0.492,0.745,7.49,427,647,57
2052,5,78,140,4920,0.787,0.574,0.649,21.52,292,177,664
2053,2,1,75,75,75.0,0.813,1.0,5.55,61,75,11
2054,4,33,28,924,0.848,0.098,0.271,5.69,91,250,16
2055,5,28,32,896,1.143,0.462,0.722,7.02,414,647,59
2056,2,25,169,4225,6.76,0.215,0.947,1.57,907,0,579
2057,4,39,70,2730,1.795,0.09,0.255,7.0,245,697,35
2058,4,8,9,72,1.125,0.125,0.319,4.5,9,23,2
2059,5,53,158,4174,1.033,0.587,0.641,46.95,180,491,302
2060,5,28,347,4416,2.711,0.399,0.567,13.07,721,163,356
2061,1,10,272,2720,27.2,0.279,0.789,1.98,758,147,382
2062,3,7,1,7,0.143,1.0,1.0,7.0,7,7,1
2063,2,2,22,44,11.0,0.705,0.864,15.5,31,38,2
2064,3,61,30,7830,0.115,0.063,0.09,2.4,492,701,205
2065,3,8,1,8,0.125,1.0,1.0,8.0,8,8,1
2066,4,38,70,2660,1.842,0.059,0.062,19.63,157,165,8
2067,2,25,300,7500,12.0,0.065,0.071,40.33,484,531,12
2068,5,28,347,4416,2.711,0.399,0.567,13.07,721,163,356
2069,3,17,1,117,0.009,1.0,1.0,117.0,117,117,1
2070,1,9,126,1134,14.0,0.484,0.953,2.83,549,81,194
2071,5,68,135,2680,0.804,0.82,0.904,62.81,591,513,296
2072,4,55,48,2640,0.873,0.142,0.364,4.26,375,960,88
2073,3,12,1,12,0.083,1.0,1.0,12.0,12,12,1
2074,3,11,1,11,0.091,1.0,1.0,11.0,11,11,1
2075,1,3,4,12,1.333,0.917,0.917,11.0,11,11,1
2076,4,83,315,6145,3.795,0.295,0.594,9.21,725,523,839
2077,5,93,104,9672,1.118,0.451,0.611,4.25,366,908,28
2078,1,9,9,81,1.0,0.346,0.877,2.8,28,71,10
2079,2,1,537,537,537.0,1.0,1.0,537.0,537,537,1
2080,2,2,18,36,9.0,0.667,0.694,24.0,24,25,1
2081,5,66,472,8352,2.843,0.359,0.547,17.12,93,821,641
2082,5,28,31,868,1.107,0.492,0.745,7.49,427,647,57
2083,5,74,471,1954,2.707,0.339,0.433,15.84,820,499,756
2084,4,97,198,9006,1.005,0.273,0.332,46.93,654,964,227
2085,5,87,137,5619,0.733,0.899,0.991,29.29,25,400,786
2086,2,1,17,17,17.0,0.824,1.0,4.67,14,17,3
2087,2,2,537,1074,268.5,0.523,0.567,62.44,562,609,9
2088,2,1,28,28,28.0,0.464,1.0,2.17,13,28,6
2089,3,8,1,8,0.125,1.0,1.0,8.0,8,8,1
2090,3,17,1,117,0.009,1.0,1.0,117.0,117,117,1
2091,2,1,22,22,22.0,0.5,1.0,1.83,11,22,6
2092,1,6,13,78,2.167,0.308,0.872,1.6,24,68,15
2093,2,1,117,117,117.0,0.393,1.0,5.75,46,117,8
2094,1,11,27,297,2.455,0.303,0.596,2.43,90,177,37
2095,4,1,99,9999,0.98,0.14,0.778,2.02,398,780,691
2096,5,68,145,4360,0.863,0.798,0.963,13.06,430,457,488
2097,2,7,1,7,0.143,1.0,1.0,7.0,7,7,1
2098,2,1,8,8,8.0,1.0,1.0,8.0,8,8,1
2099,4,37,72,2664,1.946,0.12,0.257,7.64,321,685,42
2100,2,1,52,52,52.0,0.962,1.0,25.0,50,52,2
2101,4,8,1,8,0.125,0.875,1.0,7.0,7,8,1
2102,5,83,149,2367,1.795,0.388,0.472,28.77,804,838,167
2103,4,7,24,168,3.429,0.101,0.298,1.89,17,50,9
2104,2,2,415,830,207.5,0.505,0.578,16.76,419,480,25
2105,5,28,32,896,1.143,0.481,0.742,7.43,431,665,58
2106,1,8,35,280,4.375,0.418,0.929,2.39,117,260,49
2107,1,9,123,1107,13.667,0.39,0.996,2.82,432,103,153
2108,2,2,157,314,78.5,0.506,0.551,26.5,159,173,6
2109,4,6,6,36,1.0,0.194,0.417,3.5,7,15,2
2110,1,6,6,36,1.0,0.417,1.0,1.88,15,36,8
2111,2,2,176,352,88.0,0.528,0.605,31.0,186,213,6
2112,1,8,103,824,12.875,0.425,0.933,2.71,350,769,129
2113,1,10,38,380,3.8,0.397,0.887,2.7,151,337,56
2114,2,2,536,1072,268.0,0.498,0.533,41.08,534,571,13
2115,4,6,5,30,0.833,0.367,1.0,2.2,11,30,5
2116,4,4,7,28,1.75,0.286,1.0,2.0,8,28,4
2117,1,6,96,576,16.0,0.335,0.703,2.44,193,405,79
2118,4,58,167,6386,1.057,0.16,0.276,8.24,213,279,511
2119,1,12,37,444,3.083,0.41,0.748,3.87,182,332,47
2120,3,13,1,13,0.077,1.0,1.0,13.0,13,13,1
2121,2,1,117,117,117.0,0.974,1.0,38.0,114,117,3
2122,1,8,241,1928,30.125,0.119,0.498,1.26,230,960,182
2123,3,17,2,34,0.118,0.706,0.706,24.0,24,24,1
2124,4,8,4,32,0.5,0.438,0.594,7.0,14,19,2
2125,4,83,315,6145,3.795,0.295,0.594,9.21,725,523,839
2126,1,8,17,136,2.125,0.199,0.603,3.0,27,82,9
2127,4,32,350,1200,10.938,0.142,0.402,3.96,588,497,401
2128,5,87,141,6367,0.754,0.415,0.884,4.69,947,301,333
2129,5,63,66,4158,1.048,0.491,0.591,44.37,41,458,46
2130,4,52,461,3972,8.865,0.192,0.248,11.52,607,938,400
2131,1,8,13,104,1.625,0.663,0.817,6.9,69,85,10
2132,4,81,49,3969,0.605,0.113,0.398,2.26,449,580,199
2133,5,68,135,2680,0.804,0.82,0.904,62.81,591,513,296
2134,4,5,7,35,1.4,0.229,0.6,2.67,8,21,3
2135,4,6,17,102,2.833,0.137,0.627,2.8,14,64,5
2136,1,11,9,99,0.818,0.475,0.636,15.67,47,63,3
2137,1,9,56,504,6.222,0.327,0.688,1.94,165,347,85
2138,5,28,32,896,1.143,0.462,0.722,7.02,414,647,59
2139,4,5,7,35,1.4,0.229,0.6,2.67,8,21,3
2140,4,6,5,30,0.833,0.367,1.0,2.2,11,30,5
2141,1,8,3,24,0.375,0.5,0.667,3.0,12,16,4
2142,5,28,347,4416,2.711,0.399,0.567,13.07,721,163,356
2143,5,78,140,4920,0.787,0.574,0.649,21.52,292,177,664
2144,4,7,15,105,2.143,0.114,0.295,2.4,12,31,5
2145,3,8,1,8,0.125,1.0,1.0,8.0,8,8,1
2146,4,6,465,2290,1.52,0.055,0.123,2.69,861,452,925
2147,4,30,60,1800,2.0,0.154,0.457,1.85,278,823,150
2148,1,7,9,63,1.286,0.349,0.746,1.69,22,47,13
2149,5,93,104,9672,1.118,0.451,0.611,4.25,366,908,28
2150,4,8,16,128,2.0,0.156,0.859,5.0,20,110,4
2151,2,1,16,16,16.0,1.0,1.0,16.0,16,16,1
2152,2,1,279,279,279.0,0.964,1.0,38.43,269,279,7
2153,5,28,32,896,1.143,0.481,0.742,7.43,431,665,58
2154,2,1,159,159,159.0,0.994,1.0,158.0,158,159,1
2155,2,1,36,36,36.0,0.722,1.0,8.67,26,36,3
2156,4,83,315,6145,3.795,0.295,0.594,9.21,725,523,839
2157,3,37,1,37,0.027,1.0,1.0,37.0,37,37,1
2158,3,27,1,27,0.037,1.0,1.0,27.0,27,27,1
2159,3,9,1,9,0.111,1.0,1.0,9.0,9,9,1
2160,2,1,71,71,71.0,0.521,1.0,2.31,37,71,16
2161,4,31,105,3255,3.387,0.224,0.417,5.35,728,358,136
2162,2,1,63,63,63.0,0.587,1.0,2.31,37,63,16
2163,4,53,48,2544,0.906,0.181,0.374,4.69,460,951,98
2164,5,87,137,5619,0.733,0.899,0.991,29.29,25,400,786
2165,3,4,11,8844,0.014,0.191,0.233,15.64,689,58,108
2166,3,98,3,294,0.031,0.48,0.486,141.0,141,143,1
2167,1,10,508,5080,50.8,0.131,0.51,1.27,667,593,527
2168,3,4,2,8,0.5,0.875,0.875,7.0,7,7,1
2169,4,53,442,7626,2.889,0.114,0.215,6.27,689,538,227
2170,4,83,277,2991,3.337,0.18,0.365,6.86,138,387,603
2171,4,13,5,65,0.385,0.323,0.554,5.25,21,36,4
2172,1,7,9,63,1.286,0.302,0.841,1.73,19,53,11
2173,2,1,16,16,16.0,1.0,1.0,16.0,16,16,1
2174,5,28,32,896,1.143,0.481,0.742,7.43,431,665,58
2175,5,95,93,8835,0.979,0.675,0.902,3.63,966,968,644
2176,1,8,8,64,1.0,0.344,0.922,1.83,22,59,12
2177,5,53,158,4174,1.033,0.587,0.641,46.95,180,491,302
2178,5,29,31,899,1.069,0.463,0.726,6.93,416,653,60
2179,1,7,36,252,5.143,0.409,0.861,1.84,103,217,56
2180,5,29,31,899,1.069,0.463,0.726,6.93,416,653,60
2181,3,17,1,17,0.059,1.0,1.0,17.0,17,17,1
2182,4,32,106,3392,3.313,0.198,0.395,4.56,671,341,147
2183,3,38,1,38,0.026,1.0,1.0,38.0,38,38,1
2184,3,7,1,7,0.143,1.0,1.0,7.0,7,7,1
2185,3,12,1,12,0.083,1.0,1.0,12.0,12,12,1
2186,4,30,61,1830,2.033,0.157,0.483,1.88,288,884,153
2187,2,2,20,40,10.0,0.775,0.85,31.0,31,34,1
2188,4,53,48,2544,0.906,0.157,0.269,7.84,400,685,51
2189,2,1,8,8,8.0,0.875,1.0,7.0,7,8,1
2190,2,1,51,51,51.0,0.471,1.0,2.4,24,51,10
2191,1,5,4,20,0.8,0.45,0.75,2.25,9,15,4
2192,4,54,48,2592,0.889,0.143,0.264,6.85,370,685,54
2193,1,9,19,171,2.111,0.292,0.76,2.63,50,130,19
2194,1,6,17,102,2.833,0.451,0.745,2.56,46,76,18
2195,1,8,7,56,0.875,0.411,1.0,1.92,23,56,12
2196,5,64,73,4672,1.141,0.403,0.445,72.38,882,77,26
2197,5,29,32,928,1.103,0.432,0.689,6.27,401,639,64
2198,5,64,73,4672,1.141,0.403,0.445,72.38,882,77,26
2199,1,6,59,354,9.833,0.268,0.692,1.27,95,245,75
2200,5,83,149,2367,1.795,0.388,0.472,28.77,804,838,167
2201,1,7,80,560,11.429,0.5,0.848,3.54,280,475,79
2202,2,3,550,1650,183.33,0.339,0.401,15.11,559,662,37
2203,1,9,151,1359,16.778,0.139,0.549,1.17,189,746,162
2204,3,8,1,8,0.125,0.875,1.0,7.0,7,8,1
2205,1,9,73,657,8.111,0.298,0.627,2.55,196,412,77
2206,5,28,31,868,1.107,0.508,0.767,7.47,441,666,59
2207,5,63,66,4158,1.048,0.491,0.591,44.37,41,458,46
2208,3,36,1,136,0.007,0.993,1.0,135.0,135,136,1
2209,5,86,469,7234,2.522,0.378,0.529,22.29,17,133,481
2210,2,1,58,58,58.0,0.845,1.0,9.8,49,58,5
2211,2,1,46,46,46.0,0.239,1.0,1.38,11,46,8
2212,5,72,96,6912,1.333,0.488,0.582,15.69,374,25,215
2213,4,4,7,28,1.75,0.286,1.0,2.0,8,28,4
2214,2,21,2,42,0.095,0.738,0.738,31.0,31,31,1
2215,5,29,31,899,1.069,0.463,0.726,6.93,416,653,60
2216,2,1,14,14,14.0,1.0,1.0,14.0,14,14,1
2217,4,8,16,128,2.0,0.156,0.859,5.0,20,110,4
2218,3,7,2,14,0.286,0.643,0.714,9.0,9,10,1
2219,3,4,2,8,0.5,0.875,0.875,7.0,7,7,1
2220,1,10,29,290,2.9,0.307,0.855,1.85,89,248,48
2221,3,13,1,13,0.077,1.0,1.0,13.0,13,13,1
2222,4,83,326,7058,3.928,0.286,0.671,7.55,741,149,25
2223,1,5,7,35,1.4,0.571,1.0,2.5,20,35,8
2224,1,5,29,145,5.8,0.538,0.89,2.36,78,129,33
2225,5,28,31,868,1.107,0.492,0.745,7.49,427,647,57
2226,1,6,9,54,1.5,0.352,0.87,1.58,19,47,12
2227,3,27,4,108,0.148,0.38,0.75,2.56,41,81,16
2228,2,1,277,277,277.0,0.993,1.0,137.5,275,277,2
2229,3,31,1,31,0.032,1.0,1.0,31.0,31,31,1
2230,5,28,347,4416,2.711,0.399,0.567,13.07,721,163,356
2231,4,8,1,8,0.125,0.875,1.0,7.0,7,8,1
2232,2,1,47,47,47.0,1.0,1.0,47.0,47,47,1
2233,3,44,3,132,0.068,0.598,0.841,2.47,79,111,32
2234,3,17,1,17,0.059,1.0,1.0,17.0,17,17,1
2235,5,87,141,6367,0.754,0.415,0.884,4.69,947,301,333
2236,3,11,1,11,0.091,1.0,1.0,11.0,11,11,1
2237,2,1,85,85,85.0,0.882,1.0,12.5,75,85,6
2238,3,8,1,8,0.125,1.0,1.0,8.0,8,8,1
2239,3,47,1,47,0.021,1.0,1.0,47.0,47,47,1
2240,3,9,1,9,0.111,1.0,1.0,9.0,9,9,1
2241,2,1,47,47,47.0,1.0,1.0,47.0,47,47,1
2242,2,3,116,348,38.667,0.356,0.371,62.0,124,129,2
2243,3,7,1,7,0.143,1.0,1.0,7.0,7,7,1
2244,2,1,63,63,63.0,0.587,1.0,2.31,37,63,16
2245,5,87,141,6367,0.754,0.415,0.884,4.69,947,301,333
2246,4,11,463,3993,1.489,0.088,0.16,3.93,631,92,212
2247,2,1,278,278,278.0,0.946,1.0,29.22,263,278,9
2248,5,29,31,899,1.069,0.463,0.726,6.93,416,653,60
2249,2,2,536,1072,268.0,0.505,0.512,180.33,541,549,3
2250,5,87,141,6367,0.754,0.415,0.884,4.69,947,301,333
2251,5,28,32,896,1.143,0.481,0.742,7.43,431,665,58
2252,4,9,17,153,1.889,0.144,0.458,3.14,22,70,7
2253,3,61,30,7830,0.115,0.063,0.09,2.4,492,701,205
2254,2,2,112,224,56.0,0.496,0.504,55.5,111,113,2
2255,2,3,132,396,44.0,0.505,0.558,20.0,200,221,10
2256,2,3,541,1623,180.33,0.71,0.747,88.62,152,213,13
2257,1,7,15,105,2.143,0.2,0.571,1.5,21,60,14
2258,1,6,4,24,0.667,0.667,1.0,4.0,16,24,4
2259,2,2,537,1074,268.5,0.52,0.621,26.57,558,667,21
2260,2,4,194,776,48.5,0.263,0.273,34.0,204,212,6
2261,3,14,1,14,0.071,1.0,1.0,14.0,14,14,1
2262,1,25,178,4450,7.12,0.49,0.896,7.9,181,988,276
2263,4,91,285,5935,3.132,0.158,0.165,113.89,100,287,36
2264,3,7,1,7,0.143,1.0,1.0,7.0,7,7,1
2265,1,7,13,91,1.857,0.198,0.846,2.25,18,77,8
2266,4,24,18,432,0.75,0.139,0.377,2.07,60,163,29
2267,2,1,47,47,47.0,0.532,1.0,25.0,25,47,1
2268,2,1,186,186,186.0,0.828,1.0,9.06,154,186,17
2269,1,1,104,104,104.0,0.192,1.0,1.05,20,104,19
2270,4,34,25,850,0.735,0.256,0.534,2.06,218,454,106
2271,2,1,20,20,20.0,0.75,1.0,3.0,15,20,5
2272,3,9,1,9,0.111,1.0,1.0,9.0,9,9,1
2273,3,7,1,7,0.143,1.0,1.0,7.0,7,7,1
2274,2,1,379,379,379.0,0.963,1.0,60.83,365,379,6
2275,3,14,2,28,0.143,0.536,0.536,15.0,15,15,1
2276,4,25,9,225,0.36,0.187,0.436,2.47,42,98,17
2277,2,2,415,830,207.5,0.505,0.578,16.76,419,480,25
2278,2,1,278,278,278.0,0.946,1.0,29.22,263,278,9
2279,3,31,1,31,0.032,1.0,1.0,31.0,31,31,1
2280,1,7,15,105,2.143,0.314,1.0,1.57,33,105,21
2281,3,13,1,13,0.077,1.0,1.0,13.0,13,13,1
2282,1,10,336,3360,33.6,0.163,0.623,1.32,549,94,415
2283,1,8,4,32,0.5,0.469,0.719,5.0,15,23,3
2284,5,32,547,2204,4.144,0.37,0.483,20.66,693,874,292
2285,3,4,2,8,0.5,0.875,0.875,7.0,7,7,1
2286,5,74,471,1954,2.707,0.339,0.433,15.84,820,499,756
2287,3,9,1,9,0.111,1.0,1.0,9.0,9,9,1
2288,5,53,158,4174,1.033,0.587,0.641,46.95,180,491,302
2289,3,7,1,7,0.143,1.0,1.0,7.0,7,7,1
2290,4,4,11,44,2.75,0.159,0.932,1.75,7,41,4
2291,5,78,140,4920,0.787,0.574,0.649,21.52,292,177,664
2292,1,7,35,245,5.0,0.453,0.873,2.47,111,214,45
2293,4,17,60,1020,3.529,0.139,0.371,7.1,142,378,20
2294,4,16,4,64,0.25,0.156,0.531,5.0,10,34,2
2295,2,1,8,8,8.0,1.0,1.0,8.0,8,8,1
2296,1,12,72,864,6.0,0.615,0.862,6.4,531,745,83
2297,2,7,14,98,2.0,0.102,0.204,10.0,10,20,1
2298,5,78,140,4920,0.787,0.574,0.649,21.52,292,177,664
2299,4,12,4,48,0.333,0.292,1.0,2.0,14,48,7
2300,5,28,31,868,1.107,0.492,0.745,7.49,427,647,57
2301,3,7,1,7,0.143,1.0,1.0,7.0,7,7,1
2302,3,30,5,2150,0.012,0.216,0.221,46.5,465,475,10
2303,1,7,35,245,5.0,0.445,0.771,2.48,109,189,44
2304,3,53,1,53,0.019,1.0,1.0,53.0,53,53,1
2305,5,28,32,896,1.143,0.462,0.722,7.02,414,647,59
2306,4,29,61,1769,2.103,0.121,0.431,1.78,214,762,120
2307,3,9,1,9,0.111,1.0,1.0,9.0,9,9,1
2308,1,7,521,3647,74.429,0.091,0.386,1.28,333,409,260
2309,2,1,41,41,41.0,0.927,1.0,12.67,38,41,3
2310,5,72,96,6912,1.333,0.488,0.582,15.69,374,25,215
2311,5,29,32,928,1.103,0.476,0.72,7.25,442,668,61
2312,2,1,15,15,15.0,0.867,1.0,13.0,13,15,1
2313,2,1,52,52,52.0,0.538,1.0,14.0,28,52,2
2314,2,2,538,1076,269.0,0.519,0.684,34.88,558,736,16
2315,4,83,314,6062,3.783,0.282,0.619,8.77,353,139,838
2316,4,6,5,30,0.833,0.233,0.633,1.75,7,19,4
2317,2,1,35,35,35.0,0.829,1.0,9.67,29,35,3
2318,2,2,50,100,25.0,0.46,0.51,15.33,46,51,3
2319,5,65,50,3250,0.769,0.454,0.487,245.83,475,582,6
2320,2,1,16,16,16.0,0.938,1.0,15.0,15,16,1
2321,2,1,257,257,257.0,1.0,1.0,257.0,257,257,1
2322,3,31,1,31,0.032,1.0,1.0,31.0,31,31,1
2323,4,53,48,2544,0.906,0.181,0.374,4.69,460,951,98
2324,4,7,24,168,3.429,0.101,0.298,1.89,17,50,9
2325,5,29,32,928,1.103,0.432,0.689,6.27,401,639,64
2326,2,17,342,5814,20.118,0.916,0.996,30.27,328,790,176
2327,1,8,20,160,2.5,0.263,0.613,2.0,42,98,21
2328,1,11,261,2871,23.727,0.231,0.596,1.87,662,711,354
2329,4,24,18,432,0.75,0.139,0.377,2.07,60,163,29
2330,3,4,2,8,0.5,0.875,0.875,7.0,7,7,1
2331,3,26,1,26,0.038,1.0,1.0,26.0,26,26,1
2332,1,11,24,264,2.182,0.307,0.795,2.08,81,210,39
2333,3,4,2,8,0.5,1.0,1.0,8.0,8,8,1
2334,1,10,58,580,5.8,0.3,0.84,2.17,174,487,80
2335,1,6,6,36,1.0,0.528,0.917,3.17,19,33,6
2336,2,2,536,1072,268.0,0.505,0.512,180.33,541,549,3
2337,4,12,464,8368,2.189,0.052,0.07,11.84,66,884,428
2338,1,10,14,140,1.4,0.371,0.886,2.89,52,124,18
2339,2,2,48,96,24.0,0.625,0.677,30.0,60,65,2
2340,1,11,228,2508,20.727,0.282,0.621,2.96,708,558,239
2341,2,1,8,8,8.0,1.0,1.0,8.0,8,8,1
2342,5,28,31,868,1.107,0.492,0.745,7.49,427,647,57
2343,5,68,145,4360,0.863,0.798,0.963,13.06,430,457,488
2344,5,28,32,896,1.143,0.488,0.743,7.05,437,666,62
2345,5,29,31,899,1.069,0.463,0.726,6.93,416,653,60
2346,1,11,71,781,6.455,0.69,0.95,7.0,539,742,77
2347,1,7,24,168,3.429,0.268,0.708,1.61,45,119,28
2348,2,1,34,34,34.0,0.353,1.0,1.71,12,34,7
2349,4,8,16,128,2.0,0.156,0.859,5.0,20,110,4
2350,1,6,189,1134,31.5,0.324,0.83,1.62,367,941,227
2351,1,13,487,6331,37.462,0.247,0.63,2.1,564,988,745
2352,5,29,32,928,1.103,0.432,0.689,6.27,401,639,64
2353,2,3,544,1632,181.33,0.326,0.406,16.12,532,662,33
2354,1,9,39,351,4.333,0.444,0.923,2.74,156,324,57
2355,5,29,31,899,1.069,0.463,0.726,6.93,416,653,60
2356,4,47,286,3442,6.085,0.183,0.317,4.67,459,258,526
2357,2,1,147,147,147.0,0.864,1.0,11.55,127,147,11
2358,5,53,158,4174,1.033,0.587,0.641,46.95,180,491,302
2359,4,7,11,77,1.571,0.117,0.494,1.8,9,38,5
2360,1,9,155,1395,17.222,0.346,0.731,2.44,483,20,198
2361,4,14,19,266,1.357,0.113,0.504,30.0,30,134,1
2362,1,8,12,96,1.5,0.479,1.0,2.19,46,96,21
2363,5,93,104,9672,1.118,0.451,0.611,4.25,366,908,28
2364,2,1,39,39,39.0,0.897,1.0,8.75,35,39,4
2365,2,1,81,81,81.0,0.901,1.0,24.33,73,81,3
2366,1,7,13,91,1.857,0.275,0.824,1.32,25,75,19
2367,5,29,32,928,1.103,0.432,0.689,6.27,401,639,64
2368,3,18,1,18,0.056,1.0,1.0,18.0,18,18,1
2369,2,1,40,40,40.0,1.0,1.0,40.0,40,40,1
2370,1,11,86,946,7.818,0.289,0.701,1.98,273,663,138
2371,5,87,141,6367,0.754,0.415,0.884,4.69,947,301,333
2372,1,11,207,2277,18.818,0.268,0.723,1.84,610,647,332
2373,5,86,469,7234,2.522,0.378,0.529,22.29,17,133,481
2374,2,1,94,94,94.0,0.564,1.0,3.31,53,94,16
2375,3,17,1,117,0.009,1.0,1.0,117.0,117,117,1
2376,5,83,149,2367,1.795,0.388,0.472,28.77,804,838,167
2377,5,87,137,5619,0.733,0.899,0.991,29.29,25,400,786
2378,5,68,135,2680,0.804,0.82,0.904,62.81,591,513,296
2379,2,3,113,339,37.667,0.41,0.472,13.9,139,160,10
2380,1,7,6,42,0.857,0.476,0.881,1.82,20,37,11
2381,1,9,21,189,2.333,0.206,0.778,1.22,39,147,32
2382,4,11,463,3993,1.489,0.088,0.16,3.93,631,92,212
2383,3,9,1,9,0.111,1.0,1.0,9.0,9,9,1
2384,5,74,471,1954,2.707,0.339,0.433,15.84,820,499,756
2385,3,8,1,8,0.125,1.0,1.0,8.0,8,8,1
2386,4,12,146,1752,12.167,0.091,0.128,26.67,160,225,6
2387,2,4,115,460,28.75,0.426,0.487,17.82,196,224,11
2388,2,1,70,70,70.0,0.943,1.0,22.0,66,70,3
2389,5,68,145,4360,0.863,0.798,0.963,13.06,430,457,488
2390,3,8,1,8,0.125,1.0,1.0,8.0,8,8,1
2391,4,4,8,32,2.0,0.344,0.531,5.5,11,17,2
2392,1,12,124,1488,10.333,0.3,0.869,1.96,447,293,228
2393,1,8,92,736,11.5,0.359,0.913,1.75,264,672,151
2394,4,9,6,54,0.667,0.407,0.519,5.5,22,28,4
2395,1,10,258,2580,25.8,0.337,0.648,2.67,869,672,325
2396,4,7,15,105,2.143,0.114,0.295,2.4,12,31,5
2397,1,8,11,88,1.375,0.318,1.0,1.4,28,88,20
2398,5,68,135,2680,0.804,0.82,0.904,62.81,591,513,296
2399,5,28,31,868,1.107,0.492,0.745,7.49,427,647,57
2400,5,32,547,2204,4.144,0.37,0.483,20.66,693,874,292
2401,5,86,469,7234,2.522,0.378,0.529,22.29,17,133,481
2402,2,24,510,2240,21.25,0.846,0.927,38.65,359,341,268
2403,2,2,17,34,8.5,0.588,0.971,6.67,20,33,3
2404,3,9,1,9,0.111,1.0,1.0,9.0,9,9,1
2405,3,1,25,25,25.0,1.0,1.0,25.0,25,25,1
2406,4,83,315,6145,3.795,0.295,0.594,9.21,725,523,839
2407,3,5,2,10,0.4,0.9,0.9,9.0,9,9,1
2408,3,4,2,8,0.5,1.0,1.0,8.0,8,8,1
2409,1,5,21,105,4.2,0.333,0.79,1.46,35,83,24
2410,3,7,2,14,0.286,0.643,0.714,9.0,9,10,1
2411,2,1,36,36,36.0,0.583,1.0,4.2,21,36,5
2412,5,86,469,7234,2.522,0.378,0.529,22.29,17,133,481
2413,5,63,161,6243,0.988,0.523,0.897,8.4,725,547,634
2414,2,1,196,196,196.0,0.98,1.0,64.0,192,196,3
2415,3,7,1,7,0.143,1.0,1.0,7.0,7,7,1
2416,1,9,37,333,4.111,0.538,0.901,2.8,179,300,64
2417,1,8,3,24,0.375,0.5,1.0,3.0,12,24,4
2418,4,48,402,9296,8.375,0.055,0.094,4.13,58,814,256
2419,3,9,1,9,0.111,1.0,1.0,9.0,9,9,1
2420,3,76,1,76,0.013,1.0,1.0,76.0,76,76,1
2421,5,86,469,7234,2.522,0.378,0.529,22.29,17,133,481
2422,2,1,41,41,41.0,0.78,1.0,4.57,32,41,7
2423,5,28,32,896,1.143,0.462,0.722,7.02,414,647,59
2424,2,2,538,1076,269.0,0.518,0.596,29.32,557,641,19
2425,1,7,36,252,5.143,0.456,0.98,2.05,115,247,56
2426,4,13,8,104,0.615,0.154,0.769,1.07,16,80,15
2427,3,20,1,20,0.05,1.0,1.0,20.0,20,20,1
2428,1,13,104,1352,8.0,0.198,0.639,3.44,268,864,78
2429,4,68,34,2312,0.5,0.224,0.526,2.44,519,215,213
2430,2,1,39,39,39.0,0.308,1.0,1.71,12,39,7
2431,2,2,157,314,78.5,0.506,0.551,26.5,159,173,6
2432,3,26,1,26,0.038,1.0,1.0,26.0,26,26,1
2433,4,38,70,2660,1.842,0.059,0.062,19.63,157,165,8
2434,3,19,2,38,0.105,0.816,0.816,31.0,31,31,1
2435,2,1,29,29,29.0,0.586,1.0,2.13,17,29,8
2436,1,9,82,738,9.111,0.335,0.73,2.47,247,539,100
2437,5,93,104,9672,1.118,0.451,0.611,4.25,366,908,28
2438,3,7,1,7,0.143,1.0,1.0,7.0,7,7,1
2439,5,63,161,6243,0.988,0.523,0.897,8.4,725,547,634
2440,5,29,32,928,1.103,0.476,0.72,7.25,442,668,61
2441,5,68,145,4360,0.863,0.798,0.963,13.06,430,457,488
2442,3,23,1,23,0.043,1.0,1.0,23.0,23,23,1
2443,2,28,330,9240,11.786,0.057,0.066,31.0,527,614,17
2444,3,54,1,54,0.019,1.0,1.0,54.0,54,54,1
2445,5,95,93,8835,0.979,0.675,0.902,3.63,966,968,644
2446,1,28,45,1260,1.607,0.368,0.54,7.86,464,680,59
2447,5,87,137,5619,0.733,0.899,0.991,29.29,25,400,786
2448,2,2,32,64,16.0,0.516,0.531,33.0,33,34,1
2449,5,28,31,868,1.107,0.508,0.767,7.47,441,666,59
2450,3,10,1,10,0.1,1.0,1.0,10.0,10,10,1
2451,1,25,198,4950,7.92,0.869,0.932,15.94,304,611,270
2452,4,13,5,65,0.385,0.123,0.538,8.0,8,35,1
2453,1,5,14,70,2.8,0.386,0.857,1.69,27,60,16
2454,4,36,43,1548,1.194,0.117,0.183,3.07,181,283,59
2455,2,2,199,398,99.5,0.485,0.508,32.17,193,202,6
2456,3,5,2,210,0.019,0.529,0.533,111.0,111,112,1
2457,4,52,461,3972,8.865,0.192,0.248,11.52,607,938,400
2458,4,6,9,54,1.5,0.148,0.296,4.0,8,16,2
2459,1,7,29,203,4.143,0.286,0.67,1.71,58,136,34
2460,4,31,71,2201,2.29,0.159,0.296,10.29,350,651,34
2461,2,4,115,460,28.75,0.426,0.487,17.82,196,224,11
2462,5,53,158,4174,1.033,0.587,0.641,46.95,180,491,302
2463,3,76,1,76,0.013,1.0,1.0,76.0,76,76,1
2464,1,6,32,192,5.333,0.286,0.891,1.41,55,171,39
2465,2,1,63,63,63.0,0.952,1.0,20.0,60,63,3
2466,5,28,32,896,1.143,0.462,0.722,7.02,414,647,59
2467,5,65,50,3250,0.769,0.454,0.487,245.83,475,582,6
2468,3,32,1,32,0.031,1.0,1.0,32.0,32,32,1
2469,4,83,315,6145,3.795,0.295,0.594,9.21,725,523,839
2470,4,52,461,3972,8.865,0.192,0.248,11.52,607,938,400
2471,1,14,234,3276,16.714,0.383,0.634,4.2,256,77,299
2472,4,6,6,36,1.0,0.194,0.417,3.5,7,15,2
2473,2,1,18,18,18.0,0.944,1.0,17.0,17,18,1
2474,1,10,126,1260,12.6,0.425,0.862,2.68,536,86,200
2475,4,31,71,2201,2.29,0.159,0.296,10.29,350,651,34
2476,1,26,412,712,15.846,0.32,0.664,3.0,424,118,142
2477,5,93,104,9672,1.118,0.451,0.611,4.25,366,908,28
2478,3,14,2,28,0.143,0.536,0.536,15.0,15,15,1
2479,2,1,19,19,19.0,0.684,1.0,4.33,13,19,3
2480,5,63,161,6243,0.988,0.523,0.897,8.4,725,547,634
2481,1,7,5,35,0.714,0.2,0.429,7.0,7,15,1
2482,2,3,113,339,37.667,0.357,0.378,30.25,121,128,4
2483,1,7,37,259,5.286,0.521,0.954,3.14,135,247,43
2484,1,7,59,413,8.429,0.242,0.685,1.79,100,283,56
2485,4,81,49,3969,0.605,0.113,0.398,2.26,449,580,199
2486,4,97,198,9006,1.005,0.273,0.332,46.93,654,964,227
2487,1,7,23,161,3.286,0.373,0.851,1.71,60,137,35
2488,2,1,147,147,147.0,0.864,1.0,11.55,127,147,11
2489,4,11,463,3993,1.489,0.088,0.16,3.93,631,92,212
2490,1,7,100,700,14.286,0.294,0.633,1.67,206,443,123
2491,5,29,32,928,1.103,0.476,0.72,7.25,442,668,61
2492,2,3,550,1650,183.33,0.339,0.401,15.11,559,662,37
2493,3,38,1,38,0.026,1.0,1.0,38.0,38,38,1
2494,5,83,149,2367,1.795,0.388,0.472,28.77,804,838,167
2495,4,14,19,266,1.357,0.113,0.504,30.0,30,134,1
2496,5,63,79,4977,1.254,0.338,0.345,186.78,681,718,9
2497,5,87,137,5619,0.733,0.899,0.991,29.29,25,400,786
2498,5,87,141,6367,0.754,0.415,0.884,4.69,947,301,333
2499,2,1,42,42,42.0,0.31,1.0,2.6,13,42,5
2500,4,30,61,1830,2.033,0.157,0.483,1.88,288,884,153
2501,4,6,17,102,2.833,0.137,0.627,2.8,14,64,5
2502,4,83,314,6062,3.783,0.282,0.619,8.77,353,139,838
2503,4,91,285,5935,3.132,0.158,0.165,113.89,100,287,36
2504,5,66,472,8352,2.843,0.359,0.547,17.12,93,821,641
2505,4,22,22,484,1.0,0.107,0.473,1.79,52,229,29
2506,1,5,4,20,0.8,0.5,0.8,10.0,10,16,1
2507,5,28,31,868,1.107,0.492,0.745,7.49,427,647,57
2508,4,47,286,3442,6.085,0.183,0.317,4.67,459,258,526
2509,3,9,1,9,0.111,1.0,1.0,9.0,9,9,1
2510,1,10,262,2620,26.2,0.274,0.757,1.8,719,984,399
2511,3,93,4,372,0.043,0.419,0.565,2.89,156,210,54
2512,3,8,1,8,0.125,1.0,1.0,8.0,8,8,1
2513,2,1,14,14,14.0,0.5,1.0,2.33,7,14,3
2514,4,30,60,1800,2.0,0.154,0.457,1.85,278,823,150
2515,3,13,1,13,0.077,1.0,1.0,13.0,13,13,1
2516,3,69,3,207,0.043,0.643,0.952,2.08,133,197,64
2517,2,2,22,44,11.0,0.705,0.864,15.5,31,38,2
2518,2,1,19,19,19.0,0.632,1.0,4.0,12,19,3
2519,2,2,116,232,58.0,0.616,0.802,17.88,143,186,8
2520,5,93,104,9672,1.118,0.451,0.611,4.25,366,908,28
2521,4,39,70,2730,1.795,0.09,0.255,7.0,245,697,35
2522,1,7,29,203,4.143,0.36,0.936,1.4,73,190,52
2523,1,10,77,770,7.7,0.469,0.905,2.64,361,697,137
2524,3,10,1,10,0.1,1.0,1.0,10.0,10,10,1
2525,4,5,4,20,0.8,0.45,0.65,4.5,9,13,2
2526,1,7,33,231,4.714,0.368,0.896,1.57,85,207,54
2527,4,8,4,32,0.5,0.438,0.594,7.0,14,19,2
2528,1,14,370,5180,26.429,0.175,0.648,1.64,907,357,554
2529,3,4,2,8,0.5,1.0,1.0,8.0,8,8,1
2530,3,9,1,9,0.111,1.0,1.0,9.0,9,9,1
2531,4,4,463,752,1.523,0.063,0.121,3.91,898,81,273
2532,4,54,357,9278,6.611,0.324,0.644,6.22,238,422,3
2533,5,65,50,3250,0.769,0.454,0.487,245.83,475,582,6
2534,3,14,1,14,0.071,1.0,1.0,14.0,14,14,1
2535,3,18,1,18,0.056,1.0,1.0,18.0,18,18,1
2536,2,1,17,17,17.0,0.824,1.0,4.67,14,17,3
2537,4,6,5,30,0.833,0.367,1.0,2.2,11,30,5
2538,1,13,121,1573,9.308,0.376,0.69,3.72,591,86,159
2539,5,83,149,2367,1.795,0.388,0.472,28.77,804,838,167
2540,5,65,50,3250,0.769,0.454,0.487,245.83,475,582,6
2541,1,8,45,360,5.625,0.156,0.725,1.87,56,261,30
2542,1,7,27,189,3.857,0.238,0.741,2.81,45,140,16
2543,5,63,161,6243,0.988,0.523,0.897,8.4,725,547,634
2544,3,7,1,7,0.143,1.0,1.0,7.0,7,7,1
2545,4,48,402,9296,8.375,0.055,0.094,4.13,58,814,256
2546,4,54,48,2592,0.889,0.143,0.264,6.85,370,685,54
2547,4,31,105,3255,3.387,0.224,0.417,5.35,728,358,136
2548,2,3,536,1608,178.67,0.341,0.353,61.0,549,567,9
2549,3,19,2,38,0.105,0.816,0.816,31.0,31,31,1
2550,1,10,12,120,1.2,0.225,0.558,2.7,27,67,10
2551,2,2,537,1074,268.5,0.621,0.747,16.68,667,802,40
2552,5,63,66,4158,1.048,0.491,0.591,44.37,41,458,46
2553,1,7,18,126,2.571,0.262,0.873,1.94,33,110,17
2554,4,8,16,128,2.0,0.156,0.859,5.0,20,110,4
2555,2,1,11,11,11.0,0.909,1.0,10.0,10,11,1
2556,1,9,194,1746,21.556,0.191,0.691,1.4,333,207,238
2557,2,1,10,10,10.0,1.0,1.0,10.0,10,10,1
2558,4,11,48,528,4.364,0.237,0.39,7.35,125,206,17
2559,1,9,535,4815,59.444,0.157,0.594,1.23,757,861,617
2560,3,54,1,54,0.019,1.0,1.0,54.0,54,54,1
2561,1,6,4,24,0.667,0.417,0.583,5.0,10,14,2
2562,5,29,32,928,1.103,0.432,0.689,6.27,401,639,64
2563,4,48,402,9296,8.375,0.055,0.094,4.13,58,814,256
2564,2,2,22,44,11.0,0.75,0.75,33.0,33,33,1
2565,4,4,5,20,1.25,0.35,0.8,2.33,7,16,3
2566,3,36,1,136,0.007,0.993,1.0,135.0,135,136,1
2567,4,21,68,1428,3.238,0.052,0.109,5.69,74,156,13
2568,4,7,9,63,1.286,0.143,0.238,9.0,9,15,1
2569,1,10,100,1000,10.0,0.444,0.924,2.64,444,924,168
2570,2,1,63,63,63.0,0.587,1.0,2.31,37,63,16
2571,5,86,469,7234,2.522,0.378,0.529,22.29,17,133,481
2572,2,1,184,184,184.0,0.967,1.0,44.5,178,184,4
2573,1,8,62,496,7.75,0.361,0.877,3.03,179,435,59
2574,1,7,7,49,1.0,0.327,0.898,2.29,16,44,7
2575,4,52,461,3972,8.865,0.192,0.248,11.52,607,938,400
2576,5,63,66,4158,1.048,0.491,0.591,44.37,41,458,46
2577,5,28,31,868,1.107,0.492,0.745,7.49,427,647,57
2578,3,38,1,38,0.026,1.0,1.0,38.0,38,38,1
2579,3,11,1,11,0.091,1.0,1.0,11.0,11,11,1
2580,5,29,32,928,1.103,0.476,0.72,7.25,442,668,61
2581,5,29,32,928,1.103,0.476,0.72,7.25,442,668,61
2582,4,30,61,1830,2.033,0.157,0.483,1.88,288,884,153
2583,5,78,140,4920,0.787,0.574,0.649,21.52,292,177,664
2584,2,1,36,36,36.0,0.306,1.0,1.83,11,36,6
2585,1,3,90,270,30.0,0.511,0.907,2.34,138,245,59
2586,1,11,13,143,1.182,0.42,0.979,2.22,60,140,27
2587,3,32,1,32,0.031,1.0,1.0,32.0,32,32,1
2588,4,21,4,84,0.19,0.31,0.643,3.71,26,54,7
2589,3,10,1,10,0.1,1.0,1.0,10.0,10,10,1
2590,3,12,2,24,0.167,0.625,0.667,15.0,15,16,1
2591,2,2,98,196,49.0,0.48,0.653,9.4,94,128,10
2592,2,1,199,199,199.0,0.99,1.0,197.0,197,199,1
2593,2,1,16,16,16.0,1.0,1.0,16.0,16,16,1
2594,4,54,48,2592,0.889,0.143,0.264,6.85,370,685,54
2595,3,9,1,9,0.111,1.0,1.0,9.0,9,9,1
2596,3,31,1,31,0.032,1.0,1.0,31.0,31,31,1
2597,5,28,31,868,1.107,0.492,0.745,7.49,427,647,57
2598,5,65,50,3250,0.769,0.454,0.487,245.83,475,582,6
2599,2,1,52,52,52.0,0.538,1.0,14.0,28,52,2
2600,3,66,3,198,0.045,0.657,0.909,2.6,130,180,50
2601,2,2,538,1076,269.0,0.518,0.596,29.32,557,641,19
2602,5,65,50,3250,0.769,0.454,0.487,245.83,475,582,6
2603,2,1,18,18,18.0,0.944,1.0,17.0,17,18,1
2604,3,19,2,38,0.105,0.816,0.816,31.0,31,31,1
2605,5,28,347,4416,2.711,0.399,0.567,13.07,721,163,356
2606,2,1,52,52,52.0,0.981,1.0,51.0,51,52,1
2607,1,7,36,252,5.143,0.456,0.98,2.05,115,247,56
2608,4,54,357,9278,6.611,0.324,0.644,6.22,238,422,3
2609,4,58,167,6386,1.057,0.16,0.276,8.24,213,279,511
2610,2,1,29,29,29.0,0.931,1.0,13.5,27,29,2
2611,1,8,114,912,14.25,0.116,0.408,1.45,106,372,73
2612,2,1,107,107,107.0,0.869,1.0,18.6,93,107,5
2613,3,9,1,9,0.111,1.0,1.0,9.0,9,9,1
2614,5,63,161,6243,0.988,0.523,0.897,8.4,725,547,634
2615,4,4,5,20,1.25,0.35,0.8,2.33,7,16,3
2616,2,1,30,30,30.0,0.4,1.0,2.4,12,30,5
2617,1,7,193,1351,27.571,0.206,0.813,1.37,278,99,203
2618,1,9,53,477,5.889,0.335,0.602,2.42,160,287,66
2619,1,12,257,3084,21.417,0.283,0.615,3.0,872,898,291
2620,3,26,1,26,0.038,1.0,1.0,26.0,26,26,1
2621,1,11,100,1100,9.091,0.473,0.882,3.29,520,970,158
2622,5,87,141,6367,0.754,0.415,0.884,4.69,947,301,333
2623,4,6,6,36,1.0,0.194,0.417,3.5,7,15,2
2624,2,3,544,1632,181.33,0.326,0.406,16.12,532,662,33
2625,3,8,1,8,0.125,1.0,1.0,8.0,8,8,1
2626,1,8,271,2168,33.875,0.314,0.819,1.82,681,775,375
2627,4,11,48,528,4.364,0.237,0.39,7.35,125,206,17
2628,1,7,48,336,6.857,0.268,0.652,1.61,90,219,56
2629,1,24,117,2808,4.875,0.347,0.729,2.88,975,48,338
2630,3,61,30,7830,0.115,0.063,0.09,2.4,492,701,205
2631,1,9,63,567,7.0,0.289,0.778,1.98,164,441,83
2632,3,93,4,372,0.043,0.419,0.565,2.89,156,210,54
2633,2,1,277,277,277.0,0.993,1.0,137.5,275,277,2
2634,5,68,145,4360,0.863,0.798,0.963,13.06,430,457,488
2635,5,65,50,3250,0.769,0.454,0.487,245.83,475,582,6
2636,5,86,469,7234,2.522,0.378,0.529,22.29,17,133,481
2637,2,1,65,65,65.0,0.646,1.0,3.0,42,65,14
2638,5,28,32,896,1.143,0.481,0.742,7.43,431,665,58
2639,1,8,19,152,2.375,0.401,0.98,1.97,61,149,31
2640,1,8,18,144,2.25,0.438,0.979,2.74,63,141,23
2641,3,42,7,294,0.167,0.282,0.432,2.18,83,127,38
2642,3,66,3,198,0.045,0.657,0.909,2.6,130,180,50
2643,4,8,1,8,0.125,0.875,1.0,7.0,7,8,1
2644,5,29,32,928,1.103,0.432,0.689,6.27,401,639,64
2645,4,8,16,128,2.0,0.156,0.859,5.0,20,110,4
2646,2,1,8,8,8.0,1.0,1.0,8.0,8,8,1
2647,4,7,24,168,3.429,0.101,0.298,1.89,17,50,9
2648,4,81,49,3969,0.605,0.113,0.398,2.26,449,580,199
2649,5,86,469,7234,2.522,0.378,0.529,22.29,17,133,481
2650,3,11,2,22,0.182,0.636,0.636,14.0,14,14,1
2651,2,3,550,1650,183.33,0.329,0.375,27.15,543,619,20
2652,2,1,138,138,138.0,1.0,1.0,138.0,138,138,1
2653,1,7,14,98,2.0,0.327,0.939,1.88,32,92,17
2654,5,28,31,868,1.107,0.508,0.767,7.47,441,666,59
2655,2,1,15,15,15.0,0.867,1.0,13.0,13,15,1
2656,4,25,9,225,0.36,0.187,0.436,2.47,42,98,17
2657,1,7,7,49,1.0,0.327,1.0,1.33,16,49,12
2658,4,36,43,1548,1.194,0.117,0.183,3.07,181,283,59
2659,2,1,14,14,14.0,0.929,1.0,13.0,13,14,1
2660,2,4,194,776,48.5,0.263,0.273,34.0,204,212,6
2661,4,11,48,528,4.364,0.237,0.39,7.35,125,206,17
2662,1,10,32,320,3.2,0.338,0.816,1.83,108,261,59
2663,3,36,1,136,0.007,0.993,1.0,135.0,135,136,1
2664,2,1,186,186,186.0,0.828,1.0,9.06,154,186,17
2665,4,4,5,20,1.25,0.35,0.8,2.33,7,16,3
2666,5,28,347,4416,2.711,0.399,0.567,13.07,721,163,356
2667,1,10,11,110,1.1,0.427,1.0,1.52,47,110,31
2668,3,5,2,10,0.4,0.8,0.8,8.0,8,8,1
2669,5,86,469,7234,2.522,0.378,0.529,22.29,17,133,481
2670,1,10,18,180,1.8,0.522,0.772,8.55,94,139,11
2671,1,8,62,496,7.75,0.308,0.948,1.91,153,470,80
2672,3,17,2,34,0.118,0.706,0.706,24.0,24,24,1
2673,4,20,39,780,1.95,0.14,0.405,3.21,109,316,34
2674,4,9,17,153,1.889,0.144,0.458,3.14,22,70,7
2675,4,14,17,238,1.214,0.113,0.387,1.8,27,92,15
2676,2,1,32,32,32.0,0.469,1.0,1.88,15,32,8
2677,5,74,471,1954,2.707,0.339,0.433,15.84,820,499,756
2678,1,9,88,792,9.778,0.263,0.726,1.59,208,575,131
2679,1,9,15,135,1.667,0.244,0.83,1.57,33,112,21
2680,2,2,535,1070,267.5,0.564,0.614,40.2,603,657,15
2681,2,1,29,29,29.0,0.586,1.0,2.13,17,29,8
2682,2,1,107,107,107.0,0.869,1.0,18.6,93,107,5
2683,1,9,44,396,4.889,0.341,0.677,2.55,135,268,53
2684,2,1,44,44,44.0,0.25,1.0,2.2,11,44,5
2685,1,24,471,1304,19.625,0.474,0.921,7.9,363,409,679
2686,4,54,357,9278,6.611,0.324,0.644,6.22,238,422,3
2687,5,32,547,2204,4.144,0.37,0.483,20.66,693,874,292
2688,1,10,38,380,3.8,0.432,0.939,2.78,164,357,59
2689,5,66,472,8352,2.843,0.359,0.547,17.12,93,821,641
2690,2,1,14,14,14.0,1.0,1.0,14.0,14,14,1
2691,1,12,71,852,5.917,0.481,0.757,5.86,410,645,70
2692,1,7,112,784,16.0,0.168,0.667,1.25,132,523,106
2693,3,44,3,132,0.068,0.598,0.841,2.47,79,111,32
2694,4,12,4,48,0.333,0.292,1.0,2.0,14,48,7
2695,4,21,68,1428,3.238,0.052,0.109,5.69,74,156,13
2696,3,9,1,9,0.111,1.0,1.0,9.0,9,9,1
2697,1,8,6,48,0.75,0.375,0.896,1.8,18,43,10
2698,1,12,117,1404,9.75,0.251,0.635,1.86,353,891,190
2699,5,53,158,4174,1.033,0.587,0.641,46.95,180,491,302
2700,1,7,40,280,5.714,0.186,0.754,2.26,52,211,23
2701,2,1,187,187,187.0,0.963,1.0,25.71,180,187,7
2702,4,17,9,153,0.529,0.209,0.497,1.88,32,76,17
2703,3,27,4,108,0.148,0.38,0.75,2.56,41,81,16
2704,1,9,20,180,2.222,0.55,0.783,8.25,99,141,12
2705,3,5,2,10,0.4,0.7,0.7,7.0,7,7,1
2706,4,91,285,5935,3.132,0.158,0.165,113.89,100,287,36
2707,2,1,8,8,8.0,1.0,1.0,8.0,8,8,1
2708,2,1,26,26,26.0,1.0,1.0,26.0,26,26,1
2709,2,1,19,19,19.0,0.632,1.0,4.0,12,19,3
2710,5,65,50,3250,0.769,0.454,0.487,245.83,475,582,6
2711,1,8,193,1544,24.125,0.4,0.829,2.51,617,280,246
2712,3,9,1,9,0.111,1.0,1.0,9.0,9,9,1
2713,1,7,207,1449,29.571,0.249,0.771,1.29,361,117,279
2714,3,4,2,8,0.5,0.875,0.875,7.0,7,7,1
2715,1,7,211,1477,30.143,0.257,0.653,1.7,380,965,223
2716,3,14,1,14,0.071,1.0,1.0,14.0,14,14,1
2717,2,2,535,1070,267.5,0.648,0.92,11.75,693,984,59
2718,3,8,1,8,0.125,1.0,1.0,8.0,8,8,1
2719,2,1,379,379,379.0,0.963,1.0,60.83,365,379,6
2720,2,1,81,81,81.0,0.901,1.0,24.33,73,81,3
2721,2,2,536,1072,268.0,0.532,0.558,30.0,570,598,19
2722,3,7,2,14,0.286,0.643,0.714,9.0,9,10,1
2723,3,13,1,13,0.077,1.0,1.0,13.0,13,13,1
2724,5,65,50,3250,0.769,0.454,0.487,245.83,475,582,6
2725,2,1,15,15,15.0,0.867,1.0,6.5,13,15,2
2726,1,10,29,290,2.9,0.383,0.834,2.47,111,242,45
2727,5,63,66,4158,1.048,0.491,0.591,44.37,41,458,46
2728,1,5,53,265,10.6,0.223,0.611,1.28,59,162,46
2729,2,4,524,2096,131.0,0.542,0.603,40.57,136,264,28
2730,1,7,4,28,0.571,0.25,0.893,1.75,7,25,4
2731,2,3,116,348,38.667,0.385,0.494,33.5,134,172,4
2732,1,7,39,273,5.571,0.293,0.733,1.43,80,200,56
2733,4,47,286,3442,6.085,0.183,0.317,4.67,459,258,526
2734,5,28,31,868,1.107,0.492,0.745,7.49,427,647,57
2735,2,3,59,177,19.667,0.475,0.475,84.0,84,84,1
2736,5,95,93,8835,0.979,0.675,0.902,3.63,966,968,644
2737,3,25,1,25,0.04,1.0,1.0,25.0,25,25,1
2738,3,17,1,117,0.009,1.0,1.0,117.0,117,117,1
2739,5,68,135,2680,0.804,0.82,0.904,62.81,591,513,296
2740,3,5,2,10,0.4,0.9,0.9,9.0,9,9,1
2741,4,24,18,432,0.75,0.139,0.377,2.07,60,163,29
2742,1,9,75,675,8.333,0.369,0.936,2.09,249,632,119
2743,3,4,2,8,0.5,0.875,0.875,7.0,7,7,1
2744,5,66,472,8352,2.843,0.359,0.547,17.12,93,821,641
2745,2,1,28,28,28.0,0.464,1.0,2.17,13,28,6
2746,4,29,61,1769,2.103,0.121,0.431,1.78,214,762,120
2747,4,48,402,9296,8.375,0.055,0.094,4.13,58,814,256
2748,3,14,1,14,0.071,1.0,1.0,14.0,14,14,1
2749,3,94,2,188,0.021,0.516,0.516,97.0,97,97,1
2750,3,14,1,14,0.071,1.0,1.0,14.0,14,14,1
2751,4,53,442,7626,2.889,0.114,0.215,6.27,689,538,227
2752,1,10,53,530,5.3,0.215,0.781,1.44,114,414,79
2753,4,97,198,9006,1.005,0.273,0.332,46.93,654,964,227
2754,5,95,93,8835,0.979,0.675,0.902,3.63,966,968,644
2755,4,14,19,266,1.357,0.128,0.541,2.83,34,144,12
2756,3,93,4,372,0.043,0.419,0.565,2.89,156,210,54
2757,1,8,25,200,3.125,0.415,1.0,1.89,83,200,44
2758,5,53,158,4174,1.033,0.587,0.641,46.95,180,491,302
2759,5,29,31,899,1.069,0.463,0.726,6.93,416,653,60
2760,5,66,472,8352,2.843,0.359,0.547,17.12,93,821,641
2761,4,13,8,104,0.615,0.154,0.769,1.07,16,80,15
2762,2,2,22,44,11.0,0.705,0.864,15.5,31,38,2
2763,2,1,11,11,11.0,1.0,1.0,11.0,11,11,1
2764,3,11,1,11,0.091,1.0,1.0,11.0,11,11,1
2765,2,2,18,36,9.0,0.667,0.694,24.0,24,25,1
2766,4,5,4,20,0.8,0.45,0.65,4.5,9,13,2
2767,4,54,357,9278,6.611,0.299,0.655,6.4,766,626,901
2768,1,10,96,960,9.6,0.418,0.886,2.49,401,851,161
2769,1,8,11,88,1.375,0.443,1.0,1.63,39,88,24
2770,5,63,161,6243,0.988,0.523,0.897,8.4,725,547,634
2771,2,3,536,1608,178.67,0.341,0.353,61.0,549,567,9
2772,4,31,105,3255,3.387,0.224,0.417,5.35,728,358,136
2773,3,8,1,8,0.125,1.0,1.0,8.0,8,8,1
2774,3,17,1,17,0.059,1.0,1.0,17.0,17,17,1
2775,3,26,1,26,0.038,1.0,1.0,26.0,26,26,1
2776,3,7,1,7,0.143,1.0,1.0,7.0,7,7,1
2777,4,9,4,36,0.444,0.25,0.75,9.0,9,27,1
2778,5,93,104,9672,1.118,0.451,0.611,4.25,366,908,28
2779,5,74,471,1954,2.707,0.339,0.433,15.84,820,499,756
2780,3,31,1,31,0.032,1.0,1.0,31.0,31,31,1
2781,3,4,11,8844,0.014,0.191,0.233,15.64,689,58,108
2782,3,18,1,18,0.056,1.0,1.0,18.0,18,18,1
2783,1,11,8,88,0.727,0.545,1.0,3.2,48,88,15
2784,5,29,32,928,1.103,0.476,0.72,7.25,442,668,61
2785,3,22,1,22,0.045,1.0,1.0,22.0,22,22,1
2786,3,37,1,37,0.027,1.0,1.0,37.0,37,37,1
2787,2,1,15,15,15.0,0.533,1.0,2.0,8,15,4
2788,3,39,1,39,0.026,1.0,1.0,39.0,39,39,1
2789,2,1,15,15,15.0,0.533,1.0,2.0,8,15,4
2790,5,68,145,4360,0.863,0.798,0.963,13.06,430,457,488
2791,2,1,17,17,17.0,0.941,1.0,16.0,16,17,1
2792,2,2,14,28,7.0,0.286,0.821,8.0,8,23,1
2793,3,14,1,14,0.071,1.0,1.0,14.0,14,14,1
2794,5,29,31,899,1.069,0.463,0.726,6.93,416,653,60
2795,5,53,158,4174,1.033,0.587,0.641,46.95,180,491,302
2796,1,9,19,171,2.111,0.655,0.871,8.62,112,149,13
2797,2,1,9,9,9.0,0.889,1.0,8.0,8,9,1
2798,3,10,1,10,0.1,1.0,1.0,10.0,10,10,1
2799,4,5,3,15,0.6,0.467,0.6,3.5,7,9,2
2800,4,9,4,36,0.444,0.25,0.75,9.0,9,27,1
2801,4,5,9,45,1.8,0.178,0.533,1.6,8,24,5
2802,2,2,52,104,26.0,0.231,0.529,1.5,24,55,16
2803,3,14,1,14,0.071,1.0,1.0,14.0,14,14,1
2804,4,86,67,5762,0.779,0.164,0.935,2.37,947,386,399
2805,3,7,1,7,0.143,1.0,1.0,7.0,7,7,1
2806,2,1,16,16,16.0,0.938,1.0,15.0,15,16,1
2807,5,63,79,4977,1.254,0.338,0.345,186.78,681,718,9
2808,1,8,22,176,2.75,0.324,0.909,1.78,57,160,32
2809,1,10,511,5110,51.1,0.141,0.529,1.3,721,701,555
2810,5,72,96,6912,1.333,0.488,0.582,15.69,374,25,215
2811,4,6,465,2290,1.52,0.055,0.123,2.69,861,452,925
2812,4,38,70,2660,1.842,0.059,0.062,19.63,157,165,8
2813,1,8,11,88,1.375,0.477,0.966,2.0,42,85,21
2814,4,36,172,6192,4.778,0.128,0.337,4.84,793,86,164
2815,2,1,33,33,33.0,1.0,1.0,33.0,33,33,1
2816,5,29,31,899,1.069,0.463,0.726,6.93,416,653,60
2817,1,22,47,1034,2.136,0.319,0.753,2.13,330,779,155
2818,3,23,1,23,0.043,1.0,1.0,23.0,23,23,1
2819,1,6,16,96,2.667,0.49,0.938,2.14,47,90,22
2820,3,42,7,294,0.167,0.282,0.432,2.18,83,127,38
2821,4,5,3,15,0.6,0.467,0.6,3.5,7,9,2
2822,2,2,62,124,31.0,0.452,0.565,11.2,56,70,5
2823,4,11,463,3993,1.489,0.088,0.16,3.93,631,92,212
2824,5,95,93,8835,0.979,0.675,0.902,3.63,966,968,644
2825,1,9,186,1674,20.667,0.372,0.778,2.44,622,303,255
2826,3,17,1,117,0.009,1.0,1.0,117.0,117,117,1
2827,4,21,68,1428,3.238,0.052,0.109,5.69,74,156,13
2828,1,14,227,3178,16.214,0.237,0.839,3.34,754,667,226
2829,1,12,103,1236,8.583,0.353,0.724,2.55,436,895,171
2830,3,12,1,12,0.083,1.0,1.0,12.0,12,12,1
2831,1,8,110,880,13.75,0.23,0.872,1.66,202,767,122
2832,1,8,29,232,3.625,0.453,0.996,2.1,105,231,50
2833,3,11,2,22,0.182,0.636,0.636,14.0,14,14,1
2834,4,4,5,20,1.25,0.35,0.8,2.33,7,16,3
2835,4,53,48,2544,0.906,0.181,0.374,4.69,460,951,98
2836,1,10,284,2840,28.4,0.202,0.709,1.43,575,13,402
2837,3,8,1,8,0.125,1.0,1.0,8.0,8,8,1
2838,4,4,463,752,1.523,0.063,0.121,3.91,898,81,273
2839,1,7,24,168,3.429,0.268,0.708,1.61,45,119,28
2840,2,2,537,1074,268.5,0.537,0.609,22.19,577,654,26
2841,1,10,80,800,8.0,0.279,0.8,1.92,223,640,116
2842,2,2,204,408,102.0,0.412,0.681,10.5,168,278,16
2843,4,8,9,72,1.125,0.125,0.319,4.5,9,23,2
2844,5,53,158,4174,1.033,0.587,0.641,46.95,180,491,302
2845,4,67,30,2010,0.448,0.169,0.46,2.26,339,924,150
2846,3,14,1,14,0.071,1.0,1.0,14.0,14,14,1
2847,5,28,347,4416,2.711,0.399,0.567,13.07,721,163,356
2848,2,1,277,277,277.0,0.993,1.0,137.5,275,277,2
2849,1,7,14,98,2.0,0.367,0.786,1.57,36,77,23
2850,4,45,79,3555,1.756,0.087,0.195,4.81,308,693,64
2851,4,97,198,9006,1.005,0.273,0.332,46.93,654,964,227
2852,2,1,45,45,45.0,0.933,1.0,21.0,42,45,2
2853,3,9,1,9,0.111,1.0,1.0,9.0,9,9,1
2854,2,1,70,70,70.0,1.0,1.0,70.0,70,70,1
2855,5,68,145,4360,0.863,0.798,0.963,13.06,430,457,488
2856,5,28,31,868,1.107,0.508,0.767,7.47,441,666,59
2857,2,1,12,12,12.0,0.75,1.0,9.0,9,12,1
2858,3,9,1,9,0.111,1.0,1.0,9.0,9,9,1
2859,5,63,66,4158,1.048,0.491,0.591,44.37,41,458,46
2860,1,9,91,819,10.111,0.302,0.956,1.98,247,783,125
2861,4,1,99,9999,0.98,0.14,0.778,2.02,398,780,691
2862,2,1,37,37,37.0,0.811,1.0,6.0,30,37,5
2863,5,63,161,6243,0.988,0.523,0.897,8.4,725,547,634
2864,3,23,1,23,0.043,1.0,1.0,23.0,23,23,1
2865,4,33,28,924,0.848,0.098,0.271,5.69,91,250,16
2866,3,53,1,53,0.019,1.0,1.0,53.0,53,53,1
2867,3,23,1,23,0.043,1.0,1.0,23.0,23,23,1
2868,1,6,7,42,1.167,0.333,0.952,1.4,14,40,10
2869,1,6,96,576,16.0,0.267,0.939,1.51,154,541,102
2870,1,6,4,24,0.667,0.667,1.0,4.0,16,24,4
2871,2,1,81,81,81.0,0.901,1.0,24.33,73,81,3
2872,3,8,1,8,0.125,1.0,1.0,8.0,8,8,1
2873,5,28,32,896,1.143,0.462,0.722,7.02,414,647,59
2874,1,7,38,266,5.429,0.327,0.951,1.38,87,253,63
2875,5,32,547,2204,4.144,0.37,0.483,20.66,693,874,292
2876,3,5,2,210,0.019,0.529,0.533,111.0,111,112,1
2877,2,1,85,85,85.0,0.882,1.0,12.5,75,85,6
2878,4,52,48,2496,0.923,0.138,0.248,7.67,345,619,45
2879,1,10,31,310,3.1,0.329,0.952,2.08,102,295,49
2880,1,10,13,130,1.3,0.285,0.885,1.61,37,115,23
2881,5,63,161,6243,0.988,0.523,0.897,8.4,725,547,634
2882,1,10,35,350,3.5,0.331,0.686,1.93,116,240,60
2883,1,8,32,256,4.0,0.402,0.898,1.81,103,230,57
2884,1,6,16,96,2.667,0.198,0.76,2.38,19,73,8
2885,2,1,14,14,14.0,0.643,1.0,4.5,9,14,2
2886,1,10,29,290,2.9,0.307,0.855,1.85,89,248,48
2887,2,1,19,19,19.0,0.632,1.0,4.0,12,19,3
2888,1,7,21,147,3.0,0.32,0.714,1.68,47,105,28
2889,5,28,32,896,1.143,0.488,0.743,7.05,437,666,62
2890,1,8,62,496,7.75,0.218,0.629,1.57,108,312,69
2891,1,9,202,1818,22.444,0.087,0.254,1.3,158,462,122
2892,3,4,11,8844,0.014,0.191,0.233,15.64,689,58,108
2893,1,10,9,90,0.9,0.689,0.789,10.33,62,71,6
2894,2,2,14,28,7.0,0.464,0.536,13.0,13,15,1
2895,2,1,39,39,39.0,0.897,1.0,8.75,35,39,4
2896,3,14,1,14,0.071,1.0,1.0,14.0,14,14,1
2897,1,9,492,4428,54.667,0.132,0.541,1.22,583,397,476
2898,5,87,137,5619,0.733,0.899,0.991,29.29,25,400,786
2899,5,87,137,5619,0.733,0.899,0.991,29.29,25,400,786
2900,4,6,465,2290,1.52,0.055,0.123,2.69,861,452,925
2901,3,5,2,10,0.4,0.8,0.8,8.0,8,8,1
2902,2,3,113,339,37.667,0.357,0.378,30.25,121,128,4
2903,1,10,151,1510,15.1,0.381,0.785,3.48,575,186,165
2904,1,8,14,112,1.75,0.339,0.884,1.73,38,99,22
2905,3,22,1,22,0.045,1.0,1.0,22.0,22,22,1
2906,3,8,1,8,0.125,1.0,1.0,8.0,8,8,1
2907,4,47,286,3442,6.085,0.183,0.317,4.67,459,258,526
2908,1,1,74,74,74.0,0.189,1.0,1.08,14,74,13
2909,1,10,88,880,8.8,0.248,0.49,2.16,218,431,101
2910,2,4,194,776,48.5,0.263,0.273,34.0,204,212,6
2911,4,29,48,1392,1.655,0.116,0.268,5.06,162,373,32
2912,1,5,31,155,6.2,0.419,0.948,1.91,65,147,34
2913,2,2,535,1070,267.5,0.55,0.586,117.8,589,627,5
2914,5,28,32,896,1.143,0.488,0.743,7.05,437,666,62
2915,5,95,93,8835,0.979,0.675,0.902,3.63,966,968,644
2916,5,65,50,3250,0.769,0.454,0.487,245.83,475,582,6
2917,4,33,28,924,0.848,0.098,0.271,5.69,91,250,16
2918,3,8,1,8,0.125,1.0,1.0,8.0,8,8,1
2919,3,8,1,8,0.125,0.875,1.0,7.0,7,8,1
2920,3,8,1,8,0.125,1.0,1.0,8.0,8,8,1
2921,1,13,84,1092,6.462,0.35,0.59,3.16,382,644,121
2922,3,9,1,9,0.111,1.0,1.0,9.0,9,9,1
2923,4,14,19,266,1.357,0.128,0.541,2.83,34,144,12
2924,2,1,28,28,28.0,0.536,1.0,3.0,15,28,5
2925,4,52,461,3972,8.865,0.192,0.248,11.52,607,938,400
2926,2,19,462,8778,24.316,0.523,0.688,16.88,591,35,272
2927,2,3,538,1614,179.33,0.37,0.424,22.11,597,685,27
2928,3,14,1,14,0.071,1.0,1.0,14.0,14,14,1
2929,1,10,85,850,8.5,0.324,0.675,2.25,275,574,122
2930,4,1,99,9999,0.98,0.14,0.778,2.02,398,780,691
2931,4,45,79,3555,1.756,0.087,0.195,4.81,308,693,64
2932,5,63,161,6243,0.988,0.523,0.897,8.4,725,547,634
2933,1,7,6,42,0.857,0.5,0.548,21.0,21,23,1
2934,1,12,98,1176,8.167,0.245,0.624,2.23,288,734,129
2935,5,28,31,868,1.107,0.508,0.767,7.47,441,666,59
2936,1,6,32,192,5.333,0.286,0.76,1.41,55,146,39
2937,3,9,1,9,0.111,1.0,1.0,9.0,9,9,1
2938,2,2,537,1074,268.5,0.621,0.747,16.68,667,802,40
2939,3,66,3,198,0.045,0.657,0.909,2.6,130,180,50
2940,4,29,48,1392,1.655,0.116,0.268,5.06,162,373,32
2941,1,10,44,440,4.4,0.35,0.957,1.9,154,421,81
2942,3,61,30,7830,0.115,0.063,0.09,2.4,492,701,205
2943,4,54,357,9278,6.611,0.299,0.655,6.4,766,626,901
2944,5,93,104,9672,1.118,0.451,0.611,4.25,366,908,28
2945,1,7,23,161,3.286,0.329,0.938,1.39,53,151,38
2946,4,25,9,225,0.36,0.187,0.436,2.47,42,98,17
2947,3,7,1,7,0.143,1.0,1.0,7.0,7,7,1
2948,1,9,43,387,4.778,0.388,0.886,2.73,150,343,55
2949,2,3,550,1650,183.33,0.339,0.401,15.11,559,662,37
2950,2,7,1,7,0.143,1.0,1.0,7.0,7,7,1
2951,2,2,17,34,8.5,0.588,0.971,6.67,20,33,3
2952,4,97,198,9006,1.005,0.273,0.332,46.93,654,964,227
2953,5,28,32,896,1.143,0.462,0.722,7.02,414,647,59
2954,5,29,31,899,1.069,0.463,0.726,6.93,416,653,60
2955,3,10,1,10,0.1,1.0,1.0,10.0,10,10,1
2956,5,65,50,3250,0.769,0.454,0.487,245.83,475,582,6
2957,4,6,5,30,0.833,0.367,1.0,2.2,11,30,5
2958,3,26,1,26,0.038,1.0,1.0,26.0,26,26,1
2959,1,5,18,90,3.6,0.467,0.867,1.91,42,78,22
2960,4,36,48,1728,1.333,0.143,0.437,3.58,247,755,69
2961,3,25,1,25,0.04,1.0,1.0,25.0,25,25,1
2962,2,1,13,13,13.0,0.692,1.0,3.0,9,13,3
2963,2,1,214,214,214.0,1.0,1.0,214.0,214,214,1
2964,2,1,85,85,85.0,0.882,1.0,12.5,75,85,6
2965,4,18,105,2390,0.89,0.052,0.105,3.33,642,296,193
2966,3,17,2,34,0.118,0.706,0.706,24.0,24,24,1
2967,1,13,116,1508,8.923,0.292,0.703,2.49,441,60,177
2968,1,7,11,77,1.571,0.364,0.922,2.0,28,71,14
2969,4,8,1,8,0.125,0.875,1.0,7.0,7,8,1
2970,3,1,25,25,25.0,1.0,1.0,25.0,25,25,1
2971,1,7,18,126,2.571,0.262,0.873,1.94,33,110,17
2972,3,10,1,10,0.1,1.0,1.0,10.0,10,10,1
2973,2,3,538,1614,179.33,0.37,0.424,22.11,597,685,27
2974,2,2,22,44,11.0,0.477,1.0,21.0,21,44,1
2975,4,67,30,2010,0.448,0.169,0.46,2.26,339,924,150
2976,4,17,60,1020,3.529,0.139,0.371,7.1,142,378,20
2977,2,2,535,1070,267.5,0.648,0.92,11.75,693,984,59
2978,4,83,315,6145,3.795,0.295,0.594,9.21,725,523,839
2979,2,1,78,78,78.0,0.949,1.0,24.67,74,78,3
2980,5,86,469,7234,2.522,0.378,0.529,22.29,17,133,481
2981,4,54,48,2592,0.889,0.143,0.264,6.85,370,685,54
2982,3,7,2,14,0.286,0.643,0.714,9.0,9,10,1
2983,3,5,2,210,0.019,0.529,0.533,111.0,111,112,1
2984,4,18,105,2390,0.89,0.052,0.105,3.33,642,296,193
2985,1,12,410,4920,34.167,0.324,0.706,2.47,595,474,645
2986,2,1,23,23,23.0,0.826,1.0,19.0,19,23,1
2987,1,7,9,63,1.286,0.286,0.968,1.2,18,61,15
2988,4,38,70,2660,1.842,0.059,0.062,19.63,157,165,8
2989,2,1,126,126,126.0,0.992,1.0,125.0,125,126,1
2990,3,42,7,294,0.167,0.282,0.432,2.18,83,127,38
2991,3,27,4,108,0.148,0.333,0.667,2.57,36,72,14
2992,1,9,8,72,0.889,0.681,0.764,12.25,49,55,4
2993,4,24,18,432,0.75,0.139,0.377,2.07,60,163,29
2994,2,1,94,94,94.0,0.564,1.0,3.31,53,94,16
2995,2,2,415,830,207.5,0.505,0.578,16.76,419,480,25
2996,3,5,2,10,0.4,0.9,0.9,9.0,9,9,1
2997,3,10,1,10,0.1,1.0,1.0,10.0,10,10,1
2998,5,28,32,896,1.143,0.462,0.722,7.02,414,647,59
2999,2,1,17,17,17.0,1.0,1.0,17.0,17,17,1
3000,4,12,4,48,0.333,0.292,1.0,2.0,14,48,7
3001,3,5,2,210,0.019,0.529,0.533,111.0,111,112,1
3002,2,1,55,55,55.0,0.564,1.0,10.33,31,55,3
3003,4,14,19,266,1.357,0.113,0.504,30.0,30,134,1
3004,2,1,8,8,8.0,0.875,1.0,7.0,7,8,1
3005,1,13,349,4537,26.846,0.38,0.668,4.36,724,29,395
3006,3,9,1,9,0.111,1.0,1.0,9.0,9,9,1
3007,4,53,48,2544,0.906,0.181,0.374,4.69,460,951,98
3008,1,9,102,918,11.333,0.357,0.867,2.43,328,796,135
3009,4,31,37,1147,1.194,0.189,0.555,2.07,217,637,105
3010,3,10,1,10,0.1,1.0,1.0,10.0,10,10,1
3011,4,6,5,30,0.833,0.367,1.0,2.2,11,30,5
3012,1,6,11,66,1.833,0.303,0.712,1.54,20,47,13
3013,3,9,1,9,0.111,1.0,1.0,9.0,9,9,1
3014,3,18,1,18,0.056,1.0,1.0,18.0,18,18,1
3015,1,9,25,225,2.778,0.378,0.938,2.13,85,211,40
3016,1,9,125,1125,13.889,0.21,0.601,1.69,236,676,140
3017,2,1,33,33,33.0,0.667,1.0,3.67,22,33,6
3018,4,6,12,72,2.0,0.139,0.514,1.43,10,37,7
3019,5,28,32,896,1.143,0.462,0.722,7.02,414,647,59
3020,3,16,1,16,0.063,1.0,1.0,16.0,16,16,1
3021,4,28,61,1708,2.179,0.172,0.509,1.97,294,870,149
3022,4,7,24,168,3.429,0.101,0.298,1.89,17,50,9
3023,2,1,29,29,29.0,1.0,1.0,29.0,29,29,1
3024,3,37,1,37,0.027,1.0,1.0,37.0,37,37,1
3025,3,26,1,26,0.038,1.0,1.0,26.0,26,26,1
3026,1,3,3,9,1.0,0.778,0.778,7.0,7,7,1
3027,4,4,11,44,2.75,0.159,0.932,1.75,7,41,4
3028,2,1,22,22,22.0,0.955,1.0,21.0,21,22,1
3029,4,7,24,168,3.429,0.101,0.298,1.89,17,50,9
3030,1,8,41,328,5.125,0.363,0.942,1.63,119,309,73
3031,5,28,32,896,1.143,0.462,0.722,7.02,414,647,59
3032,2,1,8,8,8.0,1.0,1.0,8.0,8,8,1
3033,3,13,1,13,0.077,1.0,1.0,13.0,13,13,1
3034,1,9,82,738,9.111,0.312,0.669,2.74,230,494,84
3035,1,6,39,234,6.5,0.466,0.889,2.1,109,208,52
3036,5,28,31,868,1.107,0.508,0.767,7.47,441,666,59
3037,2,2,64,128,32.0,0.43,0.602,3.93,55,77,14
3038,4,53,48,2544,0.906,0.181,0.374,4.69,460,951,98
3039,2,1,28,28,28.0,0.464,1.0,2.17,13,28,6
3040,5,28,32,896,1.143,0.462,0.722,7.02,414,647,59
3041,5,28,32,896,1.143,0.488,0.743,7.05,437,666,62
3042,2,1,42,42,42.0,0.31,1.0,2.6,13,42,5
3043,3,7,1,7,0.143,1.0,1.0,7.0,7,7,1
3044,3,5,2,10,0.4,0.8,0.8,8.0,8,8,1
3045,3,61,30,7830,0.115,0.063,0.09,2.4,492,701,205
3046,5,28,32,896,1.143,0.481,0.742,7.43,431,665,58
3047,4,34,25,850,0.735,0.256,0.534,2.06,218,454,106
3048,3,42,7,294,0.167,0.282,0.432,2.18,83,127,38
3049,4,60,286,5760,1.788,0.201,0.226,55.42,199,347,166
3050,2,2,236,472,118.0,0.566,0.689,10.27,267,325,26
3051,4,5,4,20,0.8,0.45,0.65,4.5,9,13,2
3052,4,54,357,9278,6.611,0.324,0.644,6.22,238,422,3
3053,3,1,25,25,25.0,1.0,1.0,25.0,25,25,1
3054,3,94,2,188,0.021,0.516,0.516,97.0,97,97,1
3055,5,87,137,5619,0.733,0.899,0.991,29.29,25,400,786
3056,3,5,2,10,0.4,0.9,0.9,9.0,9,9,1
3057,2,1,22,22,22.0,0.818,1.0,4.5,18,22,4
3058,1,10,12,120,1.2,0.367,1.0,1.69,44,120,26
3059,2,2,24,48,12.0,0.354,1.0,3.4,17,48,5
3060,2,3,538,1614,179.33,0.37,0.424,22.11,597,685,27
3061,3,13,1,13,0.077,1.0,1.0,13.0,13,13,1
3062,2,2,62,124,31.0,0.452,0.565,11.2,56,70,5
3063,3,7,2,14,0.286,0.643,0.714,9.0,9,10,1
3064,3,53,1,53,0.019,1.0,1.0,53.0,53,53,1
3065,4,37,20,740,0.541,0.131,0.193,4.22,97,143,23
3066,4,7,9,63,1.286,0.143,0.238,9.0,9,15,1
3067,4,9,17,153,1.889,0.144,0.458,3.14,22,70,7
3068,5,63,66,4158,1.048,0.491,0.591,44.37,41,458,46
3069,2,1,20,20,20.0,0.75,1.0,3.0,15,20,5
3070,1,8,162,1296,20.25,0.327,0.79,2.85,424,24,149
3071,4,49,79,3871,1.612,0.084,0.179,7.36,324,694,44
3072,1,5,19,95,3.8,0.389,0.895,1.32,37,85,28
3073,4,31,105,3255,3.387,0.242,0.456,4.89,787,485,161
3074,2,2,46,92,23.0,0.587,0.761,18.0,54,70,3
3075,1,26,412,712,15.846,0.32,0.664,3.0,424,118,142
3076,3,53,1,53,0.019,1.0,1.0,53.0,53,53,1
3077,1,11,245,2695,22.273,0.252,0.829,1.86,678,235,365
3078,2,2,535,1070,267.5,0.564,0.614,40.2,603,657,15
3079,1,8,40,320,5.0,0.463,0.969,2.47,148,310,60
3080,1,9,179,1611,19.889,0.341,0.745,2.4,550,200,229
3081,3,9,1,9,0.111,1.0,1.0,9.0,9,9,1
3082,5,28,347,4416,2.711,0.399,0.567,13.07,721,163,356
3083,2,4,108,432,27.0,0.778,0.826,56.0,336,357,6
3084,1,12,10,120,0.833,0.675,0.783,11.57,81,94,7
3085,4,97,198,9006,1.005,0.273,0.332,46.93,654,964,227
3086,4,6,6,36,1.0,0.194,0.417,3.5,7,15,2
3087,5,93,104,9672,1.118,0.451,0.611,4.25,366,908,28
3088,5,29,31,899,1.069,0.463,0.726,6.93,416,653,60
3089,3,8,1,8,0.125,1.0,1.0,8.0,8,8,1
3090,4,38,70,2660,1.842,0.059,0.062,19.63,157,165,8
3091,2,1,11,11,11.0,0.909,1.0,10.0,10,11,1
3092,5,66,472,8352,2.843,0.359,0.547,17.12,93,821,641
3093,1,5,31,155,6.2,0.239,0.974,2.06,37,151,18
3094,1,7,28,196,4.0,0.27,0.75,1.36,53,147,39
3095,4,45,79,3555,1.756,0.087,0.195,4.81,308,693,64
3096,5,87,137,5619,0.733,0.899,0.991,29.29,25,400,786
3097,2,10,2,20,0.2,0.55,0.6,11.0,11,12,1
3098,3,4,2,8,0.5,1.0,1.0,8.0,8,8,1
3099,2,1,23,23,23.0,0.348,1.0,1.6,8,23,5
3100,5,29,31,899,1.069,0.463,0.726,6.93,416,653,60
3101,1,5,5,25,1.0,0.44,1.0,1.57,11,25,7
3102,1,7,4,28,0.571,0.393,0.679,3.67,11,19,3
3103,3,54,1,54,0.019,1.0,1.0,54.0,54,54,1
3104,1,11,35,385,3.182,0.382,0.657,6.13,147,253,24
3105,3,93,4,372,0.043,0.419,0.565,2.89,156,210,54
3106,2,2,20,40,10.0,0.725,0.875,29.0,29,35,1
3107,2,2,18,36,9.0,0.667,0.694,24.0,24,25,1
3108,3,8,1,8,0.125,1.0,1.0,8.0,8,8,1
3109,3,8,1,8,0.125,1.0,1.0,8.0,8,8,1
3110,4,28,61,1708,2.179,0.172,0.509,1.97,294,870,149
3111,4,7,9,63,1.286,0.143,0.238,9.0,9,15,1
3112,2,1,10,10,10.0,0.8,1.0,4.0,8,10,2
3113,3,7,1,7,0.143,1.0,1.0,7.0,7,7,1
3114,5,83,149,2367,1.795,0.388,0.472,28.77,804,838,167
3115,3,8,1,8,0.125,1.0,1.0,8.0,8,8,1
3116,4,6,13,78,2.167,0.103,0.449,4.0,8,35,2
3117,4,97,198,9006,1.005,0.273,0.332,46.93,654,964,227
3118,3,8,1,8,0.125,0.875,1.0,7.0,7,8,1
3119,1,5,13,65,2.6,0.154,0.662,10.0,10,43,1
3120,3,34,1,34,0.029,1.0,1.0,34.0,34,34,1
3121,2,2,6,12,3.0,0.667,1.0,4.0,8,12,2
3122,5,87,137,5619,0.733,0.899,0.991,29.29,25,400,786
3123,2,1,32,32,32.0,0.719,1.0,5.75,23,32,4
3124,1,9,27,243,3.0,0.346,0.975,1.87,84,237,45
3125,5,28,347,4416,2.711,0.399,0.567,13.07,721,163,356
3126,1,33,160,5280,4.848,0.219,0.389,6.34,154,54,182
3127,3,7,1,7,0.143,1.0,1.0,7.0,7,7,1
3128,1,7,125,875,17.857,0.29,0.735,1.59,254,643,160
3129,2,1,14,14,14.0,1.0,1.0,14.0,14,14,1
3130,2,2,157,314,78.5,0.506,0.551,26.5,159,173,6
3131,5,72,96,6912,1.333,0.488,0.582,15.69,374,25,215
3132,3,34,1,34,0.029,1.0,1.0,34.0,34,34,1
3133,3,22,1,22,0.045,1.0,1.0,22.0,22,22,1
3134,1,9,108,972,12.0,0.247,0.855,1.69,240,831,142
3135,5,93,104,9672,1.118,0.451,0.611,4.25,366,908,28
3136,4,24,18,432,0.75,0.139,0.377,2.07,60,163,29
3137,1,8,23,184,2.875,0.359,0.94,1.65,66,173,40
3138,1,7,17,119,2.429,0.16,0.739,1.73,19,88,11
3139,5,74,471,1954,2.707,0.339,0.433,15.84,820,499,756
3140,5,28,32,896,1.143,0.462,0.722,7.02,414,647,59
3141,1,9,75,675,8.333,0.194,0.698,1.46,131,471,90
3142,1,5,5,25,1.0,0.52,1.0,2.17,13,25,6
3143,3,14,1,14,0.071,1.0,1.0,14.0,14,14,1
3144,1,8,15,120,1.875,0.517,0.867,2.48,62,104,25
3145,1,13,37,481,2.846,0.306,0.933,3.59,147,449,41
3146,3,4,11,8844,0.014,0.191,0.233,15.64,689,58,108
3147,1,11,101,1111,9.182,0.33,0.734,2.68,367,815,137
3148,5,68,135,2680,0.804,0.82,0.904,62.81,591,513,296
3149,3,9,1,9,0.111,1.0,1.0,9.0,9,9,1
3150,4,15,14,210,0.933,0.11,0.338,1.92,23,71,12
3151,3,10,1,10,0.1,0.9,1.0,9.0,9,10,1
3152,2,18,342,6156,19.0,0.847,0.897,43.48,217,522,120
3153,3,84,1,84,0.012,1.0,1.0,84.0,84,84,1
3154,2,1,127,127,127.0,0.646,1.0,13.67,82,127,6
3155,4,6,6,36,1.0,0.194,0.417,3.5,7,15,2
3156,3,4,2,8,0.5,1.0,1.0,8.0,8,8,1
3157,1,13,121,1573,9.308,0.376,0.69,3.72,591,86,159
3158,4,13,8,104,0.615,0.154,0.769,1.07,16,80,15
3159,3,36,1,136,0.007,0.993,1.0,135.0,135,136,1
3160,2,1,77,77,77.0,0.403,1.0,5.17,31,77,6
3161,3,9,1,9,0.111,1.0,1.0,9.0,9,9,1
3162,4,16,29,464,1.813,0.144,0.496,2.58,67,230,26
3163,4,6,12,72,2.0,0.139,0.514,1.43,10,37,7
3164,3,11,2,22,0.182,0.636,0.636,14.0,14,14,1
3165,5,64,73,4672,1.141,0.403,0.445,72.38,882,77,26
3166,5,53,158,4174,1.033,0.587,0.641,46.95,180,491,302
3167,3,32,1,32,0.031,1.0,1.0,32.0,32,32,1
3168,5,74,471,1954,2.707,0.339,0.433,15.84,820,499,756
3169,3,39,1,39,0.026,1.0,1.0,39.0,39,39,1
3170,4,32,106,3392,3.313,0.198,0.395,4.56,671,341,147
3171,5,29,32,928,1.103,0.432,0.689,6.27,401,639,64
3172,2,2,25,50,12.5,0.36,1.0,4.5,18,50,4
3173,3,32,1,32,0.031,1.0,1.0,32.0,32,32,1
3174,2,1,14,14,14.0,0.5,1.0,2.33,7,14,3
3175,5,32,547,2204,4.144,0.37,0.483,20.66,693,874,292
3176,1,5,75,375,15.0,0.259,0.867,1.18,97,325,82
3177,2,1,52,52,52.0,0.538,1.0,14.0,28,52,2
3178,2,2,46,92,23.0,0.511,0.554,47.0,47,51,1
3179,1,1,14,14,14.0,0.571,1.0,2.67,8,14,3
3180,1,8,24,192,3.0,0.328,0.625,1.75,63,120,36
3181,3,69,3,207,0.043,0.643,0.952,2.08,133,197,64
3182,1,9,34,306,3.778,0.225,0.755,1.57,69,231,44
3183,5,28,31,868,1.107,0.492,0.745,7.49,427,647,57
3184,3,47,1,47,0.021,1.0,1.0,47.0,47,47,1
3185,1,9,245,2205,27.222,0.16,0.607,1.39,353,338,254
3186,3,9,1,9,0.111,1.0,1.0,9.0,9,9,1
3187,4,83,315,6145,3.795,0.295,0.594,9.21,725,523,839
3188,1,7,31,217,4.429,0.396,0.862,2.1,86,187,41
3189,3,26,1,26,0.038,1.0,1.0,26.0,26,26,1
3190,2,1,14,14,14.0,0.643,1.0,3.0,9,14,3
3191,5,63,66,4158,1.048,0.491,0.591,44.37,41,458,46
3192,3,31,1,31,0.032,1.0,1.0,31.0,31,31,1
3193,2,1,9,9,9.0,0.778,1.0,7.0,7,9,1
3194,2,1,58,58,58.0,0.845,1.0,9.8,49,58,5
3195,3,8,1,8,0.125,0.875,1.0,7.0,7,8,1
3196,2,1,413,413,413.0,0.998,1.0,412.0,412,413,1
3197,2,1,8,8,8.0,1.0,1.0,8.0,8,8,1
3198,4,32,350,1200,10.938,0.142,0.402,3.96,588,497,401
3199,4,8,5,40,0.625,0.275,0.45,3.67,11,18,3
3200,4,83,314,6062,3.783,0.298,0.671,8.75,772,482,888
3201,2,1,11,11,11.0,0.909,1.0,10.0,10,11,1
3202,1,7,21,147,3.0,0.286,0.85,1.35,42,125,31
3203,2,2,14,28,7.0,0.464,0.536,13.0,13,15,1
3204,3,1,25,25,25.0,1.0,1.0,25.0,25,25,1
3205,3,11,1,11,0.091,1.0,1.0,11.0,11,11,1
3206,2,1,78,78,78.0,0.949,1.0,24.67,74,78,3
3207,3,61,30,7830,0.115,0.063,0.09,2.4,492,701,205
3208,3,66,3,198,0.045,0.657,0.909,2.6,130,180,50
3209,4,39,70,2730,1.795,0.09,0.255,7.0,245,697,35
3210,3,7,1,7,0.143,1.0,1.0,7.0,7,7,1
3211,3,7,1,7,0.143,1.0,1.0,7.0,7,7,1
3212,5,95,93,8835,0.979,0.675,0.902,3.63,966,968,644
3213,2,1,85,85,85.0,0.882,1.0,12.5,75,85,6
3214,5,87,137,5619,0.733,0.899,0.991,29.29,25,400,786
3215,5,83,149,2367,1.795,0.388,0.472,28.77,804,838,167
3216,1,1,42,42,42.0,0.381,1.0,1.07,16,42,15
3217,3,42,7,294,0.167,0.282,0.432,2.18,83,127,38
3218,4,36,172,6192,4.778,0.128,0.337,4.84,793,86,164
3219,4,37,20,740,0.541,0.131,0.193,4.22,97,143,23
3220,5,64,73,4672,1.141,0.403,0.445,72.38,882,77,26
3221,3,22,1,22,0.045,1.0,1.0,22.0,22,22,1
3222,5,29,31,899,1.069,0.463,0.726,6.93,416,653,60
3223,3,13,1,13,0.077,1.0,1.0,13.0,13,13,1
3224,2,1,288,288,288.0,0.424,1.0,1.02,122,288,120
3225,1,13,38,494,2.923,0.324,0.935,3.81,160,462,42
3226,3,58,3,174,0.052,0.339,0.345,59.0,59,60,1
3227,2,1,19,19,19.0,0.789,1.0,3.75,15,19,4
3228,2,1,186,186,186.0,0.828,1.0,9.06,154,186,17
3229,4,31,105,3255,3.387,0.224,0.417,5.35,728,358,136
3230,5,29,32,928,1.103,0.476,0.72,7.25,442,668,61
3231,2,7,46,322,6.571,0.177,0.304,8.14,57,98,7
3232,1,6,4,24,0.667,0.417,0.5,5.0,10,12,2
3233,2,2,101,202,50.5,0.54,0.743,10.9,109,150,10
3234,2,1,172,172,172.0,0.465,1.0,1.04,80,172,77
3235,4,5,7,35,1.4,0.229,0.6,2.67,8,21,3
3236,4,7,24,168,3.429,0.101,0.298,1.89,17,50,9
3237,2,1,17,17,17.0,0.824,1.0,4.67,14,17,3
3238,3,66,3,198,0.045,0.657,0.909,2.6,130,180,50
3239,3,98,3,294,0.031,0.48,0.486,141.0,141,143,1
3240,4,4,5,20,1.25,0.35,0.8,2.33,7,16,3
3241,3,8,1,8,0.125,1.0,1.0,8.0,8,8,1
3242,1,9,168,1512,18.667,0.268,0.661,1.89,405,0,214
3243,2,1,161,161,161.0,0.41,1.0,1.02,66,161,65
3244,5,95,93,8835,0.979,0.675,0.902,3.63,966,968,644
3245,1,10,116,1160,11.6,0.273,0.797,1.7,317,925,186
3246,4,12,464,8368,2.189,0.052,0.07,11.84,66,884,428
3247,2,24,510,2240,21.25,0.846,0.927,38.65,359,341,268
3248,3,58,3,174,0.052,0.339,0.345,59.0,59,60,1
3249,1,7,29,203,4.143,0.286,0.67,1.71,58,136,34
3250,2,1,98,98,98.0,0.939,1.0,30.67,92,98,3
3251,1,9,29,261,3.222,0.31,0.686,2.13,81,179,38
3252,5,28,32,896,1.143,0.462,0.722,7.02,414,647,59
3253,3,27,1,27,0.037,1.0,1.0,27.0,27,27,1
3254,4,32,106,3392,3.313,0.198,0.395,4.56,671,341,147
3255,4,29,48,1392,1.655,0.116,0.268,5.06,162,373,32
3256,5,93,104,9672,1.118,0.451,0.611,4.25,366,908,28
3257,3,30,5,2150,0.012,0.216,0.221,46.5,465,475,10
3258,3,98,3,294,0.031,0.48,0.486,141.0,141,143,1
3259,1,6,13,78,2.167,0.128,0.577,1.67,10,45,6
3260,3,30,5,2150,0.012,0.216,0.221,46.5,465,475,10
3261,4,4,463,752,1.523,0.063,0.121,3.91,898,81,273
3262,4,21,68,1428,3.238,0.052,0.109,5.69,74,156,13
3263,2,2,20,40,10.0,0.775,0.85,31.0,31,34,1
3264,1,7,57,399,8.143,0.321,0.952,1.47,128,380,87
3265,1,9,102,918,11.333,0.386,0.895,2.77,354,822,128
3266,2,1,46,46,46.0,0.239,1.0,1.38,11,46,8
3267,4,12,464,8368,2.189,0.052,0.07,11.84,66,884,428
3268,3,69,3,207,0.043,0.643,0.952,2.08,133,197,64
3269,3,7,1,7,0.143,1.0,1.0,7.0,7,7,1
3270,5,28,347,4416,2.711,0.399,0.567,13.07,721,163,356
3271,4,14,19,266,1.357,0.113,0.504,30.0,30,134,1
3272,3,8,1,8,0.125,1.0,1.0,8.0,8,8,1
3273,2,1,8,8,8.0,1.0,1.0,8.0,8,8,1
3274,3,10,1,10,0.1,1.0,1.0,10.0,10,10,1
3275,1,9,91,819,10.111,0.161,0.44,1.86,132,360,71
3276,4,15,14,210,0.933,0.11,0.338,1.92,23,71,12
3277,5,64,73,4672,1.141,0.403,0.445,72.38,882,77,26
3278,1,7,28,196,4.0,0.27,0.75,1.36,53,147,39
3279,5,29,32,928,1.103,0.476,0.72,7.25,442,668,61
3280,3,27,1,27,0.037,1.0,1.0,27.0,27,27,1
3281,2,7,46,322,6.571,0.177,0.304,8.14,57,98,7
3282,1,11,378,4158,34.364,0.33,0.684,2.95,371,846,465
3283,5,29,32,928,1.103,0.432,0.689,6.27,401,639,64
3284,5,28,32,896,1.143,0.462,0.722,7.02,414,647,59
3285,3,27,4,108,0.148,0.333,0.667,2.57,36,72,14
3286,5,78,140,4920,0.787,0.574,0.649,21.52,292,177,664
3287,3,4,2,8,0.5,0.875,0.875,7.0,7,7,1
3288,2,1,13,13,13.0,0.692,1.0,3.0,9,13,3
3289,1,7,21,147,3.0,0.388,0.912,1.84,57,134,31
3290,3,7,1,7,0.143,1.0,1.0,7.0,7,7,1
3291,1,10,261,2610,26.1,0.269,0.713,1.81,701,860,388
3292,3,76,1,76,0.013,1.0,1.0,76.0,76,76,1
3293,1,7,3,21,0.429,0.571,1.0,3.0,12,21,4
3294,4,83,315,6145,3.795,0.295,0.594,9.21,725,523,839
3295,3,13,1,13,0.077,1.0,1.0,13.0,13,13,1
3296,4,58,167,6386,1.057,0.16,0.276,8.24,213,279,511
3297,5,28,347,4416,2.711,0.399,0.567,13.07,721,163,356
3298,5,72,96,6912,1.333,0.488,0.582,15.69,374,25,215
3299,4,5,4,20,0.8,0.45,0.65,4.5,9,13,2
3300,5,74,471,1954,2.707,0.339,0.433,15.84,820,499,756
3301,3,5,2,10,0.4,0.7,0.7,7.0,7,7,1
3302,3,10,1,10,0.1,1.0,1.0,10.0,10,10,1
3303,3,37,1,37,0.027,1.0,1.0,37.0,37,37,1
3304,3,7,2,14,0.286,0.643,0.714,9.0,9,10,1
3305,1,11,22,242,2.0,0.417,0.694,4.04,101,168,25
3306,1,8,4,32,0.5,0.406,1.0,2.17,13,32,6
3307,3,4,2,8,0.5,0.875,0.875,7.0,7,7,1
3308,5,28,32,896,1.143,0.462,0.722,7.02,414,647,59
3309,4,54,357,9278,6.611,0.299,0.655,6.4,766,626,901
3310,1,8,25,200,3.125,0.285,0.88,1.36,57,176,42
3311,4,83,326,7058,3.928,0.286,0.671,7.55,741,149,25
3312,2,2,64,128,32.0,0.531,0.586,17.0,68,75,4
3313,3,6,21,126,3.5,0.198,0.444,1.67,25,56,15
3314,3,9,1,9,0.111,1.0,1.0,9.0,9,9,1
3315,1,11,43,473,3.909,0.334,0.875,2.47,158,414,64
3316,4,36,43,1548,1.194,0.117,0.183,3.07,181,283,59
3317,1,9,10,90,1.111,0.344,0.533,3.88,31,48,8
3318,2,3,213,639,71.0,0.318,0.379,11.94,203,242,17
3319,2,1,126,126,126.0,0.992,1.0,125.0,125,126,1
3320,3,76,1,76,0.013,1.0,1.0,76.0,76,76,1
3321,2,5,280,1400,56.0,0.78,0.786,156.0,92,100,7
3322,4,8,4,32,0.5,0.438,0.594,7.0,14,19,2
3323,3,42,1,42,0.024,1.0,1.0,42.0,42,42,1
3324,4,4,11,44,2.75,0.159,0.932,1.75,7,41,4
3325,2,6,7,42,1.167,0.238,0.69,10.0,10,29,1
3326,3,8,1,8,0.125,1.0,1.0,8.0,8,8,1
3327,3,14,1,14,0.071,1.0,1.0,14.0,14,14,1
3328,3,22,1,22,0.045,1.0,1.0,22.0,22,22,1
3329,1,7,172,1204,24.571,0.294,0.967,2.07,354,164,171
3330,3,34,1,34,0.029,1.0,1.0,34.0,34,34,1
3331,4,21,4,84,0.19,0.31,0.643,3.71,26,54,7
3332,5,95,93,8835,0.979,0.675,0.902,3.63,966,968,644
3333,2,2,536,1072,268.0,0.586,0.686,21.66,628,735,29
3334,2,1,8,8,8.0,0.875,1.0,7.0,7,8,1
3335,5,53,158,4174,1.033,0.587,0.641,46.95,180,491,302
3336,3,5,2,10,0.4,0.9,0.9,9.0,9,9,1
3337,4,6,13,78,2.167,0.103,0.449,4.0,8,35,2
3338,1,9,48,432,5.333,0.273,0.685,1.42,118,296,83
3339,2,1,78,78,78.0,0.949,1.0,24.67,74,78,3
3340,1,5,10,50,2.0,0.56,0.96,2.33,28,48,12
3341,2,1,14,14,14.0,0.929,1.0,13.0,13,14,1
3342,3,42,1,42,0.024,1.0,1.0,42.0,42,42,1
3343,3,5,2,10,0.4,0.7,0.7,7.0,7,7,1
3344,3,9,1,9,0.111,1.0,1.0,9.0,9,9,1
3345,1,11,183,2013,16.636,0.481,0.747,4.66,969,503,208
3346,2,1,16,16,16.0,1.0,1.0,16.0,16,16,1
3347,2,1,17,17,17.0,1.0,1.0,17.0,17,17,1
3348,4,16,30,480,1.875,0.133,0.471,2.29,64,226,28
3349,3,44,3,132,0.068,0.598,0.841,2.47,79,111,32
3350,2,3,116,348,38.667,0.385,0.494,33.5,134,172,4
3351,2,2,157,314,78.5,0.506,0.551,26.5,159,173,6
3352,3,27,1,27,0.037,1.0,1.0,27.0,27,27,1
3353,1,4,2,8,0.5,0.875,0.875,7.0,7,7,1
3354,1,10,40,400,4.0,0.428,0.895,3.05,171,358,56
3355,2,1,29,29,29.0,1.0,1.0,29.0,29,29,1
3356,2,4,524,2096,131.0,0.542,0.603,40.57,136,264,28
3357,5,74,471,1954,2.707,0.339,0.433,15.84,820,499,756
3358,4,53,48,2544,0.906,0.157,0.269,7.84,400,685,51
3359,4,36,43,1548,1.194,0.117,0.183,3.07,181,283,59
3360,3,8,1,8,0.125,1.0,1.0,8.0,8,8,1
3361,2,2,535,1070,267.5,0.564,0.614,40.2,603,657,15
3362,2,2,537,1074,268.5,0.523,0.567,62.44,562,609,9
3363,3,31,1,31,0.032,1.0,1.0,31.0,31,31,1
3364,2,1,8,8,8.0,1.0,1.0,8.0,8,8,1
3365,1,7,15,105,2.143,0.181,0.61,2.71,19,64,7
3366,3,8,1,8,0.125,1.0,1.0,8.0,8,8,1
3367,3,12,2,24,0.167,0.625,0.667,15.0,15,16,1
3368,2,1,8,8,8.0,0.875,1.0,7.0,7,8,1
3369,4,60,286,5760,1.788,0.201,0.226,55.42,199,347,166
3370,3,26,1,26,0.038,1.0,1.0,26.0,26,26,1
3371,2,1,20,20,20.0,0.55,1.0,1.38,11,20,8
3372,2,2,475,950,237.5,0.504,0.544,95.8,479,517,5
3373,3,19,2,38,0.105,0.816,0.816,31.0,31,31,1
3374,1,9,37,333,4.111,0.444,0.898,2.08,148,299,71
3375,5,28,31,868,1.107,0.492,0.745,7.49,427,647,57
3376,5,78,140,4920,0.787,0.574,0.649,21.52,292,177,664
3377,4,36,48,1728,1.333,0.143,0.437,3.58,247,755,69
3378,3,9,1,9,0.111,1.0,1.0,9.0,9,9,1
3379,2,1,54,54,54.0,0.944,1.0,17.0,51,54,3
3380,3,26,1,26,0.038,1.0,1.0,26.0,26,26,1
3381,3,11,1,11,0.091,1.0,1.0,11.0,11,11,1
3382,2,1,255,255,255.0,0.686,1.0,4.86,175,255,36
3383,1,9,21,189,2.333,0.302,0.614,1.9,57,116,30
3384,4,32,106,3392,3.313,0.198,0.395,4.56,671,341,147
3385,2,1,29,29,29.0,0.931,1.0,13.5,27,29,2
3386,5,68,135,2680,0.804,0.82,0.904,62.81,591,513,296
3387,2,2,236,472,118.0,0.566,0.689,10.27,267,325,26
3388,1,8,43,344,5.375,0.387,0.762,1.93,133,262,69
3389,2,11,552,6072,50.182,0.816,0.816,955.0,955,955,1
3390,1,6,96,576,16.0,0.267,0.939,1.51,154,541,102
3391,4,30,60,1800,2.0,0.154,0.457,1.85,278,823,150
3392,1,9,9,81,1.0,0.63,0.802,5.1,51,65,10
3393,3,9,1,9,0.111,1.0,1.0,9.0,9,9,1
3394,5,28,31,868,1.107,0.508,0.767,7.47,441,666,59
3395,4,36,172,6192,4.778,0.128,0.337,4.84,793,86,164
3396,4,14,17,238,1.214,0.113,0.387,1.8,27,92,15
3397,1,10,18,180,1.8,0.656,0.9,6.94,118,162,17
3398,1,8,29,232,3.625,0.453,0.996,2.1,105,231,50
3399,2,7,1,7,0.143,1.0,1.0,7.0,7,7,1
3400,1,9,201,1809,22.333,0.152,0.456,1.27,275,825,216
3401,1,11,8,88,0.727,0.705,1.0,8.86,62,88,7
3402,4,10,12,120,1.2,0.208,0.583,1.67,25,70,15
3403,4,9,17,153,1.889,0.144,0.458,3.14,22,70,7
3404,3,4,11,8844,0.014,0.191,0.233,15.64,689,58,108
3405,5,78,140,4920,0.787,0.574,0.649,21.52,292,177,664
3406,5,63,161,6243,0.988,0.523,0.897,8.4,725,547,634
3407,4,7,24,168,3.429,0.101,0.298,1.89,17,50,9
3408,1,12,252,3024,21.0,0.416,0.682,4.75,259,62,265
3409,2,1,8,8,8.0,1.0,1.0,8.0,8,8,1
3410,1,12,67,804,5.583,0.35,0.693,2.84,281,557,99
3411,4,5,7,35,1.4,0.229,0.6,2.67,8,21,3
3412,3,53,1,53,0.019,1.0,1.0,53.0,53,53,1
3413,2,1,26,26,26.0,1.0,1.0,26.0,26,26,1
3414,1,7,40,280,5.714,0.232,0.707,1.38,65,198,47
3415,2,3,537,1611,179.0,0.345,0.405,22.24,556,652,25
3416,2,2,17,34,8.5,0.588,0.971,6.67,20,33,3
3417,5,87,137,5619,0.733,0.899,0.991,29.29,25,400,786
3418,4,13,13,169,1.0,0.124,0.45,3.5,21,76,6
3419,3,39,1,39,0.026,1.0,1.0,39.0,39,39,1
3420,4,6,9,54,1.5,0.148,0.296,4.0,8,16,2
3421,3,12,1,12,0.083,1.0,1.0,12.0,12,12,1
3422,4,68,34,2312,0.5,0.224,0.526,2.44,519,215,213
3423,4,9,4,36,0.444,0.25,0.75,9.0,9,27,1
3424,5,66,472,8352,2.843,0.359,0.547,17.12,93,821,641
3425,4,45,79,3555,1.756,0.087,0.195,4.81,308,693,64
3426,4,97,198,9006,1.005,0.273,0.332,46.93,654,964,227
3427,1,5,3,15,0.6,0.6,0.933,3.0,9,14,3
3428,1,8,7,56,0.875,0.268,0.786,1.67,15,44,9
3429,2,1,148,148,148.0,0.986,1.0,73.0,146,148,2
3430,5,64,73,4672,1.141,0.403,0.445,72.38,882,77,26
3431,3,61,30,7830,0.115,0.063,0.09,2.4,492,701,205
3432,5,63,161,6243,0.988,0.523,0.897,8.4,725,547,634
3433,2,1,32,32,32.0,0.719,1.0,5.75,23,32,4
3434,1,13,115,1495,8.846,0.314,0.695,2.62,469,39,179
3435,5,83,149,2367,1.795,0.388,0.472,28.77,804,838,167
3436,4,37,72,2664,1.946,0.12,0.257,7.64,321,685,42
3437,3,17,1,17,0.059,1.0,1.0,17.0,17,17,1
3438,1,9,232,2088,25.778,0.274,0.782,1.76,573,633,326
3439,1,8,4,32,0.5,0.375,1.0,1.5,12,32,8
3440,4,9,4,36,0.444,0.25,0.75,9.0,9,27,1
3441,3,10,1,10,0.1,1.0,1.0,10.0,10,10,1
3442,5,28,32,896,1.143,0.488,0.743,7.05,437,666,62
3443,5,68,135,2680,0.804,0.82,0.904,62.81,591,513,296
3444,4,18,105,2390,0.89,0.052,0.105,3.33,642,296,193
3445,1,9,100,900,11.111,0.276,0.847,1.91,248,762,130
3446,4,36,172,6192,4.778,0.128,0.337,4.84,793,86,164
3447,2,1,36,36,36.0,0.583,1.0,4.2,21,36,5
3448,2,1,187,187,187.0,0.963,1.0,25.71,180,187,7
3449,5,87,141,6367,0.754,0.415,0.884,4.69,947,301,333
3450,5,28,32,896,1.143,0.488,0.743,7.05,437,666,62
3451,1,14,217,3038,15.5,0.268,0.632,2.12,813,919,383
3452,2,1,63,63,63.0,1.0,1.0,63.0,63,63,1
3453,1,9,535,4815,59.444,0.192,0.658,1.42,926,167,654
3454,3,10,1,10,0.1,1.0,1.0,10.0,10,10,1
3455,1,9,169,1521,18.778,0.353,0.742,2.53,537,129,212
3456,5,74,471,1954,2.707,0.339,0.433,15.84,820,499,756
3457,4,6,6,36,1.0,0.194,0.417,3.5,7,15,2
3458,5,74,471,1954,2.707,0.339,0.433,15.84,820,499,756
3459,3,69,3,207,0.043,0.643,0.952,2.08,133,197,64
3460,4,67,30,2010,0.448,0.169,0.46,2.26,339,924,150
3461,1,9,91,819,10.111,0.32,0.773,2.2,262,633,119
3462,1,5,16,80,3.2,0.313,0.813,2.08,25,65,12
3463,1,10,126,1260,12.6,0.463,0.848,3.16,584,68,185
3464,2,1,187,187,187.0,0.963,1.0,25.71,180,187,7
3465,3,7,2,14,0.286,0.643,0.714,9.0,9,10,1
3466,2,3,538,1614,179.33,0.37,0.424,22.11,597,685,27
3467,2,1,206,206,206.0,0.99,1.0,204.0,204,206,1
3468,5,68,135,2680,0.804,0.82,0.904,62.81,591,513,296
3469,5,28,32,896,1.143,0.481,0.742,7.43,431,665,58
3470,4,7,11,77,1.571,0.117,0.494,1.8,9,38,5
3471,1,8,50,400,6.25,0.428,0.74,2.31,171,296,74
3472,2,1,180,180,180.0,0.983,1.0,88.5,177,180,2
3473,4,37,72,2664,1.946,0.12,0.257,7.64,321,685,42
3474,3,12,1,12,0.083,1.0,1.0,12.0,12,12,1
3475,3,9,1,9,0.111,1.0,1.0,9.0,9,9,1
3476,5,53,158,4174,1.033,0.587,0.641,46.95,180,491,302
3477,5,29,32,928,1.103,0.432,0.689,6.27,401,639,64
3478,1,11,54,594,4.909,0.258,0.736,1.99,153,437,77
3479,1,6,60,360,10.0,0.292,0.822,1.57,105,296,67
3480,1,4,6,24,1.5,0.458,0.792,5.5,11,19,2
3481,4,16,30,480,1.875,0.133,0.471,2.29,64,226,28
3482,4,6,9,54,1.5,0.148,0.296,4.0,8,16,2
3483,1,10,23,230,2.3,0.361,0.774,2.44,83,178,34
3484,1,12,332,3984,27.667,0.402,0.659,4.5,602,626,356
3485,2,1,44,44,44.0,0.727,1.0,5.33,32,44,6
3486,4,32,106,3392,3.313,0.198,0.395,4.56,671,341,147
3487,2,3,537,1611,179.0,0.353,0.364,71.13,569,587,8
3488,4,21,68,1428,3.238,0.052,0.109,5.69,74,156,13
3489,4,58,167,6386,1.057,0.16,0.276,8.24,213,279,511
3490,3,31,1,31,0.032,1.0,1.0,31.0,31,31,1
3491,3,16,1,16,0.063,1.0,1.0,16.0,16,16,1
3492,1,5,14,70,2.8,0.329,0.5,2.56,23,35,9
3493,2,1,17,17,17.0,1.0,1.0,17.0,17,17,1
3494,3,17,1,117,0.009,1.0,1.0,117.0,117,117,1
3495,2,12,278,3336,23.167,0.11,0.144,15.91,366,479,23
3496,4,31,105,3255,3.387,0.242,0.456,4.89,787,485,161
3497,4,32,350,1200,10.938,0.142,0.402,3.96,588,497,401
3498,1,8,21,168,2.625,0.435,1.0,1.97,73,168,37
3499,3,7,1,7,0.143,1.0,1.0,7.0,7,7,1
3500,2,8,231,1848,28.875,0.872,0.882,179.0,611,630,9
3501,5,87,137,5619,0.733,0.899,0.991,29.29,25,400,786
3502,3,42,7,294,0.167,0.282,0.432,2.18,83,127,38
3503,4,53,442,7626,2.889,0.114,0.215,6.27,689,538,227
3504,5,87,141,6367,0.754,0.415,0.884,4.69,947,301,333
3505,2,3,538,1614,179.33,0.37,0.424,22.11,597,685,27
3506,4,34,25,850,0.735,0.256,0.534,2.06,218,454,106
3507,1,8,132,1056,16.5,0.36,0.921,2.1,380,973,181
3508,5,83,149,2367,1.795,0.388,0.472,28.77,804,838,167
3509,4,10,7,70,0.7,0.157,0.6,1.57,11,42,7
3510,1,8,27,216,3.375,0.407,1.0,2.05,88,216,43
3511,2,1,36,36,36.0,0.306,1.0,1.83,11,36,6
3512,5,83,149,2367,1.795,0.388,0.472,28.77,804,838,167
3513,5,28,31,868,1.107,0.492,0.745,7.49,427,647,57
3514,4,86,67,5762,0.779,0.164,0.935,2.37,947,386,399
3515,3,9,1,9,0.111,1.0,1.0,9.0,9,9,1
3516,1,4,10,40,2.5,0.6,0.8,4.0,24,32,6
3517,4,12,146,1752,12.167,0.091,0.128,26.67,160,225,6
3518,5,65,50,3250,0.769,0.454,0.487,245.83,475,582,6
3519,4,86,67,5762,0.779,0.164,0.935,2.37,947,386,399
3520,5,87,137,5619,0.733,0.899,0.991,29.29,25,400,786
3521,4,49,79,3871,1.612,0.084,0.179,7.36,324,694,44
3522,1,8,109,872,13.625,0.271,0.864,1.83,236,753,129
3523,3,34,1,34,0.029,1.0,1.0,34.0,34,34,1
3524,4,36,48,1728,1.333,0.143,0.437,3.58,247,755,69
3525,1,5,23,115,4.6,0.504,0.783,2.42,58,90,24
3526,5,29,31,899,1.069,0.463,0.726,6.93,416,653,60
3527,2,6,142,852,23.667,0.115,0.173,6.53,98,147,15
3528,5,28,32,896,1.143,0.481,0.742,7.43,431,665,58
3529,5,28,32,896,1.143,0.488,0.743,7.05,437,666,62
3530,2,25,300,7500,12.0,0.065,0.071,40.33,484,531,12
3531,2,1,131,131,131.0,0.977,1.0,64.0,128,131,2
3532,1,7,101,707,14.429,0.501,0.973,3.19,354,688,111
3533,5,78,140,4920,0.787,0.574,0.649,21.52,292,177,664
3534,5,87,137,5619,0.733,0.899,0.991,29.29,25,400,786
3535,3,9,1,9,0.111,1.0,1.0,9.0,9,9,1
3536,5,28,32,896,1.143,0.488,0.743,7.05,437,666,62
3537,4,12,4,48,0.333,0.292,1.0,2.0,14,48,7
3538,1,10,18,180,1.8,0.294,0.883,1.96,53,159,27
3539,4,8,4,32,0.5,0.438,0.594,7.0,14,19,2
3540,3,9,1,9,0.111,1.0,1.0,9.0,9,9,1
3541,3,5,2,10,0.4,0.7,0.7,7.0,7,7,1
3542,2,1,18,18,18.0,0.5,1.0,3.0,9,18,3
3543,5,78,140,4920,0.787,0.574,0.649,21.52,292,177,664
3544,4,15,14,210,0.933,0.11,0.338,1.92,23,71,12
3545,1,9,299,2691,33.222,0.226,0.705,1.58,607,896,385
3546,4,18,105,2390,0.89,0.052,0.105,3.33,642,296,193
3547,3,14,1,14,0.071,1.0,1.0,14.0,14,14,1
3548,5,74,471,1954,2.707,0.339,0.433,15.84,820,499,756
3549,4,12,464,8368,2.189,0.052,0.07,11.84,66,884,428
3550,1,7,40,280,5.714,0.229,0.686,1.28,64,192,50
3551,2,2,415,830,207.5,0.505,0.578,16.76,419,480,25
3552,3,13,1,13,0.077,1.0,1.0,13.0,13,13,1
3553,4,5,4,20,0.8,0.45,0.65,4.5,9,13,2
3554,1,9,16,144,1.778,0.278,0.917,1.48,40,132,27
3555,1,8,42,336,5.25,0.375,0.899,2.07,126,302,61
3556,1,7,6,42,0.857,0.333,0.762,4.67,14,32,3
3557,3,54,1,54,0.019,1.0,1.0,54.0,54,54,1
3558,2,1,95,95,95.0,1.0,1.0,95.0,95,95,1
3559,2,6,7,42,1.167,0.238,0.69,10.0,10,29,1
3560,1,8,19,152,2.375,0.355,0.954,2.0,54,145,27
3561,4,28,61,1708,2.179,0.172,0.509,1.97,294,870,149
3562,3,32,1,32,0.031,1.0,1.0,32.0,32,32,1
3563,1,8,54,432,6.75,0.537,0.951,3.36,232,411,69
3564,2,1,145,145,145.0,0.972,1.0,35.25,141,145,4
3565,4,6,5,30,0.833,0.233,0.633,1.75,7,19,4
3566,4,4,5,20,1.25,0.35,0.8,2.33,7,16,3
3567,4,53,48,2544,0.906,0.157,0.269,7.84,400,685,51
3568,2,1,33,33,33.0,1.0,1.0,33.0,33,33,1
3569,4,14,19,266,1.357,0.113,0.504,30.0,30,134,1
3570,3,27,1,27,0.037,1.0,1.0,27.0,27,27,1
3571,3,94,2,188,0.021,0.516,0.516,97.0,97,97,1
3572,1,6,17,102,2.833,0.255,0.745,1.18,26,76,22
3573,3,76,1,76,0.013,1.0,1.0,76.0,76,76,1
3574,5,93,104,9672,1.118,0.451,0.611,4.25,366,908,28
3575,5,28,347,4416,2.711,0.399,0.567,13.07,721,163,356
3576,1,10,19,190,1.9,0.568,0.774,9.82,108,147,11
3577,4,83,277,2991,3.337,0.18,0.365,6.86,138,387,603
3578,2,1,57,57,57.0,0.456,1.0,3.71,26,57,7
3579,1,8,74,592,9.25,0.412,0.845,2.14,244,500,114
3580,1,9,331,2979,36.778,0.126,0.527,1.21,374,570,308
3581,2,2,176,352,88.0,0.528,0.605,31.0,186,213,6
3582,3,17,1,117,0.009,1.0,1.0,117.0,117,117,1
3583,2,1,52,52,52.0,0.538,1.0,14.0,28,52,2
3584,2,1,44,44,44.0,0.727,1.0,5.33,32,44,6
3585,2,1,159,159,159.0,0.975,1.0,77.5,155,159,2
3586,5,68,135,2680,0.804,0.82,0.904,62.81,591,513,296
3587,5,72,96,6912,1.333,0.488,0.582,15.69,374,25,215
3588,2,1,15,15,15.0,0.867,1.0,13.0,13,15,1
3589,1,9,217,1953,24.111,0.168,0.686,1.4,329,339,235
3590,4,36,96,3456,2.667,0.096,0.207,7.7,331,717,43
3591,2,3,132,396,44.0,0.505,0.558,20.0,200,221,10
3592,1,1,35,35,35.0,0.2,1.0,1.17,7,35,6
3593,5,95,93,8835,0.979,0.675,0.902,3.63,966,968,644
3594,1,10,58,580,5.8,0.3,0.84,2.17,174,487,80
3595,5,28,31,868,1.107,0.492,0.745,7.49,427,647,57
3596,4,28,61,1708,2.179,0.172,0.509,1.97,294,870,149
3597,4,45,79,3555,1.756,0.087,0.195,4.81,308,693,64
3598,3,9,1,9,0.111,1.0,1.0,9.0,9,9,1
3599,3,31,1,31,0.032,1.0,1.0,31.0,31,31,1
3600,3,8,1,8,0.125,1.0,1.0,8.0,8,8,1
3601,4,39,70,2730,1.795,0.09,0.255,7.0,245,697,35
3602,3,54,1,54,0.019,1.0,1.0,54.0,54,54,1
3603,2,1,8,8,8.0,1.0,1.0,8.0,8,8,1
3604,3,23,1,23,0.043,1.0,1.0,23.0,23,23,1
3605,1,8,24,192,3.0,0.203,0.568,1.7,39,109,23
3606,4,36,43,1548,1.194,0.117,0.183,3.07,181,283,59
3607,2,2,538,1076,269.0,0.637,0.703,29.78,685,756,23
3608,2,1,45,45,45.0,0.756,1.0,5.67,34,45,6
3609,3,22,1,22,0.045,1.0,1.0,22.0,22,22,1
3610,5,83,149,2367,1.795,0.388,0.472,28.77,804,838,167
3611,4,6,9,54,1.5,0.148,0.296,4.0,8,16,2
3612,4,83,315,6145,3.795,0.295,0.594,9.21,725,523,839
3613,2,4,524,2096,131.0,0.542,0.603,40.57,136,264,28
3614,5,28,31,868,1.107,0.508,0.767,7.47,441,666,59
3615,4,4,5,20,1.25,0.35,0.8,2.33,7,16,3
3616,1,10,280,2800,28.0,0.356,0.77,2.63,998,157,380
3617,1,7,15,105,2.143,0.343,1.0,1.64,36,105,22
3618,4,7,11,77,1.571,0.117,0.494,1.8,9,38,5
3619,2,1,413,413,413.0,0.998,1.0,412.0,412,413,1
3620,1,10,22,220,2.2,0.491,0.932,3.72,108,205,29
3621,1,10,271,2710,27.1,0.173,0.557,1.47,469,510,318
3622,2,3,213,639,71.0,0.318,0.379,11.94,203,242,17
3623,1,5,12,60,2.4,0.267,0.733,1.78,16,44,9
3624,2,1,79,79,79.0,0.608,1.0,6.86,48,79,7
3625,2,1,117,117,117.0,0.393,1.0,5.75,46,117,8
3626,5,28,32,896,1.143,0.462,0.722,7.02,414,647,59
3627,1,11,24,264,2.182,0.53,0.727,10.0,140,192,14
3628,1,6,13,78,2.167,0.295,1.0,1.53,23,78,15
3629,4,53,48,2544,0.906,0.157,0.269,7.84,400,685,51
3630,3,13,1,13,0.077,1.0,1.0,13.0,13,13,1
3631,2,2,325,650,162.5,0.485,0.537,28.64,315,349,11
3632,1,11,20,220,1.818,0.568,0.895,8.93,125,197,14
3633,5,28,32,896,1.143,0.488,0.743,7.05,437,666,62
3634,4,30,61,1830,2.033,0.157,0.483,1.88,288,884,153
3635,1,12,8,96,0.667,0.792,1.0,15.2,76,96,5
3636,3,9,1,9,0.111,1.0,1.0,9.0,9,9,1
3637,1,7,6,42,0.857,0.452,1.0,1.9,19,42,10
3638,1,7,66,462,9.429,0.294,0.924,1.46,136,427,93
3639,3,42,1,42,0.024,1.0,1.0,42.0,42,42,1
3640,3,10,1,10,0.1,1.0,1.0,10.0,10,10,1
3641,2,1,43,43,43.0,0.907,1.0,9.75,39,43,4
3642,2,2,123,246,61.5,0.5,0.504,123.0,123,124,1
3643,4,12,464,8368,2.189,0.052,0.07,11.84,66,884,428
3644,2,11,252,2772,22.909,0.092,0.095,63.75,255,262,4
3645,4,21,68,1428,3.238,0.052,0.109,5.69,74,156,13
3646,4,13,5,65,0.385,0.123,0.538,8.0,8,35,1
3647,3,10,1,10,0.1,1.0,1.0,10.0,10,10,1
3648,2,3,183,549,61.0,0.488,0.577,29.78,268,317,9
3649,5,28,32,896,1.143,0.488,0.743,7.05,437,666,62
3650,2,1,40,40,40.0,1.0,1.0,40.0,40,40,1
3651,2,1,79,79,79.0,0.608,1.0,6.86,48,79,7
3652,5,28,32,896,1.143,0.488,0.743,7.05,437,666,62
3653,1,7,25,175,3.571,0.331,0.891,1.41,58,156,41
3654,4,5,9,45,1.8,0.178,0.533,1.6,8,24,5
3655,5,29,31,899,1.069,0.463,0.726,6.93,416,653,60
3656,1,5,5,25,1.0,0.52,1.0,2.17,13,25,6
3657,4,68,34,2312,0.5,0.224,0.526,2.44,519,215,213
3658,4,58,167,6386,1.057,0.16,0.276,8.24,213,279,511
3659,5,65,50,3250,0.769,0.454,0.487,245.83,475,582,6
3660,1,8,50,400,6.25,0.253,0.8,2.3,101,320,44
3661,5,83,149,2367,1.795,0.388,0.472,28.77,804,838,167
3662,5,63,79,4977,1.254,0.338,0.345,186.78,681,718,9
3663,5,74,471,1954,2.707,0.339,0.433,15.84,820,499,756
3664,2,1,29,29,29.0,1.0,1.0,29.0,29,29,1
3665,1,8,18,144,2.25,0.438,0.979,2.74,63,141,23
3666,5,29,32,928,1.103,0.432,0.689,6.27,401,639,64
3667,3,30,5,2150,0.012,0.216,0.221,46.5,465,475,10
3668,5,28,347,4416,2.711,0.399,0.567,13.07,721,163,356
3669,3,10,1,10,0.1,1.0,1.0,10.0,10,10,1
3670,5,32,547,2204,4.144,0.37,0.483,20.66,693,874,292
3671,2,1,32,32,32.0,0.469,1.0,1.88,15,32,8
3672,4,9,17,153,1.889,0.144,0.458,3.14,22,70,7
3673,5,87,137,5619,0.733,0.899,0.991,29.29,25,400,786
3674,1,8,27,216,3.375,0.218,0.852,2.24,47,184,21
3675,4,91,285,5935,3.132,0.158,0.165,113.89,100,287,36
3676,5,29,32,928,1.103,0.476,0.72,7.25,442,668,61
3677,4,49,79,3871,1.612,0.084,0.179,7.36,324,694,44
3678,1,8,52,416,6.5,0.325,0.877,1.75,135,365,77
3679,4,13,8,104,0.615,0.154,0.769,1.07,16,80,15
3680,1,8,14,112,1.75,0.42,0.759,2.04,47,85,23
3681,3,54,1,54,0.019,1.0,1.0,54.0,54,54,1
3682,5,29,32,928,1.103,0.432,0.689,6.27,401,639,64
3683,3,53,1,53,0.019,1.0,1.0,53.0,53,53,1
3684,3,10,1,10,0.1,1.0,1.0,10.0,10,10,1
3685,1,10,10,100,1.0,0.57,0.91,3.17,57,91,18
3686,2,1,8,8,8.0,0.875,1.0,7.0,7,8,1
3687,1,11,99,1089,9.0,0.23,0.601,2.14,250,654,117
3688,3,76,1,76,0.013,1.0,1.0,76.0,76,76,1
3689,4,53,442,7626,2.889,0.114,0.215,6.27,689,538,227
3690,3,9,1,9,0.111,1.0,1.0,9.0,9,9,1
3691,2,4,9,36,2.25,0.611,0.611,22.0,22,22,1
3692,5,63,79,4977,1.254,0.338,0.345,186.78,681,718,9
3693,1,9,9,81,1.0,0.346,0.877,2.8,28,71,10
3694,1,10,12,120,1.2,0.333,0.958,1.82,40,115,22
3695,4,8,16,128,2.0,0.156,0.859,5.0,20,110,4
3696,3,14,1,14,0.071,1.0,1.0,14.0,14,14,1
3697,1,5,75,375,15.0,0.269,0.979,1.22,101,367,83
3698,5,83,149,2367,1.795,0.388,0.472,28.77,804,838,167
3699,1,7,4,28,0.571,0.393,0.679,3.67,11,19,3
3700,1,8,31,248,3.875,0.351,0.839,1.98,87,208,44
3701,4,37,72,2664,1.946,0.12,0.257,7.64,321,685,42
3702,5,78,140,4920,0.787,0.574,0.649,21.52,292,177,664
3703,1,10,20,200,2.0,0.54,0.78,9.0,108,156,12
3704,5,63,79,4977,1.254,0.338,0.345,186.78,681,718,9
3705,3,7,2,14,0.286,0.643,0.714,9.0,9,10,1
3706,1,8,12,96,1.5,0.448,0.896,2.05,43,86,21
3707,2,1,19,19,19.0,0.684,1.0,4.33,13,19,3
3708,5,95,93,8835,0.979,0.675,0.902,3.63,966,968,644
3709,4,7,9,63,1.286,0.143,0.238,9.0,9,15,1
3710,4,4,463,752,1.523,0.063,0.121,3.91,898,81,273
3711,1,7,346,2422,49.429,0.185,0.731,1.26,448,771,355
3712,4,10,7,70,0.7,0.157,0.6,1.57,11,42,7
3713,2,3,129,387,43.0,0.305,0.377,11.8,118,146,10
3714,5,28,32,896,1.143,0.462,0.722,7.02,414,647,59
3715,4,21,4,84,0.19,0.31,0.643,3.71,26,54,7
3716,2,3,536,1608,178.67,0.341,0.353,61.0,549,567,9
3717,2,1,283,283,283.0,0.993,1.0,140.5,281,283,2
3718,5,72,96,6912,1.333,0.488,0.582,15.69,374,25,215
3719,2,1,12,12,12.0,0.75,1.0,9.0,9,12,1
3720,5,64,73,4672,1.141,0.403,0.445,72.38,882,77,26
3721,4,12,464,8368,2.189,0.052,0.07,11.84,66,884,428
3722,4,13,13,169,1.0,0.124,0.45,3.5,21,76,6
3723,1,7,21,147,3.0,0.354,0.939,1.63,52,138,32
3724,5,64,73,4672,1.141,0.403,0.445,72.38,882,77,26
3725,2,1,255,255,255.0,0.686,1.0,4.86,175,255,36
3726,4,24,18,432,0.75,0.139,0.377,2.07,60,163,29
3727,1,7,6,42,0.857,0.548,0.952,2.56,23,40,9
3728,2,1,148,148,148.0,0.959,1.0,47.33,142,148,3
3729,4,16,21,336,1.313,0.095,0.515,1.6,32,173,20
3730,4,7,24,168,3.429,0.101,0.298,1.89,17,50,9
3731,1,11,109,1199,9.909,0.234,0.62,1.92,281,743,146
3732,4,10,7,70,0.7,0.157,0.6,1.57,11,42,7
3733,5,86,469,7234,2.522,0.378,0.529,22.29,17,133,481
3734,4,8,1,8,0.125,0.875,1.0,7.0,7,8,1
3735,3,13,1,13,0.077,1.0,1.0,13.0,13,13,1
3736,3,4,2,8,0.5,0.875,0.875,7.0,7,7,1
3737,3,42,1,42,0.024,1.0,1.0,42.0,42,42,1
3738,3,44,3,132,0.068,0.598,0.841,2.47,79,111,32
3739,4,7,13,91,1.857,0.154,0.484,2.0,14,44,7
3740,4,85,69,5865,0.812,0.165,0.441,1.44,969,588,674
3741,5,28,32,896,1.143,0.462,0.722,7.02,414,647,59
3742,5,29,32,928,1.103,0.432,0.689,6.27,401,639,64
3743,2,1,17,17,17.0,0.941,1.0,16.0,16,17,1
3744,4,81,49,3969,0.605,0.113,0.398,2.26,449,580,199
3745,2,1,104,104,104.0,0.971,1.0,50.5,101,104,2
3746,5,86,469,7234,2.522,0.378,0.529,22.29,17,133,481
3747,4,31,105,3255,3.387,0.224,0.417,5.35,728,358,136
3748,4,13,8,104,0.615,0.154,0.769,1.07,16,80,15
3749,1,8,15,120,1.875,0.258,0.683,3.88,31,82,8
3750,5,63,161,6243,0.988,0.523,0.897,8.4,725,547,634
3751,1,8,15,120,1.875,0.467,0.783,2.24,56,94,25
3752,4,9,4,36,0.444,0.25,0.75,9.0,9,27,1
3753,1,5,34,170,6.8,0.141,0.594,1.26,24,101,19
3754,2,1,61,61,61.0,1.0,1.0,61.0,61,61,1
3755,4,28,61,1708,2.179,0.172,0.509,1.97,294,870,149
3756,4,43,62,2666,1.442,0.08,0.17,6.63,212,454,32
3757,4,7,11,77,1.571,0.117,0.494,1.8,9,38,5
3758,4,8,4,32,0.5,0.438,0.594,7.0,14,19,2
3759,3,4,2,8,0.5,0.875,0.875,7.0,7,7,1
3760,2,1,54,54,54.0,0.944,1.0,17.0,51,54,3
3761,3,13,1,13,0.077,1.0,1.0,13.0,13,13,1
3762,5,66,472,8352,2.843,0.359,0.547,17.12,93,821,641
3763,1,9,535,4815,59.444,0.118,0.482,1.31,566,323,432
3764,2,2,537,1074,268.5,0.523,0.567,62.44,562,609,9
3765,5,87,141,6367,0.754,0.415,0.884,4.69,947,301,333
3766,4,55,48,2640,0.873,0.142,0.364,4.26,375,960,88
3767,1,8,47,376,5.875,0.221,0.702,1.26,83,264,66
3768,2,2,18,36,9.0,0.806,0.833,29.0,29,30,1
3769,5,78,140,4920,0.787,0.574,0.649,21.52,292,177,664
3770,4,14,17,238,1.214,0.113,0.387,1.8,27,92,15
3771,3,84,1,84,0.012,1.0,1.0,84.0,84,84,1
3772,2,1,86,86,86.0,0.93,1.0,40.0,80,86,2
3773,1,7,18,126,2.571,0.286,0.627,1.57,36,79,23
3774,2,2,25,50,12.5,0.36,1.0,4.5,18,50,4
3775,1,10,75,750,7.5,0.428,0.909,2.28,321,682,141
3776,3,7,1,7,0.143,1.0,1.0,7.0,7,7,1
3777,2,1,255,255,255.0,0.686,1.0,4.86,175,255,36
3778,4,32,350,1200,10.938,0.142,0.402,3.96,588,497,401
3779,5,93,104,9672,1.118,0.451,0.611,4.25,366,908,28
3780,1,6,16,96,2.667,0.281,0.542,2.45,27,52,11
3781,5,74,471,1954,2.707,0.339,0.433,15.84,820,499,756
3782,5,72,96,6912,1.333,0.488,0.582,15.69,374,25,215
3783,5,86,469,7234,2.522,0.378,0.529,22.29,17,133,481
3784,5,87,141,6367,0.754,0.415,0.884,4.69,947,301,333
3785,2,1,106,106,106.0,0.858,1.0,15.17,91,106,6
3786,2,1,117,117,117.0,0.393,1.0,5.75,46,117,8
3787,5,86,469,7234,2.522,0.378,0.529,22.29,17,133,481
3788,1,10,330,3300,33.0,0.207,0.671,1.61,684,215,425
3789,5,28,31,868,1.107,0.492,0.745,7.49,427,647,57
3790,3,27,4,108,0.148,0.333,0.667,2.57,36,72,14
3791,5,74,471,1954,2.707,0.339,0.433,15.84,820,499,756
3792,2,2,535,1070,267.5,0.55,0.586,117.8,589,627,5
3793,4,91,285,5935,3.132,0.158,0.165,113.89,100,287,36
3794,2,1,69,69,69.0,0.667,1.0,4.18,46,69,11
3795,4,28,61,1708,2.179,0.172,0.509,1.97,294,870,149
3796,2,1,23,23,23.0,0.826,1.0,19.0,19,23,1
3797,3,7,1,7,0.143,1.0,1.0,7.0,7,7,1
3798,1,3,3,9,1.0,0.889,0.889,8.0,8,8,1
3799,5,87,141,6367,0.754,0.415,0.884,4.69,947,301,333
3800,5,86,469,7234,2.522,0.378,0.529,22.29,17,133,481
3801,5,66,472,8352,2.843,0.359,0.547,17.12,93,821,641
3802,2,1,52,52,52.0,0.962,1.0,25.0,50,52,2
3803,5,28,32,896,1.143,0.462,0.722,7.02,414,647,59
3804,2,3,537,1611,179.0,0.353,0.364,71.13,569,587,8
3805,2,6,47,282,7.833,0.202,0.202,57.0,57,57,1
3806,1,10,34,340,3.4,0.426,0.656,3.02,145,223,48
3807,5,29,31,899,1.069,0.463,0.726,6.93,416,653,60
3808,5,28,32,896,1.143,0.481,0.742,7.43,431,665,58
3809,2,1,11,11,11.0,1.0,1.0,11.0,11,11,1
3810,1,6,40,240,6.667,0.221,0.983,1.26,53,236,42
3811,5,63,66,4158,1.048,0.491,0.591,44.37,41,458,46
3812,1,10,63,630,6.3,0.298,0.795,1.72,188,501,109
3813,2,2,475,950,237.5,0.504,0.544,95.8,479,517,5
3814,1,10,94,940,9.4,0.25,0.721,1.7,235,678,138
3815,2,2,112,224,56.0,0.496,0.504,55.5,111,113,2
3816,1,7,7,49,1.0,0.245,0.878,1.71,12,43,7
3817,4,6,13,78,2.167,0.103,0.449,4.0,8,35,2
3818,3,1,25,25,25.0,1.0,1.0,25.0,25,25,1
3819,2,5,280,1400,56.0,0.78,0.786,156.0,92,100,7
3820,5,29,31,899,1.069,0.463,0.726,6.93,416,653,60
3821,2,1,214,214,214.0,1.0,1.0,214.0,214,214,1
3822,4,36,48,1728,1.333,0.143,0.437,3.58,247,755,69
3823,4,24,18,432,0.75,0.139,0.377,2.07,60,163,29
3824,2,1,54,54,54.0,0.944,1.0,17.0,51,54,3
3825,4,14,19,266,1.357,0.113,0.504,30.0,30,134,1
3826,4,11,463,3993,1.489,0.088,0.16,3.93,631,92,212
3827,2,3,500,1500,166.67,0.373,0.421,19.28,559,632,29
3828,4,12,464,8368,2.189,0.052,0.07,11.84,66,884,428
3829,5,86,469,7234,2.522,0.378,0.529,22.29,17,133,481
3830,4,11,463,3993,1.489,0.088,0.16,3.93,631,92,212
3831,3,1,25,25,25.0,1.0,1.0,25.0,25,25,1
3832,1,6,14,84,2.333,0.321,0.881,1.8,27,74,15
3833,3,27,4,108,0.148,0.333,0.667,2.57,36,72,14
3834,3,8,1,8,0.125,1.0,1.0,8.0,8,8,1
3835,5,32,547,2204,4.144,0.37,0.483,20.66,693,874,292
3836,4,4,11,44,2.75,0.159,0.932,1.75,7,41,4
3837,1,9,30,270,3.333,0.27,0.796,1.4,73,215,52
3838,3,20,1,20,0.05,1.0,1.0,20.0,20,20,1
3839,1,13,291,3783,22.385,0.285,0.627,2.68,80,371,403
3840,2,1,148,148,148.0,0.986,1.0,73.0,146,148,2
3841,5,86,469,7234,2.522,0.378,0.529,22.29,17,133,481
3842,1,25,494,2350,19.76,0.462,0.93,7.35,707,482,776
3843,4,36,43,1548,1.194,0.117,0.183,3.07,181,283,59
3844,3,11,2,22,0.182,0.636,0.636,14.0,14,14,1
3845,2,2,98,196,49.0,0.48,0.653,9.4,94,128,10
3846,4,14,17,238,1.214,0.113,0.387,1.8,27,92,15
3847,1,13,38,494,2.923,0.324,0.935,3.81,160,462,42
3848,3,54,1,54,0.019,1.0,1.0,54.0,54,54,1
3849,1,10,44,440,4.4,0.35,0.957,1.9,154,421,81
3850,3,34,1,34,0.029,1.0,1.0,34.0,34,34,1
3851,3,17,1,117,0.009,1.0,1.0,117.0,117,117,1
3852,2,2,536,1072,268.0,0.505,0.512,180.33,541,549,3
3853,5,83,149,2367,1.795,0.388,0.472,28.77,804,838,167
3854,1,1,89,89,89.0,0.191,1.0,1.06,17,89,16
3855,1,9,20,180,2.222,0.461,1.0,2.59,83,180,32
3856,5,65,50,3250,0.769,0.454,0.487,245.83,475,582,6
3857,5,93,104,9672,1.118,0.451,0.611,4.25,366,908,28
3858,3,17,1,117,0.009,1.0,1.0,117.0,117,117,1
3859,2,1,36,36,36.0,0.583,1.0,5.25,21,36,4
3860,4,4,11,44,2.75,0.159,0.932,1.75,7,41,4
3861,5,28,32,896,1.143,0.481,0.742,7.43,431,665,58
3862,2,1,19,19,19.0,0.684,1.0,4.33,13,19,3
3863,5,29,31,899,1.069,0.463,0.726,6.93,416,653,60
3864,1,10,51,510,5.1,0.337,0.773,2.12,172,394,81
3865,4,5,9,45,1.8,0.178,0.533,1.6,8,24,5
3866,4,31,105,3255,3.387,0.224,0.417,5.35,728,358,136
3867,4,12,464,8368,2.189,0.052,0.07,11.84,66,884,428
3868,2,1,98,98,98.0,0.939,1.0,30.67,92,98,3
3869,1,5,4,20,0.8,0.45,0.8,3.0,9,16,3
3870,5,78,140,4920,0.787,0.574,0.649,21.52,292,177,664
3871,5,72,96,6912,1.333,0.488,0.582,15.69,374,25,215
3872,4,16,21,336,1.313,0.095,0.515,1.6,32,173,20
3873,5,63,161,6243,0.988,0.523,0.897,8.4,725,547,634
3874,3,9,1,9,0.111,1.0,1.0,9.0,9,9,1
3875,1,9,186,1674,20.667,0.425,0.786,3.24,712,315,220
3876,5,64,73,4672,1.141,0.403,0.445,72.38,882,77,26
3877,3,8,1,8,0.125,1.0,1.0,8.0,8,8,1
3878,1,10,52,520,5.2,0.294,0.675,2.13,153,351,72
3879,3,7,1,7,0.143,1.0,1.0,7.0,7,7,1
3880,5,66,472,8352,2.843,0.359,0.547,17.12,93,821,641
3881,1,1,118,118,118.0,0.186,1.0,1.05,22,118,21
3882,2,2,536,1072,268.0,0.538,0.737,30.37,577,790,19
3883,3,69,3,207,0.043,0.643,0.952,2.08,133,197,64
3884,5,28,32,896,1.143,0.488,0.743,7.05,437,666,62
3885,1,5,13,65,2.6,0.154,0.662,10.0,10,43,1
3886,2,2,48,96,24.0,0.625,0.677,30.0,60,65,2
3887,5,66,472,8352,2.843,0.359,0.547,17.12,93,821,641
3888,4,97,198,9006,1.005,0.273,0.332,46.93,654,964,227
3889,3,31,1,31,0.032,1.0,1.0,31.0,31,31,1
3890,2,1,14,14,14.0,0.643,1.0,3.0,9,14,3
3891,1,9,232,2088,25.778,0.274,0.782,1.76,573,633,326
3892,3,4,2,8,0.5,1.0,1.0,8.0,8,8,1
3893,4,60,286,5760,1.788,0.201,0.226,55.42,199,347,166
3894,3,4,2,8,0.5,1.0,1.0,8.0,8,8,1
3895,5,93,104,9672,1.118,0.451,0.611,4.25,366,908,28
3896,1,8,28,224,3.5,0.46,0.79,2.58,103,177,40
3897,3,61,30,7830,0.115,0.063,0.09,2.4,492,701,205
3898,5,28,31,868,1.107,0.492,0.745,7.49,427,647,57
3899,5,63,79,4977,1.254,0.338,0.345,186.78,681,718,9
3900,2,1,14,14,14.0,0.929,1.0,13.0,13,14,1
3901,3,31,1,31,0.032,1.0,1.0,31.0,31,31,1
3902,5,68,145,4360,0.863,0.798,0.963,13.06,430,457,488
3903,3,8,1,8,0.125,1.0,1.0,8.0,8,8,1
3904,2,1,52,52,52.0,0.788,1.0,10.25,41,52,4
3905,2,1,8,8,8.0,1.0,1.0,8.0,8,8,1
3906,5,28,347,4416,2.711,0.399,0.567,13.07,721,163,356
3907,1,10,183,1830,18.3,0.267,0.682,1.67,488,248,293
3908,2,3,544,1632,181.33,0.326,0.406,16.12,532,662,33
3909,2,1,193,193,193.0,0.57,1.0,2.97,110,193,37
3910,4,31,105,3255,3.387,0.242,0.456,4.89,787,485,161
3911,4,14,19,266,1.357,0.113,0.504,30.0,30,134,1
3912,5,68,135,2680,0.804,0.82,0.904,62.81,591,513,296
3913,2,2,536,1072,268.0,0.532,0.558,30.0,570,598,19
3914,2,3,286,858,95.333,0.406,0.427,87.0,348,366,4
3915,5,28,32,896,1.143,0.481,0.742,7.43,431,665,58
3916,5,87,137,5619,0.733,0.899,0.991,29.29,25,400,786
3917,4,83,326,7058,3.928,0.286,0.671,7.55,741,149,25
3918,3,54,1,54,0.019,1.0,1.0,54.0,54,54,1
3919,5,29,32,928,1.103,0.432,0.689,6.27,401,639,64
3920,1,9,164,1476,18.222,0.189,0.65,1.26,279,959,221
3921,1,8,11,88,1.375,0.443,1.0,1.63,39,88,24
3922,5,28,32,896,1.143,0.462,0.722,7.02,414,647,59
3923,5,78,140,4920,0.787,0.574,0.649,21.52,292,177,664
3924,3,27,4,108,0.148,0.38,0.75,2.56,41,81,16
3925,2,2,20,40,10.0,0.675,0.675,27.0,27,27,1
3926,5,63,79,4977,1.254,0.338,0.345,186.78,681,718,9
3927,4,13,8,104,0.615,0.154,0.769,1.07,16,80,15
3928,1,9,110,990,12.222,0.311,0.627,2.08,308,621,148
3929,1,12,7,84,0.583,0.214,0.583,3.6,18,49,5
3930,1,13,375,4875,28.846,0.154,0.519,1.44,751,531,521
3931,4,48,402,9296,8.375,0.055,0.094,4.13,58,814,256
3932,1,18,168,3024,9.333,0.187,0.73,2.34,564,207,241
3933,4,83,314,6062,3.783,0.298,0.671,8.75,772,482,888
3934,1,11,90,990,8.182,0.362,0.808,2.82,358,800,127
3935,5,28,32,896,1.143,0.462,0.722,7.02,414,647,59
3936,1,21,106,2226,5.048,0.136,0.396,1.99,302,881,152
3937,1,7,10,70,1.429,0.286,0.829,1.33,20,58,15
3938,2,2,14,28,7.0,0.464,0.536,13.0,13,15,1
3939,2,12,278,3336,23.167,0.11,0.144,15.91,366,479,23
3940,5,63,66,4158,1.048,0.491,0.591,44.37,41,458,46
3941,3,19,2,38,0.105,0.816,0.816,31.0,31,31,1
3942,2,1,148,148,148.0,0.986,1.0,73.0,146,148,2
3943,3,14,2,28,0.143,0.536,0.536,15.0,15,15,1
3944,2,1,46,46,46.0,0.783,1.0,12.0,36,46,3
3945,4,21,4,84,0.19,0.31,0.643,3.71,26,54,7
3946,1,8,41,328,5.125,0.335,0.933,2.08,110,306,53
3947,1,9,86,774,9.556,0.337,0.757,2.19,261,586,119
3948,1,8,14,112,1.75,0.42,0.759,2.04,47,85,23
3949,2,1,54,54,54.0,0.944,1.0,17.0,51,54,3
3950,2,1,8,8,8.0,1.0,1.0,8.0,8,8,1
3951,5,66,472,8352,2.843,0.359,0.547,17.12,93,821,641
3952,4,14,19,266,1.357,0.113,0.504,30.0,30,134,1
3953,2,1,78,78,78.0,0.949,1.0,24.67,74,78,3
3954,2,1,413,413,413.0,0.998,1.0,412.0,412,413,1
3955,4,37,72,2664,1.946,0.12,0.257,7.64,321,685,42
3956,2,2,24,48,12.0,0.354,1.0,3.4,17,48,5
3957,1,6,101,606,16.833,0.411,0.876,1.93,249,531,129
3958,1,8,16,128,2.0,0.258,0.945,1.18,33,121,28
3959,4,83,277,2991,3.337,0.18,0.365,6.86,138,387,603
3960,5,86,469,7234,2.522,0.378,0.529,22.29,17,133,481
3961,4,8,16,128,2.0,0.156,0.859,5.0,20,110,4
3962,3,4,11,8844,0.014,0.191,0.233,15.64,689,58,108
3963,4,30,60,1800,2.0,0.154,0.457,1.85,278,823,150
3964,4,91,285,5935,3.132,0.158,0.165,113.89,100,287,36
3965,4,58,167,6386,1.057,0.16,0.276,8.24,213,279,511
3966,2,2,236,472,118.0,0.566,0.689,10.27,267,325,26
3967,4,6,6,36,1.0,0.194,0.417,3.5,7,15,2
3968,1,8,46,368,5.75,0.391,0.951,1.85,144,350,78
3969,4,6,5,30,0.833,0.367,1.0,2.2,11,30,5
3970,1,8,71,568,8.875,0.407,0.903,2.06,231,513,112
3971,5,63,161,6243,0.988,0.523,0.897,8.4,725,547,634
3972,1,1,47,47,47.0,0.426,1.0,1.05,20,47,19
3973,3,27,1,27,0.037,1.0,1.0,27.0,27,27,1
3974,3,8,1,8,0.125,1.0,1.0,8.0,8,8,1
3975,3,7,2,14,0.286,0.643,0.714,9.0,9,10,1
3976,1,7,17,119,2.429,0.361,0.782,1.65,43,93,26
3977,1,10,173,1730,17.3,0.09,0.375,1.52,155,649,102
3978,1,7,197,1379,28.143,0.072,0.326,1.5,99,450,66
3979,4,6,9,54,1.5,0.148,0.296,4.0,8,16,2
3980,3,4,11,8844,0.014,0.191,0.233,15.64,689,58,108
3981,1,8,98,784,12.25,0.221,0.874,1.42,173,685,122
3982,2,1,58,58,58.0,0.845,1.0,9.8,49,58,5
3983,5,28,32,896,1.143,0.488,0.743,7.05,437,666,62
3984,4,45,79,3555,1.756,0.087,0.195,4.81,308,693,64
3985,2,1,159,159,159.0,0.994,1.0,158.0,158,159,1
3986,4,85,69,5865,0.812,0.165,0.441,1.44,969,588,674
3987,2,1,15,15,15.0,0.867,1.0,6.5,13,15,2
3988,4,16,21,336,1.313,0.095,0.515,1.6,32,173,20
3989,5,68,135,2680,0.804,0.82,0.904,62.81,591,513,296
3990,3,31,1,31,0.032,1.0,1.0,31.0,31,31,1
3991,3,22,1,22,0.045,1.0,1.0,22.0,22,22,1
3992,1,9,35,315,3.889,0.362,0.825,1.97,114,260,58
3993,1,9,81,729,9.0,0.287,0.826,2.22,209,602,94
3994,1,10,23,230,2.3,0.27,0.648,2.0,62,149,31
3995,5,28,347,4416,2.711,0.399,0.567,13.07,721,163,356
3996,3,14,1,14,0.071,1.0,1.0,14.0,14,14,1
3997,5,68,135,2680,0.804,0.82,0.904,62.81,591,513,296
3998,2,2,536,1072,268.0,0.586,0.686,21.66,628,735,29
3999,1,8,32,256,4.0,0.402,0.898,1.81,103,230,57
4000,3,10,1,10,0.1,1.0,1.0,10.0,10,10,1
4001,1,8,4,32,0.5,0.469,0.719,5.0,15,23,3
4002,1,8,280,2240,35.0,0.191,0.709,1.28,427,589,333
4003,2,1,235,235,235.0,0.923,1.0,27.13,217,235,8
4004,1,8,83,664,10.375,0.357,0.979,1.98,237,650,120
4005,1,9,175,1575,19.444,0.177,0.624,1.26,279,983,222
4006,2,1,14,14,14.0,1.0,1.0,14.0,14,14,1
4007,4,8,4,32,0.5,0.438,0.594,7.0,14,19,2
4008,2,8,16,128,2.0,0.398,0.695,2.55,51,89,20
4009,4,34,25,850,0.735,0.256,0.534,2.06,218,454,106
4010,5,68,135,2680,0.804,0.82,0.904,62.81,591,513,296
4011,3,23,1,23,0.043,1.0,1.0,23.0,23,23,1
4012,2,1,8,8,8.0,1.0,1.0,8.0,8,8,1
4013,2,2,536,1072,268.0,0.537,0.622,24.0,576,667,24
4014,5,72,96,6912,1.333,0.488,0.582,15.69,374,25,215
4015,5,29,32,928,1.103,0.476,0.72,7.25,442,668,61
4016,3,30,5,2150,0.012,0.216,0.221,46.5,465,475,10
4017,5,28,31,868,1.107,0.492,0.745,7.49,427,647,57
4018,3,37,1,37,0.027,1.0,1.0,37.0,37,37,1
4019,3,9,1,9,0.111,1.0,1.0,9.0,9,9,1
4020,2,1,17,17,17.0,1.0,1.0,17.0,17,17,1
4021,5,28,32,896,1.143,0.462,0.722,7.02,414,647,59
4022,5,28,31,868,1.107,0.492,0.745,7.49,427,647,57
4023,2,1,16,16,16.0,0.938,1.0,15.0,15,16,1
4024,4,48,402,9296,8.375,0.055,0.094,4.13,58,814,256
4025,3,1,25,25,25.0,1.0,1.0,25.0,25,25,1
4026,4,12,146,1752,12.167,0.091,0.128,26.67,160,225,6
4027,4,14,17,238,1.214,0.113,0.387,1.8,27,92,15
4028,4,4,5,20,1.25,0.35,0.8,2.33,7,16,3
4029,5,65,50,3250,0.769,0.454,0.487,245.83,475,582,6
4030,4,60,286,5760,1.788,0.201,0.226,55.42,199,347,166
4031,4,10,7,70,0.7,0.157,0.6,1.57,11,42,7
4032,2,1,76,76,76.0,0.961,1.0,36.5,73,76,2
4033,1,9,86,774,9.556,0.211,0.517,1.29,163,400,126
4034,1,8,75,600,9.375,0.373,0.955,1.95,224,573,115
4035,5,28,31,868,1.107,0.492,0.745,7.49,427,647,57
4036,4,37,72,2664,1.946,0.12,0.257,7.64,321,685,42
4037,2,2,536,1072,268.0,0.537,0.622,24.0,576,667,24
4038,2,1,13,13,13.0,1.0,1.0,13.0,13,13,1
4039,5,86,469,7234,2.522,0.378,0.529,22.29,17,133,481
4040,5,53,158,4174,1.033,0.587,0.641,46.95,180,491,302
4041,5,74,471,1954,2.707,0.339,0.433,15.84,820,499,756
4042,3,53,1,53,0.019,1.0,1.0,53.0,53,53,1
4043,5,29,32,928,1.103,0.432,0.689,6.27,401,639,64
4044,4,31,37,1147,1.194,0.189,0.555,2.07,217,637,105
4045,4,55,48,2640,0.873,0.142,0.364,4.26,375,960,88
4046,5,86,469,7234,2.522,0.378,0.529,22.29,17,133,481
4047,4,45,79,3555,1.756,0.087,0.195,4.81,308,693,64
4048,3,8,1,8,0.125,0.875,1.0,7.0,7,8,1
4049,2,4,115,460,28.75,0.426,0.487,17.82,196,224,11
4050,2,1,13,13,13.0,0.692,1.0,3.0,9,13,3
4051,1,10,127,1270,12.7,0.388,0.798,2.35,493,14,210
4052,2,12,278,3336,23.167,0.11,0.144,15.91,366,479,23
4053,5,29,31,899,1.069,0.463,0.726,6.93,416,653,60
4054,3,69,3,207,0.043,0.643,0.952,2.08,133,197,64
4055,4,8,9,72,1.125,0.125,0.319,4.5,9,23,2
4056,1,5,32,160,6.4,0.419,0.981,1.31,67,157,51
4057,1,16,227,3632,14.188,0.41,0.731,4.97,490,654,300
4058,5,68,145,4360,0.863,0.798,0.963,13.06,430,457,488
4059,4,9,4,36,0.444,0.25,0.75,9.0,9,27,1
4060,5,78,140,4920,0.787,0.574,0.649,21.52,292,177,664
4061,1,11,262,2882,23.818,0.242,0.618,1.91,697,781,364
4062,2,1,18,18,18.0,0.5,1.0,3.0,9,18,3
4063,5,65,50,3250,0.769,0.454,0.487,245.83,475,582,6
4064,5,68,145,4360,0.863,0.798,0.963,13.06,430,457,488
4065,5,29,32,928,1.103,0.476,0.72,7.25,442,668,61
4066,3,7,1,7,0.143,1.0,1.0,7.0,7,7,1
4067,2,1,57,57,57.0,0.456,1.0,3.71,26,57,7
4068,3,5,2,10,0.4,0.9,0.9,9.0,9,9,1
4069,1,7,158,1106,22.571,0.211,0.552,1.6,233,610,146
4070,1,9,40,360,4.444,0.506,0.964,3.08,182,347,59
4071,2,2,537,1074,268.5,0.538,0.594,32.11,578,638,18
4072,4,48,402,9296,8.375,0.055,0.094,4.13,58,814,256
4073,4,14,19,266,1.357,0.113,0.504,30.0,30,134,1
4074,4,13,5,65,0.385,0.323,0.554,5.25,21,36,4
4075,4,9,17,153,1.889,0.144,0.458,3.14,22,70,7
4076,2,1,19,19,19.0,0.632,1.0,4.0,12,19,3
4077,5,64,73,4672,1.141,0.403,0.445,72.38,882,77,26
4078,4,19,47,893,2.474,0.078,0.112,3.89,70,100,18
4079,2,1,45,45,45.0,0.756,1.0,5.67,34,45,6
4080,5,86,469,7234,2.522,0.378,0.529,22.29,17,133,481
4081,2,1,32,32,32.0,0.719,1.0,5.75,23,32,4
4082,4,5,4,20,0.8,0.45,0.65,4.5,9,13,2
4083,2,1,41,41,41.0,0.927,1.0,12.67,38,41,3
4084,2,1,18,18,18.0,0.5,1.0,3.0,9,18,3
4085,5,93,104,9672,1.118,0.451,0.611,4.25,366,908,28
4086,5,68,135,2680,0.804,0.82,0.904,62.81,591,513,296
4087,1,6,12,72,2.0,0.375,0.958,1.93,27,69,14
4088,1,7,3,21,0.429,0.571,1.0,4.0,12,21,3
4089,4,52,48,2496,0.923,0.138,0.248,7.67,345,619,45
4090,4,8,16,128,2.0,0.156,0.859,5.0,20,110,4
4091,5,29,31,899,1.069,0.463,0.726,6.93,416,653,60
4092,2,7,14,98,2.0,0.102,0.204,10.0,10,20,1
4093,5,66,472,8352,2.843,0.359,0.547,17.12,93,821,641
4094,5,32,547,2204,4.144,0.37,0.483,20.66,693,874,292
4095,4,12,146,1752,12.167,0.091,0.128,26.67,160,225,6
4096,1,8,29,232,3.625,0.401,0.884,2.38,93,205,39
4097,2,1,39,39,39.0,0.308,1.0,1.71,12,39,7
4098,1,8,10,80,1.25,0.438,0.988,1.94,35,79,18
4099,3,8,1,8,0.125,1.0,1.0,8.0,8,8,1
4100,2,1,14,14,14.0,0.571,1.0,2.0,8,14,4
4101,5,29,32,928,1.103,0.476,0.72,7.25,442,668,61
4102,3,14,1,14,0.071,1.0,1.0,14.0,14,14,1
4103,3,13,1,13,0.077,1.0,1.0,13.0,13,13,1
4104,5,53,158,4174,1.033,0.587,0.641,46.95,180,491,302
4105,4,10,7,70,0.7,0.157,0.6,1.57,11,42,7
4106,3,42,7,294,0.167,0.282,0.432,2.18,83,127,38
4107,3,54,1,54,0.019,1.0,1.0,54.0,54,54,1
4108,1,7,11,77,1.571,0.364,0.935,1.4,28,72,20
4109,5,87,141,6367,0.754,0.415,0.884,4.69,947,301,333
4110,4,11,463,3993,1.489,0.088,0.16,3.93,631,92,212
4111,5,93,104,9672,1.118,0.451,0.611,4.25,366,908,28
4112,2,1,19,19,19.0,0.684,1.0,4.33,13,19,3
4113,2,1,95,95,95.0,1.0,1.0,95.0,95,95,1
4114,4,67,30,2010,0.448,0.169,0.46,2.26,339,924,150
4115,2,4,19,76,4.75,0.276,0.382,5.25,21,29,4
4116,5,63,66,4158,1.048,0.491,0.591,44.37,41,458,46
4117,1,7,27,189,3.857,0.37,0.841,1.79,70,159,39
4118,1,7,38,266,5.429,0.252,0.628,1.4,67,167,48
4119,2,1,35,35,35.0,0.857,1.0,10.0,30,35,3
4120,1,9,18,162,2.0,0.352,0.901,1.84,57,146,31
4121,5,95,93,8835,0.979,0.675,0.902,3.63,966,968,644
4122,4,54,48,2592,0.889,0.143,0.264,6.85,370,685,54
4123,2,1,30,30,30.0,0.4,1.0,2.4,12,30,5
4124,2,1,52,52,52.0,0.538,1.0,14.0,28,52,2
4125,1,12,43,516,3.583,0.31,0.793,2.32,160,409,69
4126,2,1,27,27,27.0,0.407,1.0,1.83,11,27,6
4127,3,26,1,26,0.038,1.0,1.0,26.0,26,26,1
4128,5,68,135,2680,0.804,0.82,0.904,62.81,591,513,296
4129,4,36,172,6192,4.778,0.128,0.337,4.84,793,86,164
4130,2,1,45,45,45.0,0.933,1.0,21.0,42,45,2
4131,4,32,350,1200,10.938,0.142,0.402,3.96,588,497,401
4132,3,42,7,294,0.167,0.282,0.432,2.18,83,127,38
4133,1,9,47,423,5.222,0.279,0.773,1.53,118,327,77
4134,3,10,1,10,0.1,1.0,1.0,10.0,10,10,1
4135,2,1,279,279,279.0,0.964,1.0,38.43,269,279,7
4136,4,6,5,30,0.833,0.367,1.0,2.2,11,30,5
4137,5,83,149,2367,1.795,0.388,0.472,28.77,804,838,167
4138,1,7,50,350,7.143,0.214,0.96,1.23,75,336,61
4139,2,1,98,98,98.0,0.939,1.0,30.67,92,98,3
4140,1,10,35,350,3.5,0.337,0.714,1.87,118,250,63
4141,3,9,1,9,0.111,1.0,1.0,9.0,9,9,1
4142,2,1,14,14,14.0,0.571,1.0,2.0,8,14,4
4143,5,29,32,928,1.103,0.432,0.689,6.27,401,639,64
4144,4,21,68,1428,3.238,0.052,0.109,5.69,74,156,13
4145,1,10,309,3090,30.9,0.2,0.73,1.4,618,257,441
4146,4,6,5,30,0.833,0.233,0.633,1.75,7,19,4
4147,5,28,31,868,1.107,0.508,0.767,7.47,441,666,59
4148,5,28,31,868,1.107,0.508,0.767,7.47,441,666,59
4149,5,72,96,6912,1.333,0.488,0.582,15.69,374,25,215
4150,2,3,259,777,86.333,0.411,0.481,13.29,319,374,24
4151,1,6,37,222,6.167,0.306,0.811,1.42,68,180,48
4152,2,1,19,19,19.0,0.789,1.0,3.75,15,19,4
4153,4,10,12,120,1.2,0.208,0.583,1.67,25,70,15
4154,3,42,1,42,0.024,1.0,1.0,42.0,42,42,1
4155,1,7,46,322,6.571,0.304,0.745,1.53,98,240,64
4156,1,4,65,260,16.25,0.296,0.631,2.66,77,164,29
4157,3,5,2,10,0.4,0.9,0.9,9.0,9,9,1
4158,4,4,11,44,2.75,0.159,0.932,1.75,7,41,4
4159,5,28,32,896,1.143,0.481,0.742,7.43,431,665,58
4160,4,32,106,3392,3.313,0.198,0.395,4.56,671,341,147
4161,3,14,1,14,0.071,1.0,1.0,14.0,14,14,1
4162,3,11,1,11,0.091,1.0,1.0,11.0,11,11,1
4163,5,65,50,3250,0.769,0.454,0.487,245.83,475,582,6
4164,5,95,93,8835,0.979,0.675,0.902,3.63,966,968,644
4165,5,68,145,4360,0.863,0.798,0.963,13.06,430,457,488
4166,4,14,19,266,1.357,0.113,0.504,30.0,30,134,1
4167,1,6,96,576,16.0,0.259,0.74,1.69,149,426,88
4168,2,1,19,19,19.0,0.684,1.0,4.33,13,19,3
4169,2,1,127,127,127.0,0.646,1.0,13.67,82,127,6
4170,5,95,93,8835,0.979,0.675,0.902,3.63,966,968,644
4171,3,47,1,47,0.021,1.0,1.0,47.0,47,47,1
4172,1,77,271,867,3.519,0.478,0.744,11.28,981,523,885
4173,1,12,118,1416,9.833,0.255,0.7,2.06,361,991,175
4174,4,37,20,740,0.541,0.131,0.193,4.22,97,143,23
4175,5,63,66,4158,1.048,0.491,0.591,44.37,41,458,46
4176,5,28,32,896,1.143,0.462,0.722,7.02,414,647,59
4177,5,83,149,2367,1.795,0.388,0.472,28.77,804,838,167
4178,1,7,71,497,10.143,0.394,0.958,1.87,196,476,105
4179,4,32,350,1200,10.938,0.142,0.402,3.96,588,497,401
4180,5,63,66,4158,1.048,0.491,0.591,44.37,41,458,46
4181,1,5,96,480,19.2,0.329,0.717,2.14,158,344,74
4182,4,18,105,2390,0.89,0.052,0.105,3.33,642,296,193
4183,5,78,140,4920,0.787,0.574,0.649,21.52,292,177,664
4184,2,2,537,1074,268.5,0.594,0.655,21.27,638,703,30
4185,4,5,4,20,0.8,0.45,0.65,4.5,9,13,2
4186,3,5,2,10,0.4,0.8,0.8,8.0,8,8,1
4187,5,83,149,2367,1.795,0.388,0.472,28.77,804,838,167
4188,2,1,278,278,278.0,0.946,1.0,29.22,263,278,9
4189,1,7,26,182,3.714,0.33,0.786,2.07,60,143,29
4190,5,28,31,868,1.107,0.508,0.767,7.47,441,666,59
4191,2,1,107,107,107.0,0.869,1.0,18.6,93,107,5
4192,3,5,2,10,0.4,0.9,0.9,9.0,9,9,1
4193,3,9,2,18,0.222,0.611,0.722,11.0,11,13,1
4194,1,10,17,170,1.7,0.382,1.0,2.41,65,170,27
4195,5,93,104,9672,1.118,0.451,0.611,4.25,366,908,28
4196,1,8,12,96,1.5,0.375,0.927,1.8,36,89,20
4197,2,3,259,777,86.333,0.96,0.978,67.82,746,760,11
4198,4,91,285,5935,3.132,0.158,0.165,113.89,100,287,36
4199,3,10,1,10,0.1,1.0,1.0,10.0,10,10,1
4200,4,0,49,4900,0.49,0.093,0.4,1.77,458,958,259
4201,5,74,471,1954,2.707,0.339,0.433,15.84,820,499,756
4202,1,7,79,553,11.286,0.566,0.967,3.56,313,535,88
4203,4,31,105,3255,3.387,0.242,0.456,4.89,787,485,161
4204,2,6,7,42,1.167,0.238,0.69,10.0,10,29,1
4205,5,63,161,6243,0.988,0.523,0.897,8.4,725,547,634
4206,1,17,266,4522,15.647,0.921,1.0,12.82,167,522,325
4207,3,9,1,9,0.111,1.0,1.0,9.0,9,9,1
4208,4,1,99,9999,0.98,0.14,0.778,2.02,398,780,691
4209,5,28,32,896,1.143,0.481,0.742,7.43,431,665,58
4210,1,8,62,496,7.75,0.214,0.645,1.43,106,320,74
4211,5,87,141,6367,0.754,0.415,0.884,4.69,947,301,333
4212,4,52,48,2496,0.923,0.138,0.248,7.67,345,619,45
4213,5,28,31,868,1.107,0.508,0.767,7.47,441,666,59
4214,1,10,37,370,3.7,0.154,0.457,1.39,57,169,41
4215,4,29,61,1769,2.103,0.121,0.431,1.78,214,762,120
4216,3,8,1,8,0.125,1.0,1.0,8.0,8,8,1
4217,5,28,31,868,1.107,0.492,0.745,7.49,427,647,57
4218,5,63,79,4977,1.254,0.338,0.345,186.78,681,718,9
4219,5,74,471,1954,2.707,0.339,0.433,15.84,820,499,756
4220,4,48,402,9296,8.375,0.055,0.094,4.13,58,814,256
4221,4,13,13,169,1.0,0.124,0.45,3.5,21,76,6
4222,2,1,115,115,115.0,0.2,1.0,4.6,23,115,5
4223,1,9,102,918,11.333,0.386,0.895,2.77,354,822,128
4224,5,63,66,4158,1.048,0.491,0.591,44.37,41,458,46
4225,3,9,1,9,0.111,1.0,1.0,9.0,9,9,1
4226,2,3,259,777,86.333,0.96,0.978,67.82,746,760,11
4227,1,8,74,592,9.25,0.568,0.983,3.11,336,582,108
4228,5,29,32,928,1.103,0.476,0.72,7.25,442,668,61
4229,3,7,1,7,0.143,1.0,1.0,7.0,7,7,1
4230,3,32,1,32,0.031,1.0,1.0,32.0,32,32,1
4231,2,1,19,19,19.0,0.684,1.0,4.33,13,19,3
4232,4,7,9,63,1.286,0.143,0.238,9.0,9,15,1
4233,1,9,48,432,5.333,0.257,0.738,1.41,111,319,79
4234,4,52,48,2496,0.923,0.138,0.248,7.67,345,619,45
4235,1,2,7,14,3.5,0.5,0.929,3.5,7,13,2
4236,5,32,547,2204,4.144,0.37,0.483,20.66,693,874,292
4237,4,67,30,2010,0.448,0.169,0.46,2.26,339,924,150
4238,4,29,61,1769,2.103,0.121,0.431,1.78,214,762,120
4239,4,32,106,3392,3.313,0.198,0.395,4.56,671,341,147
4240,5,87,141,6367,0.754,0.415,0.884,4.69,947,301,333
4241,5,95,93,8835,0.979,0.675,0.902,3.63,966,968,644
4242,3,8,1,8,0.125,1.0,1.0,8.0,8,8,1
4243,4,36,48,1728,1.333,0.143,0.437,3.58,247,755,69
4244,3,8,1,8,0.125,1.0,1.0,8.0,8,8,1
4245,5,72,96,6912,1.333,0.488,0.582,15.69,374,25,215
4246,2,3,113,339,37.667,0.41,0.472,13.9,139,160,10
4247,5,87,141,6367,0.754,0.415,0.884,4.69,947,301,333
4248,3,9,1,9,0.111,1.0,1.0,9.0,9,9,1
4249,3,32,1,32,0.031,1.0,1.0,32.0,32,32,1
4250,3,11,2,22,0.182,0.636,0.636,14.0,14,14,1
4251,3,14,2,28,0.143,0.536,0.536,15.0,15,15,1
4252,4,14,19,266,1.357,0.128,0.541,2.83,34,144,12
4253,2,1,126,126,126.0,0.992,1.0,125.0,125,126,1
4254,2,1,11,11,11.0,1.0,1.0,11.0,11,11,1
4255,3,32,1,32,0.031,1.0,1.0,32.0,32,32,1
4256,1,10,250,2500,25.0,0.12,0.603,1.19,301,507,253
4257,1,7,16,112,2.286,0.286,0.955,1.68,32,107,19
4258,4,12,464,8368,2.189,0.052,0.07,11.84,66,884,428
4259,4,38,70,2660,1.842,0.059,0.062,19.63,157,165,8
4260,4,9,17,153,1.889,0.144,0.458,3.14,22,70,7
4261,2,2,112,224,56.0,0.496,0.504,55.5,111,113,2
4262,2,1,102,102,102.0,0.961,1.0,24.5,98,102,4
4263,3,9,1,9,0.111,1.0,1.0,9.0,9,9,1
4264,5,93,104,9672,1.118,0.451,0.611,4.25,366,908,28
4265,4,4,5,20,1.25,0.35,0.8,2.33,7,16,3
4266,2,2,537,1074,268.5,0.538,0.594,32.11,578,638,18
4267,3,14,1,14,0.071,1.0,1.0,14.0,14,14,1
4268,2,1,23,23,23.0,0.826,1.0,19.0,19,23,1
4269,2,2,537,1074,268.5,0.621,0.747,16.68,667,802,40
4270,3,9,1,9,0.111,1.0,1.0,9.0,9,9,1
4271,2,2,48,96,24.0,0.625,0.677,30.0,60,65,2
4272,2,2,537,1074,268.5,0.507,0.528,181.33,544,567,3
4273,2,2,22,44,11.0,0.75,0.75,33.0,33,33,1
4274,5,63,66,4158,1.048,0.491,0.591,44.37,41,458,46
4275,5,68,135,2680,0.804,0.82,0.904,62.81,591,513,296
4276,2,1,14,14,14.0,0.643,1.0,3.0,9,14,3
4277,1,9,175,1575,19.444,0.19,0.568,1.35,299,894,221
4278,1,9,91,819,10.111,0.233,0.789,1.71,191,646,112
4279,4,8,5,40,0.625,0.275,0.45,3.67,11,18,3
4280,4,34,25,850,0.735,0.256,0.534,2.06,218,454,106
4281,2,1,152,152,152.0,0.822,1.0,11.36,125,152,11
4282,3,76,1,76,0.013,1.0,1.0,76.0,76,76,1
4283,4,83,315,6145,3.795,0.295,0.594,9.21,725,523,839
4284,2,1,14,14,14.0,0.643,1.0,4.5,9,14,2
4285,4,52,48,2496,0.923,0.138,0.248,7.67,345,619,45
4286,4,10,12,120,1.2,0.208,0.583,1.67,25,70,15
4287,5,87,137,5619,0.733,0.899,0.991,29.29,25,400,786
4288,5,83,149,2367,1.795,0.388,0.472,28.77,804,838,167
4289,3,8,1,8,0.125,1.0,1.0,8.0,8,8,1
4290,5,72,96,6912,1.333,0.488,0.582,15.69,374,25,215
4291,3,8,1,8,0.125,1.0,1.0,8.0,8,8,1
4292,4,21,68,1428,3.238,0.052,0.109,5.69,74,156,13
4293,4,14,19,266,1.357,0.113,0.504,30.0,30,134,1
4294,4,13,8,104,0.615,0.154,0.769,1.07,16,80,15
4295,1,10,121,1210,12.1,0.268,0.664,2.47,324,804,131
4296,4,10,12,120,1.2,0.208,0.583,1.67,25,70,15
4297,5,72,96,6912,1.333,0.488,0.582,15.69,374,25,215
4298,2,2,535,1070,267.5,0.564,0.614,40.2,603,657,15
4299,2,1,11,11,11.0,0.909,1.0,10.0,10,11,1
4300,1,8,23,184,2.875,0.288,1.0,1.47,53,184,36
4301,1,12,84,1008,7.0,0.282,0.778,1.91,284,784,149
4302,4,7,13,91,1.857,0.154,0.484,2.0,14,44,7
4303,5,28,31,868,1.107,0.508,0.767,7.47,441,666,59
4304,4,83,314,6062,3.783,0.298,0.671,8.75,772,482,888
4305,2,1,43,43,43.0,0.907,1.0,9.75,39,43,4
4306,4,8,9,72,1.125,0.125,0.319,4.5,9,23,2
4307,4,1,99,9999,0.98,0.14,0.778,2.02,398,780,691
4308,1,8,12,96,1.5,0.417,0.927,1.74,40,89,23
4309,1,9,82,738,9.111,0.37,0.924,2.39,273,682,114
4310,1,9,34,306,3.778,0.225,0.755,1.57,69,231,44
4311,1,9,83,747,9.222,0.356,0.914,2.77,266,683,96
4312,3,42,7,294,0.167,0.282,0.432,2.18,83,127,38
4313,5,28,32,896,1.143,0.462,0.722,7.02,414,647,59
4314,4,19,47,893,2.474,0.078,0.112,3.89,70,100,18
4315,1,7,16,112,2.286,0.313,0.973,1.75,35,109,20
4316,4,13,13,169,1.0,0.124,0.45,3.5,21,76,6
4317,1,7,16,112,2.286,0.295,0.92,1.18,33,103,28
4318,3,5,2,210,0.019,0.529,0.533,111.0,111,112,1
4319,2,1,35,35,35.0,0.857,1.0,10.0,30,35,3
4320,5,29,32,928,1.103,0.432,0.689,6.27,401,639,64
4321,1,7,100,700,14.286,0.279,0.98,1.63,195,686,120
4322,3,31,1,31,0.032,1.0,1.0,31.0,31,31,1
4323,4,32,106,3392,3.313,0.198,0.395,4.56,671,341,147
4324,5,68,135,2680,0.804,0.82,0.904,62.81,591,513,296
4325,2,5,333,1665,66.6,0.374,0.413,36.65,623,688,17
4326,5,87,137,5619,0.733,0.899,0.991,29.29,25,400,786
4327,2,1,42,42,42.0,0.31,1.0,2.6,13,42,5
4328,4,68,34,2312,0.5,0.224,0.526,2.44,519,215,213
4329,4,68,34,2312,0.5,0.224,0.526,2.44,519,215,213
4330,4,16,21,336,1.313,0.095,0.515,1.6,32,173,20
4331,4,21,68,1428,3.238,0.052,0.109,5.69,74,156,13
4332,5,29,32,928,1.103,0.476,0.72,7.25,442,668,61
4333,1,5,31,155,6.2,0.361,0.974,1.56,56,151,36
4334,4,83,314,6062,3.783,0.298,0.671,8.75,772,482,888
4335,4,9,10,90,1.111,0.144,0.522,6.5,13,47,2
4336,5,78,140,4920,0.787,0.574,0.649,21.52,292,177,664
4337,2,2,112,224,56.0,0.496,0.504,55.5,111,113,2
4338,5,53,158,4174,1.033,0.587,0.641,46.95,180,491,302
4339,3,38,1,38,0.026,1.0,1.0,38.0,38,38,1
4340,5,68,145,4360,0.863,0.798,0.963,13.06,430,457,488
4341,4,36,172,6192,4.778,0.128,0.337,4.84,793,86,164
4342,2,1,41,41,41.0,0.78,1.0,4.57,32,41,7
4343,3,32,1,32,0.031,1.0,1.0,32.0,32,32,1
4344,5,64,73,4672,1.141,0.403,0.445,72.38,882,77,26
4345,2,1,39,39,39.0,0.897,1.0,8.75,35,39,4
4346,2,2,536,1072,268.0,0.568,0.688,24.36,609,737,25
4347,1,6,31,186,5.167,0.5,1.0,1.94,93,186,48
4348,5,64,73,4672,1.141,0.403,0.445,72.38,882,77,26
4349,4,4,7,28,1.75,0.286,1.0,2.0,8,28,4
4350,3,42,7,294,0.167,0.282,0.432,2.18,83,127,38
4351,3,61,30,7830,0.115,0.063,0.09,2.4,492,701,205
4352,5,32,547,2204,4.144,0.37,0.483,20.66,693,874,292
4353,1,10,34,340,3.4,0.279,0.8,1.86,95,272,51
4354,3,11,2,22,0.182,0.636,0.636,14.0,14,14,1
4355,1,12,69,828,5.75,0.4,0.74,3.48,331,613,95
4356,2,1,71,71,71.0,0.521,1.0,2.31,37,71,16
4357,1,8,25,200,3.125,0.3,0.59,2.22,60,118,27
4358,3,18,1,18,0.056,1.0,1.0,18.0,18,18,1
4359,4,4,8,32,2.0,0.344,0.531,5.5,11,17,2
4360,1,7,38,266,5.429,0.338,0.729,1.55,90,194,58
4361,5,32,547,2204,4.144,0.37,0.483,20.66,693,874,292
4362,4,13,5,65,0.385,0.323,0.554,5.25,21,36,4
4363,5,72,96,6912,1.333,0.488,0.582,15.69,374,25,215
4364,4,5,3,15,0.6,0.467,0.6,3.5,7,9,2
4365,5,28,31,868,1.107,0.508,0.767,7.47,441,666,59
4366,5,28,347,4416,2.711,0.399,0.567,13.07,721,163,356
4367,1,10,22,220,2.2,0.336,0.836,2.74,74,184,27
4368,2,2,18,36,9.0,0.722,0.722,26.0,26,26,1
4369,4,7,13,91,1.857,0.154,0.484,2.0,14,44,7
4370,4,21,68,1428,3.238,0.052,0.109,5.69,74,156,13
4371,4,52,48,2496,0.923,0.138,0.248,7.67,345,619,45
4372,4,0,49,4900,0.49,0.093,0.4,1.77,458,958,259
4373,5,63,79,4977,1.254,0.338,0.345,186.78,681,718,9
4374,5,63,79,4977,1.254,0.338,0.345,186.78,681,718,9
4375,2,2,176,352,88.0,0.528,0.605,31.0,186,213,6
4376,5,65,50,3250,0.769,0.454,0.487,245.83,475,582,6
4377,4,9,4,36,0.444,0.25,0.75,9.0,9,27,1
4378,4,29,61,1769,2.103,0.121,0.431,1.78,214,762,120
4379,5,53,158,4174,1.033,0.587,0.641,46.95,180,491,302
4380,1,7,80,560,11.429,0.5,0.848,3.54,280,475,79
4381,4,14,19,266,1.357,0.128,0.541,2.83,34,144,12
4382,1,16,121,1936,7.563,0.396,0.611,5.6,767,182,137
4383,1,7,7,49,1.0,0.306,0.959,1.67,15,47,9
4384,3,39,1,39,0.026,1.0,1.0,39.0,39,39,1
4385,2,1,102,102,102.0,0.961,1.0,24.5,98,102,4
4386,5,78,140,4920,0.787,0.574,0.649,21.52,292,177,664
4387,5,65,50,3250,0.769,0.454,0.487,245.83,475,582,6
4388,5,87,141,6367,0.754,0.415,0.884,4.69,947,301,333
4389,2,1,7,7,7.0,1.0,1.0,7.0,7,7,1
4390,1,6,146,876,24.333,0.325,0.691,1.83,285,605,156
4391,3,58,3,174,0.052,0.339,0.345,59.0,59,60,1
4392,1,10,22,220,2.2,0.323,0.814,2.09,71,179,34
4393,3,8,1,8,0.125,1.0,1.0,8.0,8,8,1
4394,2,1,279,279,279.0,0.964,1.0,38.43,269,279,7
4395,4,11,48,528,4.364,0.237,0.39,7.35,125,206,17
4396,2,3,59,177,19.667,0.475,0.475,84.0,84,84,1
4397,2,1,12,12,12.0,0.75,1.0,9.0,9,12,1
4398,3,18,1,18,0.056,1.0,1.0,18.0,18,18,1
4399,3,18,1,18,0.056,1.0,1.0,18.0,18,18,1
4400,5,68,135,2680,0.804,0.82,0.904,62.81,591,513,296
4401,3,66,3,198,0.045,0.657,0.909,2.6,130,180,50
4402,3,7,1,7,0.143,1.0,1.0,7.0,7,7,1
4403,3,5,2,210,0.019,0.529,0.533,111.0,111,112,1
4404,2,2,204,408,102.0,0.412,0.681,10.5,168,278,16
4405,5,28,32,896,1.143,0.488,0.743,7.05,437,666,62
4406,3,10,1,10,0.1,1.0,1.0,10.0,10,10,1
4407,3,9,1,9,0.111,1.0,1.0,9.0,9,9,1
4408,5,95,93,8835,0.979,0.675,0.902,3.63,966,968,644
4409,3,42,7,294,0.167,0.282,0.432,2.18,83,127,38
4410,1,11,102,1122,9.273,0.289,0.829,1.87,324,930,173
4411,4,58,167,6386,1.057,0.16,0.276,8.24,213,279,511
4412,2,5,128,640,25.6,0.759,0.764,162.0,486,489,3
4413,5,87,137,5619,0.733,0.899,0.991,29.29,25,400,786
4414,4,8,9,72,1.125,0.125,0.319,4.5,9,23,2
4415,1,12,73,876,6.083,0.257,0.591,2.14,225,518,105
4416,3,31,1,31,0.032,1.0,1.0,31.0,31,31,1
4417,3,4,2,8,0.5,1.0,1.0,8.0,8,8,1
4418,1,7,155,1085,22.143,0.178,0.614,1.46,193,666,132
4419,4,36,96,3456,2.667,0.096,0.207,7.7,331,717,43
4420,1,8,82,656,10.25,0.398,0.951,2.51,261,624,104
4421,1,11,94,1034,8.545,0.257,0.604,2.18,266,625,122
4422,3,9,1,9,0.111,1.0,1.0,9.0,9,9,1
4423,4,13,13,169,1.0,0.124,0.45,3.5,21,76,6
4424,3,25,1,25,0.04,1.0,1.0,25.0,25,25,1
4425,4,16,21,336,1.313,0.095,0.515,1.6,32,173,20
4426,2,1,35,35,35.0,0.829,1.0,9.67,29,35,3
4427,3,54,1,54,0.019,1.0,1.0,54.0,54,54,1
4428,5,32,547,2204,4.144,0.37,0.483,20.66,693,874,292
4429,5,87,137,5619,0.733,0.899,0.991,29.29,25,400,786
4430,4,16,21,336,1.313,0.095,0.515,1.6,32,173,20
4431,4,32,350,1200,10.938,0.142,0.402,3.96,588,497,401
4432,2,5,280,1400,56.0,0.78,0.786,156.0,92,100,7
4433,2,1,17,17,17.0,0.941,1.0,16.0,16,17,1
4434,4,86,67,5762,0.779,0.164,0.935,2.37,947,386,399
4435,3,6,21,126,3.5,0.198,0.444,1.67,25,56,15
4436,3,94,2,188,0.021,0.516,0.516,97.0,97,97,1
4437,1,7,109,763,15.571,0.283,0.543,1.93,216,414,112
4438,4,54,357,9278,6.611,0.299,0.655,6.4,766,626,901
4439,4,5,7,35,1.4,0.229,0.6,2.67,8,21,3
4440,1,7,46,322,6.571,0.304,0.745,1.53,98,240,64
4441,5,28,31,868,1.107,0.492,0.745,7.49,427,647,57
4442,3,53,1,53,0.019,1.0,1.0,53.0,53,53,1
4443,3,11,1,11,0.091,1.0,1.0,11.0,11,11,1
4444,3,11,2,22,0.182,0.636,0.636,14.0,14,14,1
4445,2,2,64,128,32.0,0.43,0.602,3.93,55,77,14
4446,5,63,161,6243,0.988,0.523,0.897,8.4,725,547,634
4447,3,7,1,7,0.143,1.0,1.0,7.0,7,7,1
4448,2,1,8,8,8.0,1.0,1.0,8.0,8,8,1
4449,4,60,286,5760,1.788,0.201,0.226,55.42,199,347,166
4450,1,8,82,656,10.25,0.418,0.753,2.51,274,494,109
4451,4,4,11,44,2.75,0.159,0.932,1.75,7,41,4
4452,4,10,12,120,1.2,0.208,0.583,1.67,25,70,15
4453,2,1,45,45,45.0,0.933,1.0,21.0,42,45,2
4454,4,6,17,102,2.833,0.137,0.627,2.8,14,64,5
4455,4,5,9,45,1.8,0.178,0.533,1.6,8,24,5
4456,4,22,22,484,1.0,0.107,0.473,1.79,52,229,29
4457,5,95,93,8835,0.979,0.675,0.902,3.63,966,968,644
4458,3,94,2,188,0.021,0.516,0.516,97.0,97,97,1
4459,2,1,70,70,70.0,0.943,1.0,22.0,66,70,3
4460,5,32,547,2204,4.144,0.37,0.483,20.66,693,874,292
4461,3,7,1,7,0.143,1.0,1.0,7.0,7,7,1
4462,3,22,1,22,0.045,1.0,1.0,22.0,22,22,1
4463,2,1,27,27,27.0,0.259,1.0,1.4,7,27,5
4464,1,8,17,136,2.125,0.529,0.853,2.88,72,116,25
4465,1,5,39,195,7.8,0.395,0.826,3.67,77,161,21
4466,3,8,1,8,0.125,0.875,1.0,7.0,7,8,1
4467,2,5,280,1400,56.0,0.78,0.786,156.0,92,100,7
4468,1,11,82,902,7.455,0.236,0.814,1.97,213,734,108
4469,3,17,1,17,0.059,1.0,1.0,17.0,17,17,1
4470,5,83,149,2367,1.795,0.388,0.472,28.77,804,838,167
4471,2,1,33,33,33.0,0.667,1.0,3.67,22,33,6
4472,5,63,161,6243,0.988,0.523,0.897,8.4,725,547,634
4473,1,11,84,924,7.636,0.291,0.843,1.74,269,779,155
4474,1,9,37,333,4.111,0.453,0.964,2.7,151,321,56
4475,4,25,9,225,0.36,0.187,0.436,2.47,42,98,17
4476,3,4,11,8844,0.014,0.191,0.233,15.64,689,58,108
4477,1,7,140,980,20.0,0.253,0.886,1.49,248,868,167
4478,1,9,268,2412,29.778,0.465,0.694,6.3,122,675,178
4479,5,87,141,6367,0.754,0.415,0.884,4.69,947,301,333
4480,3,58,3,174,0.052,0.339,0.345,59.0,59,60,1
4481,4,6,465,2290,1.52,0.055,0.123,2.69,861,452,925
4482,5,68,145,4360,0.863,0.798,0.963,13.06,430,457,488
4483,4,83,314,6062,3.783,0.298,0.671,8.75,772,482,888
4484,3,32,1,32,0.031,1.0,1.0,32.0,32,32,1
4485,3,32,1,32,0.031,1.0,1.0,32.0,32,32,1
4486,2,3,132,396,44.0,0.505,0.558,20.0,200,221,10
4487,5,32,547,2204,4.144,0.37,0.483,20.66,693,874,292
4488,4,8,16,128,2.0,0.156,0.859,5.0,20,110,4
4489,1,10,151,1510,15.1,0.381,0.785,3.48,575,186,165
4490,3,8,1,8,0.125,1.0,1.0,8.0,8,8,1
4491,3,18,1,18,0.056,1.0,1.0,18.0,18,18,1
4492,1,8,41,328,5.125,0.265,0.616,2.35,87,202,37
4493,5,66,472,8352,2.843,0.359,0.547,17.12,93,821,641
4494,5,53,158,4174,1.033,0.587,0.641,46.95,180,491,302
4495,5,72,96,6912,1.333,0.488,0.582,15.69,374,25,215
4496,4,5,7,35,1.4,0.229,0.6,2.67,8,21,3
4497,2,1,283,283,283.0,0.993,1.0,140.5,281,283,2
4498,2,3,113,339,37.667,0.357,0.378,30.25,121,128,4
4499,3,61,30,7830,0.115,0.063,0.09,2.4,492,701,205
4500,3,6,21,126,3.5,0.198,0.444,1.67,25,56,15
4501,3,44,3,132,0.068,0.598,0.841,2.47,79,111,32
4502,1,9,84,756,9.333,0.407,0.878,2.75,308,664,112
4503,3,53,1,53,0.019,1.0,1.0,53.0,53,53,1
4504,3,11,1,11,0.091,1.0,1.0,11.0,11,11,1
4505,4,11,463,3993,1.489,0.088,0.16,3.93,631,92,212
4506,2,1,20,20,20.0,0.85,1.0,8.5,17,20,2
4507,5,63,66,4158,1.048,0.491,0.591,44.37,41,458,46
4508,3,7,2,14,0.286,0.643,0.714,9.0,9,10,1
4509,1,6,18,108,3.0,0.343,0.926,1.76,37,100,21
4510,5,74,471,1954,2.707,0.339,0.433,15.84,820,499,756
4511,4,5,9,45,1.8,0.178,0.533,1.6,8,24,5
4512,3,4,11,8844,0.014,0.191,0.233,15.64,689,58,108
4513,2,3,259,777,86.333,0.96,0.978,67.82,746,760,11
4514,4,4,11,44,2.75,0.159,0.932,1.75,7,41,4
4515,3,31,1,31,0.032,1.0,1.0,31.0,31,31,1
4516,5,87,137,5619,0.733,0.899,0.991,29.29,25,400,786
4517,2,2,536,1072,268.0,0.538,0.737,30.37,577,790,19
4518,3,47,1,47,0.021,1.0,1.0,47.0,47,47,1
4519,5,93,104,9672,1.118,0.451,0.611,4.25,366,908,28
4520,1,8,10,80,1.25,0.475,0.888,2.92,38,71,13
4521,5,72,96,6912,1.333,0.488,0.582,15.69,374,25,215
4522,3,19,2,38,0.105,0.816,0.816,31.0,31,31,1
4523,4,83,326,7058,3.928,0.286,0.671,7.55,741,149,25
4524,1,8,175,1400,21.875,0.156,0.882,1.2,219,235,183
4525,5,65,50,3250,0.769,0.454,0.487,245.83,475,582,6
4526,3,7,1,7,0.143,1.0,1.0,7.0,7,7,1
4527,1,14,407,5698,29.071,0.353,0.574,4.54,10,273,443
4528,1,7,11,77,1.571,0.247,0.61,1.36,19,47,14
4529,3,10,1,10,0.1,1.0,1.0,10.0,10,10,1
4530,3,42,7,294,0.167,0.282,0.432,2.18,83,127,38
4531,2,1,41,41,41.0,0.78,1.0,4.57,32,41,7
4532,5,63,66,4158,1.048,0.491,0.591,44.37,41,458,46
4533,3,8,1,8,0.125,1.0,1.0,8.0,8,8,1
4534,4,32,350,1200,10.938,0.142,0.402,3.96,588,497,401
4535,4,38,70,2660,1.842,0.059,0.062,19.63,157,165,8
4536,2,1,17,17,17.0,1.0,1.0,17.0,17,17,1
4537,3,6,21,126,3.5,0.198,0.444,1.67,25,56,15
4538,5,29,32,928,1.103,0.432,0.689,6.27,401,639,64
4539,1,8,24,192,3.0,0.26,0.672,1.85,50,129,27
4540,1,6,19,114,3.167,0.289,0.789,1.38,33,90,24
4541,1,14,359,5026,25.643,0.368,0.615,4.56,848,93,405
4542,2,6,142,852,23.667,0.115,0.173,6.53,98,147,15
4543,2,1,10,10,10.0,0.8,1.0,4.0,8,10,2
4544,4,97,198,9006,1.005,0.273,0.332,46.93,654,964,227
4545,5,86,469,7234,2.522,0.378,0.529,22.29,17,133,481
4546,2,1,46,46,46.0,0.239,1.0,1.38,11,46,8
4547,5,28,32,896,1.143,0.462,0.722,7.02,414,647,59
4548,3,32,1,32,0.031,1.0,1.0,32.0,32,32,1
4549,1,10,35,350,3.5,0.38,0.829,2.02,133,290,66
4550,5,68,145,4360,0.863,0.798,0.963,13.06,430,457,488
4551,2,1,29,29,29.0,0.586,1.0,2.13,17,29,8
4552,4,10,12,120,1.2,0.208,0.583,1.67,25,70,15
4553,4,9,17,153,1.889,0.144,0.458,3.14,22,70,7
4554,2,1,10,10,10.0,0.9,1.0,9.0,9,10,1
4555,3,5,2,210,0.019,0.529,0.533,111.0,111,112,1
4556,2,1,537,537,537.0,1.0,1.0,537.0,537,537,1
4557,1,6,94,564,15.667,0.326,0.862,2.02,184,486,91
4558,2,1,27,27,27.0,0.259,1.0,1.4,7,27,5
4559,4,37,72,2664,1.946,0.12,0.257,7.64,321,685,42
4560,2,2,537,1074,268.5,0.51,0.534,49.82,548,574,11
4561,3,16,1,16,0.063,1.0,1.0,16.0,16,16,1
4562,2,1,17,17,17.0,1.0,1.0,17.0,17,17,1
4563,2,1,19,19,19.0,0.789,1.0,3.75,15,19,4
4564,2,1,13,13,13.0,0.846,1.0,5.5,11,13,2
4565,2,1,32,32,32.0,0.719,1.0,5.75,23,32,4
4566,1,15,294,4410,19.6,0.395,0.651,5.28,743,872,330
4567,5,28,32,896,1.143,0.462,0.722,7.02,414,647,59
4568,3,5,2,10,0.4,0.8,0.8,8.0,8,8,1
4569,1,13,218,2834,16.769,0.216,0.737,1.78,612,90,344
4570,1,14,153,2142,10.929,0.38,0.643,4.44,813,378,183
4571,3,4,2,8,0.5,0.875,0.875,7.0,7,7,1
4572,5,95,93,8835,0.979,0.675,0.902,3.63,966,968,644
4573,5,64,73,4672,1.141,0.403,0.445,72.38,882,77,26
4574,4,16,29,464,1.813,0.144,0.496,2.58,67,230,26
4575,4,30,61,1830,2.033,0.157,0.483,1.88,288,884,153
4576,5,53,158,4174,1.033,0.587,0.641,46.95,180,491,302
4577,1,7,30,210,4.286,0.305,0.871,1.64,64,183,39
4578,1,7,21,147,3.0,0.259,0.837,1.46,38,123,26
4579,5,28,31,868,1.107,0.492,0.745,7.49,427,647,57
4580,5,72,96,6912,1.333,0.488,0.582,15.69,374,25,215
4581,3,13,1,13,0.077,1.0,1.0,13.0,13,13,1
4582,3,25,1,25,0.04,1.0,1.0,25.0,25,25,1
4583,3,17,1,117,0.009,1.0,1.0,117.0,117,117,1
4584,5,28,32,896,1.143,0.462,0.722,7.02,414,647,59
4585,1,8,70,560,8.75,0.332,0.896,1.66,186,502,112
4586,3,6,21,126,3.5,0.198,0.444,1.67,25,56,15
4587,5,95,93,8835,0.979,0.675,0.902,3.63,966,968,644
4588,1,17,171,2907,10.059,0.208,0.422,2.42,606,226,250
4589,5,53,158,4174,1.033,0.587,0.641,46.95,180,491,302
4590,2,1,16,16,16.0,1.0,1.0,16.0,16,16,1
4591,2,1,65,65,65.0,0.646,1.0,3.0,42,65,14
4592,3,9,1,9,0.111,1.0,1.0,9.0,9,9,1
4593,4,6,5,30,0.833,0.233,0.633,1.75,7,19,4
4594,3,17,2,34,0.118,0.706,0.706,24.0,24,24,1
4595,5,87,137,5619,0.733,0.899,0.991,29.29,25,400,786
4596,4,38,70,2660,1.842,0.059,0.062,19.63,157,165,8
4597,1,9,166,1494,18.444,0.392,0.75,3.08,585,120,190
4598,4,38,70,2660,1.842,0.059,0.062,19.63,157,165,8
4599,3,10,1,10,0.1,1.0,1.0,10.0,10,10,1
4600,2,1,152,152,152.0,0.822,1.0,11.36,125,152,11
4601,1,9,37,333,4.111,0.526,0.898,3.18,175,299,55
4602,2,2,536,1072,268.0,0.568,0.688,24.36,609,737,25
4603,2,1,14,14,14.0,1.0,1.0,14.0,14,14,1
4604,3,16,1,16,0.063,1.0,1.0,16.0,16,16,1
4605,5,64,73,4672,1.141,0.403,0.445,72.38,882,77,26
4606,5,64,73,4672,1.141,0.403,0.445,72.38,882,77,26
4607,3,69,3,207,0.043,0.643,0.952,2.08,133,197,64
4608,3,7,1,7,0.143,1.0,1.0,7.0,7,7,1
4609,2,1,17,17,17.0,1.0,1.0,17.0,17,17,1
4610,3,10,1,10,0.1,1.0,1.0,10.0,10,10,1
4611,2,1,14,14,14.0,1.0,1.0,14.0,14,14,1
4612,2,3,541,1623,180.33,0.71,0.747,88.62,152,213,13
4613,3,10,1,10,0.1,0.9,1.0,9.0,9,10,1
4614,4,54,48,2592,0.889,0.143,0.264,6.85,370,685,54
4615,1,9,535,4815,59.444,0.157,0.594,1.23,757,861,617
4616,4,37,72,2664,1.946,0.12,0.257,7.64,321,685,42
4617,5,64,73,4672,1.141,0.403,0.445,72.38,882,77,26
4618,2,1,22,22,22.0,0.818,1.0,4.5,18,22,4
4619,2,28,330,9240,11.786,0.057,0.066,31.0,527,614,17
4620,1,11,245,2695,22.273,0.252,0.829,1.86,678,235,365
4621,3,4,11,8844,0.014,0.191,0.233,15.64,689,58,108
4622,3,31,1,31,0.032,1.0,1.0,31.0,31,31,1
4623,2,1,199,199,199.0,0.99,1.0,197.0,197,199,1
4624,3,34,1,34,0.029,1.0,1.0,34.0,34,34,1
4625,1,9,81,729,9.0,0.332,0.974,2.09,242,710,116
4626,1,11,20,220,1.818,0.568,0.895,8.93,125,197,14
4627,3,36,1,136,0.007,0.993,1.0,135.0,135,136,1
4628,1,11,30,330,2.727,0.379,0.739,3.05,125,244,41
4629,5,64,73,4672,1.141,0.403,0.445,72.38,882,77,26
4630,5,29,31,899,1.069,0.463,0.726,6.93,416,653,60
4631,2,1,84,84,84.0,0.917,1.0,19.25,77,84,4
4632,2,2,18,36,9.0,0.722,0.722,26.0,26,26,1
4633,5,28,32,896,1.143,0.462,0.722,7.02,414,647,59
4634,5,29,31,899,1.069,0.463,0.726,6.93,416,653,60
4635,2,3,537,1611,179.0,0.345,0.405,22.24,556,652,25
4636,1,10,205,2050,20.5,0.381,0.708,3.04,781,451,257
4637,5,93,104,9672,1.118,0.451,0.611,4.25,366,908,28
4638,4,6,12,72,2.0,0.139,0.514,1.43,10,37,7
4639,2,1,106,106,106.0,0.434,1.0,1.02,46,106,45
4640,1,7,11,77,1.571,0.234,0.545,2.57,18,42,7
4641,2,1,71,71,71.0,0.521,1.0,2.31,37,71,16
4642,3,30,5,2150,0.012,0.216,0.221,46.5,465,475,10
4643,2,1,235,235,235.0,0.923,1.0,27.13,217,235,8
4644,1,9,66,594,7.333,0.241,0.707,1.42,143,420,101
4645,2,1,278,278,278.0,0.946,1.0,29.22,263,278,9
4646,2,2,536,1072,268.0,0.538,0.737,30.37,577,790,19
4647,1,10,38,380,3.8,0.387,0.887,2.49,147,337,59
4648,2,2,537,1074,268.5,0.507,0.528,181.33,544,567,3
4649,5,72,96,6912,1.333,0.488,0.582,15.69,374,25,215
4650,4,29,48,1392,1.655,0.116,0.268,5.06,162,373,32
4651,3,58,3,174,0.052,0.339,0.345,59.0,59,60,1
4652,3,26,1,26,0.038,1.0,1.0,26.0,26,26,1
4653,5,28,32,896,1.143,0.462,0.722,7.02,414,647,59
4654,2,1,13,13,13.0,0.692,1.0,3.0,9,13,3
4655,3,47,1,47,0.021,1.0,1.0,47.0,47,47,1
4656,3,17,1,117,0.009,1.0,1.0,117.0,117,117,1
4657,2,1,63,63,63.0,0.952,1.0,20.0,60,63,3
4658,4,33,28,924,0.848,0.098,0.271,5.69,91,250,16
4659,1,7,135,945,19.286,0.114,0.528,1.09,108,499,99
4660,1,8,5,40,0.625,0.525,1.0,3.0,21,40,7
4661,4,5,9,45,1.8,0.178,0.533,1.6,8,24,5
4662,4,6,5,30,0.833,0.367,1.0,2.2,11,30,5
4663,4,58,167,6386,1.057,0.16,0.276,8.24,213,279,511
4664,1,7,15,105,2.143,0.438,0.895,2.3,46,94,20
4665,3,54,1,54,0.019,1.0,1.0,54.0,54,54,1
4666,4,83,277,2991,3.337,0.18,0.365,6.86,138,387,603
4667,2,1,13,13,13.0,0.692,1.0,4.5,9,13,2
4668,3,54,1,54,0.019,1.0,1.0,54.0,54,54,1
4669,1,8,12,96,1.5,0.396,0.844,2.11,38,81,18
4670,4,1,99,9999,0.98,0.14,0.778,2.02,398,780,691
4671,2,3,500,1500,166.67,0.373,0.421,19.28,559,632,29
4672,4,5,7,35,1.4,0.229,0.6,2.67,8,21,3
4673,4,7,11,77,1.571,0.117,0.494,1.8,9,38,5
4674,2,1,14,14,14.0,0.643,1.0,3.0,9,14,3
4675,3,66,3,198,0.045,0.657,0.909,2.6,130,180,50
4676,5,95,93,8835,0.979,0.675,0.902,3.63,966,968,644
4677,5,63,79,4977,1.254,0.338,0.345,186.78,681,718,9
4678,4,6,12,72,2.0,0.139,0.514,1.43,10,37,7
4679,4,6,13,78,2.167,0.103,0.449,4.0,8,35,2
4680,4,97,198,9006,1.005,0.273,0.332,46.93,654,964,227
4681,2,8,16,128,2.0,0.398,0.695,2.55,51,89,20
4682,1,8,24,192,3.0,0.438,0.839,1.95,84,161,43
4683,3,38,1,38,0.026,1.0,1.0,38.0,38,38,1
4684,1,8,13,104,1.625,0.587,0.837,4.69,61,87,13
4685,4,13,13,169,1.0,0.124,0.45,3.5,21,76,6
4686,4,5,7,35,1.4,0.229,0.6,2.67,8,21,3
4687,5,63,161,6243,0.988,0.523,0.897,8.4,725,547,634
4688,3,9,1,9,0.111,1.0,1.0,9.0,9,9,1
4689,3,12,2,24,0.167,0.625,0.667,15.0,15,16,1
4690,4,12,146,1752,12.167,0.091,0.128,26.67,160,225,6
4691,2,12,278,3336,23.167,0.11,0.144,15.91,366,479,23
4692,2,1,14,14,14.0,1.0,1.0,14.0,14,14,1
4693,4,49,79,3871,1.612,0.084,0.179,7.36,324,694,44
4694,3,32,1,32,0.031,1.0,1.0,32.0,32,32,1
4695,4,53,48,2544,0.906,0.157,0.269,7.84,400,685,51
4696,2,3,129,387,43.0,0.305,0.377,11.8,118,146,10
4697,3,98,3,294,0.031,0.48,0.486,141.0,141,143,1
4698,1,8,8,64,1.0,0.359,0.969,1.53,23,62,15
4699,5,68,135,2680,0.804,0.82,0.904,62.81,591,513,296
4700,5,29,32,928,1.103,0.476,0.72,7.25,442,668,61
4701,5,63,66,4158,1.048,0.491,0.591,44.37,41,458,46
4702,4,7,47,329,6.714,0.158,0.289,5.78,52,95,9
4703,4,60,286,5760,1.788,0.201,0.226,55.42,199,347,166
4704,1,5,14,70,2.8,0.557,0.871,2.79,39,61,14
4705,2,2,536,1072,268.0,0.568,0.688,24.36,609,737,25
4706,5,63,79,4977,1.254,0.338,0.345,186.78,681,718,9
4707,4,7,9,63,1.286,0.143,0.238,9.0,9,15,1
4708,2,1,11,11,11.0,1.0,1.0,11.0,11,11,1
4709,5,28,31,868,1.107,0.492,0.745,7.49,427,647,57
4710,5,86,469,7234,2.522,0.378,0.529,22.29,17,133,481
4711,3,8,1,8,0.125,1.0,1.0,8.0,8,8,1
4712,3,37,1,37,0.027,1.0,1.0,37.0,37,37,1
4713,2,2,21,42,10.5,0.452,1.0,6.33,19,42,3
4714,2,1,79,79,79.0,0.608,1.0,6.86,48,79,7
4715,2,3,550,1650,183.33,0.329,0.375,27.15,543,619,20
4716,4,24,18,432,0.75,0.139,0.377,2.07,60,163,29
4717,1,12,245,2940,20.417,0.204,0.797,1.7,599,342,353
4718,4,5,4,20,0.8,0.45,0.65,4.5,9,13,2
4719,3,10,1,10,0.1,1.0,1.0,10.0,10,10,1
4720,2,1,10,10,10.0,0.8,1.0,4.0,8,10,2
4721,3,11,1,11,0.091,1.0,1.0,11.0,11,11,1
4722,2,1,196,196,196.0,0.98,1.0,64.0,192,196,3
4723,4,13,13,169,1.0,0.124,0.45,3.5,21,76,6
4724,4,49,79,3871,1.612,0.084,0.179,7.36,324,694,44
4725,4,6,13,78,2.167,0.103,0.449,4.0,8,35,2
4726,5,78,140,4920,0.787,0.574,0.649,21.52,292,177,664
4727,4,11,48,528,4.364,0.237,0.39,7.35,125,206,17
4728,5,83,149,2367,1.795,0.388,0.472,28.77,804,838,167
4729,4,20,39,780,1.95,0.14,0.405,3.21,109,316,34
4730,4,53,48,2544,0.906,0.157,0.269,7.84,400,685,51
4731,3,9,1,9,0.111,1.0,1.0,9.0,9,9,1
4732,2,6,142,852,23.667,0.115,0.173,6.53,98,147,15
4733,5,28,32,896,1.143,0.462,0.722,7.02,414,647,59
4734,3,9,1,9,0.111,1.0,1.0,9.0,9,9,1
4735,4,12,464,8368,2.189,0.052,0.07,11.84,66,884,428
4736,5,68,145,4360,0.863,0.798,0.963,13.06,430,457,488
4737,2,1,39,39,39.0,0.308,1.0,1.71,12,39,7
4738,2,1,65,65,65.0,0.646,1.0,3.0,42,65,14
4739,5,28,32,896,1.143,0.481,0.742,7.43,431,665,58
4740,2,1,187,187,187.0,0.963,1.0,25.71,180,187,7
4741,2,1,29,29,29.0,0.931,1.0,13.5,27,29,2
4742,1,8,6,48,0.75,0.5,0.854,3.0,24,41,8
4743,5,78,140,4920,0.787,0.574,0.649,21.52,292,177,664
4744,1,8,62,496,7.75,0.357,0.968,1.79,177,480,99
4745,4,17,9,153,0.529,0.209,0.497,1.88,32,76,17
4746,1,10,147,1470,14.7,0.168,0.55,1.29,247,809,191
4747,5,63,79,4977,1.254,0.338,0.345,186.78,681,718,9
4748,2,1,193,193,193.0,0.57,1.0,2.97,110,193,37
4749,5,28,32,896,1.143,0.488,0.743,7.05,437,666,62
4750,5,83,149,2367,1.795,0.388,0.472,28.77,804,838,167
4751,1,5,89,445,17.8,0.169,0.717,1.14,75,319,66
4752,4,36,172,6192,4.778,0.128,0.337,4.84,793,86,164
4753,5,87,141,6367,0.754,0.415,0.884,4.69,947,301,333
4754,3,17,1,117,0.009,1.0,1.0,117.0,117,117,1
4755,4,16,4,64,0.25,0.156,0.531,5.0,10,34,2
4756,2,1,9,9,9.0,0.889,1.0,8.0,8,9,1
4757,3,13,1,13,0.077,1.0,1.0,13.0,13,13,1
4758,2,1,34,34,34.0,0.471,1.0,1.07,16,34,15
4759,2,1,159,159,159.0,0.994,1.0,158.0,158,159,1
4760,5,87,141,6367,0.754,0.415,0.884,4.69,947,301,333
4761,4,20,39,780,1.95,0.14,0.405,3.21,109,316,34
4762,3,10,1,10,0.1,1.0,1.0,10.0,10,10,1
4763,4,29,61,1769,2.103,0.121,0.431,1.78,214,762,120
4764,5,63,79,4977,1.254,0.338,0.345,186.78,681,718,9
4765,5,72,96,6912,1.333,0.488,0.582,15.69,374,25,215
4766,2,1,7,7,7.0,1.0,1.0,7.0,7,7,1
4767,4,12,4,48,0.333,0.292,1.0,2.0,14,48,7
4768,2,2,537,1074,268.5,0.507,0.528,181.33,544,567,3
4769,4,52,48,2496,0.923,0.138,0.248,7.67,345,619,45
4770,3,36,1,136,0.007,0.993,1.0,135.0,135,136,1
4771,1,14,417,5838,29.786,0.359,0.559,4.48,94,262,467
4772,1,9,151,1359,16.778,0.139,0.549,1.17,189,746,162
4773,4,16,29,464,1.813,0.144,0.496,2.58,67,230,26
4774,2,1,39,39,39.0,0.897,1.0,8.75,35,39,4
4775,1,7,7,49,1.0,0.265,0.796,1.44,13,39,9
4776,3,76,1,76,0.013,1.0,1.0,76.0,76,76,1
4777,1,9,47,423,5.222,0.371,0.825,2.75,157,349,57
4778,2,1,87,87,87.0,0.92,1.0,16.0,80,87,5
4779,5,95,93,8835,0.979,0.675,0.902,3.63,966,968,644
4780,3,38,1,38,0.026,1.0,1.0,38.0,38,38,1
4781,3,37,1,37,0.027,1.0,1.0,37.0,37,37,1
4782,1,7,11,77,1.571,0.377,0.961,1.45,29,74,20
4783,4,60,286,5760,1.788,0.201,0.226,55.42,199,347,166
4784,4,11,463,3993,1.489,0.088,0.16,3.93,631,92,212
4785,5,29,31,899,1.069,0.463,0.726,6.93,416,653,60
4786,1,11,76,836,6.909,0.254,0.688,2.08,212,575,102
4787,1,11,104,1144,9.455,0.367,0.747,2.56,420,854,164
4788,3,16,1,16,0.063,1.0,1.0,16.0,16,16,1
4789,2,1,277,277,277.0,1.0,1.0,277.0,277,277,1
4790,2,1,27,27,27.0,0.259,1.0,1.4,7,27,5
4791,3,31,1,31,0.032,1.0,1.0,31.0,31,31,1
4792,2,2,415,830,207.5,0.505,0.578,16.76,419,480,25
4793,4,37,72,2664,1.946,0.12,0.257,7.64,321,685,42
4794,2,1,14,14,14.0,1.0,1.0,14.0,14,14,1
4795,1,8,5,40,0.625,0.475,1.0,2.38,19,40,8
4796,3,4,2,8,0.5,0.875,0.875,7.0,7,7,1
4797,5,63,161,6243,0.988,0.523,0.897,8.4,725,547,634
4798,4,36,43,1548,1.194,0.117,0.183,3.07,181,283,59
4799,5,68,135,2680,0.804,0.82,0.904,62.81,591,513,296
4800,1,9,267,2403,29.667,0.164,0.73,1.28,393,754,307
4801,2,5,7,35,1.4,0.2,0.314,7.0,7,11,1
4802,4,15,14,210,0.933,0.11,0.338,1.92,23,71,12
4803,2,3,11,33,3.667,0.364,0.667,3.0,12,22,4
4804,5,28,31,868,1.107,0.492,0.745,7.49,427,647,57
4805,2,3,54,162,18.0,0.364,0.519,8.43,59,84,7
4806,5,68,135,2680,0.804,0.82,0.904,62.81,591,513,296
4807,5,28,32,896,1.143,0.462,0.722,7.02,414,647,59
4808,3,84,1,84,0.012,1.0,1.0,84.0,84,84,1
4809,5,93,104,9672,1.118,0.451,0.611,4.25,366,908,28
4810,5,28,347,4416,2.711,0.399,0.567,13.07,721,163,356
4811,2,1,16,16,16.0,1.0,1.0,16.0,16,16,1
4812,5,53,158,4174,1.033,0.587,0.641,46.95,180,491,302
4813,5,29,32,928,1.103,0.432,0.689,6.27,401,639,64
4814,1,8,15,120,1.875,0.475,1.0,2.38,57,120,24
4815,1,9,69,621,7.667,0.209,0.808,1.38,130,502,94
4816,3,10,1,10,0.1,0.9,1.0,9.0,9,10,1
4817,2,1,537,537,537.0,1.0,1.0,537.0,537,537,1
4818,5,53,158,4174,1.033,0.587,0.641,46.95,180,491,302
4819,1,8,112,896,14.0,0.17,0.786,1.27,152,704,120
4820,5,28,32,896,1.143,0.481,0.742,7.43,431,665,58
4821,4,21,4,84,0.19,0.31,0.643,3.71,26,54,7
4822,1,10,75,750,7.5,0.428,0.909,2.28,321,682,141
4823,4,53,48,2544,0.906,0.181,0.374,4.69,460,951,98
4824,5,28,347,4416,2.711,0.399,0.567,13.07,721,163,356
4825,4,29,48,1392,1.655,0.116,0.268,5.06,162,373,32
4826,3,12,1,12,0.083,1.0,1.0,12.0,12,12,1
4827,5,66,472,8352,2.843,0.359,0.547,17.12,93,821,641
4828,4,4,5,20,1.25,0.35,0.8,2.33,7,16,3
4829,2,1,10,10,10.0,1.0,1.0,10.0,10,10,1
4830,1,8,25,200,3.125,0.24,0.91,1.45,48,182,33
4831,2,1,40,40,40.0,1.0,1.0,40.0,40,40,1
4832,2,1,67,67,67.0,0.985,1.0,66.0,66,67,1
4833,3,17,1,17,0.059,1.0,1.0,17.0,17,17,1
4834,1,12,8,96,0.667,0.292,1.0,3.11,28,96,9
4835,2,1,62,62,62.0,0.984,1.0,61.0,61,62,1
4836,1,10,59,590,5.9,0.403,0.792,2.98,238,467,80
4837,5,86,469,7234,2.522,0.378,0.529,22.29,17,133,481
4838,1,9,34,306,3.778,0.225,0.755,1.57,69,231,44
4839,5,53,158,4174,1.033,0.587,0.641,46.95,180,491,302
4840,1,4,18,72,4.5,0.333,0.667,1.71,24,48,14
4841,2,1,52,52,52.0,0.981,1.0,51.0,51,52,1
4842,3,32,1,32,0.031,1.0,1.0,32.0,32,32,1
4843,2,1,94,94,94.0,0.564,1.0,3.31,53,94,16
4844,1,7,4,28,0.571,0.429,0.714,2.4,12,20,5
4845,2,1,98,98,98.0,0.939,1.0,30.67,92,98,3
4846,1,3,3,9,1.0,0.778,0.778,7.0,7,7,1
4847,3,44,3,132,0.068,0.598,0.841,2.47,79,111,32
4848,3,93,4,372,0.043,0.419,0.565,2.89,156,210,54
4849,5,28,347,4416,2.711,0.399,0.567,13.07,721,163,356
4850,2,1,28,28,28.0,0.464,1.0,2.17,13,28,6
4851,3,8,1,8,0.125,1.0,1.0,8.0,8,8,1
4852,1,9,26,234,2.889,0.291,0.795,1.74,68,186,39
4853,1,6,13,78,2.167,0.359,0.885,1.65,28,69,17
4854,1,7,13,91,1.857,0.363,0.934,2.2,33,85,15
4855,2,2,537,1074,268.5,0.556,0.655,24.88,597,704,24
4856,2,1,10,10,10.0,1.0,1.0,10.0,10,10,1
4857,1,7,6,42,0.857,0.452,0.976,1.73,19,41,11
4858,5,63,161,6243,0.988,0.523,0.897,8.4,725,547,634
4859,3,8,1,8,0.125,1.0,1.0,8.0,8,8,1
4860,3,61,30,7830,0.115,0.063,0.09,2.4,492,701,205
4861,3,9,1,9,0.111,1.0,1.0,9.0,9,9,1
4862,3,27,4,108,0.148,0.333,0.667,2.57,36,72,14
4863,3,12,2,24,0.167,0.625,0.667,15.0,15,16,1
4864,4,8,5,40,0.625,0.275,0.45,3.67,11,18,3
4865,4,7,13,91,1.857,0.154,0.484,2.0,14,44,7
4866,5,66,472,8352,2.843,0.359,0.547,17.12,93,821,641
4867,5,87,137,5619,0.733,0.899,0.991,29.29,25,400,786
4868,3,47,1,47,0.021,1.0,1.0,47.0,47,47,1
4869,3,5,2,10,0.4,0.8,0.8,8.0,8,8,1
4870,5,83,149,2367,1.795,0.388,0.472,28.77,804,838,167
4871,3,31,1,31,0.032,1.0,1.0,31.0,31,31,1
4872,1,6,96,576,16.0,0.318,0.575,3.0,183,331,61
4873,3,9,1,9,0.111,1.0,1.0,9.0,9,9,1
4874,1,13,83,1079,6.385,0.373,0.628,3.5,403,678,115
4875,4,12,464,8368,2.189,0.052,0.07,11.84,66,884,428
4876,4,30,61,1830,2.033,0.157,0.483,1.88,288,884,153
4877,5,29,32,928,1.103,0.432,0.689,6.27,401,639,64
4878,3,13,1,13,0.077,1.0,1.0,13.0,13,13,1
4879,2,3,550,1650,183.33,0.329,0.375,27.15,543,619,20
4880,5,28,32,896,1.143,0.462,0.722,7.02,414,647,59
4881,3,31,1,31,0.032,1.0,1.0,31.0,31,31,1
4882,2,1,19,19,19.0,0.737,1.0,4.67,14,19,3
4883,1,23,120,2760,5.217,0.942,1.0,17.44,599,760,149
4884,3,4,11,8844,0.014,0.191,0.233,15.64,689,58,108
4885,1,8,45,360,5.625,0.367,0.897,2.44,132,323,54
4886,3,8,1,8,0.125,1.0,1.0,8.0,8,8,1
4887,3,30,5,2150,0.012,0.216,0.221,46.5,465,475,10
4888,3,61,30,7830,0.115,0.063,0.09,2.4,492,701,205
4889,3,8,1,8,0.125,1.0,1.0,8.0,8,8,1
4890,5,66,472,8352,2.843,0.359,0.547,17.12,93,821,641
4891,5,28,31,868,1.107,0.492,0.745,7.49,427,647,57
4892,1,9,59,531,6.556,0.492,0.861,3.22,261,457,81
4893,2,24,510,2240,21.25,0.846,0.927,38.65,359,341,268
4894,2,1,22,22,22.0,0.5,1.0,1.83,11,22,6
4895,2,1,81,81,81.0,0.901,1.0,24.33,73,81,3
4896,5,72,96,6912,1.333,0.488,0.582,15.69,374,25,215
4897,3,11,1,11,0.091,1.0,1.0,11.0,11,11,1
4898,1,8,32,256,4.0,0.207,0.797,1.23,53,204,43
4899,5,68,135,2680,0.804,0.82,0.904,62.81,591,513,296
4900,2,3,113,339,37.667,0.357,0.378,30.25,121,128,4
4901,1,8,48,384,6.0,0.354,0.901,1.68,136,346,81
4902,1,9,23,207,2.556,0.169,0.319,2.92,35,66,12
4903,5,63,161,6243,0.988,0.523,0.897,8.4,725,547,634
4904,5,28,31,868,1.107,0.492,0.745,7.49,427,647,57
4905,2,2,475,950,237.5,0.504,0.544,95.8,479,517,5
4906,2,1,45,45,45.0,0.756,1.0,5.67,34,45,6
4907,4,12,4,48,0.333,0.292,1.0,2.0,14,48,7
4908,3,9,1,9,0.111,1.0,1.0,9.0,9,9,1
4909,5,29,32,928,1.103,0.432,0.689,6.27,401,639,64
4910,1,9,9,81,1.0,0.346,0.877,2.8,28,71,10
4911,2,2,536,1072,268.0,0.498,0.533,41.08,534,571,13
4912,1,7,19,133,2.714,0.662,0.91,5.18,88,121,17
4913,3,9,1,9,0.111,1.0,1.0,9.0,9,9,1
4914,5,65,50,3250,0.769,0.454,0.487,245.83,475,582,6
4915,3,8,1,8,0.125,1.0,1.0,8.0,8,8,1
4916,3,44,3,132,0.068,0.598,0.841,2.47,79,111,32
4917,1,10,318,3180,31.8,0.128,0.511,1.18,406,625,344
4918,1,9,510,4590,56.667,0.171,0.695,1.27,787,190,618
4919,1,12,22,264,1.833,0.538,0.852,8.35,142,225,17
4920,4,37,20,740,0.541,0.131,0.193,4.22,97,143,23
4921,1,11,184,2024,16.727,0.455,0.76,4.72,920,539,195
4922,5,28,32,896,1.143,0.462,0.722,7.02,414,647,59
4923,1,11,436,4796,39.636,0.336,0.755,2.86,612,623,564
4924,3,17,2,34,0.118,0.706,0.706,24.0,24,24,1
4925,3,22,1,22,0.045,1.0,1.0,22.0,22,22,1
4926,1,1,12,12,12.0,0.583,1.0,1.75,7,12,4
4927,4,83,314,6062,3.783,0.282,0.619,8.77,353,139,838
4928,4,86,67,5762,0.779,0.164,0.935,2.37,947,386,399
4929,5,68,145,4360,0.863,0.798,0.963,13.06,430,457,488
4930,4,8,1,8,0.125,0.875,1.0,7.0,7,8,1
4931,5,64,73,4672,1.141,0.403,0.445,72.38,882,77,26
4932,4,21,68,1428,3.238,0.052,0.109,5.69,74,156,13
4933,5,53,158,4174,1.033,0.587,0.641,46.95,180,491,302
4934,2,1,124,124,124.0,0.444,1.0,7.86,55,124,7
4935,2,1,51,51,51.0,0.471,1.0,2.4,24,51,10
4936,4,22,22,484,1.0,0.107,0.473,1.79,52,229,29
4937,2,1,193,193,193.0,0.57,1.0,2.97,110,193,37
4938,4,6,6,36,1.0,0.194,0.417,3.5,7,15,2
4939,2,2,157,314,78.5,0.506,0.551,26.5,159,173,6
4940,5,66,472,8352,2.843,0.359,0.547,17.12,93,821,641
4941,4,21,4,84,0.19,0.31,0.643,3.71,26,54,7
4942,5,68,135,2680,0.804,0.82,0.904,62.81,591,513,296
4943,2,3,259,777,86.333,0.411,0.481,13.29,319,374,24
4944,1,25,169,4225,6.76,0.218,0.971,1.58,923,101,586
4945,4,8,16,128,2.0,0.156,0.859,5.0,20,110,4
4946,1,7,21,147,3.0,0.333,0.789,1.4,49,116,35
4947,3,26,1,26,0.038,1.0,1.0,26.0,26,26,1
4948,1,10,64,640,6.4,0.439,0.889,2.58,281,569,109
4949,5,29,32,928,1.103,0.476,0.72,7.25,442,668,61
4950,2,8,16,128,2.0,0.398,0.695,2.55,51,89,20
4951,5,28,32,896,1.143,0.488,0.743,7.05,437,666,62
4952,3,54,1,54,0.019,1.0,1.0,54.0,54,54,1
4953,2,2,63,126,31.5,0.341,0.508,10.75,43,64,4
4954,1,7,7,49,1.0,0.388,0.939,1.9,19,46,10
4955,5,32,547,2204,4.144,0.37,0.483,20.66,693,874,292
4956,5,53,158,4174,1.033,0.587,0.641,46.95,180,491,302
4957,2,3,538,1614,179.33,0.37,0.424,22.11,597,685,27
4958,2,3,286,858,95.333,0.406,0.427,87.0,348,366,4
4959,3,31,1,31,0.032,1.0,1.0,31.0,31,31,1
4960,1,7,9,63,1.286,0.317,0.81,1.54,20,51,13
4961,3,37,1,37,0.027,1.0,1.0,37.0,37,37,1
4962,1,5,6,30,1.2,0.233,1.0,1.4,7,30,5
4963,3,9,1,9,0.111,1.0,1.0,9.0,9,9,1
4964,1,10,33,330,3.3,0.345,0.779,1.9,114,257,60
4965,2,1,45,45,45.0,0.933,1.0,21.0,42,45,2
4966,1,7,34,238,4.857,0.298,0.937,1.31,71,223,54
4967,3,36,1,136,0.007,0.993,1.0,135.0,135,136,1
4968,5,74,471,1954,2.707,0.339,0.433,15.84,820,499,756
4969,1,10,23,230,2.3,0.287,0.617,2.2,66,142,30
4970,5,53,158,4174,1.033,0.587,0.641,46.95,180,491,302
4971,5,28,32,896,1.143,0.462,0.722,7.02,414,647,59
4972,4,6,13,78,2.167,0.103,0.449,4.0,8,35,2
4973,3,17,1,117,0.009,1.0,1.0,117.0,117,117,1
4974,2,10,2,20,0.2,0.55,0.6,11.0,11,12,1
4975,3,8,1,8,0.125,1.0,1.0,8.0,8,8,1
4976,5,72,96,6912,1.333,0.488,0.582,15.69,374,25,215
4977,1,8,52,416,6.5,0.45,0.921,2.88,187,383,65
4978,1,9,85,765,9.444,0.395,0.846,2.32,302,647,130
4979,4,83,277,2991,3.337,0.18,0.365,6.86,138,387,603
4980,5,78,140,4920,0.787,0.574,0.649,21.52,292,177,664
4981,4,4,7,28,1.75,0.286,1.0,2.0,8,28,4
4982,1,14,300,4200,21.429,0.263,0.607,2.39,106,550,462
4983,4,17,60,1020,3.529,0.139,0.371,7.1,142,378,20
4984,4,16,21,336,1.313,0.095,0.515,1.6,32,173,20
4985,1,16,359,5744,22.438,0.376,0.652,5.41,158,747,399
4986,4,5,3,15,0.6,0.467,0.6,3.5,7,9,2
4987,5,28,347,4416,2.711,0.399,0.567,13.07,721,163,356
4988,3,20,1,20,0.05,1.0,1.0,20.0,20,20,1
4989,4,4,11,44,2.75,0.159,0.932,1.75,7,41,4
4990,1,13,136,1768,10.462,0.415,0.778,4.58,733,375,160
4991,4,12,464,8368,2.189,0.052,0.07,11.84,66,884,428
4992,4,21,68,1428,3.238,0.052,0.109,5.69,74,156,13
4993,4,47,286,3442,6.085,0.183,0.317,4.67,459,258,526
4994,2,5,333,1665,66.6,0.374,0.413,36.65,623,688,17
4995,5,63,66,4158,1.048,0.491,0.591,44.37,41,458,46
4996,3,25,1,25,0.04,1.0,1.0,25.0,25,25,1
4997,1,7,14,98,2.0,0.347,0.949,1.79,34,93,19
4998,5,28,32,896,1.143,0.481,0.742,7.43,431,665,58
4999,4,9,4,36,0.444,0.25,0.75,9.0,9,27,1
5000,5,87,141,6367,0.754,0.415,0.884,4.69,947,301,333
5001,5,32,547,2204,4.144,0.37,0.483,20.66,693,874,292
5002,2,2,536,1072,268.0,0.568,0.688,24.36,609,737,25
5003,2,1,8,8,8.0,1.0,1.0,8.0,8,8,1
5004,3,16,1,16,0.063,1.0,1.0,16.0,16,16,1
5005,3,69,3,207,0.043,0.643,0.952,2.08,133,197,64
5006,3,37,1,37,0.027,1.0,1.0,37.0,37,37,1
5007,3,15,1,15,0.067,1.0,1.0,15.0,15,15,1
5008,5,68,145,4360,0.863,0.798,0.963,13.06,430,457,488
5009,4,11,463,3993,1.489,0.088,0.16,3.93,631,92,212
5010,1,6,106,636,17.667,0.129,0.835,1.14,82,531,72
5011,2,1,75,75,75.0,0.92,1.0,11.5,69,75,6
5012,2,5,7,35,1.4,0.2,0.314,7.0,7,11,1
5013,2,2,537,1074,268.5,0.51,0.534,49.82,548,574,11
5014,3,7,1,7,0.143,1.0,1.0,7.0,7,7,1
5015,2,1,17,17,17.0,1.0,1.0,17.0,17,17,1
5016,1,4,12,48,3.0,0.146,1.0,1.0,7,48,7
5017,2,2,52,104,26.0,0.231,0.529,1.5,24,55,16
5018,4,13,13,169,1.0,0.124,0.45,3.5,21,76,6
5019,3,10,1,10,0.1,1.0,1.0,10.0,10,10,1
5020,4,36,48,1728,1.333,0.143,0.437,3.58,247,755,69
5021,5,63,161,6243,0.988,0.523,0.897,8.4,725,547,634
5022,2,1,40,40,40.0,0.875,1.0,11.67,35,40,3
5023,2,2,112,224,56.0,0.496,0.504,55.5,111,113,2
5024,5,63,66,4158,1.048,0.491,0.591,44.37,41,458,46
5025,3,12,1,12,0.083,1.0,1.0,12.0,12,12,1
5026,2,3,500,1500,166.67,0.373,0.421,19.28,559,632,29
5027,1,22,26,572,1.182,0.283,0.918,1.93,162,525,84
5028,5,28,347,4416,2.711,0.399,0.567,13.07,721,163,356
5029,1,10,82,820,8.2,0.362,0.69,2.75,297,566,108
5030,5,68,135,2680,0.804,0.82,0.904,62.81,591,513,296
5031,4,4,5,20,1.25,0.35,0.8,2.33,7,16,3
5032,3,10,1,10,0.1,1.0,1.0,10.0,10,10,1
5033,4,15,14,210,0.933,0.11,0.338,1.92,23,71,12
5034,5,78,140,4920,0.787,0.574,0.649,21.52,292,177,664
5035,5,68,135,2680,0.804,0.82,0.904,62.81,591,513,296
5036,4,54,357,9278,6.611,0.299,0.655,6.4,766,626,901
5037,3,76,1,76,0.013,1.0,1.0,76.0,76,76,1
5038,1,8,41,328,5.125,0.393,0.976,2.19,129,320,59
5039,4,29,48,1392,1.655,0.116,0.268,5.06,162,373,32
5040,5,72,96,6912,1.333,0.488,0.582,15.69,374,25,215
5041,4,20,39,780,1.95,0.14,0.405,3.21,109,316,34
5042,1,8,21,168,2.625,0.411,0.786,2.23,69,132,31
5043,3,15,1,15,0.067,1.0,1.0,15.0,15,15,1
5044,1,8,26,208,3.25,0.24,0.563,2.5,50,117,20
5045,3,8,1,8,0.125,1.0,1.0,8.0,8,8,1
5046,1,9,49,441,5.444,0.231,0.685,1.46,102,302,70
5047,1,7,23,161,3.286,0.28,0.783,1.29,45,126,35
5048,2,1,107,107,107.0,0.869,1.0,18.6,93,107,5
5049,4,83,315,6145,3.795,0.295,0.594,9.21,725,523,839
5050,3,10,1,10,0.1,1.0,1.0,10.0,10,10,1
5051,5,72,96,6912,1.333,0.488,0.582,15.69,374,25,215
5052,2,1,40,40,40.0,1.0,1.0,40.0,40,40,1
5053,2,1,20,20,20.0,0.55,1.0,1.38,11,20,8
5054,1,3,4,12,1.333,0.75,0.75,9.0,9,9,1
5055,3,53,1,53,0.019,1.0,1.0,53.0,53,53,1
5056,5,29,32,928,1.103,0.432,0.689,6.27,401,639,64
5057,2,1,63,63,63.0,0.587,1.0,2.31,37,63,16
5058,4,30,61,1830,2.033,0.157,0.483,1.88,288,884,153
5059,5,86,469,7234,2.522,0.378,0.529,22.29,17,133,481
5060,4,54,357,9278,6.611,0.324,0.644,6.22,238,422,3
5061,3,13,1,13,0.077,1.0,1.0,13.0,13,13,1
5062,3,37,1,37,0.027,1.0,1.0,37.0,37,37,1
5063,4,36,96,3456,2.667,0.096,0.207,7.7,331,717,43
5064,5,83,149,2367,1.795,0.388,0.472,28.77,804,838,167
5065,1,7,240,1680,34.286,0.215,0.538,1.64,362,904,221
5066,4,5,4,20,0.8,0.45,0.65,4.5,9,13,2
5067,5,78,140,4920,0.787,0.574,0.649,21.52,292,177,664
5068,5,78,140,4920,0.787,0.574,0.649,21.52,292,177,664
5069,3,61,30,7830,0.115,0.063,0.09,2.4,492,701,205
5070,3,93,4,372,0.043,0.419,0.565,2.89,156,210,54
5071,4,36,43,1548,1.194,0.117,0.183,3.07,181,283,59
5072,3,27,1,27,0.037,1.0,1.0,27.0,27,27,1
5073,1,8,59,472,7.375,0.464,0.985,2.74,219,465,80
5074,5,28,32,896,1.143,0.462,0.722,7.02,414,647,59
5075,4,13,13,169,1.0,0.124,0.45,3.5,21,76,6
5076,1,8,24,192,3.0,0.26,0.672,1.85,50,129,27
5077,3,23,1,23,0.043,1.0,1.0,23.0,23,23,1
5078,5,83,149,2367,1.795,0.388,0.472,28.77,804,838,167
5079,3,94,2,188,0.021,0.516,0.516,97.0,97,97,1
5080,5,28,32,896,1.143,0.481,0.742,7.43,431,665,58
5081,2,9,13,117,1.444,0.103,0.752,4.0,12,88,3
5082,1,7,14,98,2.0,0.347,1.0,2.0,34,98,17
5083,3,42,1,42,0.024,1.0,1.0,42.0,42,42,1
5084,1,9,47,423,5.222,0.333,0.757,2.39,141,320,59
5085,3,18,1,18,0.056,1.0,1.0,18.0,18,18,1
5086,1,10,49,490,4.9,0.52,0.961,2.97,255,471,86
5087,3,1,25,25,25.0,1.0,1.0,25.0,25,25,1
5088,4,10,12,120,1.2,0.208,0.583,1.67,25,70,15
5089,3,13,1,13,0.077,1.0,1.0,13.0,13,13,1
5090,1,10,48,480,4.8,0.331,0.742,2.37,159,356,67
5091,2,1,32,32,32.0,0.469,1.0,1.88,15,32,8
5092,3,12,1,12,0.083,1.0,1.0,12.0,12,12,1
5093,2,1,10,10,10.0,0.8,1.0,4.0,8,10,2
5094,4,81,49,3969,0.605,0.113,0.398,2.26,449,580,199
5095,1,1,167,167,167.0,0.192,1.0,1.03,32,167,31
5096,1,9,492,4428,54.667,0.132,0.541,1.22,583,397,476
5097,3,5,2,10,0.4,0.8,0.8,8.0,8,8,1
5098,1,8,15,120,1.875,0.375,0.85,1.88,45,102,24
5099,4,6,12,72,2.0,0.139,0.514,1.43,10,37,7
5100,3,18,1,18,0.056,1.0,1.0,18.0,18,18,1
5101,5,29,32,928,1.103,0.476,0.72,7.25,442,668,61
5102,1,9,29,261,3.222,0.188,0.502,1.48,49,131,33
5103,1,11,179,1969,16.273,0.33,0.733,2.88,650,444,226
5104,3,5,2,10,0.4,0.7,0.7,7.0,7,7,1
5105,2,2,535,1070,267.5,0.55,0.586,117.8,589,627,5
5106,2,1,78,78,78.0,0.949,1.0,24.67,74,78,3
5107,1,9,18,162,2.0,0.414,0.877,2.31,67,142,29
5108,5,72,96,6912,1.333,0.488,0.582,15.69,374,25,215
5109,3,14,1,14,0.071,1.0,1.0,14.0,14,14,1
5110,1,8,23,184,2.875,0.255,1.0,2.14,47,184,22
5111,3,39,1,39,0.026,1.0,1.0,39.0,39,39,1
5112,3,42,1,42,0.024,1.0,1.0,42.0,42,42,1
5113,3,16,1,16,0.063,1.0,1.0,16.0,16,16,1
5114,5,66,472,8352,2.843,0.359,0.547,17.12,93,821,641
5115,1,9,49,441,5.444,0.247,0.721,1.51,109,318,72
5116,5,87,137,5619,0.733,0.899,0.991,29.29,25,400,786
5117,3,61,30,7830,0.115,0.063,0.09,2.4,492,701,205
5118,5,83,149,2367,1.795,0.388,0.472,28.77,804,838,167
5119,5,28,31,868,1.107,0.492,0.745,7.49,427,647,57
5120,3,7,1,7,0.143,1.0,1.0,7.0,7,7,1
5121,4,10,12,120,1.2,0.208,0.583,1.67,25,70,15
5122,3,15,1,15,0.067,1.0,1.0,15.0,15,15,1
5123,4,21,4,84,0.19,0.31,0.643,3.71,26,54,7
5124,3,93,4,372,0.043,0.419,0.565,2.89,156,210,54
5125,2,2,112,224,56.0,0.496,0.504,55.5,111,113,2
5126,2,1,44,44,44.0,0.25,1.0,2.2,11,44,5
5127,5,28,32,896,1.143,0.488,0.743,7.05,437,666,62
5128,5,86,469,7234,2.522,0.378,0.529,22.29,17,133,481
5129,2,2,16,32,8.0,0.25,0.531,2.67,8,17,3
5130,5,78,140,4920,0.787,0.574,0.649,21.52,292,177,664
5131,2,5,110,550,22.0,0.547,0.556,100.33,301,306,3
5132,1,9,181,1629,20.111,0.35,0.773,2.64,570,260,216
5133,3,20,1,20,0.05,1.0,1.0,20.0,20,20,1
5134,1,5,29,145,5.8,0.4,0.966,1.61,58,140,36
5135,5,53,158,4174,1.033,0.587,0.641,46.95,180,491,302
5136,2,1,42,42,42.0,0.31,1.0,2.6,13,42,5
5137,4,4,8,32,2.0,0.344,0.531,5.5,11,17,2
5138,2,9,13,117,1.444,0.103,0.752,4.0,12,88,3
5139,1,23,137,3151,5.957,0.855,0.934,16.64,695,943,162
5140,3,8,1,8,0.125,1.0,1.0,8.0,8,8,1
5141,1,8,48,384,6.0,0.221,0.557,1.37,85,214,62
5142,3,37,1,37,0.027,1.0,1.0,37.0,37,37,1
5143,3,12,1,12,0.083,1.0,1.0,12.0,12,12,1
5144,2,1,78,78,78.0,0.949,1.0,24.67,74,78,3
5145,3,8,1,8,0.125,1.0,1.0,8.0,8,8,1
5146,5,93,104,9672,1.118,0.451,0.611,4.25,366,908,28
5147,1,8,12,96,1.5,0.438,1.0,1.91,42,96,22
5148,1,7,162,1134,23.143,0.096,0.235,1.49,109,266,73
5149,1,8,20,160,2.5,0.506,1.0,2.45,81,160,33
5150,3,27,4,108,0.148,0.38,0.75,2.56,41,81,16
5151,2,1,35,35,35.0,0.857,1.0,10.0,30,35,3
5152,1,11,26,286,2.364,0.297,0.941,2.02,85,269,42
5153,3,14,1,14,0.071,1.0,1.0,14.0,14,14,1
5154,5,29,32,928,1.103,0.476,0.72,7.25,442,668,61
5155,2,12,278,3336,23.167,0.11,0.144,15.91,366,479,23
5156,4,17,9,153,0.529,0.209,0.497,1.88,32,76,17
5157,1,7,13,91,1.857,0.209,0.846,2.71,19,77,7
5158,1,17,24,408,1.412,0.426,0.792,4.46,174,323,39
5159,5,95,93,8835,0.979,0.675,0.902,3.63,966,968,644
5160,2,1,14,14,14.0,0.5,1.0,2.33,7,14,3
5161,4,21,68,1428,3.238,0.052,0.109,5.69,74,156,13
5162,1,5,46,230,9.2,0.174,0.804,1.43,40,185,28
5163,2,1,17,17,17.0,0.882,1.0,7.5,15,17,2
5164,5,28,347,4416,2.711,0.399,0.567,13.07,721,163,356
5165,3,76,1,76,0.013,1.0,1.0,76.0,76,76,1
5166,1,11,8,88,0.727,0.705,1.0,8.86,62,88,7
5167,1,8,40,320,5.0,0.213,0.659,1.24,68,211,55
5168,5,28,32,896,1.143,0.462,0.722,7.02,414,647,59
5169,5,63,161,6243,0.988,0.523,0.897,8.4,725,547,634
5170,4,14,17,238,1.214,0.113,0.387,1.8,27,92,15
5171,1,8,33,264,4.125,0.39,0.973,1.72,103,257,60
5172,1,7,219,1533,31.286,0.195,0.617,1.44,299,946,207
5173,1,9,101,909,11.222,0.211,0.816,1.37,192,742,140
5174,3,84,1,84,0.012,1.0,1.0,84.0,84,84,1
5175,3,14,1,14,0.071,1.0,1.0,14.0,14,14,1
5176,3,42,1,42,0.024,1.0,1.0,42.0,42,42,1
5177,3,18,1,18,0.056,1.0,1.0,18.0,18,18,1
5178,4,13,5,65,0.385,0.123,0.538,8.0,8,35,1
5179,4,16,21,336,1.313,0.095,0.515,1.6,32,173,20
5180,5,68,135,2680,0.804,0.82,0.904,62.81,591,513,296
5181,1,8,8,64,1.0,0.406,0.953,2.17,26,61,12
5182,1,9,47,423,5.222,0.371,0.865,2.75,157,366,57
5183,1,8,535,4280,66.875,0.164,0.6,1.35,704,566,520
5184,3,10,1,10,0.1,1.0,1.0,10.0,10,10,1
5185,4,30,60,1800,2.0,0.154,0.457,1.85,278,823,150
5186,5,63,66,4158,1.048,0.491,0.591,44.37,41,458,46
5187,5,28,31,868,1.107,0.492,0.745,7.49,427,647,57
5188,2,3,116,348,38.667,0.356,0.371,62.0,124,129,2
5189,2,1,44,44,44.0,0.909,1.0,20.0,40,44,2
5190,4,8,4,32,0.5,0.438,0.594,7.0,14,19,2
5191,1,12,11,132,0.917,0.371,1.0,1.63,49,132,30
5192,5,65,50,3250,0.769,0.454,0.487,245.83,475,582,6
5193,2,1,20,20,20.0,0.85,1.0,8.5,17,20,2
5194,1,11,24,264,2.182,0.53,0.727,10.0,140,192,14
5195,5,68,135,2680,0.804,0.82,0.904,62.81,591,513,296
5196,3,26,1,26,0.038,1.0,1.0,26.0,26,26,1
5197,1,5,7,35,1.4,0.429,0.971,1.36,15,34,11
5198,5,53,158,4174,1.033,0.587,0.641,46.95,180,491,302
5199,5,72,96,6912,1.333,0.488,0.582,15.69,374,25,215
5200,2,6,21,126,3.5,0.246,0.254,31.0,31,32,1
5201,1,7,37,259,5.286,0.521,0.954,3.14,135,247,43
5202,4,83,314,6062,3.783,0.298,0.671,8.75,772,482,888
5203,5,28,32,896,1.143,0.488,0.743,7.05,437,666,62
5204,4,6,6,36,1.0,0.194,0.417,3.5,7,15,2
5205,1,9,53,477,5.889,0.317,0.805,1.66,151,384,91
5206,1,7,7,49,1.0,0.327,1.0,2.0,16,49,8
5207,1,25,187,4675,7.48,0.486,0.939,7.42,272,390,306
5208,5,95,93,8835,0.979,0.675,0.902,3.63,966,968,644
5209,5,63,79,4977,1.254,0.338,0.345,186.78,681,718,9
5210,1,7,7,49,1.0,0.265,0.796,1.44,13,39,9
5211,5,32,547,2204,4.144,0.37,0.483,20.66,693,874,292
5212,4,9,17,153,1.889,0.144,0.458,3.14,22,70,7
5213,2,25,300,7500,12.0,0.065,0.071,40.33,484,531,12
5214,1,6,104,624,17.333,0.234,0.862,1.32,146,538,111
5215,5,87,141,6367,0.754,0.415,0.884,4.69,947,301,333
5216,4,91,285,5935,3.132,0.158,0.165,113.89,100,287,36
5217,1,7,183,1281,26.143,0.265,0.664,1.88,340,850,181
5218,5,53,158,4174,1.033,0.587,0.641,46.95,180,491,302
5219,1,7,14,98,2.0,0.316,0.776,2.21,31,76,14
5220,4,91,285,5935,3.132,0.158,0.165,113.89,100,287,36
5221,4,4,8,32,2.0,0.344,0.531,5.5,11,17,2
5222,1,10,236,2360,23.6,0.183,0.572,1.31,432,349,330
5223,2,1,18,18,18.0,0.5,1.0,3.0,9,18,3
5224,1,9,34,306,3.778,0.379,0.961,1.71,116,294,68
5225,2,2,536,1072,268.0,0.537,0.622,24.0,576,667,24
5226,1,12,72,864,6.0,0.623,0.86,6.73,538,743,80
5227,3,9,1,9,0.111,1.0,1.0,9.0,9,9,1
5228,1,10,162,1620,16.2,0.454,0.573,5.93,735,928,124
5229,3,93,4,372,0.043,0.419,0.565,2.89,156,210,54
5230,4,1,99,9999,0.98,0.14,0.778,2.02,398,780,691
5231,3,8,1,8,0.125,1.0,1.0,8.0,8,8,1
5232,1,11,42,462,3.818,0.284,0.654,1.93,131,302,68
5233,4,8,1,8,0.125,0.875,1.0,7.0,7,8,1
5234,5,63,79,4977,1.254,0.338,0.345,186.78,681,718,9
5235,3,15,1,15,0.067,1.0,1.0,15.0,15,15,1
5236,3,8,1,8,0.125,1.0,1.0,8.0,8,8,1
5237,2,1,39,39,39.0,0.897,1.0,8.75,35,39,4
5238,5,64,73,4672,1.141,0.403,0.445,72.38,882,77,26
5239,2,1,51,51,51.0,0.471,1.0,2.4,24,51,10
5240,5,93,104,9672,1.118,0.451,0.611,4.25,366,908,28
5241,1,9,80,720,8.889,0.304,0.838,1.8,219,603,122
5242,4,67,30,2010,0.448,0.169,0.46,2.26,339,924,150
5243,3,32,1,32,0.031,1.0,1.0,32.0,32,32,1
5244,5,78,140,4920,0.787,0.574,0.649,21.52,292,177,664
5245,3,5,2,210,0.019,0.529,0.533,111.0,111,112,1
5246,4,83,277,2991,3.337,0.18,0.365,6.86,138,387,603
5247,5,66,472,8352,2.843,0.359,0.547,17.12,93,821,641
5248,1,7,11,77,1.571,0.234,0.545,2.57,18,42,7
5249,1,10,15,150,1.5,0.313,0.78,2.24,47,117,21
5250,5,83,149,2367,1.795,0.388,0.472,28.77,804,838,167
5251,5,29,32,928,1.103,0.476,0.72,7.25,442,668,61
5252,1,6,20,120,3.333,0.258,0.975,1.29,31,117,24
5253,1,9,9,81,1.0,0.358,0.914,1.81,29,74,16
5254,3,10,1,10,0.1,1.0,1.0,10.0,10,10,1
5255,4,37,72,2664,1.946,0.12,0.257,7.64,321,685,42
5256,1,7,11,77,1.571,0.234,0.675,1.29,18,52,14
5257,5,83,149,2367,1.795,0.388,0.472,28.77,804,838,167
5258,5,95,93,8835,0.979,0.675,0.902,3.63,966,968,644
5259,3,31,1,31,0.032,1.0,1.0,31.0,31,31,1
5260,3,5,2,10,0.4,0.7,0.7,7.0,7,7,1
5261,1,9,17,153,1.889,0.307,0.987,1.38,47,151,34
5262,1,11,44,484,4.0,0.308,0.818,2.01,149,396,74
5263,1,7,50,350,7.143,0.214,0.96,1.23,75,336,61
5264,3,9,2,18,0.222,0.611,0.722,11.0,11,13,1
5265,1,6,11,66,1.833,0.364,0.955,1.33,24,63,18
5266,2,2,236,472,118.0,0.566,0.689,10.27,267,325,26
5267,2,1,30,30,30.0,0.4,1.0,2.4,12,30,5
5268,2,4,524,2096,131.0,0.542,0.603,40.57,136,264,28
5269,2,1,27,27,27.0,0.407,1.0,1.83,11,27,6
5270,2,1,32,32,32.0,0.719,1.0,5.75,23,32,4
5271,5,66,472,8352,2.843,0.359,0.547,17.12,93,821,641
5272,1,13,77,1001,5.923,0.298,0.7,2.4,298,701,124
5273,3,17,1,17,0.059,1.0,1.0,17.0,17,17,1
5274,1,6,33,198,5.5,0.247,0.813,1.2,49,161,41
5275,1,1,65,65,65.0,0.2,1.0,1.08,13,65,12
5276,3,10,1,10,0.1,1.0,1.0,10.0,10,10,1
5277,1,9,25,225,2.778,0.249,0.911,1.51,56,205,37
5278,2,2,537,1074,268.5,0.594,0.655,21.27,638,703,30
5279,4,91,285,5935,3.132,0.158,0.165,113.89,100,287,36
5280,4,1,99,9999,0.98,0.14,0.778,2.02,398,780,691
5281,4,36,43,1548,1.194,0.117,0.183,3.07,181,283,59
5282,4,5,3,15,0.6,0.467,0.6,3.5,7,9,2
5283,3,8,1,8,0.125,1.0,1.0,8.0,8,8,1
5284,5,29,31,899,1.069,0.463,0.726,6.93,416,653,60
5285,3,7,1,7,0.143,1.0,1.0,7.0,7,7,1
5286,2,1,279,279,279.0,0.964,1.0,38.43,269,279,7
5287,4,30,60,1800,2.0,0.154,0.457,1.85,278,823,150
5288,4,34,25,850,0.735,0.256,0.534,2.06,218,454,106
5289,1,8,28,224,3.5,0.259,0.844,1.93,58,189,30
5290,2,3,286,858,95.333,0.406,0.427,87.0,348,366,4
5291,2,1,104,104,104.0,0.971,1.0,50.5,101,104,2
5292,2,2,101,202,50.5,0.54,0.743,10.9,109,150,10
5293,4,5,4,20,0.8,0.45,0.65,4.5,9,13,2
5294,1,8,398,3184,49.75,0.279,0.664,1.7,887,113,521
5295,2,11,427,4697,38.818,0.566,0.57,189.79,657,676,14
5296,5,63,161,6243,0.988,0.523,0.897,8.4,725,547,634
5297,2,2,236,472,118.0,0.566,0.689,10.27,267,325,26
5298,3,4,2,8,0.5,0.875,0.875,7.0,7,7,1
5299,3,9,1,9,0.111,1.0,1.0,9.0,9,9,1
5300,5,93,104,9672,1.118,0.451,0.611,4.25,366,908,28
5301,5,63,79,4977,1.254,0.338,0.345,186.78,681,718,9
5302,1,11,22,242,2.0,0.277,0.731,1.86,67,177,36
5303,2,1,27,27,27.0,0.259,1.0,1.4,7,27,5
5304,2,2,537,1074,268.5,0.594,0.655,21.27,638,703,30
5305,5,29,32,928,1.103,0.432,0.689,6.27,401,639,64
5306,3,9,1,9,0.111,1.0,1.0,9.0,9,9,1
5307,3,69,3,207,0.043,0.643,0.952,2.08,133,197,64
5308,3,58,3,174,0.052,0.339,0.345,59.0,59,60,1
5309,2,1,41,41,41.0,0.78,1.0,4.57,32,41,7
5310,5,28,32,896,1.143,0.481,0.742,7.43,431,665,58
5311,4,6,465,2290,1.52,0.055,0.123,2.69,861,452,925
5312,4,10,7,70,0.7,0.157,0.6,1.57,11,42,7
5313,4,7,13,91,1.857,0.154,0.484,2.0,14,44,7
5314,3,12,2,24,0.167,0.625,0.667,15.0,15,16,1
5315,5,87,141,6367,0.754,0.415,0.884,4.69,947,301,333
5316,4,10,7,70,0.7,0.157,0.6,1.57,11,42,7
5317,4,68,34,2312,0.5,0.224,0.526,2.44,519,215,213
5318,5,63,79,4977,1.254,0.338,0.345,186.78,681,718,9
5319,5,64,73,4672,1.141,0.403,0.445,72.38,882,77,26
5320,3,4,11,8844,0.014,0.191,0.233,15.64,689,58,108
5321,2,6,142,852,23.667,0.115,0.173,6.53,98,147,15
5322,5,29,32,928,1.103,0.476,0.72,7.25,442,668,61
5323,5,28,31,868,1.107,0.492,0.745,7.49,427,647,57
5324,1,6,94,564,15.667,0.188,0.874,1.63,106,493,65
5325,3,10,1,10,0.1,1.0,1.0,10.0,10,10,1
5326,3,58,3,174,0.052,0.339,0.345,59.0,59,60,1
5327,3,8,1,8,0.125,1.0,1.0,8.0,8,8,1
5328,3,7,1,7,0.143,1.0,1.0,7.0,7,7,1
5329,1,9,89,801,9.889,0.3,0.559,2.18,240,448,110
5330,4,13,5,65,0.385,0.123,0.538,8.0,8,35,1
5331,3,7,2,14,0.286,0.643,0.714,9.0,9,10,1
5332,4,16,29,464,1.813,0.144,0.496,2.58,67,230,26
5333,2,1,7,7,7.0,1.0,1.0,7.0,7,7,1
5334,2,3,259,777,86.333,0.96,0.978,67.82,746,760,11
5335,4,32,106,3392,3.313,0.198,0.395,4.56,671,341,147
5336,4,47,286,3442,6.085,0.183,0.317,4.67,459,258,526
5337,5,28,32,896,1.143,0.481,0.742,7.43,431,665,58
5338,5,28,32,896,1.143,0.488,0.743,7.05,437,666,62
5339,2,6,39,234,6.5,0.192,0.197,45.0,45,46,1
5340,2,1,10,10,10.0,1.0,1.0,10.0,10,10,1
5341,4,97,198,9006,1.005,0.273,0.332,46.93,654,964,227
5342,2,1,17,17,17.0,0.882,1.0,7.5,15,17,2
5343,5,64,73,4672,1.141,0.403,0.445,72.38,882,77,26
5344,3,13,1,13,0.077,1.0,1.0,13.0,13,13,1
5345,5,63,161,6243,0.988,0.523,0.897,8.4,725,547,634
5346,1,9,492,4428,54.667,0.132,0.541,1.22,583,397,476
5347,3,13,1,13,0.077,1.0,1.0,13.0,13,13,1
5348,4,54,357,9278,6.611,0.324,0.644,6.22,238,422,3
5349,4,58,167,6386,1.057,0.16,0.276,8.24,213,279,511
5350,3,32,1,32,0.031,1.0,1.0,32.0,32,32,1
5351,2,1,14,14,14.0,0.643,1.0,3.0,9,14,3
5352,5,86,469,7234,2.522,0.378,0.529,22.29,17,133,481
5353,4,5,9,45,1.8,0.178,0.533,1.6,8,24,5
5354,1,9,99,891,11.0,0.189,0.745,1.4,168,664,120
5355,4,16,21,336,1.313,0.095,0.515,1.6,32,173,20
5356,1,7,33,231,4.714,0.351,0.987,1.53,81,228,53
5357,2,1,277,277,277.0,1.0,1.0,277.0,277,277,1
5358,3,94,2,188,0.021,0.516,0.516,97.0,97,97,1
5359,1,9,217,1953,24.111,0.168,0.686,1.4,329,339,235
5360,2,1,36,36,36.0,0.306,1.0,1.83,11,36,6
5361,5,28,347,4416,2.711,0.399,0.567,13.07,721,163,356
5362,1,9,218,1962,24.222,0.148,0.582,1.43,290,141,203
5363,1,4,65,260,16.25,0.296,0.631,2.66,77,164,29
5364,3,15,1,15,0.067,1.0,1.0,15.0,15,15,1
5365,1,10,19,190,1.9,0.3,0.905,1.68,57,172,34
5366,2,1,44,44,44.0,0.909,1.0,20.0,40,44,2
5367,5,65,50,3250,0.769,0.454,0.487,245.83,475,582,6
5368,3,13,1,13,0.077,1.0,1.0,13.0,13,13,1
5369,4,7,13,91,1.857,0.154,0.484,2.0,14,44,7
5370,5,63,161,6243,0.988,0.523,0.897,8.4,725,547,634
5371,3,54,1,54,0.019,1.0,1.0,54.0,54,54,1
5372,3,9,2,18,0.222,0.611,0.722,11.0,11,13,1
5373,4,9,6,54,0.667,0.407,0.519,5.5,22,28,4
5374,2,1,11,11,11.0,0.909,1.0,10.0,10,11,1
5375,5,63,161,6243,0.988,0.523,0.897,8.4,725,547,634
5376,1,8,18,144,2.25,0.403,0.931,1.81,58,134,32
5377,4,4,463,752,1.523,0.063,0.121,3.91,898,81,273
5378,5,64,73,4672,1.141,0.403,0.445,72.38,882,77,26
5379,3,10,1,10,0.1,1.0,1.0,10.0,10,10,1
5380,1,7,19,133,2.714,0.248,0.624,1.5,33,83,22
5381,5,32,547,2204,4.144,0.37,0.483,20.66,693,874,292
5382,5,86,469,7234,2.522,0.378,0.529,22.29,17,133,481
5383,1,9,20,180,2.222,0.294,0.578,1.51,53,104,35
5384,1,12,410,4920,34.167,0.333,0.661,2.69,636,254,608
5385,1,10,80,800,8.0,0.308,0.838,2.02,246,670,122
5386,3,4,2,8,0.5,1.0,1.0,8.0,8,8,1
5387,4,10,12,120,1.2,0.208,0.583,1.67,25,70,15
5388,1,8,190,1520,23.75,0.118,0.62,1.21,179,943,148
5389,2,1,136,136,136.0,0.963,1.0,32.75,131,136,4
5390,4,11,463,3993,1.489,0.088,0.16,3.93,631,92,212
5391,1,9,92,828,10.222,0.365,0.954,2.2,302,790,137
5392,1,10,26,260,2.6,0.3,0.954,1.59,78,248,49
5393,3,26,1,26,0.038,1.0,1.0,26.0,26,26,1
5394,1,5,27,135,5.4,0.548,1.0,2.18,74,135,34
5395,5,28,32,896,1.143,0.488,0.743,7.05,437,666,62
5396,5,86,469,7234,2.522,0.378,0.529,22.29,17,133,481
5397,3,58,3,174,0.052,0.339,0.345,59.0,59,60,1
5398,3,93,4,372,0.043,0.419,0.565,2.89,156,210,54
5399,5,65,50,3250,0.769,0.454,0.487,245.83,475,582,6
5400,5,95,93,8835,0.979,0.675,0.902,3.63,966,968,644
5401,4,54,357,9278,6.611,0.324,0.644,6.22,238,422,3
5402,5,63,79,4977,1.254,0.338,0.345,186.78,681,718,9
5403,5,63,79,4977,1.254,0.338,0.345,186.78,681,718,9
5404,4,4,5,20,1.25,0.35,0.8,2.33,7,16,3
5405,4,12,4,48,0.333,0.292,1.0,2.0,14,48,7
5406,5,29,32,928,1.103,0.476,0.72,7.25,442,668,61
5407,4,52,48,2496,0.923,0.138,0.248,7.67,345,619,45
5408,3,23,1,23,0.043,1.0,1.0,23.0,23,23,1
5409,2,1,19,19,19.0,0.632,1.0,4.0,12,19,3
5410,2,1,87,87,87.0,0.92,1.0,16.0,80,87,5
5411,1,12,142,1704,11.833,0.337,0.759,3.04,575,293,189
5412,1,9,183,1647,20.333,0.218,0.6,1.42,359,989,252
5413,5,28,31,868,1.107,0.492,0.745,7.49,427,647,57
5414,1,9,202,1818,22.444,0.087,0.254,1.3,158,462,122
5415,4,6,465,2290,1.52,0.055,0.123,2.69,861,452,925
5416,3,8,1,8,0.125,1.0,1.0,8.0,8,8,1
5417,2,5,110,550,22.0,0.547,0.556,100.33,301,306,3
5418,1,6,16,96,2.667,0.354,1.0,1.48,34,96,23
5419,1,11,12,132,1.091,0.5,0.818,4.13,66,108,16
5420,2,2,537,1074,268.5,0.52,0.621,26.57,558,667,21
5421,5,28,31,868,1.107,0.492,0.745,7.49,427,647,57
5422,5,68,135,2680,0.804,0.82,0.904,62.81,591,513,296
5423,5,95,93,8835,0.979,0.675,0.902,3.63,966,968,644
5424,2,2,18,36,9.0,0.722,0.722,26.0,26,26,1
5425,4,36,43,1548,1.194,0.117,0.183,3.07,181,283,59
5426,2,2,16,32,8.0,0.25,0.531,2.67,8,17,3
5427,1,9,21,189,2.333,0.365,0.82,2.88,69,155,24
5428,1,8,9,72,1.125,0.528,0.958,3.17,38,69,12
5429,5,74,471,1954,2.707,0.339,0.433,15.84,820,499,756
5430,2,28,330,9240,11.786,0.057,0.066,31.0,527,614,17
5431,4,1,99,9999,0.98,0.14,0.778,2.02,398,780,691
5432,3,53,1,53,0.019,1.0,1.0,53.0,53,53,1
5433,4,4,463,752,1.523,0.063,0.121,3.91,898,81,273
5434,1,6,10,60,1.667,0.333,0.75,1.54,20,45,13
5435,2,1,36,36,36.0,0.583,1.0,4.2,21,36,5
5436,2,1,537,537,537.0,1.0,1.0,537.0,537,537,1
5437,3,42,7,294,0.167,0.282,0.432,2.18,83,127,38
5438,2,2,52,104,26.0,0.231,0.529,1.5,24,55,16
5439,1,10,83,830,8.3,0.208,0.667,1.44,173,554,120
5440,1,11,154,1694,14.0,0.36,0.731,2.96,609,238,206
5441,1,8,123,984,15.375,0.255,0.827,1.71,251,814,147
5442,3,8,1,8,0.125,0.875,1.0,7.0,7,8,1
5443,1,11,137,1507,12.455,0.317,0.652,2.7,478,982,177
5444,4,4,8,32,2.0,0.344,0.531,5.5,11,17,2
5445,2,1,47,47,47.0,0.532,1.0,25.0,25,47,1
5446,4,9,6,54,0.667,0.407,0.519,5.5,22,28,4
5447,5,95,93,8835,0.979,0.675,0.902,3.63,966,968,644
5448,5,66,472,8352,2.843,0.359,0.547,17.12,93,821,641
5449,2,2,123,246,61.5,0.5,0.504,123.0,123,124,1
5450,1,25,203,5075,8.12,0.837,0.929,15.22,246,713,279
5451,1,9,295,2655,32.778,0.2,0.559,1.5,531,483,354
5452,2,1,255,255,255.0,0.686,1.0,4.86,175,255,36
5453,1,7,34,238,4.857,0.403,0.849,1.81,96,202,53
5454,2,1,17,17,17.0,0.765,1.0,6.5,13,17,2
5455,1,8,94,752,11.75,0.485,0.922,3.07,365,693,119
5456,2,3,550,1650,183.33,0.339,0.401,15.11,559,662,37
5457,2,1,98,98,98.0,0.939,1.0,30.67,92,98,3
5458,3,9,1,9,0.111,1.0,1.0,9.0,9,9,1
5459,3,17,1,17,0.059,1.0,1.0,17.0,17,17,1
5460,4,22,22,484,1.0,0.107,0.473,1.79,52,229,29
5461,2,1,138,138,138.0,1.0,1.0,138.0,138,138,1
5462,5,63,79,4977,1.254,0.338,0.345,186.78,681,718,9
5463,3,10,1,10,0.1,1.0,1.0,10.0,10,10,1
5464,4,4,11,44,2.75,0.159,0.932,1.75,7,41,4
5465,3,42,1,42,0.024,1.0,1.0,42.0,42,42,1
5466,1,7,20,140,2.857,0.25,0.657,1.46,35,92,24
5467,1,7,125,875,17.857,0.29,0.735,1.59,254,643,160
5468,2,1,8,8,8.0,1.0,1.0,8.0,8,8,1
5469,5,29,31,899,1.069,0.463,0.726,6.93,416,653,60
5470,5,32,547,2204,4.144,0.37,0.483,20.66,693,874,292
5471,2,11,252,2772,22.909,0.092,0.095,63.75,255,262,4
5472,1,14,402,5628,28.714,0.399,0.631,4.75,248,554,473
5473,3,13,1,13,0.077,1.0,1.0,13.0,13,13,1
5474,1,9,37,333,4.111,0.538,0.901,2.8,179,300,64
5475,3,9,1,9,0.111,1.0,1.0,9.0,9,9,1
5476,4,21,4,84,0.19,0.31,0.643,3.71,26,54,7
5477,1,8,32,256,4.0,0.375,0.801,2.04,96,205,47
5478,4,24,18,432,0.75,0.139,0.377,2.07,60,163,29
5479,1,6,19,114,3.167,0.36,0.711,1.58,41,81,26
5480,2,2,98,196,49.0,0.48,0.653,9.4,94,128,10
5481,2,1,18,18,18.0,0.5,1.0,3.0,9,18,3
5482,4,54,48,2592,0.889,0.143,0.264,6.85,370,685,54
5483,4,30,61,1830,2.033,0.157,0.483,1.88,288,884,153
5484,3,93,4,372,0.043,0.419,0.565,2.89,156,210,54
5485,5,28,347,4416,2.711,0.399,0.567,13.07,721,163,356
5486,2,1,70,70,70.0,1.0,1.0,70.0,70,70,1
5487,4,36,43,1548,1.194,0.117,0.183,3.07,181,283,59
5488,5,29,32,928,1.103,0.476,0.72,7.25,442,668,61
5489,2,2,537,1074,268.5,0.52,0.621,26.57,558,667,21
5490,3,53,1,53,0.019,1.0,1.0,53.0,53,53,1
5491,4,6,465,2290,1.52,0.055,0.123,2.69,861,452,925
5492,1,5,7,35,1.4,0.686,1.0,3.0,24,35,8
5493,2,2,112,224,56.0,0.496,0.504,55.5,111,113,2
5494,5,29,32,928,1.103,0.432,0.689,6.27,401,639,64
5495,1,5,6,30,1.2,0.433,0.9,1.63,13,27,8
5496,4,7,47,329,6.714,0.158,0.289,5.78,52,95,9
5497,5,28,32,896,1.143,0.481,0.742,7.43,431,665,58
5498,3,32,1,32,0.031,1.0,1.0,32.0,32,32,1
5499,4,4,7,28,1.75,0.286,1.0,2.0,8,28,4
5500,3,11,2,22,0.182,0.636,0.636,14.0,14,14,1
5501,1,10,33,330,3.3,0.282,0.839,1.82,93,277,51
5502,1,7,41,287,5.857,0.254,0.697,1.43,73,200,51
5503,2,1,14,14,14.0,0.643,1.0,4.5,9,14,2
5504,2,1,106,106,106.0,0.434,1.0,1.02,46,106,45
5505,5,28,32,896,1.143,0.488,0.743,7.05,437,666,62
5506,3,10,1,10,0.1,1.0,1.0,10.0,10,10,1
5507,5,95,93,8835,0.979,0.675,0.902,3.63,966,968,644
5508,5,72,96,6912,1.333,0.488,0.582,15.69,374,25,215
5509,1,8,158,1264,19.75,0.102,0.346,1.33,129,437,97
5510,2,1,131,131,131.0,0.977,1.0,64.0,128,131,2
5511,3,14,2,28,0.143,0.536,0.536,15.0,15,15,1
5512,3,27,4,108,0.148,0.333,0.667,2.57,36,72,14
5513,3,14,1,14,0.071,1.0,1.0,14.0,14,14,1
5514,5,65,50,3250,0.769,0.454,0.487,245.83,475,582,6
5515,3,9,1,9,0.111,1.0,1.0,9.0,9,9,1
5516,3,8,1,8,0.125,1.0,1.0,8.0,8,8,1
5517,5,28,31,868,1.107,0.492,0.745,7.49,427,647,57
5518,3,84,1,84,0.012,1.0,1.0,84.0,84,84,1
5519,4,83,314,6062,3.783,0.298,0.671,8.75,772,482,888
5520,3,5,2,210,0.019,0.529,0.533,111.0,111,112,1
5521,3,8,1,8,0.125,1.0,1.0,8.0,8,8,1
5522,1,7,31,217,4.429,0.415,0.783,2.31,90,170,39
5523,2,1,145,145,145.0,0.972,1.0,35.25,141,145,4
5524,4,54,357,9278,6.611,0.324,0.644,6.22,238,422,3
5525,5,66,472,8352,2.843,0.359,0.547,17.12,93,821,641
5526,5,29,31,899,1.069,0.463,0.726,6.93,416,653,60
5527,4,31,71,2201,2.29,0.159,0.296,10.29,350,651,34
5528,1,10,19,190,1.9,0.611,0.9,8.29,116,171,14
5529,2,1,10,10,10.0,0.9,1.0,9.0,9,10,1
5530,1,3,56,168,18.667,0.065,0.5,1.38,11,84,8
5531,1,7,11,77,1.571,0.403,0.974,1.48,31,75,21
5532,5,29,31,899,1.069,0.463,0.726,6.93,416,653,60
5533,1,5,26,130,5.2,0.492,0.785,2.37,64,102,27
5534,5,28,32,896,1.143,0.488,0.743,7.05,437,666,62
5535,5,87,137,5619,0.733,0.899,0.991,29.29,25,400,786
5536,5,63,66,4158,1.048,0.491,0.591,44.37,41,458,46
5537,3,8,1,8,0.125,1.0,1.0,8.0,8,8,1
5538,5,65,50,3250,0.769,0.454,0.487,245.83,475,582,6
5539,3,12,2,24,0.167,0.625,0.667,15.0,15,16,1
5540,4,21,68,1428,3.238,0.052,0.109,5.69,74,156,13
5541,2,1,95,95,95.0,1.0,1.0,95.0,95,95,1
5542,4,55,48,2640,0.873,0.142,0.364,4.26,375,960,88
5543,4,8,9,72,1.125,0.125,0.319,4.5,9,23,2
5544,1,9,9,81,1.0,0.728,0.889,7.38,59,72,8
5545,3,13,1,13,0.077,1.0,1.0,13.0,13,13,1
5546,3,34,1,34,0.029,1.0,1.0,34.0,34,34,1
5547,4,33,28,924,0.848,0.098,0.271,5.69,91,250,16
5548,4,25,9,225,0.36,0.187,0.436,2.47,42,98,17
5549,1,9,161,1449,17.889,0.273,0.521,2.41,396,755,164
5550,4,4,11,44,2.75,0.159,0.932,1.75,7,41,4
5551,2,1,69,69,69.0,0.841,1.0,8.29,58,69,7
5552,5,86,469,7234,2.522,0.378,0.529,22.29,17,133,481
5553,3,34,1,34,0.029,1.0,1.0,34.0,34,34,1
5554,5,29,31,899,1.069,0.463,0.726,6.93,416,653,60
5555,3,10,1,10,0.1,1.0,1.0,10.0,10,10,1
5556,3,9,1,9,0.111,1.0,1.0,9.0,9,9,1
5557,4,31,71,2201,2.29,0.159,0.296,10.29,350,651,34
5558,4,16,4,64,0.25,0.156,0.531,5.0,10,34,2
5559,5,93,104,9672,1.118,0.451,0.611,4.25,366,908,28
5560,1,8,69,552,8.625,0.159,0.772,1.29,88,426,68
5561,1,77,245,8865,3.182,0.445,0.523,32.67,396,871,257
5562,4,12,146,1752,12.167,0.091,0.128,26.67,160,225,6
5563,5,28,32,896,1.143,0.462,0.722,7.02,414,647,59
5564,5,93,104,9672,1.118,0.451,0.611,4.25,366,908,28
5565,2,1,9,9,9.0,0.778,1.0,7.0,7,9,1
5566,3,10,1,10,0.1,1.0,1.0,10.0,10,10,1
5567,5,63,161,6243,0.988,0.523,0.897,8.4,725,547,634
5568,1,6,8,48,1.333,0.458,0.729,2.44,22,35,9
5569,4,53,442,7626,2.889,0.114,0.215,6.27,689,538,227
5570,1,10,20,200,2.0,0.385,0.87,2.14,77,174,36
5571,3,47,1,47,0.021,1.0,1.0,47.0,47,47,1
5572,4,83,315,6145,3.795,0.295,0.594,9.21,725,523,839
5573,4,31,37,1147,1.194,0.189,0.555,2.07,217,637,105
5574,4,52,48,2496,0.923,0.138,0.248,7.67,345,619,45
5575,3,25,1,25,0.04,1.0,1.0,25.0,25,25,1
5576,1,11,119,1309,10.818,0.268,0.678,1.72,351,887,204
5577,4,53,48,2544,0.906,0.157,0.269,7.84,400,685,51
5578,2,1,78,78,78.0,0.949,1.0,24.67,74,78,3
5579,1,20,16,320,0.8,0.5,0.572,26.67,160,183,6
5580,3,32,1,32,0.031,1.0,1.0,32.0,32,32,1
5581,1,8,27,216,3.375,0.218,0.829,2.14,47,179,22
5582,4,8,5,40,0.625,0.275,0.45,3.67,11,18,3
5583,1,8,7,56,0.875,0.429,1.0,2.18,24,56,11
5584,2,1,19,19,19.0,0.789,1.0,3.75,15,19,4
5585,1,10,40,400,4.0,0.333,0.783,1.82,133,313,73
5586,4,9,10,90,1.111,0.144,0.522,6.5,13,47,2
5587,1,9,105,945,11.667,0.236,0.579,1.91,223,547,117
5588,2,1,17,17,17.0,0.941,1.0,16.0,16,17,1
5589,5,63,66,4158,1.048,0.491,0.591,44.37,41,458,46
5590,5,28,32,896,1.143,0.462,0.722,7.02,414,647,59
5591,4,6,6,36,1.0,0.194,0.417,3.5,7,15,2
5592,3,9,1,9,0.111,1.0,1.0,9.0,9,9,1
5593,1,5,39,195,7.8,0.328,0.744,2.06,64,145,31
5594,2,1,14,14,14.0,0.643,1.0,4.5,9,14,2
5595,5,63,66,4158,1.048,0.491,0.591,44.37,41,458,46
5596,5,32,547,2204,4.144,0.37,0.483,20.66,693,874,292
5597,3,8,1,8,0.125,0.875,1.0,7.0,7,8,1
5598,4,58,167,6386,1.057,0.16,0.276,8.24,213,279,511
5599,2,1,20,20,20.0,0.75,1.0,3.0,15,20,5
5600,3,5,2,10,0.4,0.8,0.8,8.0,8,8,1
5601,4,6,465,2290,1.52,0.055,0.123,2.69,861,452,925
5602,2,3,286,858,95.333,0.406,0.427,87.0,348,366,4
5603,3,36,1,136,0.007,0.993,1.0,135.0,135,136,1
5604,2,1,58,58,58.0,0.845,1.0,9.8,49,58,5
5605,2,1,17,17,17.0,0.882,1.0,7.5,15,17,2
5606,5,68,145,4360,0.863,0.798,0.963,13.06,430,457,488
5607,4,8,5,40,0.625,0.275,0.45,3.67,11,18,3
5608,2,17,341,5797,20.059,0.935,0.998,36.38,420,784,149
5609,5,68,135,2680,0.804,0.82,0.904,62.81,591,513,296
5610,5,28,32,896,1.143,0.481,0.742,7.43,431,665,58
5611,5,87,141,6367,0.754,0.415,0.884,4.69,947,301,333
5612,1,9,194,1746,21.556,0.191,0.691,1.4,333,207,238
5613,4,6,13,78,2.167,0.103,0.449,4.0,8,35,2
5614,4,10,7,70,0.7,0.157,0.6,1.57,11,42,7
5615,4,8,9,72,1.125,0.125,0.319,4.5,9,23,2
5616,3,19,2,38,0.105,0.816,0.816,31.0,31,31,1
5617,4,30,60,1800,2.0,0.154,0.457,1.85,278,823,150
5618,1,10,17,170,1.7,0.506,0.771,7.82,86,131,11
5619,2,8,231,1848,28.875,0.872,0.882,179.0,611,630,9
5620,3,54,1,54,0.019,1.0,1.0,54.0,54,54,1
5621,1,9,17,153,1.889,0.333,0.895,2.13,51,137,24
5622,3,54,1,54,0.019,1.0,1.0,54.0,54,54,1
5623,2,1,13,13,13.0,0.846,1.0,5.5,11,13,2
5624,5,66,472,8352,2.843,0.359,0.547,17.12,93,821,641
5625,5,72,96,6912,1.333,0.488,0.582,15.69,374,25,215
5626,5,64,73,4672,1.141,0.403,0.445,72.38,882,77,26
5627,1,24,309,7416,12.875,0.921,0.984,17.51,828,295,390
5628,5,68,135,2680,0.804,0.82,0.904,62.81,591,513,296
5629,2,1,8,8,8.0,1.0,1.0,8.0,8,8,1
5630,3,5,2,10,0.4,0.9,0.9,9.0,9,9,1
5631,2,2,24,48,12.0,0.354,1.0,3.4,17,48,5
5632,5,28,32,896,1.143,0.488,0.743,7.05,437,666,62
5633,3,76,1,76,0.013,1.0,1.0,76.0,76,76,1
5634,2,2,62,124,31.0,0.452,0.565,11.2,56,70,5
5635,1,8,152,1216,19.0,0.199,0.677,1.27,242,823,191
5636,2,1,20,20,20.0,0.75,1.0,3.0,15,20,5
5637,2,1,14,14,14.0,0.571,1.0,2.0,8,14,4
5638,3,5,2,10,0.4,0.7,0.7,7.0,7,7,1
5639,2,1,159,159,159.0,0.994,1.0,158.0,158,159,1
5640,5,32,547,2204,4.144,0.37,0.483,20.66,693,874,292
5641,5,28,32,896,1.143,0.481,0.742,7.43,431,665,58
5642,5,63,161,6243,0.988,0.523,0.897,8.4,725,547,634
5643,1,11,189,2079,17.182,0.174,0.613,1.41,361,275,256
5644,4,4,5,20,1.25,0.35,0.8,2.33,7,16,3
5645,5,63,66,4158,1.048,0.491,0.591,44.37,41,458,46
5646,1,8,12,96,1.5,0.417,0.969,2.11,40,93,19
5647,5,68,135,2680,0.804,0.82,0.904,62.81,591,513,296
5648,4,31,71,2201,2.29,0.159,0.296,10.29,350,651,34
5649,4,68,34,2312,0.5,0.224,0.526,2.44,519,215,213
5650,5,66,472,8352,2.843,0.359,0.547,17.12,93,821,641
5651,4,17,9,153,0.529,0.209,0.497,1.88,32,76,17
5652,5,63,79,4977,1.254,0.338,0.345,186.78,681,718,9
5653,5,68,145,4360,0.863,0.798,0.963,13.06,430,457,488
5654,3,6,21,126,3.5,0.198,0.444,1.67,25,56,15
5655,4,6,5,30,0.833,0.367,1.0,2.2,11,30,5
5656,3,94,2,188,0.021,0.516,0.516,97.0,97,97,1
5657,3,32,1,32,0.031,1.0,1.0,32.0,32,32,1
5658,4,21,68,1428,3.238,0.052,0.109,5.69,74,156,13
5659,5,87,141,6367,0.754,0.415,0.884,4.69,947,301,333
5660,5,63,79,4977,1.254,0.338,0.345,186.78,681,718,9
5661,4,5,9,45,1.8,0.178,0.533,1.6,8,24,5
5662,5,28,32,896,1.143,0.481,0.742,7.43,431,665,58
5663,3,58,3,174,0.052,0.339,0.345,59.0,59,60,1
5664,5,28,32,896,1.143,0.488,0.743,7.05,437,666,62
5665,3,23,1,23,0.043,1.0,1.0,23.0,23,23,1
5666,4,32,106,3392,3.313,0.198,0.395,4.56,671,341,147
5667,2,1,16,16,16.0,0.938,1.0,15.0,15,16,1
5668,2,2,537,1074,268.5,0.556,0.655,24.88,597,704,24
5669,1,8,21,168,2.625,0.357,0.964,2.07,60,162,29
5670,2,1,10,10,10.0,1.0,1.0,10.0,10,10,1
5671,4,13,8,104,0.615,0.154,0.769,1.07,16,80,15
5672,5,28,32,896,1.143,0.481,0.742,7.43,431,665,58
5673,1,8,13,104,1.625,0.587,0.837,4.69,61,87,13
5674,1,10,82,820,8.2,0.362,0.69,2.75,297,566,108
5675,2,3,550,1650,183.33,0.339,0.401,15.11,559,662,37
5676,2,1,76,76,76.0,0.961,1.0,36.5,73,76,2
5677,2,1,138,138,138.0,1.0,1.0,138.0,138,138,1
5678,5,83,149,2367,1.795,0.388,0.472,28.77,804,838,167
5679,5,28,32,896,1.143,0.481,0.742,7.43,431,665,58
5680,4,5,9,45,1.8,0.178,0.533,1.6,8,24,5
5681,1,13,433,5629,33.308,0.375,0.605,4.82,109,404,438
5682,3,23,1,23,0.043,1.0,1.0,23.0,23,23,1
5683,3,38,1,38,0.026,1.0,1.0,38.0,38,38,1
5684,2,1,29,29,29.0,0.586,1.0,2.13,17,29,8
5685,3,11,2,22,0.182,0.636,0.636,14.0,14,14,1
5686,5,93,104,9672,1.118,0.451,0.611,4.25,366,908,28
5687,1,10,508,5080,50.8,0.131,0.51,1.27,667,593,527
5688,5,29,32,928,1.103,0.432,0.689,6.27,401,639,64
5689,2,1,43,43,43.0,0.907,1.0,9.75,39,43,4
5690,4,52,461,3972,8.865,0.192,0.248,11.52,607,938,400
5691,1,8,16,128,2.0,0.258,0.945,1.18,33,121,28
5692,1,8,24,192,3.0,0.438,0.839,1.95,84,161,43
5693,1,8,30,240,3.75,0.363,0.85,2.29,87,204,38
5694,5,29,31,899,1.069,0.463,0.726,6.93,416,653,60
5695,5,63,161,6243,0.988,0.523,0.897,8.4,725,547,634
5696,4,83,315,6145,3.795,0.295,0.594,9.21,725,523,839
5697,5,78,140,4920,0.787,0.574,0.649,21.52,292,177,664
5698,1,8,241,1928,30.125,0.119,0.498,1.26,230,960,182
5699,5,29,31,899,1.069,0.463,0.726,6.93,416,653,60
5700,3,13,1,13,0.077,1.0,1.0,13.0,13,13,1
5701,3,17,2,34,0.118,0.706,0.706,24.0,24,24,1
5702,1,7,6,42,0.857,0.452,1.0,1.9,19,42,10
5703,4,83,326,7058,3.928,0.286,0.671,7.55,741,149,25
5704,3,5,2,10,0.4,0.8,0.8,8.0,8,8,1
5705,3,8,1,8,0.125,1.0,1.0,8.0,8,8,1
5706,1,9,285,2565,31.667,0.338,0.765,2.42,866,961,358
5707,4,31,105,3255,3.387,0.242,0.456,4.89,787,485,161
5708,4,29,61,1769,2.103,0.121,0.431,1.78,214,762,120
5709,5,68,135,2680,0.804,0.82,0.904,62.81,591,513,296
5710,1,11,101,1111,9.182,0.398,0.888,2.76,442,987,160
5711,3,7,1,7,0.143,1.0,1.0,7.0,7,7,1
5712,1,7,34,238,4.857,0.286,0.756,1.36,68,180,50
5713,3,4,11,8844,0.014,0.191,0.233,15.64,689,58,108
5714,5,68,145,4360,0.863,0.798,0.963,13.06,430,457,488
5715,5,86,469,7234,2.522,0.378,0.529,22.29,17,133,481
5716,4,53,442,7626,2.889,0.114,0.215,6.27,689,538,227
5717,4,5,3,15,0.6,0.467,0.6,3.5,7,9,2
5718,4,31,105,3255,3.387,0.242,0.456,4.89,787,485,161
5719,4,31,37,1147,1.194,0.189,0.555,2.07,217,637,105
5720,4,12,4,48,0.333,0.292,1.0,2.0,14,48,7
5721,1,10,29,290,2.9,0.307,0.855,1.85,89,248,48
5722,4,11,463,3993,1.489,0.088,0.16,3.93,631,92,212
5723,2,1,52,52,52.0,0.788,1.0,10.25,41,52,4
5724,5,63,161,6243,0.988,0.523,0.897,8.4,725,547,634
5725,2,3,538,1614,179.33,0.37,0.424,22.11,597,685,27
5726,1,10,125,1250,12.5,0.456,0.862,2.92,570,78,195
5727,2,1,67,67,67.0,0.985,1.0,66.0,66,67,1
5728,2,2,112,224,56.0,0.496,0.504,55.5,111,113,2
5729,3,53,1,53,0.019,1.0,1.0,53.0,53,53,1
5730,4,8,4,32,0.5,0.438,0.594,7.0,14,19,2
5731,3,4,11,8844,0.014,0.191,0.233,15.64,689,58,108
5732,3,44,3,132,0.068,0.598,0.841,2.47,79,111,32
5733,3,8,1,8,0.125,1.0,1.0,8.0,8,8,1
5734,2,1,126,126,126.0,0.992,1.0,125.0,125,126,1
5735,4,97,198,9006,1.005,0.273,0.332,46.93,654,964,227
5736,3,20,1,20,0.05,1.0,1.0,20.0,20,20,1
5737,5,29,32,928,1.103,0.432,0.689,6.27,401,639,64
5738,5,87,141,6367,0.754,0.415,0.884,4.69,947,301,333
5739,1,9,12,108,1.333,0.648,0.741,10.0,70,80,7
5740,4,16,29,464,1.813,0.144,0.496,2.58,67,230,26
5741,5,29,32,928,1.103,0.476,0.72,7.25,442,668,61
5742,3,94,2,188,0.021,0.516,0.516,97.0,97,97,1
5743,1,12,26,312,2.167,0.276,0.83,2.21,86,259,39
5744,5,32,547,2204,4.144,0.37,0.483,20.66,693,874,292
5745,4,10,12,120,1.2,0.208,0.583,1.67,25,70,15
5746,1,5,99,495,19.8,0.303,0.739,1.92,150,366,78
5747,2,1,136,136,136.0,0.963,1.0,32.75,131,136,4
5748,4,14,17,238,1.214,0.113,0.387,1.8,27,92,15
5749,4,4,5,20,1.25,0.35,0.8,2.33,7,16,3
5750,2,2,536,1072,268.0,0.498,0.533,41.08,534,571,13
5751,3,9,1,9,0.111,1.0,1.0,9.0,9,9,1
5752,1,7,6,42,0.857,0.286,0.857,1.71,12,36,7
5753,4,32,106,3392,3.313,0.198,0.395,4.56,671,341,147
5754,4,10,7,70,0.7,0.157,0.6,1.57,11,42,7
5755,3,27,4,108,0.148,0.333,0.667,2.57,36,72,14
5756,4,86,67,5762,0.779,0.164,0.935,2.37,947,386,399
5757,1,11,184,2024,16.727,0.471,0.885,4.48,954,791,213
5758,1,9,40,360,4.444,0.344,0.683,2.07,124,246,60
5759,3,9,1,9,0.111,1.0,1.0,9.0,9,9,1
5760,2,2,25,50,12.5,0.36,1.0,4.5,18,50,4
5761,5,28,31,868,1.107,0.492,0.745,7.49,427,647,57
5762,2,2,475,950,237.5,0.504,0.544,95.8,479,517,5
5763,5,29,32,928,1.103,0.476,0.72,7.25,442,668,61
5764,5,65,50,3250,0.769,0.454,0.487,245.83,475,582,6
5765,5,29,32,928,1.103,0.432,0.689,6.27,401,639,64
5766,1,3,3,9,1.0,0.889,1.0,8.0,8,9,1
5767,3,76,1,76,0.013,1.0,1.0,76.0,76,76,1
5768,5,87,137,5619,0.733,0.899,0.991,29.29,25,400,786
5769,3,37,1,37,0.027,1.0,1.0,37.0,37,37,1
5770,1,10,249,2490,24.9,0.294,0.636,2.32,731,584,315
5771,1,7,16,112,2.286,0.42,0.768,2.14,47,86,22
5772,4,14,17,238,1.214,0.113,0.387,1.8,27,92,15
5773,2,3,259,777,86.333,0.96,0.978,67.82,746,760,11
5774,3,10,1,10,0.1,0.9,1.0,9.0,9,10,1
5775,3,20,1,20,0.05,1.0,1.0,20.0,20,20,1
5776,3,69,3,207,0.043,0.643,0.952,2.08,133,197,64
5777,2,3,11,33,3.667,0.364,0.667,3.0,12,22,4
5778,1,12,271,3252,22.583,0.246,0.615,1.95,799,999,410
5779,5,29,31,899,1.069,0.463,0.726,6.93,416,653,60
5780,3,39,1,39,0.026,1.0,1.0,39.0,39,39,1
5781,4,19,47,893,2.474,0.078,0.112,3.89,70,100,18
5782,1,11,240,2640,21.818,0.27,0.634,2.05,714,674,348
5783,4,6,17,102,2.833,0.137,0.627,2.8,14,64,5
5784,4,30,61,1830,2.033,0.157,0.483,1.88,288,884,153
5785,2,1,102,102,102.0,0.961,1.0,24.5,98,102,4
5786,2,1,29,29,29.0,0.931,1.0,13.5,27,29,2
5787,1,36,186,6696,5.167,0.318,0.654,7.28,126,382,292
5788,5,28,31,868,1.107,0.508,0.767,7.47,441,666,59
5789,5,83,149,2367,1.795,0.388,0.472,28.77,804,838,167
5790,1,6,32,192,5.333,0.292,0.698,1.37,56,134,41
5791,2,1,29,29,29.0,0.586,1.0,2.13,17,29,8
5792,5,28,32,896,1.143,0.488,0.743,7.05,437,666,62
5793,5,83,149,2367,1.795,0.388,0.472,28.77,804,838,167
5794,1,10,23,230,2.3,0.313,0.891,2.4,72,205,30
5795,5,29,31,899,1.069,0.463,0.726,6.93,416,653,60
5796,1,7,20,140,2.857,0.25,0.657,1.46,35,92,24
5797,2,1,44,44,44.0,0.727,1.0,5.33,32,44,6
5798,4,14,19,266,1.357,0.128,0.541,2.83,34,144,12
5799,3,44,3,132,0.068,0.598,0.841,2.47,79,111,32
5800,5,87,141,6367,0.754,0.415,0.884,4.69,947,301,333
5801,1,10,59,590,5.9,0.251,0.763,1.7,148,450,87
5802,5,28,347,4416,2.711,0.399,0.567,13.07,721,163,356
5803,3,8,1,8,0.125,1.0,1.0,8.0,8,8,1
5804,4,20,39,780,1.95,0.14,0.405,3.21,109,316,34
5805,3,16,1,16,0.063,1.0,1.0,16.0,16,16,1
5806,2,1,70,70,70.0,0.943,1.0,22.0,66,70,3
5807,4,52,461,3972,8.865,0.192,0.248,11.52,607,938,400
5808,2,1,79,79,79.0,0.608,1.0,6.86,48,79,7
5809,1,7,15,105,2.143,0.4,0.924,1.5,42,97,28
5810,2,1,30,30,30.0,0.4,1.0,2.4,12,30,5
5811,1,17,21,357,1.235,0.373,0.613,16.63,133,219,8
5812,1,17,22,374,1.294,0.409,0.757,4.5,153,283,34
5813,5,29,32,928,1.103,0.476,0.72,7.25,442,668,61
5814,1,11,54,594,4.909,0.316,0.697,2.07,188,414,91
5815,2,2,537,1074,268.5,0.51,0.534,49.82,548,574,11
5816,3,5,2,10,0.4,0.7,0.7,7.0,7,7,1
5817,3,44,3,132,0.068,0.598,0.841,2.47,79,111,32
5818,3,7,1,7,0.143,1.0,1.0,7.0,7,7,1
5819,2,2,204,408,102.0,0.412,0.681,10.5,168,278,16
5820,4,53,442,7626,2.889,0.114,0.215,6.27,689,538,227
5821,5,28,31,868,1.107,0.492,0.745,7.49,427,647,57
5822,2,1,67,67,67.0,0.985,1.0,66.0,66,67,1
5823,4,13,5,65,0.385,0.323,0.554,5.25,21,36,4
5824,3,20,1,20,0.05,1.0,1.0,20.0,20,20,1
5825,4,8,4,32,0.5,0.438,0.594,7.0,14,19,2
5826,1,7,189,1323,27.0,0.339,0.704,1.89,449,932,237
5827,1,8,80,640,10.0,0.347,0.933,1.75,222,597,127
5828,1,8,10,80,1.25,0.45,0.988,1.71,36,79,21
5829,5,78,140,4920,0.787,0.574,0.649,21.52,292,177,664
5830,2,1,107,107,107.0,0.869,1.0,18.6,93,107,5
5831,1,7,32,224,4.571,0.308,0.777,1.25,69,174,55
5832,5,63,161,6243,0.988,0.523,0.897,8.4,725,547,634
5833,1,6,21,126,3.5,0.349,1.0,1.33,44,126,33
5834,2,1,17,17,17.0,1.0,1.0,17.0,17,17,1
5835,3,14,1,14,0.071,1.0,1.0,14.0,14,14,1
5836,1,9,46,414,5.111,0.242,0.575,1.43,100,238,70
5837,2,4,194,776,48.5,0.263,0.273,34.0,204,212,6
5838,1,6,7,42,1.167,0.476,0.976,2.22,20,41,9
5839,5,87,141,6367,0.754,0.415,0.884,4.69,947,301,333
5840,3,10,1,10,0.1,1.0,1.0,10.0,10,10,1
5841,4,17,60,1020,3.529,0.139,0.371,7.1,142,378,20
5842,2,1,17,17,17.0,0.765,1.0,6.5,13,17,2
5843,3,1,25,25,25.0,1.0,1.0,25.0,25,25,1
5844,4,28,61,1708,2.179,0.172,0.509,1.97,294,870,149
5845,2,5,110,550,22.0,0.547,0.556,100.33,301,306,3
5846,4,32,350,1200,10.938,0.142,0.402,3.96,588,497,401
5847,4,30,61,1830,2.033,0.157,0.483,1.88,288,884,153
5848,2,2,535,1070,267.5,0.564,0.614,40.2,603,657,15
5849,4,37,20,740,0.541,0.131,0.193,4.22,97,143,23
5850,2,6,142,852,23.667,0.115,0.173,6.53,98,147,15
5851,3,36,1,136,0.007,0.993,1.0,135.0,135,136,1
5852,1,7,26,182,3.714,0.374,0.846,1.66,68,154,41
5853,3,8,1,8,0.125,1.0,1.0,8.0,8,8,1
5854,4,32,350,1200,10.938,0.142,0.402,3.96,588,497,401
5855,3,54,1,54,0.019,1.0,1.0,54.0,54,54,1
5856,2,3,470,1410,156.67,0.352,0.387,23.62,496,545,21
5857,4,7,11,77,1.571,0.117,0.494,1.8,9,38,5
5858,1,7,20,140,2.857,0.257,0.879,1.13,36,123,32
5859,5,83,149,2367,1.795,0.388,0.472,28.77,804,838,167
5860,3,9,1,9,0.111,1.0,1.0,9.0,9,9,1
5861,4,8,9,72,1.125,0.125,0.319,4.5,9,23,2
5862,3,4,11,8844,0.014,0.191,0.233,15.64,689,58,108
5863,4,83,277,2991,3.337,0.18,0.365,6.86,138,387,603
5864,4,83,315,6145,3.795,0.295,0.594,9.21,725,523,839
5865,1,10,40,400,4.0,0.428,0.895,3.05,171,358,56
5866,4,8,4,32,0.5,0.438,0.594,7.0,14,19,2
5867,5,63,66,4158,1.048,0.491,0.591,44.37,41,458,46
5868,4,36,172,6192,4.778,0.128,0.337,4.84,793,86,164
5869,3,7,1,7,0.143,1.0,1.0,7.0,7,7,1
5870,5,65,50,3250,0.769,0.454,0.487,245.83,475,582,6
5871,2,1,61,61,61.0,1.0,1.0,61.0,61,61,1
5872,1,11,34,374,3.091,0.364,0.642,2.78,136,240,49
5873,3,44,3,132,0.068,0.598,0.841,2.47,79,111,32
5874,1,8,21,168,2.625,0.208,0.762,2.92,35,128,12
5875,1,14,422,5908,30.143,0.18,0.58,1.7,62,426,624
5876,4,54,357,9278,6.611,0.299,0.655,6.4,766,626,901
5877,3,11,1,11,0.091,1.0,1.0,11.0,11,11,1
5878,2,1,106,106,106.0,0.858,1.0,15.17,91,106,6
5879,1,11,8,88,0.727,0.716,1.0,7.88,63,88,8
5880,2,1,51,51,51.0,0.471,1.0,2.4,24,51,10
5881,4,16,21,336,1.313,0.095,0.515,1.6,32,173,20
5882,5,65,50,3250,0.769,0.454,0.487,245.83,475,582,6
5883,5,28,32,896,1.143,0.488,0.743,7.05,437,666,62
5884,1,10,99,990,9.9,0.473,0.917,2.93,468,908,160
5885,4,83,314,6062,3.783,0.298,0.671,8.75,772,482,888
5886,1,11,84,924,7.636,0.251,0.681,1.77,232,629,131
5887,3,7,1,7,0.143,1.0,1.0,7.0,7,7,1
5888,3,42,7,294,0.167,0.282,0.432,2.18,83,127,38
5889,4,86,67,5762,0.779,0.164,0.935,2.37,947,386,399
5890,5,93,104,9672,1.118,0.451,0.611,4.25,366,908,28
5891,5,29,31,899,1.069,0.463,0.726,6.93,416,653,60
5892,3,9,1,9,0.111,1.0,1.0,9.0,9,9,1
5893,4,83,277,2991,3.337,0.18,0.365,6.86,138,387,603
5894,2,1,33,33,33.0,1.0,1.0,33.0,33,33,1
5895,5,83,149,2367,1.795,0.388,0.472,28.77,804,838,167
5896,5,53,158,4174,1.033,0.587,0.641,46.95,180,491,302
5897,4,6,12,72,2.0,0.139,0.514,1.43,10,37,7
5898,4,21,68,1428,3.238,0.052,0.109,5.69,74,156,13
5899,4,21,4,84,0.19,0.31,0.643,3.71,26,54,7
5900,4,5,3,15,0.6,0.467,0.6,3.5,7,9,2
5901,3,9,1,9,0.111,1.0,1.0,9.0,9,9,1
5902,5,28,32,896,1.143,0.462,0.722,7.02,414,647,59
5903,2,1,13,13,13.0,1.0,1.0,13.0,13,13,1
5904,4,9,4,36,0.444,0.25,0.75,9.0,9,27,1
5905,4,7,9,63,1.286,0.143,0.238,9.0,9,15,1
5906,4,7,13,91,1.857,0.154,0.484,2.0,14,44,7
5907,4,10,12,120,1.2,0.208,0.583,1.67,25,70,15
5908,1,8,40,320,5.0,0.463,0.969,2.47,148,310,60
5909,4,91,285,5935,3.132,0.158,0.165,113.89,100,287,36
5910,3,5,2,210,0.019,0.529,0.533,111.0,111,112,1
5911,5,87,141,6367,0.754,0.415,0.884,4.69,947,301,333
5912,1,8,139,1112,17.375,0.16,0.692,2.17,178,769,82
5913,2,1,39,39,39.0,0.308,1.0,1.71,12,39,7
5914,4,8,1,8,0.125,0.875,1.0,7.0,7,8,1
5915,4,28,61,1708,2.179,0.172,0.509,1.97,294,870,149
5916,3,13,1,13,0.077,1.0,1.0,13.0,13,13,1
5917,3,18,1,18,0.056,1.0,1.0,18.0,18,18,1
5918,3,13,1,13,0.077,1.0,1.0,13.0,13,13,1
5919,4,1,99,9999,0.98,0.14,0.778,2.02,398,780,691
5920,4,4,463,752,1.523,0.063,0.121,3.91,898,81,273
5921,3,37,1,37,0.027,1.0,1.0,37.0,37,37,1
5922,4,45,79,3555,1.756,0.087,0.195,4.81,308,693,64
5923,4,43,62,2666,1.442,0.08,0.17,6.63,212,454,32
5924,5,63,79,4977,1.254,0.338,0.345,186.78,681,718,9
5925,5,28,32,896,1.143,0.481,0.742,7.43,431,665,58
5926,5,64,73,4672,1.141,0.403,0.445,72.38,882,77,26
5927,3,38,1,38,0.026,1.0,1.0,38.0,38,38,1
5928,3,9,1,9,0.111,1.0,1.0,9.0,9,9,1
5929,2,1,15,15,15.0,0.867,1.0,6.5,13,15,2
5930,2,1,45,45,45.0,0.756,1.0,5.67,34,45,6
5931,1,6,4,24,0.667,0.417,0.708,2.5,10,17,4
5932,2,1,75,75,75.0,0.813,1.0,5.55,61,75,11
5933,5,63,79,4977,1.254,0.338,0.345,186.78,681,718,9
5934,4,54,357,9278,6.611,0.299,0.655,6.4,766,626,901
5935,1,24,157,3768,6.542,0.905,0.958,18.34,411,609,186
5936,4,12,4,48,0.333,0.292,1.0,2.0,14,48,7
5937,4,4,5,20,1.25,0.35,0.8,2.33,7,16,3
5938,3,5,2,10,0.4,0.8,0.8,8.0,8,8,1
5939,3,7,1,7,0.143,1.0,1.0,7.0,7,7,1
5940,1,6,19,114,3.167,0.316,0.886,1.8,36,101,20
5941,4,31,71,2201,2.29,0.159,0.296,10.29,350,651,34
5942,4,18,105,2390,0.89,0.052,0.105,3.33,642,296,193
5943,3,14,2,28,0.143,0.536,0.536,15.0,15,15,1
5944,1,7,20,140,2.857,0.464,0.9,2.71,65,126,24
5945,2,1,77,77,77.0,0.403,1.0,5.17,31,77,6
5946,2,17,341,5797,20.059,0.935,0.998,36.38,420,784,149
5947,5,65,50,3250,0.769,0.454,0.487,245.83,475,582,6
5948,4,34,27,918,0.794,0.219,0.554,3.09,201,509,65
5949,1,8,13,104,1.625,0.365,0.808,1.9,38,84,20
5950,4,25,9,225,0.36,0.187,0.436,2.47,42,98,17
5951,4,48,402,9296,8.375,0.055,0.094,4.13,58,814,256
5952,2,1,28,28,28.0,0.964,1.0,27.0,27,28,1
5953,2,1,34,34,34.0,0.353,1.0,1.71,12,34,7
5954,1,8,14,112,1.75,0.482,0.679,3.0,54,76,18
5955,5,28,31,868,1.107,0.492,0.745,7.49,427,647,57
5956,4,13,8,104,0.615,0.154,0.769,1.07,16,80,15
5957,4,10,7,70,0.7,0.157,0.6,1.57,11,42,7
5958,3,5,2,210,0.019,0.529,0.533,111.0,111,112,1
5959,4,5,12,60,2.4,0.133,0.267,4.0,8,16,2
5960,1,8,80,640,10.0,0.347,0.933,1.75,222,597,127
5961,3,26,1,26,0.038,1.0,1.0,26.0,26,26,1
5962,4,37,20,740,0.541,0.131,0.193,4.22,97,143,23
5963,1,9,44,396,4.889,0.46,0.937,2.84,182,371,64
5964,4,8,5,40,0.625,0.275,0.45,3.67,11,18,3
5965,5,83,149,2367,1.795,0.388,0.472,28.77,804,838,167
5966,3,13,1,13,0.077,1.0,1.0,13.0,13,13,1
5967,2,1,87,87,87.0,0.92,1.0,16.0,80,87,5
5968,5,32,547,2204,4.144,0.37,0.483,20.66,693,874,292
5969,3,17,2,34,0.118,0.706,0.706,24.0,24,24,1
5970,4,6,465,2290,1.52,0.055,0.123,2.69,861,452,925
5971,1,7,72,504,10.286,0.236,0.651,1.7,119,328,70
5972,2,1,8,8,8.0,1.0,1.0,8.0,8,8,1
5973,4,54,48,2592,0.889,0.143,0.264,6.85,370,685,54
5974,3,7,1,7,0.143,1.0,1.0,7.0,7,7,1
5975,5,63,66,4158,1.048,0.491,0.591,44.37,41,458,46
5976,5,87,141,6367,0.754,0.415,0.884,4.69,947,301,333
5977,2,1,20,20,20.0,0.85,1.0,8.5,17,20,2
5978,1,7,109,763,15.571,0.283,0.543,1.93,216,414,112
5979,3,7,1,7,0.143,1.0,1.0,7.0,7,7,1
5980,3,8,1,8,0.125,1.0,1.0,8.0,8,8,1
5981,2,1,39,39,39.0,0.308,1.0,1.71,12,39,7
5982,1,7,105,735,15.0,0.127,0.41,1.39,93,301,67
5983,1,3,104,312,34.667,0.606,0.683,9.95,189,213,19
5984,4,7,47,329,6.714,0.158,0.289,5.78,52,95,9
5985,4,7,9,63,1.286,0.143,0.238,9.0,9,15,1
5986,3,11,1,11,0.091,1.0,1.0,11.0,11,11,1
5987,4,7,47,329,6.714,0.158,0.289,5.78,52,95,9
5988,2,2,101,202,50.5,0.54,0.743,10.9,109,150,10
5989,5,83,149,2367,1.795,0.388,0.472,28.77,804,838,167
5990,3,13,1,13,0.077,1.0,1.0,13.0,13,13,1
5991,5,28,32,896,1.143,0.481,0.742,7.43,431,665,58
5992,3,7,1,7,0.143,1.0,1.0,7.0,7,7,1
5993,3,10,1,10,0.1,1.0,1.0,10.0,10,10,1
5994,4,25,9,225,0.36,0.187,0.436,2.47,42,98,17
5995,1,9,52,468,5.778,0.306,0.718,1.66,143,336,86
5996,2,1,44,44,44.0,0.25,1.0,2.2,11,44,5
5997,3,10,1,10,0.1,1.0,1.0,10.0,10,10,1
5998,3,14,1,14,0.071,1.0,1.0,14.0,14,14,1
5999,5,83,149,2367,1.795,0.388,0.472,28.77,804,838,167
6000,1,8,75,600,9.375,0.228,0.662,1.37,137,397,100
6001,4,0,49,4900,0.49,0.093,0.4,1.77,458,958,259
6002,5,66,472,8352,2.843,0.359,0.547,17.12,93,821,641
6003,4,29,48,1392,1.655,0.116,0.268,5.06,162,373,32
6004,5,93,104,9672,1.118,0.451,0.611,4.25,366,908,28
6005,4,32,350,1200,10.938,0.142,0.402,3.96,588,497,401
6006,5,93,104,9672,1.118,0.451,0.611,4.25,366,908,28
6007,2,3,500,1500,166.67,0.373,0.421,19.28,559,632,29
6008,3,76,1,76,0.013,1.0,1.0,76.0,76,76,1
6009,1,6,10,60,1.667,0.483,0.933,2.07,29,56,14
6010,1,9,14,126,1.556,0.706,0.865,7.42,89,109,12
6011,2,1,257,257,257.0,1.0,1.0,257.0,257,257,1
6012,1,9,111,999,12.333,0.209,0.571,1.57,209,570,133
6013,3,44,3,132,0.068,0.598,0.841,2.47,79,111,32
6014,4,7,13,91,1.857,0.154,0.484,2.0,14,44,7
6015,3,13,1,13,0.077,1.0,1.0,13.0,13,13,1
6016,4,28,61,1708,2.179,0.172,0.509,1.97,294,870,149
6017,3,27,4,108,0.148,0.333,0.667,2.57,36,72,14
6018,1,8,30,240,3.75,0.296,0.863,2.09,71,207,34
6019,4,36,48,1728,1.333,0.143,0.437,3.58,247,755,69
6020,5,28,32,896,1.143,0.488,0.743,7.05,437,666,62
6021,4,6,465,2290,1.52,0.055,0.123,2.69,861,452,925
6022,2,10,553,5530,55.3,0.797,0.884,21.3,409,890,207
6023,5,83,149,2367,1.795,0.388,0.472,28.77,804,838,167
6024,1,9,33,297,3.667,0.354,0.781,1.84,105,232,57
6025,4,55,48,2640,0.873,0.142,0.364,4.26,375,960,88
6026,4,48,402,9296,8.375,0.055,0.094,4.13,58,814,256
6027,4,8,1,8,0.125,0.875,1.0,7.0,7,8,1
6028,4,13,13,169,1.0,0.124,0.45,3.5,21,76,6
6029,5,28,31,868,1.107,0.508,0.767,7.47,441,666,59
6030,4,11,463,3993,1.489,0.088,0.16,3.93,631,92,212
6031,4,67,30,2010,0.448,0.169,0.46,2.26,339,924,150
6032,2,1,17,17,17.0,0.765,1.0,3.25,13,17,4
6033,1,12,91,1092,7.583,0.281,0.59,2.46,307,644,125
6034,2,17,342,5814,20.118,0.916,0.996,30.27,328,790,176
6035,5,68,145,4360,0.863,0.798,0.963,13.06,430,457,488
6036,2,19,462,8778,24.316,0.523,0.688,16.88,591,35,272
6037,2,2,535,1070,267.5,0.55,0.586,117.8,589,627,5
6038,5,29,32,928,1.103,0.476,0.72,7.25,442,668,61
6039,2,1,17,17,17.0,1.0,1.0,17.0,17,17,1
6040,3,19,2,38,0.105,0.816,0.816,31.0,31,31,1
6041,5,29,32,928,1.103,0.476,0.72,7.25,442,668,61
6042,4,14,19,266,1.357,0.113,0.504,30.0,30,134,1
6043,3,93,4,372,0.043,0.419,0.565,2.89,156,210,54
6044,3,47,1,47,0.021,1.0,1.0,47.0,47,47,1
6045,3,7,1,7,0.143,1.0,1.0,7.0,7,7,1
6046,2,1,41,41,41.0,0.927,1.0,12.67,38,41,3
6047,2,1,35,35,35.0,0.829,1.0,9.67,29,35,3
6048,1,10,44,440,4.4,0.318,0.87,1.75,140,383,80
6049,1,7,9,63,1.286,0.444,0.825,3.11,28,52,9
6050,5,63,66,4158,1.048,0.491,0.591,44.37,41,458,46
6051,1,10,98,980,9.8,0.3,0.781,1.72,294,765,171
6052,2,2,6,12,3.0,0.667,1.0,4.0,8,12,2
6053,3,42,7,294,0.167,0.282,0.432,2.18,83,127,38
6054,4,14,17,238,1.214,0.113,0.387,1.8,27,92,15
6055,1,8,245,1960,30.625,0.198,0.555,1.36,389,88,286
6056,4,48,402,9296,8.375,0.055,0.094,4.13,58,814,256
6057,2,1,27,27,27.0,0.259,1.0,1.4,7,27,5
6058,4,31,105,3255,3.387,0.224,0.417,5.35,728,358,136
6059,4,6,17,102,2.833,0.137,0.627,2.8,14,64,5
6060,2,1,16,16,16.0,1.0,1.0,16.0,16,16,1
6061,4,5,3,15,0.6,0.467,0.6,3.5,7,9,2
6062,5,28,32,896,1.143,0.481,0.742,7.43,431,665,58
6063,1,9,41,369,4.556,0.201,0.653,1.3,74,241,57
6064,5,68,145,4360,0.863,0.798,0.963,13.06,430,457,488
6065,3,8,1,8,0.125,1.0,1.0,8.0,8,8,1
6066,5,63,161,6243,0.988,0.523,0.897,8.4,725,547,634
6067,4,9,6,54,0.667,0.407,0.519,5.5,22,28,4
6068,2,1,34,34,34.0,0.471,1.0,1.07,16,34,15
6069,5,65,50,3250,0.769,0.454,0.487,245.83,475,582,6
6070,5,63,79,4977,1.254,0.338,0.345,186.78,681,718,9
6071,5,28,31,868,1.107,0.492,0.745,7.49,427,647,57
6072,5,63,161,6243,0.988,0.523,0.897,8.4,725,547,634
6073,3,13,1,13,0.077,1.0,1.0,13.0,13,13,1
6074,3,8,1,8,0.125,1.0,1.0,8.0,8,8,1
6075,4,29,48,1392,1.655,0.116,0.268,5.06,162,373,32
6076,3,6,21,126,3.5,0.198,0.444,1.67,25,56,15
6077,4,6,13,78,2.167,0.103,0.449,4.0,8,35,2
6078,2,2,536,1072,268.0,0.538,0.737,30.37,577,790,19
6079,1,7,56,392,8.0,0.329,0.791,1.65,129,310,78
6080,1,6,72,432,12.0,0.604,0.991,4.08,261,428,64
6081,4,16,4,64,0.25,0.156,0.531,5.0,10,34,2
6082,3,9,1,9,0.111,1.0,1.0,9.0,9,9,1
6083,5,28,31,868,1.107,0.508,0.767,7.47,441,666,59
6084,2,1,180,180,180.0,0.983,1.0,88.5,177,180,2
6085,3,58,3,174,0.052,0.339,0.345,59.0,59,60,1
6086,5,86,469,7234,2.522,0.378,0.529,22.29,17,133,481
6087,4,53,48,2544,0.906,0.157,0.269,7.84,400,685,51
6088,3,9,1,9,0.111,1.0,1.0,9.0,9,9,1
6089,1,10,21,210,2.1,0.348,0.757,3.17,73,159,23
6090,2,3,500,1500,166.67,0.373,0.421,19.28,559,632,29
6091,2,3,11,33,3.667,0.364,0.667,3.0,12,22,4
6092,4,5,9,45,1.8,0.178,0.533,1.6,8,24,5
6093,5,68,135,2680,0.804,0.82,0.904,62.81,591,513,296
6094,4,31,37,1147,1.194,0.189,0.555,2.07,217,637,105
6095,4,5,9,45,1.8,0.178,0.533,1.6,8,24,5
6096,2,3,113,339,37.667,0.357,0.378,30.25,121,128,4
6097,5,53,158,4174,1.033,0.587,0.641,46.95,180,491,302
6098,1,11,26,286,2.364,0.283,0.888,2.19,81,254,37
6099,4,7,13,91,1.857,0.154,0.484,2.0,14,44,7
6100,4,6,12,72,2.0,0.139,0.514,1.43,10,37,7
6101,5,63,66,4158,1.048,0.491,0.591,44.37,41,458,46
6102,4,11,463,3993,1.489,0.088,0.16,3.93,631,92,212
6103,4,13,5,65,0.385,0.323,0.554,5.25,21,36,4
6104,1,10,248,2480,24.8,0.356,0.729,2.6,883,807,340
6105,5,29,31,899,1.069,0.463,0.726,6.93,416,653,60
6106,3,13,1,13,0.077,1.0,1.0,13.0,13,13,1
6107,1,23,271,6233,11.783,0.126,0.359,1.87,786,239,420
6108,2,6,142,852,23.667,0.115,0.173,6.53,98,147,15
6109,2,2,537,1074,268.5,0.538,0.594,32.11,578,638,18
6110,2,1,44,44,44.0,0.909,1.0,20.0,40,44,2
6111,2,2,46,92,23.0,0.587,0.761,18.0,54,70,3
6112,5,65,50,3250,0.769,0.454,0.487,245.83,475,582,6
6113,1,8,35,280,4.375,0.418,0.929,2.39,117,260,49
6114,4,8,1,8,0.125,0.875,1.0,7.0,7,8,1
6115,1,8,25,200,3.125,0.415,1.0,1.89,83,200,44
6116,3,25,1,25,0.04,1.0,1.0,25.0,25,25,1
6117,5,28,32,896,1.143,0.488,0.743,7.05,437,666,62
6118,5,95,93,8835,0.979,0.675,0.902,3.63,966,968,644
6119,1,9,163,1467,18.111,0.264,0.51,2.98,387,748,130
6120,5,28,31,868,1.107,0.508,0.767,7.47,441,666,59
6121,4,5,3,15,0.6,0.467,0.6,3.5,7,9,2
6122,2,1,35,35,35.0,0.857,1.0,10.0,30,35,3
6123,5,86,469,7234,2.522,0.378,0.529,22.29,17,133,481
6124,4,9,6,54,0.667,0.407,0.519,5.5,22,28,4
6125,5,66,472,8352,2.843,0.359,0.547,17.12,93,821,641
6126,5,74,471,1954,2.707,0.339,0.433,15.84,820,499,756
6127,1,8,16,128,2.0,0.328,0.969,1.91,42,124,22
6128,2,1,15,15,15.0,0.867,1.0,6.5,13,15,2
6129,4,31,105,3255,3.387,0.242,0.456,4.89,787,485,161
6130,1,10,37,370,3.7,0.324,0.692,1.85,120,256,65
6131,4,32,350,1200,10.938,0.142,0.402,3.96,588,497,401
6132,1,10,31,310,3.1,0.645,0.774,6.67,200,240,30
6133,3,31,1,31,0.032,1.0,1.0,31.0,31,31,1
6134,1,6,17,102,2.833,0.382,0.951,1.63,39,97,24
6135,5,28,32,896,1.143,0.462,0.722,7.02,414,647,59
6136,2,1,40,40,40.0,1.0,1.0,40.0,40,40,1
6137,1,59,84,4956,1.424,0.659,0.71,148.36,264,517,22
6138,2,1,42,42,42.0,0.31,1.0,2.6,13,42,5
6139,3,37,1,37,0.027,1.0,1.0,37.0,37,37,1
6140,2,2,537,1074,268.5,0.537,0.609,22.19,577,654,26
6141,5,28,32,896,1.143,0.488,0.743,7.05,437,666,62
6142,4,7,13,91,1.857,0.154,0.484,2.0,14,44,7
6143,3,8,1,8,0.125,1.0,1.0,8.0,8,8,1
6144,2,1,147,147,147.0,0.864,1.0,11.55,127,147,11
6145,5,32,547,2204,4.144,0.37,0.483,20.66,693,874,292
6146,1,7,116,812,16.571,0.309,0.676,2.2,251,549,114
6147,4,36,172,6192,4.778,0.128,0.337,4.84,793,86,164
6148,4,13,13,169,1.0,0.124,0.45,3.5,21,76,6
6149,2,1,17,17,17.0,1.0,1.0,17.0,17,17,1
6150,5,86,469,7234,2.522,0.378,0.529,22.29,17,133,481
6151,1,14,217,3038,15.5,0.268,0.632,2.12,813,919,383
6152,3,38,1,38,0.026,1.0,1.0,38.0,38,38,1
6153,1,13,375,4875,28.846,0.154,0.519,1.44,751,531,521
6154,1,8,8,64,1.0,0.438,0.813,4.67,28,52,6
6155,3,12,1,12,0.083,1.0,1.0,12.0,12,12,1
6156,1,9,533,4797,59.222,0.166,0.803,1.3,797,853,612
6157,4,39,70,2730,1.795,0.09,0.255,7.0,245,697,35
6158,3,7,1,7,0.143,1.0,1.0,7.0,7,7,1
6159,4,31,105,3255,3.387,0.242,0.456,4.89,787,485,161
6160,5,83,149,2367,1.795,0.388,0.472,28.77,804,838,167
6161,5,74,471,1954,2.707,0.339,0.433,15.84,820,499,756
6162,3,14,2,28,0.143,0.536,0.536,15.0,15,15,1
6163,1,5,32,160,6.4,0.406,1.0,1.41,65,160,46
6164,2,1,39,39,39.0,0.308,1.0,1.71,12,39,7
6165,4,53,442,7626,2.889,0.114,0.215,6.27,689,538,227
6166,4,58,167,6386,1.057,0.16,0.276,8.24,213,279,511
6167,3,9,1,9,0.111,1.0,1.0,9.0,9,9,1
6168,1,8,61,488,7.625,0.342,0.875,1.94,167,427,86
6169,5,32,547,2204,4.144,0.37,0.483,20.66,693,874,292
6170,2,2,537,1074,268.5,0.538,0.594,32.11,578,638,18
6171,2,1,159,159,159.0,0.994,1.0,158.0,158,159,1
6172,3,8,1,8,0.125,1.0,1.0,8.0,8,8,1
6173,1,9,272,2448,30.222,0.137,0.532,1.33,336,303,252
6174,5,64,73,4672,1.141,0.403,0.445,72.38,882,77,26
6175,2,1,63,63,63.0,0.952,1.0,20.0,60,63,3
6176,3,7,1,7,0.143,1.0,1.0,7.0,7,7,1
6177,1,6,11,66,1.833,0.364,0.955,1.33,24,63,18
6178,4,67,30,2010,0.448,0.169,0.46,2.26,339,924,150
6179,2,1,27,27,27.0,0.259,1.0,1.4,7,27,5
6180,3,10,1,10,0.1,1.0,1.0,10.0,10,10,1
6181,4,38,70,2660,1.842,0.059,0.062,19.63,157,165,8
6182,3,31,1,31,0.032,1.0,1.0,31.0,31,31,1
6183,4,6,9,54,1.5,0.148,0.296,4.0,8,16,2
6184,3,66,3,198,0.045,0.657,0.909,2.6,130,180,50
6185,1,11,25,275,2.273,0.327,0.84,1.96,90,231,46
6186,2,1,7,7,7.0,1.0,1.0,7.0,7,7,1
6187,5,28,32,896,1.143,0.488,0.743,7.05,437,666,62
6188,5,28,347,4416,2.711,0.399,0.567,13.07,721,163,356
6189,3,98,3,294,0.031,0.48,0.486,141.0,141,143,1
6190,4,12,464,8368,2.189,0.052,0.07,11.84,66,884,428
6191,2,1,172,172,172.0,0.465,1.0,1.04,80,172,77
6192,1,8,27,216,3.375,0.236,0.685,1.31,51,148,39
6193,1,10,19,190,1.9,0.611,0.874,8.92,116,166,13
6194,1,9,184,1656,20.444,0.206,0.659,1.36,341,91,251
6195,3,7,1,7,0.143,1.0,1.0,7.0,7,7,1
6196,5,93,104,9672,1.118,0.451,0.611,4.25,366,908,28
6197,4,83,314,6062,3.783,0.282,0.619,8.77,353,139,838
6198,5,28,31,868,1.107,0.508,0.767,7.47,441,666,59
6199,5,68,145,4360,0.863,0.798,0.963,13.06,430,457,488
6200,5,63,66,4158,1.048,0.491,0.591,44.37,41,458,46
6201,3,27,4,108,0.148,0.333,0.667,2.57,36,72,14
6202,4,30,60,1800,2.0,0.154,0.457,1.85,278,823,150
6203,3,4,2,8,0.5,0.875,0.875,7.0,7,7,1
6204,1,6,8,48,1.333,0.313,0.875,1.07,15,42,14
6205,1,8,46,368,5.75,0.291,0.886,2.23,107,326,48
6206,4,5,9,45,1.8,0.178,0.533,1.6,8,24,5
6207,4,18,105,2390,0.89,0.052,0.105,3.33,642,296,193
6208,2,1,152,152,152.0,0.822,1.0,11.36,125,152,11
6209,2,3,59,177,19.667,0.475,0.475,84.0,84,84,1
6210,3,8,1,8,0.125,1.0,1.0,8.0,8,8,1
6211,1,11,73,803,6.636,0.27,0.844,2.03,217,678,107
6212,3,10,1,10,0.1,1.0,1.0,10.0,10,10,1
6213,3,84,1,84,0.012,1.0,1.0,84.0,84,84,1
6214,1,9,93,837,10.333,0.259,0.895,1.74,217,749,125
6215,5,72,96,6912,1.333,0.488,0.582,15.69,374,25,215
6216,1,9,33,297,3.667,0.377,0.842,2.24,112,250,50
6217,2,7,46,322,6.571,0.177,0.304,8.14,57,98,7
6218,2,1,14,14,14.0,0.571,1.0,2.0,8,14,4
6219,5,63,79,4977,1.254,0.338,0.345,186.78,681,718,9
6220,3,27,1,27,0.037,1.0,1.0,27.0,27,27,1
6221,1,9,111,999,12.333,0.218,0.81,1.7,218,809,128
6222,2,17,342,5814,20.118,0.916,0.996,30.27,328,790,176
6223,5,95,93,8835,0.979,0.675,0.902,3.63,966,968,644
6224,2,2,22,44,11.0,0.75,0.75,33.0,33,33,1
6225,5,28,32,896,1.143,0.488,0.743,7.05,437,666,62
6226,2,1,138,138,138.0,1.0,1.0,138.0,138,138,1
6227,2,1,29,29,29.0,0.586,1.0,2.13,17,29,8
6228,4,12,4,48,0.333,0.292,1.0,2.0,14,48,7
6229,5,66,472,8352,2.843,0.359,0.547,17.12,93,821,641
6230,4,6,12,72,2.0,0.139,0.514,1.43,10,37,7
6231,4,4,8,32,2.0,0.344,0.531,5.5,11,17,2
6232,1,10,40,400,4.0,0.278,0.615,2.09,111,246,53
6233,1,9,100,900,11.111,0.463,0.908,2.92,417,817,143
6234,3,93,4,372,0.043,0.419,0.565,2.89,156,210,54
6235,4,53,442,7626,2.889,0.114,0.215,6.27,689,538,227
6236,2,3,259,777,86.333,0.411,0.481,13.29,319,374,24
6237,4,4,5,20,1.25,0.35,0.8,2.33,7,16,3
6238,4,36,96,3456,2.667,0.096,0.207,7.7,331,717,43
6239,2,4,108,432,27.0,0.778,0.826,56.0,336,357,6
6240,5,28,32,896,1.143,0.488,0.743,7.05,437,666,62
6241,2,1,11,11,11.0,1.0,1.0,11.0,11,11,1
6242,5,72,96,6912,1.333,0.488,0.582,15.69,374,25,215
6243,4,4,463,752,1.523,0.063,0.121,3.91,898,81,273
6244,4,12,146,1752,12.167,0.091,0.128,26.67,160,225,6
6245,4,4,5,20,1.25,0.35,0.8,2.33,7,16,3
6246,3,8,1,8,0.125,1.0,1.0,8.0,8,8,1
6247,1,10,31,310,3.1,0.281,0.606,1.98,87,188,44
6248,2,1,76,76,76.0,0.961,1.0,36.5,73,76,2
6249,1,8,8,64,1.0,0.203,0.344,4.33,13,22,3
6250,1,7,53,371,7.571,0.089,0.245,1.5,33,91,22
6251,2,1,9,9,9.0,1.0,1.0,9.0,9,9,1
6252,4,19,47,893,2.474,0.078,0.112,3.89,70,100,18
6253,1,5,26,130,5.2,0.492,0.785,2.37,64,102,27
6254,4,53,48,2544,0.906,0.181,0.374,4.69,460,951,98
6255,3,9,1,9,0.111,1.0,1.0,9.0,9,9,1
6256,2,5,128,640,25.6,0.759,0.764,162.0,486,489,3
6257,2,1,52,52,52.0,0.788,1.0,10.25,41,52,4
6258,1,9,278,2502,30.889,0.258,0.798,1.62,645,997,398
6259,1,5,5,25,1.0,0.36,0.56,3.0,9,14,3
6260,3,12,2,24,0.167,0.625,0.667,15.0,15,16,1
6261,5,86,469,7234,2.522,0.378,0.529,22.29,17,133,481
6262,5,68,135,2680,0.804,0.82,0.904,62.81,591,513,296
6263,3,7,1,7,0.143,1.0,1.0,7.0,7,7,1
6264,2,1,10,10,10.0,1.0,1.0,10.0,10,10,1
6265,1,7,9,63,1.286,0.397,0.841,2.78,25,53,9
6266,3,17,2,34,0.118,0.706,0.706,24.0,24,24,1
6267,2,1,34,34,34.0,0.471,1.0,1.07,16,34,15
6268,4,28,61,1708,2.179,0.172,0.509,1.97,294,870,149
6269,1,6,14,84,2.333,0.298,0.619,1.79,25,52,14
6270,4,11,463,3993,1.489,0.088,0.16,3.93,631,92,212
6271,1,9,129,1161,14.333,0.169,0.647,1.41,196,751,139
6272,5,83,149,2367,1.795,0.388,0.472,28.77,804,838,167
6273,3,23,1,23,0.043,1.0,1.0,23.0,23,23,1
6274,1,10,88,880,8.8,0.257,0.668,1.82,226,588,124
6275,2,2,21,42,10.5,0.452,1.0,6.33,19,42,3
6276,5,68,135,2680,0.804,0.82,0.904,62.81,591,513,296
6277,1,8,14,112,1.75,0.143,1.0,2.67,16,112,6
6278,3,7,1,7,0.143,1.0,1.0,7.0,7,7,1
6279,4,55,48,2640,0.873,0.142,0.364,4.26,375,960,88
6280,4,81,49,3969,0.605,0.113,0.398,2.26,449,580,199
6281,4,9,17,153,1.889,0.144,0.458,3.14,22,70,7
6282,2,1,8,8,8.0,1.0,1.0,8.0,8,8,1
6283,2,1,11,11,11.0,1.0,1.0,11.0,11,11,1
6284,2,3,54,162,18.0,0.364,0.519,8.43,59,84,7
6285,2,7,46,322,6.571,0.177,0.304,8.14,57,98,7
6286,4,13,8,104,0.615,0.154,0.769,1.07,16,80,15
6287,5,95,93,8835,0.979,0.675,0.902,3.63,966,968,644
6288,3,12,2,24,0.167,0.625,0.667,15.0,15,16,1
6289,2,2,537,1074,268.5,0.538,0.555,82.57,578,596,7
6290,1,11,23,253,2.091,0.265,0.735,2.09,67,186,32
6291,4,36,96,3456,2.667,0.096,0.207,7.7,331,717,43
6292,4,4,5,20,1.25,0.35,0.8,2.33,7,16,3
6293,3,10,1,10,0.1,1.0,1.0,10.0,10,10,1
6294,4,4,8,32,2.0,0.344,0.531,5.5,11,17,2
6295,5,28,347,4416,2.711,0.399,0.567,13.07,721,163,356
6296,5,87,137,5619,0.733,0.899,0.991,29.29,25,400,786
6297,2,2,17,34,8.5,0.588,0.971,6.67,20,33,3
6298,3,31,1,31,0.032,1.0,1.0,31.0,31,31,1
6299,5,32,547,2204,4.144,0.37,0.483,20.66,693,874,292
6300,2,1,9,9,9.0,0.778,1.0,7.0,7,9,1
6301,1,8,83,664,10.375,0.398,0.94,2.15,264,624,123
6302,4,54,357,9278,6.611,0.324,0.644,6.22,238,422,3
6303,5,63,79,4977,1.254,0.338,0.345,186.78,681,718,9
6304,5,87,141,6367,0.754,0.415,0.884,4.69,947,301,333
6305,5,78,140,4920,0.787,0.574,0.649,21.52,292,177,664
6306,5,72,96,6912,1.333,0.488,0.582,15.69,374,25,215
6307,4,7,9,63,1.286,0.143,0.238,9.0,9,15,1
6308,2,8,231,1848,28.875,0.872,0.882,179.0,611,630,9
6309,4,7,9,63,1.286,0.143,0.238,9.0,9,15,1
6310,2,1,42,42,42.0,0.19,1.0,1.6,8,42,5
6311,5,28,31,868,1.107,0.492,0.745,7.49,427,647,57
6312,1,10,43,430,4.3,0.458,0.94,3.58,197,404,55
6313,5,87,141,6367,0.754,0.415,0.884,4.69,947,301,333
6314,5,72,96,6912,1.333,0.488,0.582,15.69,374,25,215
6315,2,2,100,200,50.0,0.46,0.505,11.5,92,101,8
6316,4,24,18,432,0.75,0.139,0.377,2.07,60,163,29
6317,2,2,20,40,10.0,0.775,0.85,31.0,31,34,1
6318,5,28,347,4416,2.711,0.399,0.567,13.07,721,163,356
6319,3,27,4,108,0.148,0.333,0.667,2.57,36,72,14
6320,4,31,105,3255,3.387,0.242,0.456,4.89,787,485,161
6321,5,87,141,6367,0.754,0.415,0.884,4.69,947,301,333
6322,2,1,14,14,14.0,0.929,1.0,13.0,13,14,1
6323,2,9,13,117,1.444,0.103,0.752,4.0,12,88,3
6324,1,6,27,162,4.5,0.475,0.809,2.33,77,131,33
6325,3,22,1,22,0.045,1.0,1.0,22.0,22,22,1
6326,3,9,1,9,0.111,1.0,1.0,9.0,9,9,1
6327,1,7,11,77,1.571,0.143,0.558,1.57,11,43,7
6328,2,1,17,17,17.0,0.412,1.0,1.75,7,17,4
6329,5,53,158,4174,1.033,0.587,0.641,46.95,180,491,302
6330,2,1,138,138,138.0,1.0,1.0,138.0,138,138,1
6331,3,69,3,207,0.043,0.643,0.952,2.08,133,197,64
6332,4,15,14,210,0.933,0.11,0.338,1.92,23,71,12
6333,2,1,33,33,33.0,1.0,1.0,33.0,33,33,1
6334,2,19,462,8778,24.316,0.523,0.688,16.88,591,35,272
6335,4,36,172,6192,4.778,0.128,0.337,4.84,793,86,164
6336,1,6,14,84,2.333,0.286,1.0,1.2,24,84,20
6337,3,5,2,10,0.4,0.7,0.7,7.0,7,7,1
6338,2,1,78,78,78.0,0.949,1.0,24.67,74,78,3
6339,5,29,32,928,1.103,0.432,0.689,6.27,401,639,64
6340,3,54,1,54,0.019,1.0,1.0,54.0,54,54,1
6341,2,25,300,7500,12.0,0.065,0.071,40.33,484,531,12
6342,3,4,2,8,0.5,1.0,1.0,8.0,8,8,1
6343,1,10,35,350,3.5,0.38,0.829,2.02,133,290,66
6344,3,8,1,8,0.125,1.0,1.0,8.0,8,8,1
6345,4,8,4,32,0.5,0.438,0.594,7.0,14,19,2
6346,3,34,1,34,0.029,1.0,1.0,34.0,34,34,1
6347,5,66,472,8352,2.843,0.359,0.547,17.12,93,821,641
6348,4,31,71,2201,2.29,0.159,0.296,10.29,350,651,34
6349,5,78,140,4920,0.787,0.574,0.649,21.52,292,177,664
6350,1,9,121,1089,13.444,0.356,0.817,2.2,388,890,176
6351,1,8,41,328,5.125,0.232,0.527,1.55,76,173,49
6352,4,54,48,2592,0.889,0.143,0.264,6.85,370,685,54
6353,5,87,141,6367,0.754,0.415,0.884,4.69,947,301,333
6354,3,14,1,14,0.071,1.0,1.0,14.0,14,14,1
6355,2,1,87,87,87.0,0.92,1.0,16.0,80,87,5
6356,1,10,271,2710,27.1,0.193,0.693,1.37,522,878,380
6357,4,7,47,329,6.714,0.158,0.289,5.78,52,95,9
6358,5,28,347,4416,2.711,0.399,0.567,13.07,721,163,356
6359,4,48,402,9296,8.375,0.055,0.094,4.13,58,814,256
6360,3,4,2,8,0.5,1.0,1.0,8.0,8,8,1
6361,3,36,1,136,0.007,0.993,1.0,135.0,135,136,1
6362,1,6,131,786,21.833,0.106,0.471,1.38,83,370,60
6363,3,25,1,25,0.04,1.0,1.0,25.0,25,25,1
6364,1,9,49,441,5.444,0.594,0.998,3.05,262,440,86
6365,3,8,1,8,0.125,1.0,1.0,8.0,8,8,1
6366,3,19,2,38,0.105,0.816,0.816,31.0,31,31,1
6367,3,13,1,13,0.077,1.0,1.0,13.0,13,13,1
6368,2,1,69,69,69.0,0.667,1.0,4.18,46,69,11
6369,3,13,1,13,0.077,1.0,1.0,13.0,13,13,1
6370,4,6,5,30,0.833,0.233,0.633,1.75,7,19,4
6371,2,2,18,36,9.0,0.722,0.722,26.0,26,26,1
6372,3,10,1,10,0.1,1.0,1.0,10.0,10,10,1
6373,2,2,538,1076,269.0,0.519,0.684,34.88,558,736,16
6374,3,27,4,108,0.148,0.38,0.75,2.56,41,81,16
6375,1,7,24,168,3.429,0.232,0.851,1.22,39,143,32
6376,3,54,1,54,0.019,1.0,1.0,54.0,54,54,1
6377,5,28,32,896,1.143,0.481,0.742,7.43,431,665,58
6378,1,8,8,64,1.0,0.391,0.781,2.78,25,50,9
6379,5,72,96,6912,1.333,0.488,0.582,15.69,374,25,215
6380,5,95,93,8835,0.979,0.675,0.902,3.63,966,968,644
6381,2,2,52,104,26.0,0.231,0.529,1.5,24,55,16
6382,3,4,2,8,0.5,1.0,1.0,8.0,8,8,1
6383,4,6,17,102,2.833,0.137,0.627,2.8,14,64,5
6384,1,8,19,152,2.375,0.401,0.98,1.97,61,149,31
6385,5,53,158,4174,1.033,0.587,0.641,46.95,180,491,302
6386,2,3,304,912,101.33,0.555,0.686,42.17,506,626,12
6387,5,28,32,896,1.143,0.462,0.722,7.02,414,647,59
6388,5,28,32,896,1.143,0.481,0.742,7.43,431,665,58
6389,3,7,1,7,0.143,1.0,1.0,7.0,7,7,1
6390,2,1,17,17,17.0,0.765,1.0,6.5,13,17,2
6391,2,1,184,184,184.0,0.967,1.0,44.5,178,184,4
6392,3,15,1,15,0.067,1.0,1.0,15.0,15,15,1
6393,3,7,1,7,0.143,1.0,1.0,7.0,7,7,1
6394,2,2,24,48,12.0,0.354,1.0,3.4,17,48,5
6395,3,9,1,9,0.111,1.0,1.0,9.0,9,9,1
6396,3,7,1,7,0.143,1.0,1.0,7.0,7,7,1
6397,2,1,62,62,62.0,0.984,1.0,61.0,61,62,1
6398,3,19,2,38,0.105,0.816,0.816,31.0,31,31,1
6399,3,9,1,9,0.111,1.0,1.0,9.0,9,9,1
6400,5,64,73,4672,1.141,0.403,0.445,72.38,882,77,26
6401,3,5,2,10,0.4,0.7,0.7,7.0,7,7,1
6402,3,6,21,126,3.5,0.198,0.444,1.67,25,56,15
6403,4,4,8,32,2.0,0.344,0.531,5.5,11,17,2
6404,3,9,1,9,0.111,1.0,1.0,9.0,9,9,1
6405,3,8,1,8,0.125,0.875,1.0,7.0,7,8,1
6406,3,9,1,9,0.111,1.0,1.0,9.0,9,9,1
6407,3,8,1,8,0.125,1.0,1.0,8.0,8,8,1
6408,5,28,347,4416,2.711,0.399,0.567,13.07,721,163,356
6409,1,10,47,470,4.7,0.481,0.991,2.97,226,466,76
6410,3,16,1,16,0.063,1.0,1.0,16.0,16,16,1
6411,1,8,9,72,1.125,0.375,0.736,2.45,27,53,11
6412,4,54,357,9278,6.611,0.299,0.655,6.4,766,626,901
6413,5,87,141,6367,0.754,0.415,0.884,4.69,947,301,333
6414,2,1,63,63,63.0,0.952,1.0,20.0,60,63,3
6415,3,9,1,9,0.111,1.0,1.0,9.0,9,9,1
6416,4,53,442,7626,2.889,0.114,0.215,6.27,689,538,227
6417,4,6,9,54,1.5,0.148,0.296,4.0,8,16,2
6418,3,37,1,37,0.027,1.0,1.0,37.0,37,37,1
6419,3,13,1,13,0.077,1.0,1.0,13.0,13,13,1
6420,4,13,13,169,1.0,0.124,0.45,3.5,21,76,6
6421,2,1,10,10,10.0,1.0,1.0,10.0,10,10,1
6422,3,16,1,16,0.063,1.0,1.0,16.0,16,16,1
6423,4,7,9,63,1.286,0.143,0.238,9.0,9,15,1
6424,1,8,22,176,2.75,0.398,0.818,2.06,70,144,34
6425,3,15,1,15,0.067,1.0,1.0,15.0,15,15,1
6426,4,29,61,1769,2.103,0.121,0.431,1.78,214,762,120
6427,2,3,116,348,38.667,0.356,0.371,62.0,124,129,2
6428,1,5,8,40,1.6,0.6,0.975,2.18,24,39,11
6429,3,69,3,207,0.043,0.643,0.952,2.08,133,197,64
6430,3,7,1,7,0.143,1.0,1.0,7.0,7,7,1
6431,5,28,32,896,1.143,0.488,0.743,7.05,437,666,62
6432,5,28,32,896,1.143,0.481,0.742,7.43,431,665,58
6433,4,14,17,238,1.214,0.113,0.387,1.8,27,92,15
6434,3,17,1,117,0.009,1.0,1.0,117.0,117,117,1
6435,2,1,20,20,20.0,0.75,1.0,3.0,15,20,5
6436,5,63,161,6243,0.988,0.523,0.897,8.4,725,547,634
6437,5,63,66,4158,1.048,0.491,0.591,44.37,41,458,46
6438,3,10,1,10,0.1,1.0,1.0,10.0,10,10,1
6439,1,8,163,1304,20.375,0.383,0.982,2.79,500,280,179
6440,1,9,46,414,5.111,0.365,0.848,2.01,151,351,75
6441,4,37,20,740,0.541,0.131,0.193,4.22,97,143,23
6442,3,9,1,9,0.111,1.0,1.0,9.0,9,9,1
6443,1,11,11,121,1.0,0.388,0.818,2.24,47,99,21
6444,2,3,11,33,3.667,0.364,0.667,3.0,12,22,4
6445,3,9,1,9,0.111,1.0,1.0,9.0,9,9,1
6446,4,13,5,65,0.385,0.323,0.554,5.25,21,36,4
6447,1,10,38,380,3.8,0.187,0.463,1.37,71,176,52
6448,2,1,161,161,161.0,0.41,1.0,1.02,66,161,65
6449,1,5,29,145,5.8,0.4,0.966,1.61,58,140,36
6450,3,12,2,24,0.167,0.625,0.667,15.0,15,16,1
6451,4,31,105,3255,3.387,0.224,0.417,5.35,728,358,136
6452,2,1,172,172,172.0,0.465,1.0,1.04,80,172,77
6453,4,4,8,32,2.0,0.344,0.531,5.5,11,17,2
6454,2,1,17,17,17.0,1.0,1.0,17.0,17,17,1
6455,2,1,22,22,22.0,0.955,1.0,21.0,21,22,1
6456,2,3,550,1650,183.33,0.339,0.401,15.11,559,662,37
6457,5,32,547,2204,4.144,0.37,0.483,20.66,693,874,292
6458,2,1,36,36,36.0,0.722,1.0,8.67,26,36,3
6459,1,13,25,325,1.923,0.351,0.68,6.0,114,221,19
6460,4,81,49,3969,0.605,0.113,0.398,2.26,449,580,199
6461,4,36,43,1548,1.194,0.117,0.183,3.07,181,283,59
6462,2,1,16,16,16.0,1.0,1.0,16.0,16,16,1
6463,1,8,62,496,7.75,0.308,0.948,1.91,153,470,80
6464,5,53,158,4174,1.033,0.587,0.641,46.95,180,491,302
6465,3,44,3,132,0.068,0.598,0.841,2.47,79,111,32
6466,1,8,263,2104,32.875,0.154,0.549,1.19,325,156,274
6467,3,25,1,25,0.04,1.0,1.0,25.0,25,25,1
6468,3,27,4,108,0.148,0.38,0.75,2.56,41,81,16
6469,2,11,252,2772,22.909,0.092,0.095,63.75,255,262,4
6470,3,30,5,2150,0.012,0.216,0.221,46.5,465,475,10
6471,4,37,72,2664,1.946,0.12,0.257,7.64,321,685,42
6472,5,28,32,896,1.143,0.481,0.742,7.43,431,665,58
6473,5,28,32,896,1.143,0.462,0.722,7.02,414,647,59
6474,4,0,49,4900,0.49,0.093,0.4,1.77,458,958,259
6475,4,37,20,740,0.541,0.131,0.193,4.22,97,143,23
6476,2,1,55,55,55.0,0.564,1.0,10.33,31,55,3
6477,2,2,415,830,207.5,0.505,0.578,16.76,419,480,25
6478,3,27,1,27,0.037,1.0,1.0,27.0,27,27,1
6479,3,34,1,34,0.029,1.0,1.0,34.0,34,34,1
6480,2,2,535,1070,267.5,0.564,0.614,40.2,603,657,15
6481,1,9,129,1161,14.333,0.169,0.647,1.41,196,751,139
6482,1,8,71,568,8.875,0.238,0.701,1.47,135,398,92
6483,3,1,25,25,25.0,1.0,1.0,25.0,25,25,1
6484,2,3,106,318,35.333,0.258,0.34,6.31,82,108,13
6485,2,1,77,77,77.0,0.403,1.0,5.17,31,77,6
6486,4,10,7,70,0.7,0.157,0.6,1.57,11,42,7
6487,3,9,1,9,0.111,1.0,1.0,9.0,9,9,1
6488,5,29,32,928,1.103,0.476,0.72,7.25,442,668,61
6489,2,1,17,17,17.0,0.765,1.0,3.25,13,17,4
6490,5,72,96,6912,1.333,0.488,0.582,15.69,374,25,215
6491,3,54,1,54,0.019,1.0,1.0,54.0,54,54,1
6492,5,65,50,3250,0.769,0.454,0.487,245.83,475,582,6
6493,5,63,79,4977,1.254,0.338,0.345,186.78,681,718,9
6494,4,18,105,2390,0.89,0.052,0.105,3.33,642,296,193
6495,3,94,2,188,0.021,0.516,0.516,97.0,97,97,1
6496,4,6,12,72,2.0,0.139,0.514,1.43,10,37,7
6497,1,9,82,738,9.111,0.32,0.947,2.13,236,699,111
6498,5,29,31,899,1.069,0.463,0.726,6.93,416,653,60
6499,2,1,115,115,115.0,0.2,1.0,4.6,23,115,5
6500,2,3,113,339,37.667,0.41,0.472,13.9,139,160,10
6501,1,10,261,2610,26.1,0.183,0.515,1.49,477,343,321
6502,2,2,22,44,11.0,0.477,1.0,21.0,21,44,1
6503,1,8,35,280,4.375,0.379,0.886,1.66,106,248,64
6504,2,1,288,288,288.0,0.424,1.0,1.02,122,288,120
6505,1,8,175,1400,21.875,0.156,0.882,1.2,219,235,183
6506,1,9,37,333,4.111,0.453,0.964,2.7,151,321,56
6507,3,27,4,108,0.148,0.38,0.75,2.56,41,81,16
6508,2,1,8,8,8.0,1.0,1.0,8.0,8,8,1
6509,3,7,1,7,0.143,1.0,1.0,7.0,7,7,1
6510,5,28,32,896,1.143,0.488,0.743,7.05,437,666,62
6511,5,83,149,2367,1.795,0.388,0.472,28.77,804,838,167
6512,1,14,410,5740,29.286,0.241,0.592,2.4,382,400,576
6513,5,28,32,896,1.143,0.481,0.742,7.43,431,665,58
6514,2,1,16,16,16.0,1.0,1.0,16.0,16,16,1
6515,4,54,48,2592,0.889,0.143,0.264,6.85,370,685,54
6516,1,9,21,189,2.333,0.365,0.905,2.3,69,171,30
6517,4,16,21,336,1.313,0.095,0.515,1.6,32,173,20
6518,2,1,7,7,7.0,1.0,1.0,7.0,7,7,1
6519,5,28,32,896,1.143,0.488,0.743,7.05,437,666,62
6520,4,18,105,2390,0.89,0.052,0.105,3.33,642,296,193
6521,2,3,470,1410,156.67,0.352,0.387,23.62,496,545,21
6522,1,8,23,184,2.875,0.255,1.0,2.14,47,184,22
6523,4,43,62,2666,1.442,0.08,0.17,6.63,212,454,32
6524,3,7,2,14,0.286,0.643,0.714,9.0,9,10,1
6525,5,95,93,8835,0.979,0.675,0.902,3.63,966,968,644
6526,1,14,402,5628,28.714,0.399,0.631,4.75,248,554,473
6527,5,28,32,896,1.143,0.488,0.743,7.05,437,666,62
6528,4,31,105,3255,3.387,0.242,0.456,4.89,787,485,161
6529,2,1,79,79,79.0,0.608,1.0,6.86,48,79,7
6530,1,8,28,224,3.5,0.397,0.996,2.07,89,223,43
6531,5,65,50,3250,0.769,0.454,0.487,245.83,475,582,6
6532,1,9,12,108,1.333,0.444,0.981,1.71,48,106,28
6533,2,2,46,92,23.0,0.511,0.554,47.0,47,51,1
6534,4,83,315,6145,3.795,0.295,0.594,9.21,725,523,839
6535,1,5,82,410,16.4,0.361,0.802,2.11,148,329,70
6536,1,8,43,344,5.375,0.343,0.977,1.71,118,336,69
6537,3,7,1,7,0.143,1.0,1.0,7.0,7,7,1
6538,5,87,137,5619,0.733,0.899,0.991,29.29,25,400,786
6539,3,11,2,22,0.182,0.636,0.636,14.0,14,14,1
6540,3,5,2,210,0.019,0.529,0.533,111.0,111,112,1
6541,5,63,66,4158,1.048,0.491,0.591,44.37,41,458,46
6542,5,28,31,868,1.107,0.508,0.767,7.47,441,666,59
6543,2,28,330,9240,11.786,0.057,0.066,31.0,527,614,17
6544,3,7,1,7,0.143,1.0,1.0,7.0,7,7,1
6545,4,21,68,1428,3.238,0.052,0.109,5.69,74,156,13
6546,3,11,1,11,0.091,1.0,1.0,11.0,11,11,1
6547,1,10,9,90,0.9,0.522,0.656,9.4,47,59,5
6548,1,1,89,89,89.0,0.169,1.0,1.07,15,89,14
6549,1,10,48,480,4.8,0.579,0.706,6.04,278,339,46
6550,3,27,4,108,0.148,0.38,0.75,2.56,41,81,16
6551,1,5,7,35,1.4,0.429,0.886,2.5,15,31,6
6552,5,29,32,928,1.103,0.432,0.689,6.27,401,639,64
6553,3,22,1,22,0.045,1.0,1.0,22.0,22,22,1
6554,3,10,1,10,0.1,1.0,1.0,10.0,10,10,1
6555,5,65,50,3250,0.769,0.454,0.487,245.83,475,582,6
6556,4,83,326,7058,3.928,0.286,0.671,7.55,741,149,25
6557,3,5,2,210,0.019,0.529,0.533,111.0,111,112,1
6558,1,8,12,96,1.5,0.469,1.0,1.61,45,96,28
6559,2,1,186,186,186.0,0.828,1.0,9.06,154,186,17
6560,1,13,33,429,2.538,0.245,0.534,3.89,105,229,27
6561,1,8,7,56,0.875,0.268,0.786,1.67,15,44,9
6562,4,7,15,105,2.143,0.114,0.295,2.4,12,31,5
6563,4,9,4,36,0.444,0.25,0.75,9.0,9,27,1
6564,2,1,15,15,15.0,0.533,1.0,2.0,8,15,4
6565,2,1,8,8,8.0,0.875,1.0,7.0,7,8,1
6566,5,93,104,9672,1.118,0.451,0.611,4.25,366,908,28
6567,2,1,102,102,102.0,0.961,1.0,24.5,98,102,4
6568,3,9,1,9,0.111,1.0,1.0,9.0,9,9,1
6569,4,28,61,1708,2.179,0.172,0.509,1.97,294,870,149
6570,2,1,16,16,16.0,1.0,1.0,16.0,16,16,1
6571,3,93,4,372,0.043,0.419,0.565,2.89,156,210,54
6572,1,9,111,999,12.333,0.218,0.81,1.7,218,809,128
6573,4,54,357,9278,6.611,0.299,0.655,6.4,766,626,901
6574,4,53,48,2544,0.906,0.181,0.374,4.69,460,951,98
6575,2,1,138,138,138.0,1.0,1.0,138.0,138,138,1
6576,2,1,40,40,40.0,1.0,1.0,40.0,40,40,1
6577,4,16,4,64,0.25,0.156,0.531,5.0,10,34,2
6578,2,1,17,17,17.0,1.0,1.0,17.0,17,17,1
6579,2,37,1,37,0.027,1.0,1.0,37.0,37,37,1
6580,3,32,1,32,0.031,1.0,1.0,32.0,32,32,1
6581,3,16,1,16,0.063,1.0,1.0,16.0,16,16,1
6582,4,17,60,1020,3.529,0.139,0.371,7.1,142,378,20
6583,5,72,96,6912,1.333,0.488,0.582,15.69,374,25,215
6584,5,74,471,1954,2.707,0.339,0.433,15.84,820,499,756
6585,1,7,16,112,2.286,0.321,0.643,2.57,36,72,14
6586,3,94,2,188,0.021,0.516,0.516,97.0,97,97,1
6587,5,29,32,928,1.103,0.432,0.689,6.27,401,639,64
6588,4,15,14,210,0.933,0.11,0.338,1.92,23,71,12
6589,1,8,36,288,4.5,0.299,0.531,2.21,86,153,39
6590,3,27,4,108,0.148,0.38,0.75,2.56,41,81,16
6591,2,1,19,19,19.0,0.632,1.0,4.0,12,19,3
6592,1,10,271,2710,27.1,0.197,0.748,1.38,533,27,386
6593,4,9,4,36,0.444,0.25,0.75,9.0,9,27,1
6594,4,9,4,36,0.444,0.25,0.75,9.0,9,27,1
6595,5,28,32,896,1.143,0.488,0.743,7.05,437,666,62
6596,3,4,2,8,0.5,0.875,0.875,7.0,7,7,1
6597,1,7,4,28,0.571,0.393,0.679,3.67,11,19,3
6598,4,54,357,9278,6.611,0.299,0.655,6.4,766,626,901
6599,3,13,1,13,0.077,1.0,1.0,13.0,13,13,1
6600,1,24,84,2016,3.5,0.474,0.872,8.69,956,758,110
6601,3,25,1,25,0.04,1.0,1.0,25.0,25,25,1
6602,4,37,72,2664,1.946,0.12,0.257,7.64,321,685,42
6603,4,5,7,35,1.4,0.229,0.6,2.67,8,21,3
6604,5,28,32,896,1.143,0.462,0.722,7.02,414,647,59
6605,2,1,44,44,44.0,0.909,1.0,20.0,40,44,2
6606,4,54,357,9278,6.611,0.299,0.655,6.4,766,626,901
6607,3,8,1,8,0.125,1.0,1.0,8.0,8,8,1
6608,3,4,11,8844,0.014,0.191,0.233,15.64,689,58,108
6609,4,17,60,1020,3.529,0.139,0.371,7.1,142,378,20
6610,4,4,5,20,1.25,0.35,0.8,2.33,7,16,3
6611,2,1,52,52,52.0,0.788,1.0,10.25,41,52,4
6612,3,11,2,22,0.182,0.636,0.636,14.0,14,14,1
6613,5,95,93,8835,0.979,0.675,0.902,3.63,966,968,644
6614,4,4,5,20,1.25,0.35,0.8,2.33,7,16,3
6615,2,1,10,10,10.0,1.0,1.0,10.0,10,10,1
6616,4,47,286,3442,6.085,0.183,0.317,4.67,459,258,526
6617,2,2,535,1070,267.5,0.564,0.614,40.2,603,657,15
6618,3,9,1,9,0.111,1.0,1.0,9.0,9,9,1
6619,2,1,75,75,75.0,0.813,1.0,5.55,61,75,11
6620,2,3,537,1611,179.0,0.345,0.405,22.24,556,652,25
6621,2,1,36,36,36.0,0.583,1.0,4.2,21,36,5
6622,2,1,8,8,8.0,1.0,1.0,8.0,8,8,1
6623,1,7,7,49,1.0,0.347,0.633,2.83,17,31,6
6624,1,8,103,824,12.875,0.425,0.933,2.71,350,769,129
6625,2,2,325,650,162.5,0.485,0.537,28.64,315,349,11
6626,4,6,6,36,1.0,0.194,0.417,3.5,7,15,2
6627,2,1,107,107,107.0,0.869,1.0,18.6,93,107,5
6628,5,53,158,4174,1.033,0.587,0.641,46.95,180,491,302
6629,1,10,33,330,3.3,0.345,0.779,1.9,114,257,60
6630,5,28,32,896,1.143,0.488,0.743,7.05,437,666,62
6631,1,7,23,161,3.286,0.373,0.851,1.71,60,137,35
6632,2,1,18,18,18.0,0.944,1.0,17.0,17,18,1
6633,4,6,9,54,1.5,0.148,0.296,4.0,8,16,2
6634,4,9,4,36,0.444,0.25,0.75,9.0,9,27,1
6635,4,6,5,30,0.833,0.233,0.633,1.75,7,19,4
6636,3,11,2,22,0.182,0.636,0.636,14.0,14,14,1
6637,5,28,31,868,1.107,0.492,0.745,7.49,427,647,57
6638,5,28,31,868,1.107,0.508,0.767,7.47,441,666,59
6639,2,2,98,196,49.0,0.48,0.653,9.4,94,128,10
6640,1,8,108,864,13.5,0.235,0.618,1.41,203,534,144
6641,5,28,32,896,1.143,0.488,0.743,7.05,437,666,62
6642,4,20,39,780,1.95,0.14,0.405,3.21,109,316,34
6643,1,7,6,42,0.857,0.333,1.0,1.4,14,42,10
6644,2,7,1,7,0.143,1.0,1.0,7.0,7,7,1
6645,2,1,14,14,14.0,0.5,1.0,2.33,7,14,3
6646,3,12,1,12,0.083,1.0,1.0,12.0,12,12,1
6647,1,6,20,120,3.333,0.367,0.967,1.38,44,116,32
6648,5,63,66,4158,1.048,0.491,0.591,44.37,41,458,46
6649,5,93,104,9672,1.118,0.451,0.611,4.25,366,908,28
6650,1,8,121,968,15.125,0.431,0.98,3.11,417,949,134
6651,1,12,8,96,0.667,0.448,0.656,4.3,43,63,10
6652,1,38,52,1976,1.368,0.452,0.911,3.49,894,801,256
6653,1,6,90,540,15.0,0.298,0.77,1.55,161,416,104
6654,1,8,110,880,13.75,0.23,0.872,1.66,202,767,122
6655,4,25,9,225,0.36,0.187,0.436,2.47,42,98,17
6656,3,11,1,11,0.091,1.0,1.0,11.0,11,11,1
6657,4,54,357,9278,6.611,0.324,0.644,6.22,238,422,3
6658,3,5,2,10,0.4,0.7,0.7,7.0,7,7,1
6659,1,7,22,154,3.143,0.247,0.883,1.19,38,136,32
6660,1,13,348,4524,26.769,0.308,0.721,2.57,395,262,543
6661,5,28,31,868,1.107,0.508,0.767,7.47,441,666,59
6662,5,28,32,896,1.143,0.481,0.742,7.43,431,665,58
6663,4,8,9,72,1.125,0.125,0.319,4.5,9,23,2
6664,5,63,161,6243,0.988,0.523,0.897,8.4,725,547,634
6665,5,72,96,6912,1.333,0.488,0.582,15.69,374,25,215
6666,4,21,68,1428,3.238,0.052,0.109,5.69,74,156,13
6667,3,9,1,9,0.111,1.0,1.0,9.0,9,9,1
6668,4,83,277,2991,3.337,0.18,0.365,6.86,138,387,603
6669,3,13,1,13,0.077,1.0,1.0,13.0,13,13,1
6670,1,8,13,104,1.625,0.356,0.942,1.76,37,98,21
6671,3,8,1,8,0.125,1.0,1.0,8.0,8,8,1
6672,4,6,17,102,2.833,0.137,0.627,2.8,14,64,5
6673,1,1,118,118,118.0,0.186,1.0,1.05,22,118,21
6674,1,8,162,1296,20.25,0.327,0.79,2.85,424,24,149
6675,5,28,347,4416,2.711,0.399,0.567,13.07,721,163,356
6676,1,9,16,144,1.778,0.16,0.5,1.92,23,72,12
6677,5,63,79,4977,1.254,0.338,0.345,186.78,681,718,9
6678,1,9,41,369,4.556,0.374,0.881,2.26,138,325,61
6679,5,28,32,896,1.143,0.488,0.743,7.05,437,666,62
6680,1,7,7,49,1.0,0.327,1.0,2.0,16,49,8
6681,5,29,32,928,1.103,0.476,0.72,7.25,442,668,61
6682,4,52,48,2496,0.923,0.138,0.248,7.67,345,619,45
6683,1,9,19,171,2.111,0.55,0.86,7.23,94,147,13
6684,4,43,62,2666,1.442,0.08,0.17,6.63,212,454,32
6685,2,1,33,33,33.0,0.667,1.0,3.67,22,33,6
6686,3,31,1,31,0.032,1.0,1.0,31.0,31,31,1
6687,3,14,1,14,0.071,1.0,1.0,14.0,14,14,1
6688,5,74,471,1954,2.707,0.339,0.433,15.84,820,499,756
6689,3,4,11,8844,0.014,0.191,0.233,15.64,689,58,108
6690,3,12,2,24,0.167,0.625,0.667,15.0,15,16,1
6691,5,29,32,928,1.103,0.476,0.72,7.25,442,668,61
6692,4,31,105,3255,3.387,0.242,0.456,4.89,787,485,161
6693,2,2,64,128,32.0,0.531,0.586,17.0,68,75,4
6694,2,12,278,3336,23.167,0.11,0.144,15.91,366,479,23
6695,2,1,187,187,187.0,0.963,1.0,25.71,180,187,7
6696,4,11,463,3993,1.489,0.088,0.16,3.93,631,92,212
6697,3,19,2,38,0.105,0.816,0.816,31.0,31,31,1
6698,2,1,17,17,17.0,0.882,1.0,7.5,15,17,2
6699,4,58,167,6386,1.057,0.16,0.276,8.24,213,279,511
6700,2,2,537,1074,268.5,0.594,0.655,21.27,638,703,30
6701,4,54,357,9278,6.611,0.299,0.655,6.4,766,626,901
6702,4,12,146,1752,12.167,0.091,0.128,26.67,160,225,6
6703,1,7,11,77,1.571,0.234,0.675,1.29,18,52,14
6704,5,29,32,928,1.103,0.476,0.72,7.25,442,668,61
6705,3,39,1,39,0.026,1.0,1.0,39.0,39,39,1
6706,3,38,1,38,0.026,1.0,1.0,38.0,38,38,1
6707,4,6,6,36,1.0,0.194,0.417,3.5,7,15,2
6708,3,76,1,76,0.013,1.0,1.0,76.0,76,76,1
6709,3,9,1,9,0.111,1.0,1.0,9.0,9,9,1
6710,1,6,6,36,1.0,0.361,1.0,1.44,13,36,9
6711,4,48,402,9296,8.375,0.055,0.094,4.13,58,814,256
6712,3,10,1,10,0.1,1.0,1.0,10.0,10,10,1
6713,5,63,66,4158,1.048,0.491,0.591,44.37,41,458,46
6714,4,9,6,54,0.667,0.407,0.519,5.5,22,28,4
6715,2,1,8,8,8.0,0.875,1.0,7.0,7,8,1
6716,1,8,121,968,15.125,0.431,0.98,3.11,417,949,134
6717,1,7,36,252,5.143,0.278,0.937,1.25,70,236,56
6718,4,83,315,6145,3.795,0.295,0.594,9.21,725,523,839
6719,4,38,70,2660,1.842,0.059,0.062,19.63,157,165,8
6720,1,1,91,91,91.0,0.352,1.0,1.03,32,91,31
6721,1,8,14,112,1.75,0.384,0.795,1.72,43,89,25
6722,3,27,4,108,0.148,0.38,0.75,2.56,41,81,16
6723,4,1,99,9999,0.98,0.14,0.778,2.02,398,780,691
6724,3,17,2,34,0.118,0.706,0.706,24.0,24,24,1
6725,5,66,472,8352,2.843,0.359,0.547,17.12,93,821,641
6726,5,29,32,928,1.103,0.432,0.689,6.27,401,639,64
6727,3,4,2,8,0.5,0.875,0.875,7.0,7,7,1
6728,2,1,14,14,14.0,0.643,1.0,4.5,9,14,2
6729,3,44,3,132,0.068,0.598,0.841,2.47,79,111,32
6730,1,7,9,63,1.286,0.333,0.492,21.0,21,31,1
6731,3,42,7,294,0.167,0.282,0.432,2.18,83,127,38
6732,1,9,41,369,4.556,0.244,0.661,1.32,90,244,68
6733,5,78,140,4920,0.787,0.574,0.649,21.52,292,177,664
6734,2,2,20,40,10.0,0.725,0.875,29.0,29,35,1
6735,5,63,79,4977,1.254,0.338,0.345,186.78,681,718,9
6736,4,14,19,266,1.357,0.128,0.541,2.83,34,144,12
6737,1,7,27,189,3.857,0.238,0.741,2.81,45,140,16
6738,3,10,1,10,0.1,1.0,1.0,10.0,10,10,1
6739,5,74,471,1954,2.707,0.339,0.433,15.84,820,499,756
6740,3,11,1,11,0.091,1.0,1.0,11.0,11,11,1
6741,4,6,13,78,2.167,0.103,0.449,4.0,8,35,2
6742,4,6,6,36,1.0,0.194,0.417,3.5,7,15,2
6743,1,16,382,6112,23.875,0.375,0.6,5.16,292,670,444
6744,5,63,79,4977,1.254,0.338,0.345,186.78,681,718,9
6745,3,11,2,22,0.182,0.636,0.636,14.0,14,14,1
6746,2,1,278,278,278.0,0.946,1.0,29.22,263,278,9
6747,4,4,8,32,2.0,0.344,0.531,5.5,11,17,2
6748,2,1,48,48,48.0,0.875,1.0,10.5,42,48,4
6749,3,34,1,34,0.029,1.0,1.0,34.0,34,34,1
6750,4,7,47,329,6.714,0.158,0.289,5.78,52,95,9
6751,3,47,1,47,0.021,1.0,1.0,47.0,47,47,1
6752,1,9,103,927,11.444,0.383,0.825,2.75,355,765,129
6753,1,6,10,60,1.667,0.433,0.867,1.86,26,52,14
6754,2,2,16,32,8.0,0.25,0.531,2.67,8,17,3
6755,4,36,48,1728,1.333,0.143,0.437,3.58,247,755,69
6756,1,7,30,210,4.286,0.305,0.871,1.64,64,183,39
6757,2,2,535,1070,267.5,0.55,0.586,117.8,589,627,5
6758,1,11,11,121,1.0,0.455,0.876,4.23,55,106,13
6759,2,2,123,246,61.5,0.5,0.504,123.0,123,124,1
6760,4,20,39,780,1.95,0.14,0.405,3.21,109,316,34
6761,1,11,25,275,2.273,0.298,0.811,2.05,82,223,40
6762,2,1,161,161,161.0,0.41,1.0,1.02,66,161,65
6763,5,66,472,8352,2.843,0.359,0.547,17.12,93,821,641
6764,3,5,2,10,0.4,0.8,0.8,8.0,8,8,1
6765,3,76,1,76,0.013,1.0,1.0,76.0,76,76,1
6766,2,2,537,1074,268.5,0.538,0.555,82.57,578,596,7
6767,1,28,82,2296,2.929,0.271,0.39,8.9,623,895,70
6768,4,4,8,32,2.0,0.344,0.531,5.5,11,17,2
6769,5,63,161,6243,0.988,0.523,0.897,8.4,725,547,634
6770,1,9,138,1242,15.333,0.155,0.717,1.34,193,890,144
6771,2,2,236,472,118.0,0.566,0.689,10.27,267,325,26
6772,2,2,536,1072,268.0,0.505,0.512,180.33,541,549,3
6773,3,31,1,31,0.032,1.0,1.0,31.0,31,31,1
6774,1,11,337,3707,30.636,0.175,0.637,2.2,650,361,296
6775,3,44,3,132,0.068,0.598,0.841,2.47,79,111,32
6776,3,4,2,8,0.5,0.875,0.875,7.0,7,7,1
6777,4,31,105,3255,3.387,0.224,0.417,5.35,728,358,136
6778,3,13,1,13,0.077,1.0,1.0,13.0,13,13,1
6779,5,68,145,4360,0.863,0.798,0.963,13.06,430,457,488
6780,4,85,69,5865,0.812,0.165,0.441,1.44,969,588,674
6781,5,65,50,3250,0.769,0.454,0.487,245.83,475,582,6
6782,5,66,472,8352,2.843,0.359,0.547,17.12,93,821,641
6783,4,31,37,1147,1.194,0.189,0.555,2.07,217,637,105
6784,4,60,286,5760,1.788,0.201,0.226,55.42,199,347,166
6785,2,2,176,352,88.0,0.528,0.605,31.0,186,213,6
6786,2,1,138,138,138.0,1.0,1.0,138.0,138,138,1
6787,2,1,77,77,77.0,0.403,1.0,5.17,31,77,6
6788,4,83,315,6145,3.795,0.295,0.594,9.21,725,523,839
6789,4,7,15,105,2.143,0.114,0.295,2.4,12,31,5
6790,2,10,2,20,0.2,0.55,0.6,11.0,11,12,1
6791,4,83,326,7058,3.928,0.286,0.671,7.55,741,149,25
6792,4,12,464,8368,2.189,0.052,0.07,11.84,66,884,428
6793,5,95,93,8835,0.979,0.675,0.902,3.63,966,968,644
6794,1,16,393,6288,24.563,0.341,0.653,5.13,145,103,418
6795,5,28,31,868,1.107,0.492,0.745,7.49,427,647,57
6796,1,10,52,520,5.2,0.298,0.752,2.09,155,391,74
6797,2,1,63,63,63.0,0.587,1.0,2.31,37,63,16
6798,4,13,5,65,0.385,0.323,0.554,5.25,21,36,4
6799,5,28,32,896,1.143,0.462,0.722,7.02,414,647,59
6800,4,33,28,924,0.848,0.098,0.271,5.69,91,250,16
6801,1,13,390,5070,30.0,0.182,0.735,1.56,924,727,593
6802,5,64,73,4672,1.141,0.403,0.445,72.38,882,77,26
6803,5,65,50,3250,0.769,0.454,0.487,245.83,475,582,6
6804,5,28,31,868,1.107,0.508,0.767,7.47,441,666,59
6805,5,87,141,6367,0.754,0.415,0.884,4.69,947,301,333
6806,4,37,72,2664,1.946,0.12,0.257,7.64,321,685,42
6807,4,7,13,91,1.857,0.154,0.484,2.0,14,44,7
6808,2,1,19,19,19.0,0.789,1.0,3.75,15,19,4
6809,1,11,24,264,2.182,0.53,0.727,10.0,140,192,14
6810,2,1,36,36,36.0,0.306,1.0,1.83,11,36,6
6811,2,3,132,396,44.0,0.505,0.558,20.0,200,221,10
6812,5,93,104,9672,1.118,0.451,0.611,4.25,366,908,28
6813,2,2,535,1070,267.5,0.564,0.614,40.2,603,657,15
6814,5,63,79,4977,1.254,0.338,0.345,186.78,681,718,9
6815,5,63,66,4158,1.048,0.491,0.591,44.37,41,458,46
6816,2,25,300,7500,12.0,0.065,0.071,40.33,484,531,12
6817,5,29,32,928,1.103,0.432,0.689,6.27,401,639,64
6818,2,1,34,34,34.0,0.353,1.0,1.71,12,34,7
6819,3,11,1,11,0.091,1.0,1.0,11.0,11,11,1
6820,2,1,16,16,16.0,0.938,1.0,15.0,15,16,1
6821,5,29,31,899,1.069,0.463,0.726,6.93,416,653,60
6822,5,68,135,2680,0.804,0.82,0.904,62.81,591,513,296
6823,4,45,79,3555,1.756,0.087,0.195,4.81,308,693,64
6824,2,1,18,18,18.0,0.5,1.0,3.0,9,18,3
6825,1,14,320,4480,22.857,0.354,0.585,4.46,584,621,355
6826,4,36,43,1548,1.194,0.117,0.183,3.07,181,283,59
6827,2,2,64,128,32.0,0.531,0.586,17.0,68,75,4
6828,2,1,58,58,58.0,0.845,1.0,9.8,49,58,5
6829,4,6,5,30,0.833,0.367,1.0,2.2,11,30,5
6830,2,1,8,8,8.0,1.0,1.0,8.0,8,8,1
6831,5,87,141,6367,0.754,0.415,0.884,4.69,947,301,333
6832,1,14,253,3542,18.071,0.372,0.826,4.36,317,924,302
6833,2,1,19,19,19.0,0.789,1.0,3.75,15,19,4
6834,3,10,1,10,0.1,1.0,1.0,10.0,10,10,1
6835,4,34,27,918,0.794,0.219,0.554,3.09,201,509,65
6836,5,74,471,1954,2.707,0.339,0.433,15.84,820,499,756
6837,1,11,96,1056,8.727,0.277,0.68,1.83,292,718,160
6838,2,2,538,1076,269.0,0.518,0.596,29.32,557,641,19
6839,5,28,347,4416,2.711,0.399,0.567,13.07,721,163,356
6840,2,1,62,62,62.0,0.984,1.0,61.0,61,62,1
6841,4,52,461,3972,8.865,0.192,0.248,11.52,607,938,400
6842,4,17,60,1020,3.529,0.139,0.371,7.1,142,378,20
6843,1,6,9,54,1.5,0.352,0.87,1.58,19,47,12
6844,5,28,32,896,1.143,0.462,0.722,7.02,414,647,59
6845,2,1,278,278,278.0,0.946,1.0,29.22,263,278,9
6846,2,1,152,152,152.0,0.822,1.0,11.36,125,152,11
6847,2,1,11,11,11.0,0.909,1.0,10.0,10,11,1
6848,4,83,315,6145,3.795,0.295,0.594,9.21,725,523,839
6849,5,63,66,4158,1.048,0.491,0.591,44.37,41,458,46
6850,2,1,115,115,115.0,0.2,1.0,4.6,23,115,5
6851,4,14,17,238,1.214,0.113,0.387,1.8,27,92,15
6852,4,5,3,15,0.6,0.467,0.6,3.5,7,9,2
6853,2,2,46,92,23.0,0.511,0.554,47.0,47,51,1
6854,3,7,1,7,0.143,1.0,1.0,7.0,7,7,1
6855,4,43,62,2666,1.442,0.08,0.17,6.63,212,454,32
6856,5,87,141,6367,0.754,0.415,0.884,4.69,947,301,333
6857,1,9,18,162,2.0,0.321,0.654,2.26,52,106,23
6858,5,66,472,8352,2.843,0.359,0.547,17.12,93,821,641
6859,5,93,104,9672,1.118,0.451,0.611,4.25,366,908,28
6860,3,9,1,9,0.111,1.0,1.0,9.0,9,9,1
6861,1,41,67,2747,1.634,0.441,0.529,33.67,212,452,36
6862,5,28,347,4416,2.711,0.399,0.567,13.07,721,163,356
6863,5,74,471,1954,2.707,0.339,0.433,15.84,820,499,756
6864,3,42,7,294,0.167,0.282,0.432,2.18,83,127,38
6865,4,5,4,20,0.8,0.45,0.65,4.5,9,13,2
6866,4,16,30,480,1.875,0.133,0.471,2.29,64,226,28
6867,2,2,63,126,31.5,0.341,0.508,10.75,43,64,4
6868,5,29,32,928,1.103,0.476,0.72,7.25,442,668,61
6869,4,21,68,1428,3.238,0.052,0.109,5.69,74,156,13
6870,5,68,145,4360,0.863,0.798,0.963,13.06,430,457,488
6871,4,13,13,169,1.0,0.124,0.45,3.5,21,76,6
6872,3,12,1,12,0.083,1.0,1.0,12.0,12,12,1
6873,4,85,69,5865,0.812,0.165,0.441,1.44,969,588,674
6874,3,54,1,54,0.019,1.0,1.0,54.0,54,54,1
6875,2,1,279,279,279.0,0.964,1.0,38.43,269,279,7
6876,4,91,285,5935,3.132,0.158,0.165,113.89,100,287,36
6877,4,83,314,6062,3.783,0.282,0.619,8.77,353,139,838
6878,4,8,1,8,0.125,0.875,1.0,7.0,7,8,1
6879,2,11,552,6072,50.182,0.816,0.816,955.0,955,955,1
6880,2,2,64,128,32.0,0.43,0.602,3.93,55,77,14
6881,5,87,137,5619,0.733,0.899,0.991,29.29,25,400,786
6882,1,9,14,126,1.556,0.278,1.0,2.06,35,126,17
6883,1,24,120,2880,5.0,0.927,0.972,21.36,670,800,125
6884,5,28,347,4416,2.711,0.399,0.567,13.07,721,163,356
6885,4,0,49,4900,0.49,0.093,0.4,1.77,458,958,259
6886,5,29,31,899,1.069,0.463,0.726,6.93,416,653,60
6887,1,5,46,230,9.2,0.174,0.804,1.43,40,185,28
6888,1,10,272,2720,27.2,0.232,0.65,1.98,631,767,319
6889,4,10,7,70,0.7,0.157,0.6,1.57,11,42,7
6890,1,10,19,190,1.9,0.142,0.326,3.0,27,62,9
6891,3,1,25,25,25.0,1.0,1.0,25.0,25,25,1
6892,4,8,4,32,0.5,0.438,0.594,7.0,14,19,2
6893,1,7,18,126,2.571,0.254,0.841,1.39,32,106,23
6894,4,85,69,5865,0.812,0.165,0.441,1.44,969,588,674
6895,1,7,11,77,1.571,0.377,0.961,1.45,29,74,20
6896,4,16,29,464,1.813,0.144,0.496,2.58,67,230,26
6897,5,28,31,868,1.107,0.508,0.767,7.47,441,666,59
6898,5,93,104,9672,1.118,0.451,0.611,4.25,366,908,28
6899,3,11,1,11,0.091,1.0,1.0,11.0,11,11,1
6900,1,8,36,288,4.5,0.406,1.0,1.89,117,288,62
6901,3,34,1,34,0.029,1.0,1.0,34.0,34,34,1
6902,2,1,180,180,180.0,0.983,1.0,88.5,177,180,2
6903,5,29,32,928,1.103,0.476,0.72,7.25,442,668,61
6904,4,31,37,1147,1.194,0.189,0.555,2.07,217,637,105
6905,5,87,137,5619,0.733,0.899,0.991,29.29,25,400,786
6906,2,1,8,8,8.0,1.0,1.0,8.0,8,8,1
6907,4,31,37,1147,1.194,0.189,0.555,2.07,217,637,105
6908,3,19,2,38,0.105,0.816,0.816,31.0,31,31,1
6909,2,2,20,40,10.0,0.675,0.675,27.0,27,27,1
6910,3,14,1,14,0.071,1.0,1.0,14.0,14,14,1
6911,4,83,326,7058,3.928,0.286,0.671,7.55,741,149,25
6912,2,1,95,95,95.0,1.0,1.0,95.0,95,95,1
6913,2,1,117,117,117.0,0.393,1.0,5.75,46,117,8
6914,1,13,297,3861,22.846,0.409,0.6,4.97,579,318,318
6915,3,8,1,8,0.125,1.0,1.0,8.0,8,8,1
6916,2,1,19,19,19.0,0.737,1.0,4.67,14,19,3
6917,1,7,119,833,17.0,0.285,0.872,1.5,237,726,158
6918,3,42,1,42,0.024,1.0,1.0,42.0,42,42,1
6919,5,65,50,3250,0.769,0.454,0.487,245.83,475,582,6
6920,1,10,118,1180,11.8,0.277,0.745,2.02,327,879,162
6921,5,29,31,899,1.069,0.463,0.726,6.93,416,653,60
6922,4,4,5,20,1.25,0.35,0.8,2.33,7,16,3
6923,1,12,129,1548,10.75,0.303,0.711,2.51,469,100,187
6924,4,52,48,2496,0.923,0.138,0.248,7.67,345,619,45
6925,5,66,472,8352,2.843,0.359,0.547,17.12,93,821,641
6926,3,22,1,22,0.045,1.0,1.0,22.0,22,22,1
6927,4,10,12,120,1.2,0.208,0.583,1.67,25,70,15
6928,2,1,14,14,14.0,0.5,1.0,2.33,7,14,3
6929,3,58,3,174,0.052,0.339,0.345,59.0,59,60,1
6930,4,16,30,480,1.875,0.133,0.471,2.29,64,226,28
6931,3,25,1,25,0.04,1.0,1.0,25.0,25,25,1
6932,4,13,5,65,0.385,0.123,0.538,8.0,8,35,1
6933,1,9,4,36,0.444,0.444,1.0,8.0,16,36,2
6934,3,9,2,18,0.222,0.611,0.722,11.0,11,13,1
6935,1,9,85,765,9.444,0.302,0.812,1.82,231,621,127
6936,1,5,12,60,2.4,0.483,1.0,1.38,29,60,21
6937,4,6,6,36,1.0,0.194,0.417,3.5,7,15,2
6938,4,54,357,9278,6.611,0.324,0.644,6.22,238,422,3
6939,5,86,469,7234,2.522,0.378,0.529,22.29,17,133,481
6940,2,2,536,1072,268.0,0.498,0.533,41.08,534,571,13
6941,5,29,31,899,1.069,0.463,0.726,6.93,416,653,60
6942,3,54,1,54,0.019,1.0,1.0,54.0,54,54,1
6943,3,10,1,10,0.1,1.0,1.0,10.0,10,10,1
6944,4,8,5,40,0.625,0.275,0.45,3.67,11,18,3
6945,1,9,22,198,2.444,0.268,0.596,3.31,53,118,16
6946,1,7,125,875,17.857,0.27,0.858,1.4,236,751,168
6947,2,1,15,15,15.0,0.867,1.0,6.5,13,15,2
6948,2,2,537,1074,268.5,0.537,0.609,22.19,577,654,26
6949,5,74,471,1954,2.707,0.339,0.433,15.84,820,499,756
6950,3,23,1,23,0.043,1.0,1.0,23.0,23,23,1
6951,2,1,15,15,15.0,0.733,1.0,3.67,11,15,3
6952,4,32,350,1200,10.938,0.142,0.402,3.96,588,497,401
6953,4,6,17,102,2.833,0.137,0.627,2.8,14,64,5
6954,3,61,30,7830,0.115,0.063,0.09,2.4,492,701,205
6955,4,58,167,6386,1.057,0.16,0.276,8.24,213,279,511
6956,4,34,27,918,0.794,0.219,0.554,3.09,201,509,65
6957,1,9,33,297,3.667,0.33,0.845,1.81,98,251,54
6958,4,29,61,1769,2.103,0.121,0.431,1.78,214,762,120
6959,4,4,5,20,1.25,0.35,0.8,2.33,7,16,3
6960,1,10,63,630,6.3,0.251,0.898,1.84,158,566,86
6961,2,1,33,33,33.0,1.0,1.0,33.0,33,33,1
6962,4,37,72,2664,1.946,0.12,0.257,7.64,321,685,42
6963,4,7,9,63,1.286,0.143,0.238,9.0,9,15,1
6964,5,87,141,6367,0.754,0.415,0.884,4.69,947,301,333
6965,2,1,104,104,104.0,0.971,1.0,50.5,101,104,2
6966,5,83,149,2367,1.795,0.388,0.472,28.77,804,838,167
6967,5,78,140,4920,0.787,0.574,0.649,21.52,292,177,664
6968,2,3,116,348,38.667,0.356,0.371,62.0,124,129,2
6969,2,9,13,117,1.444,0.103,0.752,4.0,12,88,3
6970,1,9,102,918,11.333,0.166,0.56,1.58,152,514,96
6971,1,7,56,392,8.0,0.319,0.829,1.45,125,325,86
6972,4,53,48,2544,0.906,0.157,0.269,7.84,400,685,51
6973,2,1,13,13,13.0,1.0,1.0,13.0,13,13,1
6974,4,18,105,2390,0.89,0.052,0.105,3.33,642,296,193
6975,3,8,1,8,0.125,1.0,1.0,8.0,8,8,1
6976,1,9,197,1773,21.889,0.274,0.699,1.74,485,240,278
6977,3,4,11,8844,0.014,0.191,0.233,15.64,689,58,108
6978,5,63,66,4158,1.048,0.491,0.591,44.37,41,458,46
6979,1,8,12,96,1.5,0.208,0.771,1.11,20,74,18
6980,1,7,14,98,2.0,0.347,0.949,1.79,34,93,19
6981,2,1,235,235,235.0,0.923,1.0,27.13,217,235,8
6982,1,6,20,120,3.333,0.367,0.967,1.38,44,116,32
6983,5,66,472,8352,2.843,0.359,0.547,17.12,93,821,641
6984,3,5,2,10,0.4,0.9,0.9,9.0,9,9,1
6985,5,32,547,2204,4.144,0.37,0.483,20.66,693,874,292
6986,3,12,1,12,0.083,1.0,1.0,12.0,12,12,1
6987,3,13,1,13,0.077,1.0,1.0,13.0,13,13,1
6988,1,7,38,266,5.429,0.226,0.639,1.4,60,170,43
6989,5,93,104,9672,1.118,0.451,0.611,4.25,366,908,28
6990,3,9,1,9,0.111,1.0,1.0,9.0,9,9,1
6991,1,10,53,530,5.3,0.294,0.819,1.79,156,434,87
6992,3,84,1,84,0.012,1.0,1.0,84.0,84,84,1
6993,3,27,4,108,0.148,0.38,0.75,2.56,41,81,16
6994,1,10,61,610,6.1,0.487,0.834,3.13,297,509,95
6995,5,68,135,2680,0.804,0.82,0.904,62.81,591,513,296
6996,3,22,1,22,0.045,1.0,1.0,22.0,22,22,1
6997,4,6,17,102,2.833,0.137,0.627,2.8,14,64,5
6998,3,6,21,126,3.5,0.198,0.444,1.67,25,56,15
6999,1,7,33,231,4.714,0.368,0.896,1.57,85,207,54
7000,3,14,1,14,0.071,1.0,1.0,14.0,14,14,1
7001,3,4,2,8,0.5,1.0,1.0,8.0,8,8,1
7002,1,7,41,287,5.857,0.345,0.777,1.55,99,223,64
7003,4,14,17,238,1.214,0.113,0.387,1.8,27,92,15
7004,3,76,1,76,0.013,1.0,1.0,76.0,76,76,1
7005,1,9,123,1107,13.667,0.346,0.74,2.21,383,819,173
7006,2,2,535,1070,267.5,0.545,0.629,24.29,583,673,24
7007,4,45,79,3555,1.756,0.087,0.195,4.81,308,693,64
7008,2,2,20,40,10.0,0.675,0.675,27.0,27,27,1
7009,5,28,31,868,1.107,0.508,0.767,7.47,441,666,59
7010,5,93,104,9672,1.118,0.451,0.611,4.25,366,908,28
7011,4,31,105,3255,3.387,0.242,0.456,4.89,787,485,161
7012,2,6,47,282,7.833,0.202,0.202,57.0,57,57,1
7013,4,1,99,9999,0.98,0.14,0.778,2.02,398,780,691
7014,4,15,14,210,0.933,0.11,0.338,1.92,23,71,12
7015,3,7,1,7,0.143,1.0,1.0,7.0,7,7,1
7016,2,3,183,549,61.0,0.488,0.577,29.78,268,317,9
7017,4,6,5,30,0.833,0.233,0.633,1.75,7,19,4
7018,4,6,6,36,1.0,0.194,0.417,3.5,7,15,2
7019,5,28,32,896,1.143,0.462,0.722,7.02,414,647,59
7020,2,2,22,44,11.0,0.75,0.75,33.0,33,33,1
7021,3,1,25,25,25.0,1.0,1.0,25.0,25,25,1
7022,3,30,5,2150,0.012,0.216,0.221,46.5,465,475,10
7023,5,29,32,928,1.103,0.432,0.689,6.27,401,639,64
7024,5,29,32,928,1.103,0.476,0.72,7.25,442,668,61
7025,5,28,32,896,1.143,0.481,0.742,7.43,431,665,58
7026,3,66,3,198,0.045,0.657,0.909,2.6,130,180,50
7027,2,17,341,5797,20.059,0.935,0.998,36.38,420,784,149
7028,3,93,4,372,0.043,0.419,0.565,2.89,156,210,54
7029,3,8,1,8,0.125,1.0,1.0,8.0,8,8,1
7030,5,53,158,4174,1.033,0.587,0.641,46.95,180,491,302
7031,1,8,35,280,4.375,0.321,0.775,1.76,90,217,51
7032,1,7,34,238,4.857,0.282,0.782,1.49,67,186,45
7033,3,14,1,14,0.071,1.0,1.0,14.0,14,14,1
7034,1,9,510,4590,56.667,0.149,0.541,1.22,686,484,561
7035,4,91,285,5935,3.132,0.158,0.165,113.89,100,287,36
7036,3,8,1,8,0.125,1.0,1.0,8.0,8,8,1
7037,3,8,1,8,0.125,1.0,1.0,8.0,8,8,1
7038,5,68,135,2680,0.804,0.82,0.904,62.81,591,513,296
7039,3,27,4,108,0.148,0.38,0.75,2.56,41,81,16
7040,3,94,2,188,0.021,0.516,0.516,97.0,97,97,1
7041,1,7,23,161,3.286,0.093,0.54,1.36,15,87,11
7042,5,28,32,896,1.143,0.481,0.742,7.43,431,665,58
7043,2,1,14,14,14.0,0.643,1.0,4.5,9,14,2
7044,3,12,1,12,0.083,1.0,1.0,12.0,12,12,1
7045,5,28,31,868,1.107,0.508,0.767,7.47,441,666,59
7046,3,10,1,10,0.1,1.0,1.0,10.0,10,10,1
7047,3,58,3,174,0.052,0.339,0.345,59.0,59,60,1
7048,2,1,75,75,75.0,0.813,1.0,5.55,61,75,11
7049,5,74,471,1954,2.707,0.339,0.433,15.84,820,499,756
7050,2,1,102,102,102.0,0.961,1.0,24.5,98,102,4
7051,5,74,471,1954,2.707,0.339,0.433,15.84,820,499,756
7052,1,22,71,1562,3.227,0.487,0.834,10.13,760,302,75
7053,1,9,41,369,4.556,0.507,0.992,3.28,187,366,57
7054,1,9,81,729,9.0,0.337,0.918,1.97,246,669,125
7055,5,28,31,868,1.107,0.508,0.767,7.47,441,666,59
7056,5,68,145,4360,0.863,0.798,0.963,13.06,430,457,488
7057,3,1,25,25,25.0,1.0,1.0,25.0,25,25,1
7058,1,8,148,1184,18.5,0.182,0.625,1.2,216,740,180
7059,5,63,66,4158,1.048,0.491,0.591,44.37,41,458,46
7060,3,25,1,25,0.04,1.0,1.0,25.0,25,25,1
7061,2,1,14,14,14.0,0.643,1.0,4.5,9,14,2
7062,4,67,30,2010,0.448,0.169,0.46,2.26,339,924,150
7063,2,3,116,348,38.667,0.356,0.371,62.0,124,129,2
7064,2,1,19,19,19.0,0.737,1.0,4.67,14,19,3
7065,3,7,2,14,0.286,0.643,0.714,9.0,9,10,1
7066,2,18,342,6156,19.0,0.847,0.897,43.48,217,522,120
7067,2,1,9,9,9.0,0.778,1.0,7.0,7,9,1
7068,4,22,22,484,1.0,0.107,0.473,1.79,52,229,29
7069,4,4,11,44,2.75,0.159,0.932,1.75,7,41,4
7070,3,9,1,9,0.111,1.0,1.0,9.0,9,9,1
7071,5,93,104,9672,1.118,0.451,0.611,4.25,366,908,28
7072,1,11,74,814,6.727,0.267,0.628,2.21,217,511,98
7073,4,5,7,35,1.4,0.229,0.6,2.67,8,21,3
7074,5,95,93,8835,0.979,0.675,0.902,3.63,966,968,644
7075,5,66,472,8352,2.843,0.359,0.547,17.12,93,821,641
7076,1,9,272,2448,30.222,0.277,0.67,1.86,679,640,365
7077,1,11,183,2013,16.636,0.465,0.841,4.53,937,693,207
7078,5,74,471,1954,2.707,0.339,0.433,15.84,820,499,756
7079,4,86,67,5762,0.779,0.164,0.935,2.37,947,386,399
7080,3,53,1,53,0.019,1.0,1.0,53.0,53,53,1
7081,2,1,279,279,279.0,0.964,1.0,38.43,269,279,7
7082,1,8,17,136,2.125,0.36,0.831,1.96,49,113,25
7083,5,66,472,8352,2.843,0.359,0.547,17.12,93,821,641
7084,3,9,1,9,0.111,1.0,1.0,9.0,9,9,1
7085,3,8,1,8,0.125,1.0,1.0,8.0,8,8,1
7086,5,28,347,4416,2.711,0.399,0.567,13.07,721,163,356
7087,3,42,1,42,0.024,1.0,1.0,42.0,42,42,1
7088,4,13,5,65,0.385,0.123,0.538,8.0,8,35,1
7089,2,2,112,224,56.0,0.496,0.504,55.5,111,113,2
7090,2,1,15,15,15.0,0.867,1.0,6.5,13,15,2
7091,5,32,547,2204,4.144,0.37,0.483,20.66,693,874,292
7092,1,3,7,21,2.333,0.619,0.619,13.0,13,13,1
7093,3,32,1,32,0.031,1.0,1.0,32.0,32,32,1
7094,4,6,13,78,2.167,0.103,0.449,4.0,8,35,2
7095,2,1,10,10,10.0,1.0,1.0,10.0,10,10,1
7096,1,9,123,1107,13.667,0.346,0.74,2.21,383,819,173
7097,4,4,463,752,1.523,0.063,0.121,3.91,898,81,273
7098,5,29,32,928,1.103,0.476,0.72,7.25,442,668,61
7099,4,86,67,5762,0.779,0.164,0.935,2.37,947,386,399
7100,4,39,70,2730,1.795,0.09,0.255,7.0,245,697,35
7101,2,2,536,1072,268.0,0.532,0.558,30.0,570,598,19
7102,1,7,51,357,7.286,0.283,0.91,1.35,101,325,75
7103,1,5,33,165,6.6,0.315,0.909,1.27,52,150,41
7104,3,31,1,31,0.032,1.0,1.0,31.0,31,31,1
7105,4,31,105,3255,3.387,0.224,0.417,5.35,728,358,136
7106,2,1,161,161,161.0,0.41,1.0,1.02,66,161,65
7107,5,78,140,4920,0.787,0.574,0.649,21.52,292,177,664
7108,5,68,135,2680,0.804,0.82,0.904,62.81,591,513,296
7109,4,6,5,30,0.833,0.367,1.0,2.2,11,30,5
7110,2,1,48,48,48.0,0.875,1.0,10.5,42,48,4
7111,5,29,31,899,1.069,0.463,0.726,6.93,416,653,60
7112,1,9,20,180,2.222,0.233,0.5,1.62,42,90,26
7113,3,8,1,8,0.125,1.0,1.0,8.0,8,8,1
7114,1,7,43,301,6.143,0.246,0.947,1.32,74,285,56
7115,3,69,3,207,0.043,0.643,0.952,2.08,133,197,64
7116,3,13,1,13,0.077,1.0,1.0,13.0,13,13,1
7117,3,38,1,38,0.026,1.0,1.0,38.0,38,38,1
7118,4,53,442,7626,2.889,0.114,0.215,6.27,689,538,227
7119,1,4,6,24,1.5,0.417,0.5,10.0,10,12,1
7120,2,1,145,145,145.0,0.972,1.0,35.25,141,145,4
7121,1,8,24,192,3.0,0.328,0.625,1.75,63,120,36
7122,5,83,149,2367,1.795,0.388,0.472,28.77,804,838,167
7123,5,28,32,896,1.143,0.481,0.742,7.43,431,665,58
7124,2,2,537,1074,268.5,0.507,0.528,181.33,544,567,3
7125,5,68,135,2680,0.804,0.82,0.904,62.81,591,513,296
7126,3,16,1,16,0.063,1.0,1.0,16.0,16,16,1
7127,3,5,2,10,0.4,0.7,0.7,7.0,7,7,1
7128,1,8,344,2752,43.0,0.216,0.838,1.22,595,307,486
7129,1,9,59,531,6.556,0.348,0.829,2.26,185,440,82
7130,5,28,31,868,1.107,0.492,0.745,7.49,427,647,57
7131,1,9,175,1575,19.444,0.177,0.624,1.26,279,983,222
7132,3,5,2,210,0.019,0.529,0.533,111.0,111,112,1
7133,3,7,1,7,0.143,1.0,1.0,7.0,7,7,1
7134,5,28,32,896,1.143,0.481,0.742,7.43,431,665,58
7135,2,1,29,29,29.0,1.0,1.0,29.0,29,29,1
7136,3,22,1,22,0.045,1.0,1.0,22.0,22,22,1
7137,3,5,2,10,0.4,0.8,0.8,8.0,8,8,1
7138,5,68,145,4360,0.863,0.798,0.963,13.06,430,457,488
7139,4,22,22,484,1.0,0.107,0.473,1.79,52,229,29
7140,4,7,15,105,2.143,0.114,0.295,2.4,12,31,5
7141,4,9,17,153,1.889,0.144,0.458,3.14,22,70,7
7142,1,9,222,1998,24.667,0.202,0.711,1.52,403,421,266
7143,1,7,41,287,5.857,0.341,0.721,1.58,98,207,62
7144,1,13,38,494,2.923,0.285,0.907,3.62,141,448,39
7145,3,10,1,10,0.1,1.0,1.0,10.0,10,10,1
7146,4,24,18,432,0.75,0.139,0.377,2.07,60,163,29
7147,3,9,1,9,0.111,1.0,1.0,9.0,9,9,1
7148,1,12,332,3984,27.667,0.402,0.659,4.5,602,626,356
7149,1,9,333,2997,37.0,0.237,0.671,1.57,711,11,452
7150,3,9,1,9,0.111,1.0,1.0,9.0,9,9,1
7151,2,1,278,278,278.0,0.946,1.0,29.22,263,278,9
7152,4,53,48,2544,0.906,0.181,0.374,4.69,460,951,98
7153,5,95,93,8835,0.979,0.675,0.902,3.63,966,968,644
7154,1,7,63,441,9.0,0.338,0.941,1.94,149,415,77
7155,5,63,66,4158,1.048,0.491,0.591,44.37,41,458,46
7156,1,10,19,190,1.9,0.6,0.858,7.6,114,163,15
7157,2,4,115,460,28.75,0.426,0.487,17.82,196,224,11
7158,3,66,3,198,0.045,0.657,0.909,2.6,130,180,50
7159,5,29,32,928,1.103,0.476,0.72,7.25,442,668,61
7160,3,54,1,54,0.019,1.0,1.0,54.0,54,54,1
7161,5,87,141,6367,0.754,0.415,0.884,4.69,947,301,333
7162,2,1,52,52,52.0,0.538,1.0,14.0,28,52,2
7163,4,14,19,266,1.357,0.128,0.541,2.83,34,144,12
7164,5,95,93,8835,0.979,0.675,0.902,3.63,966,968,644
7165,1,8,4,32,0.5,0.469,0.719,3.75,15,23,4
7166,2,1,81,81,81.0,0.901,1.0,24.33,73,81,3
7167,1,5,39,195,7.8,0.344,0.728,2.09,67,142,32
7168,1,7,100,700,14.286,0.279,0.98,1.63,195,686,120
7169,2,2,18,36,9.0,0.806,0.833,29.0,29,30,1
7170,3,17,1,117,0.009,1.0,1.0,117.0,117,117,1
7171,1,12,8,96,0.667,0.792,1.0,15.2,76,96,5
7172,2,1,70,70,70.0,1.0,1.0,70.0,70,70,1
7173,1,9,44,396,4.889,0.465,0.944,3.35,184,374,55
7174,2,1,8,8,8.0,1.0,1.0,8.0,8,8,1
7175,2,1,35,35,35.0,0.857,1.0,10.0,30,35,3
7176,3,54,1,54,0.019,1.0,1.0,54.0,54,54,1
7177,5,93,104,9672,1.118,0.451,0.611,4.25,366,908,28
7178,1,22,71,1562,3.227,0.499,0.836,10.99,780,306,71
7179,4,55,48,2640,0.873,0.142,0.364,4.26,375,960,88
7180,3,9,1,9,0.111,1.0,1.0,9.0,9,9,1
7181,4,16,21,336,1.313,0.095,0.515,1.6,32,173,20
7182,3,25,1,25,0.04,1.0,1.0,25.0,25,25,1
7183,2,1,14,14,14.0,1.0,1.0,14.0,14,14,1
7184,1,8,83,664,10.375,0.325,0.908,1.76,216,603,123
7185,1,13,38,494,2.923,0.33,0.98,3.88,163,484,42
7186,5,72,96,6912,1.333,0.488,0.582,15.69,374,25,215
7187,3,9,1,9,0.111,1.0,1.0,9.0,9,9,1
7188,5,28,32,896,1.143,0.488,0.743,7.05,437,666,62
7189,3,37,1,37,0.027,1.0,1.0,37.0,37,37,1
7190,5,86,469,7234,2.522,0.378,0.529,22.29,17,133,481
7191,1,6,32,192,5.333,0.292,0.698,1.37,56,134,41
7192,5,72,96,6912,1.333,0.488,0.582,15.69,374,25,215
7193,4,97,198,9006,1.005,0.273,0.332,46.93,654,964,227
7194,4,52,461,3972,8.865,0.192,0.248,11.52,607,938,400
7195,4,29,61,1769,2.103,0.121,0.431,1.78,214,762,120
7196,5,29,32,928,1.103,0.476,0.72,7.25,442,668,61
7197,1,9,39,351,4.333,0.308,0.709,1.69,108,249,64
7198,5,83,149,2367,1.795,0.388,0.472,28.77,804,838,167
7199,3,9,2,18,0.222,0.611,0.722,11.0,11,13,1
7200,5,29,31,899,1.069,0.463,0.726,6.93,416,653,60
7201,3,66,3,198,0.045,0.657,0.909,2.6,130,180,50
7202,1,10,22,220,2.2,0.318,0.777,1.79,70,171,39
7203,2,1,14,14,14.0,0.571,1.0,2.0,8,14,4
7204,4,16,21,336,1.313,0.095,0.515,1.6,32,173,20
7205,1,10,83,830,8.3,0.295,0.725,2.02,245,602,121
7206,1,8,12,96,1.5,0.427,0.719,2.73,41,69,15
7207,2,37,1,37,0.027,1.0,1.0,37.0,37,37,1
7208,3,34,1,34,0.029,1.0,1.0,34.0,34,34,1
7209,1,17,22,374,1.294,0.425,0.765,4.68,159,286,34
7210,4,1,99,9999,0.98,0.14,0.778,2.02,398,780,691
7211,2,17,341,5797,20.059,0.935,0.998,36.38,420,784,149
7212,2,2,99,198,49.5,0.253,0.616,4.55,50,122,11
7213,5,28,32,896,1.143,0.462,0.722,7.02,414,647,59
7214,4,52,48,2496,0.923,0.138,0.248,7.67,345,619,45
7215,2,3,113,339,37.667,0.41,0.472,13.9,139,160,10
7216,5,28,32,896,1.143,0.488,0.743,7.05,437,666,62
7217,1,14,58,812,4.143,0.683,0.927,12.07,555,753,46
7218,5,65,50,3250,0.769,0.454,0.487,245.83,475,582,6
7219,1,11,102,1122,9.273,0.289,0.829,1.87,324,930,173
7220,5,95,93,8835,0.979,0.675,0.902,3.63,966,968,644
7221,1,9,23,207,2.556,0.362,0.831,1.92,75,172,39
7222,4,25,9,225,0.36,0.187,0.436,2.47,42,98,17
7223,2,1,14,14,14.0,0.857,1.0,12.0,12,14,1
7224,3,76,1,76,0.013,1.0,1.0,76.0,76,76,1
7225,5,66,472,8352,2.843,0.359,0.547,17.12,93,821,641
7226,1,9,109,981,12.111,0.243,0.848,1.58,238,832,151
7227,4,81,49,3969,0.605,0.113,0.398,2.26,449,580,199
7228,5,63,79,4977,1.254,0.338,0.345,186.78,681,718,9
7229,2,1,40,40,40.0,1.0,1.0,40.0,40,40,1
7230,4,31,105,3255,3.387,0.242,0.456,4.89,787,485,161
7231,1,6,2,12,0.333,0.667,1.0,8.0,8,12,1
7232,2,2,24,48,12.0,0.354,1.0,3.4,17,48,5
7233,5,28,32,896,1.143,0.462,0.722,7.02,414,647,59
7234,1,9,49,441,5.444,0.265,0.744,1.6,117,328,73
7235,5,29,32,928,1.103,0.476,0.72,7.25,442,668,61
7236,4,31,105,3255,3.387,0.224,0.417,5.35,728,358,136
7237,3,37,1,37,0.027,1.0,1.0,37.0,37,37,1
7238,1,6,104,624,17.333,0.099,0.258,2.0,62,161,31
7239,2,1,10,10,10.0,1.0,1.0,10.0,10,10,1
7240,5,28,32,896,1.143,0.481,0.742,7.43,431,665,58
7241,4,34,27,918,0.794,0.219,0.554,3.09,201,509,65
7242,1,8,35,280,4.375,0.418,0.929,2.39,117,260,49
7243,4,4,5,20,1.25,0.35,0.8,2.33,7,16,3
7244,2,3,537,1611,179.0,0.353,0.364,71.13,569,587,8
7245,3,8,1,8,0.125,1.0,1.0,8.0,8,8,1
7246,4,9,6,54,0.667,0.407,0.519,5.5,22,28,4
7247,3,8,1,8,0.125,1.0,1.0,8.0,8,8,1
7248,3,17,1,117,0.009,1.0,1.0,117.0,117,117,1
7249,3,8,1,8,0.125,1.0,1.0,8.0,8,8,1
7250,1,12,271,3252,22.583,0.238,0.571,1.98,773,857,391
7251,1,10,80,800,8.0,0.314,0.799,2.06,251,639,122
7252,2,4,9,36,2.25,0.611,0.611,22.0,22,22,1
7253,3,4,2,8,0.5,0.875,0.875,7.0,7,7,1
7254,1,7,111,777,15.857,0.254,0.883,1.5,197,686,131
7255,2,1,44,44,44.0,0.727,1.0,5.33,32,44,6
7256,5,28,31,868,1.107,0.508,0.767,7.47,441,666,59
7257,3,31,1,31,0.032,1.0,1.0,31.0,31,31,1
7258,2,1,193,193,193.0,0.57,1.0,2.97,110,193,37
7259,3,12,2,24,0.167,0.625,0.667,15.0,15,16,1
7260,4,47,286,3442,6.085,0.183,0.317,4.67,459,258,526
7261,3,15,1,15,0.067,1.0,1.0,15.0,15,15,1
7262,5,53,158,4174,1.033,0.587,0.641,46.95,180,491,302
7263,1,6,14,84,2.333,0.571,0.976,2.4,48,82,20
7264,3,7,1,7,0.143,1.0,1.0,7.0,7,7,1
7265,5,64,73,4672,1.141,0.403,0.445,72.38,882,77,26
7266,3,58,3,174,0.052,0.339,0.345,59.0,59,60,1
7267,3,8,1,8,0.125,1.0,1.0,8.0,8,8,1
7268,1,8,21,168,2.625,0.31,0.744,1.68,52,125,31
7269,4,34,25,850,0.735,0.256,0.534,2.06,218,454,106
7270,2,1,98,98,98.0,0.939,1.0,30.67,92,98,3
7271,1,7,36,252,5.143,0.262,0.671,1.27,66,169,52
7272,5,68,145,4360,0.863,0.798,0.963,13.06,430,457,488
7273,4,8,5,40,0.625,0.275,0.45,3.67,11,18,3
7274,1,9,34,306,3.778,0.386,0.706,2.41,118,216,49
7275,5,66,472,8352,2.843,0.359,0.547,17.12,93,821,641
7276,3,66,3,198,0.045,0.657,0.909,2.6,130,180,50
7277,3,5,2,210,0.019,0.529,0.533,111.0,111,112,1
7278,2,3,538,1614,179.33,0.37,0.424,22.11,597,685,27
7279,4,13,5,65,0.385,0.323,0.554,5.25,21,36,4
7280,1,9,33,297,3.667,0.357,0.63,2.47,106,187,43
7281,2,1,45,45,45.0,0.756,1.0,5.67,34,45,6
7282,1,8,16,128,2.0,0.211,0.672,1.42,27,86,19
7283,3,76,1,76,0.013,1.0,1.0,76.0,76,76,1
7284,1,9,20,180,2.222,0.339,0.772,1.74,61,139,35
7285,1,6,69,414,11.5,0.28,0.744,1.4,116,308,83
7286,3,10,1,10,0.1,1.0,1.0,10.0,10,10,1
7287,3,47,1,47,0.021,1.0,1.0,47.0,47,47,1
7288,4,58,167,6386,1.057,0.16,0.276,8.24,213,279,511
7289,3,9,1,9,0.111,1.0,1.0,9.0,9,9,1
7290,2,6,47,282,7.833,0.202,0.202,57.0,57,57,1
7291,2,1,8,8,8.0,1.0,1.0,8.0,8,8,1
7292,5,95,93,8835,0.979,0.675,0.902,3.63,966,968,644
7293,3,7,1,7,0.143,1.0,1.0,7.0,7,7,1
7294,4,14,19,266,1.357,0.113,0.504,30.0,30,134,1
7295,5,28,32,896,1.143,0.481,0.742,7.43,431,665,58
7296,3,12,2,24,0.167,0.625,0.667,15.0,15,16,1
7297,2,1,52,52,52.0,0.981,1.0,51.0,51,52,1
7298,5,32,547,2204,4.144,0.37,0.483,20.66,693,874,292
7299,4,13,5,65,0.385,0.123,0.538,8.0,8,35,1
7300,5,95,93,8835,0.979,0.675,0.902,3.63,966,968,644
7301,2,1,19,19,19.0,0.632,1.0,4.0,12,19,3
7302,3,5,2,10,0.4,0.8,0.8,8.0,8,8,1
7303,1,10,259,2590,25.9,0.351,0.779,2.51,908,18,362
7304,1,23,118,2714,5.13,0.293,0.784,2.06,795,129,385
7305,3,8,1,8,0.125,0.875,1.0,7.0,7,8,1
7306,1,8,12,96,1.5,0.406,0.917,1.56,39,88,25
7307,4,10,12,120,1.2,0.208,0.583,1.67,25,70,15
7308,5,65,50,3250,0.769,0.454,0.487,245.83,475,582,6
7309,5,28,32,896,1.143,0.462,0.722,7.02,414,647,59
7310,5,68,135,2680,0.804,0.82,0.904,62.81,591,513,296
7311,1,10,25,250,2.5,0.332,0.772,1.89,83,193,44
7312,4,13,8,104,0.615,0.154,0.769,1.07,16,80,15
7313,5,65,50,3250,0.769,0.454,0.487,245.83,475,582,6
7314,2,3,304,912,101.33,0.555,0.686,42.17,506,626,12
7315,4,36,96,3456,2.667,0.096,0.207,7.7,331,717,43
7316,4,7,24,168,3.429,0.101,0.298,1.89,17,50,9
7317,1,1,91,91,91.0,0.352,1.0,1.03,32,91,31
7318,3,53,1,53,0.019,1.0,1.0,53.0,53,53,1
7319,3,53,1,53,0.019,1.0,1.0,53.0,53,53,1
7320,4,49,79,3871,1.612,0.084,0.179,7.36,324,694,44
7321,3,32,1,32,0.031,1.0,1.0,32.0,32,32,1
7322,4,10,12,120,1.2,0.208,0.583,1.67,25,70,15
7323,4,97,198,9006,1.005,0.273,0.332,46.93,654,964,227
7324,4,8,16,128,2.0,0.156,0.859,5.0,20,110,4
7325,3,31,1,31,0.032,1.0,1.0,31.0,31,31,1
7326,5,68,145,4360,0.863,0.798,0.963,13.06,430,457,488
7327,4,12,4,48,0.333,0.292,1.0,2.0,14,48,7
7328,1,11,190,2090,17.273,0.239,0.457,2.11,500,955,237
7329,1,1,40,40,40.0,0.4,1.0,1.07,16,40,15
7330,5,74,471,1954,2.707,0.339,0.433,15.84,820,499,756
7331,5,53,158,4174,1.033,0.587,0.641,46.95,180,491,302
7332,2,1,10,10,10.0,1.0,1.0,10.0,10,10,1
7333,4,52,48,2496,0.923,0.138,0.248,7.67,345,619,45
7334,2,2,20,40,10.0,0.725,0.875,29.0,29,35,1
7335,5,93,104,9672,1.118,0.451,0.611,4.25,366,908,28
7336,4,4,7,28,1.75,0.286,1.0,2.0,8,28,4
7337,5,29,32,928,1.103,0.476,0.72,7.25,442,668,61
7338,4,38,70,2660,1.842,0.059,0.062,19.63,157,165,8
7339,5,29,32,928,1.103,0.432,0.689,6.27,401,639,64
7340,5,28,31,868,1.107,0.492,0.745,7.49,427,647,57
7341,5,63,66,4158,1.048,0.491,0.591,44.37,41,458,46
7342,5,28,31,868,1.107,0.508,0.767,7.47,441,666,59
7343,1,5,19,95,3.8,0.316,0.916,1.5,30,87,20
7344,3,15,1,15,0.067,1.0,1.0,15.0,15,15,1
7345,3,17,2,34,0.118,0.706,0.706,24.0,24,24,1
7346,2,1,8,8,8.0,1.0,1.0,8.0,8,8,1
7347,1,8,135,1080,16.875,0.077,0.294,1.54,83,317,54
7348,1,12,33,396,2.75,0.391,0.793,4.08,155,314,38
7349,2,1,537,537,537.0,1.0,1.0,537.0,537,537,1
7350,1,8,37,296,4.625,0.264,0.676,1.86,78,200,42
7351,2,4,115,460,28.75,0.426,0.487,17.82,196,224,11
7352,2,1,27,27,27.0,0.407,1.0,1.83,11,27,6
7353,2,1,75,75,75.0,0.813,1.0,5.55,61,75,11
7354,5,29,32,928,1.103,0.432,0.689,6.27,401,639,64
7355,2,1,39,39,39.0,0.308,1.0,1.71,12,39,7
7356,1,10,38,380,3.8,0.195,0.55,1.48,74,209,50
7357,4,7,9,63,1.286,0.143,0.238,9.0,9,15,1
7358,1,9,464,4176,51.556,0.158,0.55,1.3,658,297,505
7359,4,60,286,5760,1.788,0.201,0.226,55.42,199,347,166
7360,2,2,64,128,32.0,0.531,0.586,17.0,68,75,4
7361,4,14,19,266,1.357,0.128,0.541,2.83,34,144,12
7362,3,4,11,8844,0.014,0.191,0.233,15.64,689,58,108
7363,4,83,326,7058,3.928,0.286,0.671,7.55,741,149,25
7364,3,11,1,11,0.091,1.0,1.0,11.0,11,11,1
7365,2,2,536,1072,268.0,0.532,0.558,30.0,570,598,19
7366,5,65,50,3250,0.769,0.454,0.487,245.83,475,582,6
7367,1,8,47,376,5.875,0.362,0.88,2.0,136,331,68
7368,1,8,50,400,6.25,0.253,0.8,2.3,101,320,44
7369,4,30,61,1830,2.033,0.157,0.483,1.88,288,884,153
7370,2,1,46,46,46.0,0.239,1.0,1.38,11,46,8
7371,4,9,4,36,0.444,0.25,0.75,9.0,9,27,1
7372,4,16,21,336,1.313,0.095,0.515,1.6,32,173,20
7373,1,9,175,1575,19.444,0.177,0.624,1.26,279,983,222
7374,2,1,45,45,45.0,0.756,1.0,5.67,34,45,6
7375,5,74,471,1954,2.707,0.339,0.433,15.84,820,499,756
7376,5,53,158,4174,1.033,0.587,0.641,46.95,180,491,302
7377,3,15,1,15,0.067,1.0,1.0,15.0,15,15,1
7378,5,86,469,7234,2.522,0.378,0.529,22.29,17,133,481
7379,3,7,1,7,0.143,1.0,1.0,7.0,7,7,1
7380,2,1,44,44,44.0,0.25,1.0,2.2,11,44,5
7381,3,18,1,18,0.056,1.0,1.0,18.0,18,18,1
7382,5,95,93,8835,0.979,0.675,0.902,3.63,966,968,644
7383,5,83,149,2367,1.795,0.388,0.472,28.77,804,838,167
7384,4,5,3,15,0.6,0.467,0.6,3.5,7,9,2
7385,1,4,6,24,1.5,0.417,0.5,10.0,10,12,1
7386,5,87,141,6367,0.754,0.415,0.884,4.69,947,301,333
7387,4,39,70,2730,1.795,0.09,0.255,7.0,245,697,35
7388,5,63,79,4977,1.254,0.338,0.345,186.78,681,718,9
7389,3,11,1,11,0.091,1.0,1.0,11.0,11,11,1
7390,5,68,135,2680,0.804,0.82,0.904,62.81,591,513,296
7391,1,16,344,5504,21.5,0.385,0.662,5.2,121,643,408
7392,1,11,49,539,4.455,0.343,0.666,4.3,185,359,43
7393,1,10,271,2710,27.1,0.251,0.754,1.88,679,44,362
7394,1,8,5,40,0.625,0.45,1.0,3.0,18,40,6
7395,5,95,93,8835,0.979,0.675,0.902,3.63,966,968,644
7396,2,24,510,2240,21.25,0.846,0.927,38.65,359,341,268
7397,3,42,7,294,0.167,0.282,0.432,2.18,83,127,38
7398,2,18,342,6156,19.0,0.847,0.897,43.48,217,522,120
7399,4,6,9,54,1.5,0.148,0.296,4.0,8,16,2
7400,1,9,55,495,6.111,0.255,0.697,1.38,126,345,91
7401,4,7,47,329,6.714,0.158,0.289,5.78,52,95,9
7402,2,1,16,16,16.0,1.0,1.0,16.0,16,16,1
7403,5,95,93,8835,0.979,0.675,0.902,3.63,966,968,644
7404,4,12,146,1752,12.167,0.091,0.128,26.67,160,225,6
7405,4,6,13,78,2.167,0.103,0.449,4.0,8,35,2
7406,4,4,8,32,2.0,0.344,0.531,5.5,11,17,2
7407,3,7,2,14,0.286,0.643,0.714,9.0,9,10,1
7408,3,4,2,8,0.5,0.875,0.875,7.0,7,7,1
7409,1,10,10,100,1.0,0.35,0.89,1.94,35,89,18
7410,4,31,105,3255,3.387,0.224,0.417,5.35,728,358,136
7411,2,1,23,23,23.0,0.826,1.0,19.0,19,23,1
7412,4,31,71,2201,2.29,0.159,0.296,10.29,350,651,34
7413,4,83,326,7058,3.928,0.286,0.671,7.55,741,149,25
7414,3,27,1,27,0.037,1.0,1.0,27.0,27,27,1
7415,4,97,198,9006,1.005,0.273,0.332,46.93,654,964,227
7416,3,27,4,108,0.148,0.333,0.667,2.57,36,72,14
7417,4,45,79,3555,1.756,0.087,0.195,4.81,308,693,64
7418,3,8,1,8,0.125,1.0,1.0,8.0,8,8,1
7419,3,27,1,27,0.037,1.0,1.0,27.0,27,27,1
7420,2,3,11,33,3.667,0.364,0.667,3.0,12,22,4
7421,3,16,1,16,0.063,1.0,1.0,16.0,16,16,1
7422,2,24,510,2240,21.25,0.846,0.927,38.65,359,341,268
7423,4,36,172,6192,4.778,0.128,0.337,4.84,793,86,164
7424,3,12,2,24,0.167,0.625,0.667,15.0,15,16,1
7425,1,6,32,192,5.333,0.292,0.698,1.37,56,134,41
7426,1,7,29,203,4.143,0.266,0.813,2.7,54,165,20
7427,2,1,255,255,255.0,0.686,1.0,4.86,175,255,36
7428,1,8,27,216,3.375,0.343,0.778,1.76,74,168,42
7429,3,9,1,9,0.111,1.0,1.0,9.0,9,9,1
7430,5,63,79,4977,1.254,0.338,0.345,186.78,681,718,9
7431,4,16,30,480,1.875,0.133,0.471,2.29,64,226,28
7432,2,2,21,42,10.5,0.452,1.0,6.33,19,42,3
7433,4,28,61,1708,2.179,0.172,0.509,1.97,294,870,149
7434,1,8,12,96,1.5,0.448,0.885,1.95,43,85,22
7435,2,1,34,34,34.0,0.471,1.0,1.07,16,34,15
7436,5,28,32,896,1.143,0.462,0.722,7.02,414,647,59
7437,1,12,27,324,2.25,0.318,0.898,2.64,103,291,39
7438,2,21,2,42,0.095,0.738,0.738,31.0,31,31,1
7439,4,4,5,20,1.25,0.35,0.8,2.33,7,16,3
7440,5,72,96,6912,1.333,0.488,0.582,15.69,374,25,215
7441,2,2,236,472,118.0,0.566,0.689,10.27,267,325,26
7442,3,14,1,14,0.071,1.0,1.0,14.0,14,14,1
7443,1,12,335,4020,27.917,0.4,0.677,4.61,606,722,348
7444,4,55,48,2640,0.873,0.142,0.364,4.26,375,960,88
7445,1,8,13,104,1.625,0.365,0.933,1.65,38,97,23
7446,3,66,3,198,0.045,0.657,0.909,2.6,130,180,50
7447,5,28,32,896,1.143,0.488,0.743,7.05,437,666,62
7448,3,27,4,108,0.148,0.38,0.75,2.56,41,81,16
7449,3,16,1,16,0.063,1.0,1.0,16.0,16,16,1
7450,4,16,29,464,1.813,0.144,0.496,2.58,67,230,26
7451,4,29,48,1392,1.655,0.116,0.268,5.06,162,373,32
7452,2,1,11,11,11.0,1.0,1.0,11.0,11,11,1
7453,3,5,2,210,0.019,0.529,0.533,111.0,111,112,1
7454,2,1,10,10,10.0,0.9,1.0,9.0,9,10,1
7455,1,10,317,3170,31.7,0.124,0.484,1.32,392,535,298
7456,5,28,32,896,1.143,0.488,0.743,7.05,437,666,62
7457,4,34,27,918,0.794,0.219,0.554,3.09,201,509,65
7458,3,7,1,7,0.143,1.0,1.0,7.0,7,7,1
7459,3,1,25,25,25.0,1.0,1.0,25.0,25,25,1
7460,4,8,9,72,1.125,0.125,0.319,4.5,9,23,2
7461,3,20,1,20,0.05,1.0,1.0,20.0,20,20,1
7462,5,28,347,4416,2.711,0.399,0.567,13.07,721,163,356
7463,2,2,536,1072,268.0,0.568,0.688,24.36,609,737,25
7464,5,63,161,6243,0.988,0.523,0.897,8.4,725,547,634
7465,3,18,1,18,0.056,1.0,1.0,18.0,18,18,1
7466,5,64,73,4672,1.141,0.403,0.445,72.38,882,77,26
7467,4,16,30,480,1.875,0.133,0.471,2.29,64,226,28
7468,3,17,2,34,0.118,0.706,0.706,24.0,24,24,1
7469,4,10,12,120,1.2,0.208,0.583,1.67,25,70,15
7470,5,28,32,896,1.143,0.462,0.722,7.02,414,647,59
7471,2,2,62,124,31.0,0.452,0.565,11.2,56,70,5
7472,1,12,8,96,0.667,0.302,1.0,2.9,29,96,10
7473,3,17,1,17,0.059,1.0,1.0,17.0,17,17,1
7474,5,83,149,2367,1.795,0.388,0.472,28.77,804,838,167
7475,1,5,3,15,0.6,0.6,1.0,4.5,9,15,2
7476,3,8,1,8,0.125,1.0,1.0,8.0,8,8,1
7477,2,1,27,27,27.0,0.407,1.0,1.83,11,27,6
7478,4,21,4,84,0.19,0.31,0.643,3.71,26,54,7
7479,4,22,22,484,1.0,0.107,0.473,1.79,52,229,29
7480,3,10,1,10,0.1,1.0,1.0,10.0,10,10,1
7481,4,5,4,20,0.8,0.45,0.65,4.5,9,13,2
7482,4,32,350,1200,10.938,0.142,0.402,3.96,588,497,401
7483,3,9,1,9,0.111,1.0,1.0,9.0,9,9,1
7484,4,9,6,54,0.667,0.407,0.519,5.5,22,28,4
7485,5,32,547,2204,4.144,0.37,0.483,20.66,693,874,292
7486,1,9,18,162,2.0,0.66,0.883,7.13,107,143,15
7487,4,5,3,15,0.6,0.467,0.6,3.5,7,9,2
7488,5,87,141,6367,0.754,0.415,0.884,4.69,947,301,333
7489,1,7,15,105,2.143,0.324,0.762,3.09,34,80,11
7490,1,6,13,78,2.167,0.295,1.0,1.53,23,78,15
7491,3,34,1,34,0.029,1.0,1.0,34.0,34,34,1
7492,1,12,23,276,1.917,0.576,0.79,9.94,159,218,16
7493,4,7,13,91,1.857,0.154,0.484,2.0,14,44,7
7494,4,37,20,740,0.541,0.131,0.193,4.22,97,143,23
7495,2,1,126,126,126.0,0.992,1.0,125.0,125,126,1
7496,1,31,322,9982,10.387,0.689,0.753,16.87,881,519,408
7497,5,28,32,896,1.143,0.481,0.742,7.43,431,665,58
7498,3,19,2,38,0.105,0.816,0.816,31.0,31,31,1
7499,3,14,1,14,0.071,1.0,1.0,14.0,14,14,1
7500,1,13,369,4797,28.385,0.397,0.662,4.79,906,176,398
7501,3,37,1,37,0.027,1.0,1.0,37.0,37,37,1
7502,3,14,1,14,0.071,1.0,1.0,14.0,14,14,1
7503,5,28,32,896,1.143,0.462,0.722,7.02,414,647,59
7504,3,12,2,24,0.167,0.625,0.667,15.0,15,16,1
7505,2,1,8,8,8.0,1.0,1.0,8.0,8,8,1
7506,3,58,3,174,0.052,0.339,0.345,59.0,59,60,1
7507,2,1,14,14,14.0,0.643,1.0,3.0,9,14,3
7508,4,4,8,32,2.0,0.344,0.531,5.5,11,17,2
7509,5,28,347,4416,2.711,0.399,0.567,13.07,721,163,356
7510,4,49,79,3871,1.612,0.084,0.179,7.36,324,694,44
7511,4,13,5,65,0.385,0.123,0.538,8.0,8,35,1
7512,4,68,34,2312,0.5,0.224,0.526,2.44,519,215,213
7513,5,83,149,2367,1.795,0.388,0.472,28.77,804,838,167
7514,4,86,67,5762,0.779,0.164,0.935,2.37,947,386,399
7515,3,10,1,10,0.1,1.0,1.0,10.0,10,10,1
7516,2,1,28,28,28.0,0.536,1.0,3.0,15,28,5
7517,4,6,465,2290,1.52,0.055,0.123,2.69,861,452,925
7518,1,14,187,2618,13.357,0.265,0.477,2.31,693,248,300
7519,3,9,1,9,0.111,1.0,1.0,9.0,9,9,1
7520,2,1,44,44,44.0,0.909,1.0,20.0,40,44,2
7521,2,1,106,106,106.0,0.434,1.0,1.02,46,106,45
7522,4,36,172,6192,4.778,0.128,0.337,4.84,793,86,164
7523,3,14,1,14,0.071,1.0,1.0,14.0,14,14,1
7524,3,31,1,31,0.032,1.0,1.0,31.0,31,31,1
7525,5,87,141,6367,0.754,0.415,0.884,4.69,947,301,333
7526,1,9,13,117,1.444,0.308,0.88,1.71,36,103,21
7527,5,28,347,4416,2.711,0.399,0.567,13.07,721,163,356
7528,2,3,500,1500,166.67,0.373,0.421,19.28,559,632,29
7529,5,68,145,4360,0.863,0.798,0.963,13.06,430,457,488
7530,3,18,1,18,0.056,1.0,1.0,18.0,18,18,1
7531,4,18,105,2390,0.89,0.052,0.105,3.33,642,296,193
7532,1,10,25,250,2.5,0.32,0.648,2.0,80,162,40
7533,2,1,94,94,94.0,0.564,1.0,3.31,53,94,16
7534,3,5,2,10,0.4,0.9,0.9,9.0,9,9,1
7535,3,9,1,9,0.111,1.0,1.0,9.0,9,9,1
7536,5,78,140,4920,0.787,0.574,0.649,21.52,292,177,664
7537,4,31,71,2201,2.29,0.159,0.296,10.29,350,651,34
7538,4,13,13,169,1.0,0.124,0.45,3.5,21,76,6
7539,1,10,10,100,1.0,0.35,0.89,1.94,35,89,18
7540,3,7,1,7,0.143,1.0,1.0,7.0,7,7,1
7541,3,10,1,10,0.1,1.0,1.0,10.0,10,10,1
7542,5,28,32,896,1.143,0.488,0.743,7.05,437,666,62
7543,2,1,277,277,277.0,1.0,1.0,277.0,277,277,1
7544,4,6,465,2290,1.52,0.055,0.123,2.69,861,452,925
7545,2,1,161,161,161.0,0.41,1.0,1.02,66,161,65
7546,2,1,20,20,20.0,0.85,1.0,8.5,17,20,2
7547,1,9,250,2250,27.778,0.305,0.711,2.18,686,600,314
7548,5,63,79,4977,1.254,0.338,0.345,186.78,681,718,9
7549,5,63,161,6243,0.988,0.523,0.897,8.4,725,547,634
7550,5,28,32,896,1.143,0.481,0.742,7.43,431,665,58
7551,5,29,32,928,1.103,0.432,0.689,6.27,401,639,64
7552,5,32,547,2204,4.144,0.37,0.483,20.66,693,874,292
7553,4,53,48,2544,0.906,0.181,0.374,4.69,460,951,98
7554,5,63,66,4158,1.048,0.491,0.591,44.37,41,458,46
7555,5,29,32,928,1.103,0.432,0.689,6.27,401,639,64
7556,5,83,149,2367,1.795,0.388,0.472,28.77,804,838,167
7557,5,74,471,1954,2.707,0.339,0.433,15.84,820,499,756
7558,3,9,1,9,0.111,1.0,1.0,9.0,9,9,1
7559,4,7,24,168,3.429,0.101,0.298,1.89,17,50,9
7560,2,1,71,71,71.0,0.521,1.0,2.31,37,71,16
7561,5,28,347,4416,2.711,0.399,0.567,13.07,721,163,356
7562,4,6,5,30,0.833,0.367,1.0,2.2,11,30,5
7563,2,2,20,40,10.0,0.675,0.675,27.0,27,27,1
7564,3,8,1,8,0.125,1.0,1.0,8.0,8,8,1
7565,1,7,389,2723,55.571,0.167,0.584,1.19,455,591,381
7566,5,29,32,928,1.103,0.432,0.689,6.27,401,639,64
7567,5,28,32,896,1.143,0.462,0.722,7.02,414,647,59
7568,2,1,8,8,8.0,0.875,1.0,7.0,7,8,1
7569,5,86,469,7234,2.522,0.378,0.529,22.29,17,133,481
7570,3,44,3,132,0.068,0.598,0.841,2.47,79,111,32
7571,5,72,96,6912,1.333,0.488,0.582,15.69,374,25,215
7572,4,16,29,464,1.813,0.144,0.496,2.58,67,230,26
7573,4,5,7,35,1.4,0.229,0.6,2.67,8,21,3
7574,3,31,1,31,0.032,1.0,1.0,31.0,31,31,1
7575,5,29,31,899,1.069,0.463,0.726,6.93,416,653,60
7576,4,68,34,2312,0.5,0.224,0.526,2.44,519,215,213
7577,3,9,1,9,0.111,1.0,1.0,9.0,9,9,1
7578,2,1,51,51,51.0,0.471,1.0,2.4,24,51,10
7579,2,1,196,196,196.0,0.98,1.0,64.0,192,196,3
7580,3,44,3,132,0.068,0.598,0.841,2.47,79,111,32
7581,3,10,1,10,0.1,0.9,1.0,9.0,9,10,1
7582,3,93,4,372,0.043,0.419,0.565,2.89,156,210,54
7583,4,68,34,2312,0.5,0.224,0.526,2.44,519,215,213
7584,5,28,347,4416,2.711,0.399,0.567,13.07,721,163,356
7585,3,61,30,7830,0.115,0.063,0.09,2.4,492,701,205
7586,2,1,16,16,16.0,1.0,1.0,16.0,16,16,1
7587,2,1,10,10,10.0,0.9,1.0,9.0,9,10,1
7588,5,93,104,9672,1.118,0.451,0.611,4.25,366,908,28
7589,2,1,196,196,196.0,0.98,1.0,64.0,192,196,3
7590,1,13,80,1040,6.154,0.434,0.536,5.57,451,557,81
7591,5,29,32,928,1.103,0.432,0.689,6.27,401,639,64
7592,1,9,83,747,9.222,0.293,0.751,2.28,219,561,96
7593,4,14,17,238,1.214,0.113,0.387,1.8,27,92,15
7594,4,22,22,484,1.0,0.107,0.473,1.79,52,229,29
7595,3,36,1,136,0.007,0.993,1.0,135.0,135,136,1
7596,4,30,61,1830,2.033,0.157,0.483,1.88,288,884,153
7597,5,28,32,896,1.143,0.488,0.743,7.05,437,666,62
7598,3,13,1,13,0.077,1.0,1.0,13.0,13,13,1
7599,1,6,9,54,1.5,0.296,0.796,2.0,16,43,8
7600,3,53,1,53,0.019,1.0,1.0,53.0,53,53,1
7601,4,53,48,2544,0.906,0.157,0.269,7.84,400,685,51
7602,4,60,286,5760,1.788,0.201,0.226,55.42,199,347,166
7603,2,1,23,23,23.0,0.348,1.0,1.6,8,23,5
7604,2,1,44,44,44.0,0.909,1.0,20.0,40,44,2
7605,1,5,2,10,0.4,0.7,0.7,7.0,7,7,1
7606,2,1,58,58,58.0,0.845,1.0,9.8,49,58,5
7607,3,9,2,18,0.222,0.611,0.722,11.0,11,13,1
7608,4,12,146,1752,12.167,0.091,0.128,26.67,160,225,6
7609,1,7,13,91,1.857,0.319,0.846,1.61,29,77,18
7610,2,9,13,117,1.444,0.103,0.752,4.0,12,88,3
7611,2,37,1,37,0.027,1.0,1.0,37.0,37,37,1
7612,2,2,64,128,32.0,0.43,0.602,3.93,55,77,14
7613,3,11,1,11,0.091,1.0,1.0,11.0,11,11,1
7614,1,10,11,110,1.1,0.2,0.545,2.2,22,60,10
7615,1,9,20,180,2.222,0.361,0.872,1.86,65,157,35
7616,5,65,50,3250,0.769,0.454,0.487,245.83,475,582,6
7617,5,93,104,9672,1.118,0.451,0.611,4.25,366,908,28
7618,4,14,17,238,1.214,0.113,0.387,1.8,27,92,15
7619,4,17,9,153,0.529,0.209,0.497,1.88,32,76,17
7620,2,1,14,14,14.0,0.857,1.0,12.0,12,14,1
7621,5,63,161,6243,0.988,0.523,0.897,8.4,725,547,634
7622,4,28,61,1708,2.179,0.172,0.509,1.97,294,870,149
7623,2,2,22,44,11.0,0.75,0.75,33.0,33,33,1
7624,1,7,54,378,7.714,0.497,0.849,3.42,188,321,55
7625,5,28,31,868,1.107,0.508,0.767,7.47,441,666,59
7626,1,14,57,798,4.071,0.727,0.951,11.84,580,759,49
7627,3,69,3,207,0.043,0.643,0.952,2.08,133,197,64
7628,2,1,35,35,35.0,0.829,1.0,9.67,29,35,3
7629,3,38,1,38,0.026,1.0,1.0,38.0,38,38,1
7630,3,8,1,8,0.125,1.0,1.0,8.0,8,8,1
7631,5,29,31,899,1.069,0.463,0.726,6.93,416,653,60
7632,3,9,1,9,0.111,1.0,1.0,9.0,9,9,1
7633,5,29,32,928,1.103,0.432,0.689,6.27,401,639,64
7634,3,42,1,42,0.024,1.0,1.0,42.0,42,42,1
7635,5,86,469,7234,2.522,0.378,0.529,22.29,17,133,481
7636,5,28,347,4416,2.711,0.399,0.567,13.07,721,163,356
7637,3,8,1,8,0.125,1.0,1.0,8.0,8,8,1
7638,3,19,2,38,0.105,0.816,0.816,31.0,31,31,1
7639,3,8,1,8,0.125,1.0,1.0,8.0,8,8,1
7640,5,68,135,2680,0.804,0.82,0.904,62.81,591,513,296
7641,5,64,73,4672,1.141,0.403,0.445,72.38,882,77,26
7642,4,85,69,5865,0.812,0.165,0.441,1.44,969,588,674
7643,1,7,15,105,2.143,0.705,0.971,6.17,74,102,12
7644,2,19,462,8778,24.316,0.523,0.688,16.88,591,35,272
7645,3,9,2,18,0.222,0.611,0.722,11.0,11,13,1
7646,1,8,40,320,5.0,0.481,0.988,2.61,154,316,59
7647,5,87,141,6367,0.754,0.415,0.884,4.69,947,301,333
7648,2,1,95,95,95.0,1.0,1.0,95.0,95,95,1
7649,4,8,9,72,1.125,0.125,0.319,4.5,9,23,2
7650,2,3,550,1650,183.33,0.329,0.375,27.15,543,619,20
7651,5,78,140,4920,0.787,0.574,0.649,21.52,292,177,664
7652,5,78,140,4920,0.787,0.574,0.649,21.52,292,177,664
7653,4,0,49,4900,0.49,0.093,0.4,1.77,458,958,259
7654,2,3,550,1650,183.33,0.329,0.375,27.15,543,619,20
7655,5,72,96,6912,1.333,0.488,0.582,15.69,374,25,215
7656,3,10,1,10,0.1,0.9,1.0,9.0,9,10,1
7657,1,6,31,186,5.167,0.199,0.565,1.85,37,105,20
7658,3,10,1,10,0.1,1.0,1.0,10.0,10,10,1
7659,2,2,415,830,207.5,0.505,0.578,16.76,419,480,25
7660,2,2,46,92,23.0,0.587,0.761,18.0,54,70,3
7661,1,12,122,1464,10.167,0.26,0.881,2.3,381,290,166
7662,5,74,471,1954,2.707,0.339,0.433,15.84,820,499,756
7663,4,11,48,528,4.364,0.237,0.39,7.35,125,206,17
7664,2,1,14,14,14.0,0.929,1.0,13.0,13,14,1
7665,5,29,32,928,1.103,0.476,0.72,7.25,442,668,61
7666,1,10,57,570,5.7,0.407,0.739,2.94,232,421,79
7667,2,2,22,44,11.0,0.75,0.75,33.0,33,33,1
7668,3,10,1,10,0.1,1.0,1.0,10.0,10,10,1
7669,4,8,5,40,0.625,0.275,0.45,3.67,11,18,3
7670,5,95,93,8835,0.979,0.675,0.902,3.63,966,968,644
7671,5,68,145,4360,0.863,0.798,0.963,13.06,430,457,488
7672,1,10,46,460,4.6,0.3,0.604,2.09,138,278,66
7673,1,10,126,1260,12.6,0.425,0.862,2.68,536,86,200
7674,3,8,1,8,0.125,1.0,1.0,8.0,8,8,1
7675,1,9,38,342,4.222,0.371,0.874,1.87,127,299,68
7676,5,86,469,7234,2.522,0.378,0.529,22.29,17,133,481
7677,1,7,4,28,0.571,0.25,0.893,1.75,7,25,4
7678,4,7,24,168,3.429,0.101,0.298,1.89,17,50,9
7679,5,29,31,899,1.069,0.463,0.726,6.93,416,653,60
7680,1,9,79,711,8.778,0.323,0.873,2.19,230,621,105
7681,1,7,14,98,2.0,0.378,1.0,1.95,37,98,19
7682,3,4,2,8,0.5,0.875,0.875,7.0,7,7,1
7683,1,7,243,1701,34.714,0.198,0.48,1.48,336,817,227
7684,2,1,95,95,95.0,1.0,1.0,95.0,95,95,1
7685,3,38,1,38,0.026,1.0,1.0,38.0,38,38,1
7686,4,17,9,153,0.529,0.209,0.497,1.88,32,76,17
7687,5,64,73,4672,1.141,0.403,0.445,72.38,882,77,26
7688,3,11,1,11,0.091,1.0,1.0,11.0,11,11,1
7689,4,4,5,20,1.25,0.35,0.8,2.33,7,16,3
7690,2,2,537,1074,268.5,0.556,0.655,24.88,597,704,24
7691,4,13,5,65,0.385,0.123,0.538,8.0,8,35,1
7692,3,42,1,42,0.024,1.0,1.0,42.0,42,42,1
7693,2,18,342,6156,19.0,0.847,0.897,43.48,217,522,120
7694,5,53,158,4174,1.033,0.587,0.641,46.95,180,491,302
7695,3,37,1,37,0.027,1.0,1.0,37.0,37,37,1
7696,5,63,79,4977,1.254,0.338,0.345,186.78,681,718,9
7697,5,65,50,3250,0.769,0.454,0.487,245.83,475,582,6
7698,5,95,93,8835,0.979,0.675,0.902,3.63,966,968,644
7699,5,68,145,4360,0.863,0.798,0.963,13.06,430,457,488
7700,5,83,149,2367,1.795,0.388,0.472,28.77,804,838,167
7701,5,28,347,4416,2.711,0.399,0.567,13.07,721,163,356
7702,5,64,73,4672,1.141,0.403,0.445,72.38,882,77,26
7703,2,1,14,14,14.0,1.0,1.0,14.0,14,14,1
7704,3,32,1,32,0.031,1.0,1.0,32.0,32,32,1
7705,3,76,1,76,0.013,1.0,1.0,76.0,76,76,1
7706,2,8,16,128,2.0,0.398,0.695,2.55,51,89,20
7707,2,2,236,472,118.0,0.566,0.689,10.27,267,325,26
7708,5,28,32,896,1.143,0.481,0.742,7.43,431,665,58
7709,5,28,32,896,1.143,0.462,0.722,7.02,414,647,59
7710,4,9,17,153,1.889,0.144,0.458,3.14,22,70,7
7711,1,24,187,4488,7.792,0.485,0.918,8.16,178,122,267
7712,1,8,14,112,1.75,0.321,0.938,1.71,36,105,21
7713,1,10,49,490,4.9,0.529,0.939,3.01,259,460,86
7714,1,10,83,830,8.3,0.357,0.813,2.28,296,675,130
7715,4,83,314,6062,3.783,0.298,0.671,8.75,772,482,888
7716,4,11,463,3993,1.489,0.088,0.16,3.93,631,92,212
7717,4,30,61,1830,2.033,0.157,0.483,1.88,288,884,153
7718,4,13,5,65,0.385,0.323,0.554,5.25,21,36,4
7719,5,68,135,2680,0.804,0.82,0.904,62.81,591,513,296
7720,4,15,14,210,0.933,0.11,0.338,1.92,23,71,12
7721,4,39,70,2730,1.795,0.09,0.255,7.0,245,697,35
7722,2,1,98,98,98.0,0.939,1.0,30.67,92,98,3
7723,4,32,106,3392,3.313,0.198,0.395,4.56,671,341,147
7724,3,15,1,15,0.067,1.0,1.0,15.0,15,15,1
7725,5,95,93,8835,0.979,0.675,0.902,3.63,966,968,644
7726,5,83,149,2367,1.795,0.388,0.472,28.77,804,838,167
7727,5,28,32,896,1.143,0.488,0.743,7.05,437,666,62
7728,4,6,5,30,0.833,0.233,0.633,1.75,7,19,4
7729,1,8,35,280,4.375,0.418,0.929,2.39,117,260,49
7730,5,72,96,6912,1.333,0.488,0.582,15.69,374,25,215
7731,3,17,1,117,0.009,1.0,1.0,117.0,117,117,1
7732,5,65,50,3250,0.769,0.454,0.487,245.83,475,582,6
7733,5,28,347,4416,2.711,0.399,0.567,13.07,721,163,356
7734,4,97,198,9006,1.005,0.273,0.332,46.93,654,964,227
7735,4,53,48,2544,0.906,0.181,0.374,4.69,460,951,98
7736,5,95,93,8835,0.979,0.675,0.902,3.63,966,968,644
7737,5,28,31,868,1.107,0.492,0.745,7.49,427,647,57
7738,2,6,47,282,7.833,0.202,0.202,57.0,57,57,1
7739,5,29,32,928,1.103,0.432,0.689,6.27,401,639,64
7740,5,68,135,2680,0.804,0.82,0.904,62.81,591,513,296
7741,3,15,1,15,0.067,1.0,1.0,15.0,15,15,1
7742,5,68,145,4360,0.863,0.798,0.963,13.06,430,457,488
7743,3,42,7,294,0.167,0.282,0.432,2.18,83,127,38
7744,2,1,52,52,52.0,0.788,1.0,10.25,41,52,4
7745,2,1,73,73,73.0,0.616,1.0,3.75,45,73,12
7746,2,1,77,77,77.0,0.403,1.0,5.17,31,77,6
7747,1,11,44,484,4.0,0.314,0.75,1.92,152,363,79
7748,4,15,14,210,0.933,0.11,0.338,1.92,23,71,12
7749,2,18,342,6156,19.0,0.847,0.897,43.48,217,522,120
7750,5,29,31,899,1.069,0.463,0.726,6.93,416,653,60
7751,4,8,4,32,0.5,0.438,0.594,7.0,14,19,2
7752,4,60,286,5760,1.788,0.201,0.226,55.42,199,347,166
7753,3,17,2,34,0.118,0.706,0.706,24.0,24,24,1
7754,2,11,427,4697,38.818,0.566,0.57,189.79,657,676,14
7755,1,9,41,369,4.556,0.444,0.976,2.88,164,360,57
7756,4,85,69,5865,0.812,0.165,0.441,1.44,969,588,674
7757,1,10,250,2500,25.0,0.12,0.603,1.19,301,507,253
7758,5,95,93,8835,0.979,0.675,0.902,3.63,966,968,644
7759,3,31,1,31,0.032,1.0,1.0,31.0,31,31,1
7760,4,8,5,40,0.625,0.275,0.45,3.67,11,18,3
7761,4,21,4,84,0.19,0.31,0.643,3.71,26,54,7
7762,5,87,137,5619,0.733,0.899,0.991,29.29,25,400,786
7763,4,13,5,65,0.385,0.123,0.538,8.0,8,35,1
7764,1,5,3,15,0.6,0.467,1.0,7.0,7,15,1
7765,5,65,50,3250,0.769,0.454,0.487,245.83,475,582,6
7766,4,45,79,3555,1.756,0.087,0.195,4.81,308,693,64
7767,2,1,10,10,10.0,1.0,1.0,10.0,10,10,1
7768,5,63,161,6243,0.988,0.523,0.897,8.4,725,547,634
7769,2,1,11,11,11.0,1.0,1.0,11.0,11,11,1
7770,2,2,99,198,49.5,0.253,0.616,4.55,50,122,11
7771,4,12,4,48,0.333,0.292,1.0,2.0,14,48,7
7772,3,36,1,136,0.007,0.993,1.0,135.0,135,136,1
7773,1,9,20,180,2.222,0.361,0.7,2.32,65,126,28
7774,4,4,8,32,2.0,0.344,0.531,5.5,11,17,2
7775,5,86,469,7234,2.522,0.378,0.529,22.29,17,133,481
7776,3,11,2,22,0.182,0.636,0.636,14.0,14,14,1
7777,5,64,73,4672,1.141,0.403,0.445,72.38,882,77,26
7778,4,52,48,2496,0.923,0.138,0.248,7.67,345,619,45
7779,3,42,7,294,0.167,0.282,0.432,2.18,83,127,38
7780,1,9,60,540,6.667,0.413,0.822,2.75,223,444,81
7781,3,32,1,32,0.031,1.0,1.0,32.0,32,32,1
7782,4,6,465,2290,1.52,0.055,0.123,2.69,861,452,925
7783,2,3,541,1623,180.33,0.71,0.747,88.62,152,213,13
7784,1,7,148,1036,21.143,0.184,0.816,1.2,191,845,159
7785,4,36,96,3456,2.667,0.096,0.207,7.7,331,717,43
7786,1,5,52,260,10.4,0.208,0.542,1.35,54,141,40
7787,2,1,62,62,62.0,0.984,1.0,61.0,61,62,1
7788,2,1,22,22,22.0,0.5,1.0,1.83,11,22,6
7789,4,83,314,6062,3.783,0.298,0.671,8.75,772,482,888
7790,3,14,1,14,0.071,1.0,1.0,14.0,14,14,1
7791,5,66,472,8352,2.843,0.359,0.547,17.12,93,821,641
7792,1,6,54,324,9.0,0.549,0.96,3.36,178,311,53
7793,4,17,60,1020,3.529,0.139,0.371,7.1,142,378,20
7794,5,28,32,896,1.143,0.488,0.743,7.05,437,666,62
7795,4,58,167,6386,1.057,0.16,0.276,8.24,213,279,511
7796,1,7,14,98,2.0,0.337,0.898,1.94,33,88,17
7797,1,13,239,3107,18.385,0.239,0.615,2.16,742,912,343
7798,3,8,1,8,0.125,1.0,1.0,8.0,8,8,1
7799,1,38,69,2622,1.816,0.476,0.839,4.27,247,201,292
7800,4,9,17,153,1.889,0.144,0.458,3.14,22,70,7
7801,3,76,1,76,0.013,1.0,1.0,76.0,76,76,1
7802,2,1,14,14,14.0,0.929,1.0,13.0,13,14,1
7803,1,11,118,1298,10.727,0.459,0.742,4.81,596,963,124
7804,2,2,98,196,49.0,0.48,0.653,9.4,94,128,10
7805,2,3,113,339,37.667,0.41,0.472,13.9,139,160,10
7806,2,1,40,40,40.0,1.0,1.0,40.0,40,40,1
7807,5,28,32,896,1.143,0.488,0.743,7.05,437,666,62
7808,1,14,203,2842,14.5,0.362,0.67,4.36,28,904,236
7809,4,53,442,7626,2.889,0.114,0.215,6.27,689,538,227
7810,3,9,1,9,0.111,1.0,1.0,9.0,9,9,1
7811,5,66,472,8352,2.843,0.359,0.547,17.12,93,821,641
7812,3,31,1,31,0.032,1.0,1.0,31.0,31,31,1
7813,1,10,271,2710,27.1,0.193,0.769,1.28,524,84,409
7814,3,76,1,76,0.013,1.0,1.0,76.0,76,76,1
7815,2,2,49,98,24.5,0.51,0.51,50.0,50,50,1
7816,2,1,11,11,11.0,1.0,1.0,11.0,11,11,1
7817,4,16,30,480,1.875,0.133,0.471,2.29,64,226,28
7818,2,1,44,44,44.0,0.909,1.0,20.0,40,44,2
7819,5,87,141,6367,0.754,0.415,0.884,4.69,947,301,333
7820,2,6,21,126,3.5,0.246,0.254,31.0,31,32,1
7821,1,17,403,6851,23.706,0.349,0.521,5.43,388,568,440
7822,3,9,1,9,0.111,1.0,1.0,9.0,9,9,1
7823,5,28,31,868,1.107,0.508,0.767,7.47,441,666,59
7824,2,1,11,11,11.0,0.909,1.0,10.0,10,11,1
7825,2,2,176,352,88.0,0.528,0.605,31.0,186,213,6
7826,1,7,18,126,2.571,0.214,0.929,1.13,27,117,24
7827,4,34,25,850,0.735,0.256,0.534,2.06,218,454,106
7828,3,9,1,9,0.111,1.0,1.0,9.0,9,9,1
7829,2,1,23,23,23.0,0.348,1.0,1.6,8,23,5
7830,1,11,102,1122,9.273,0.289,0.829,1.87,324,930,173
7831,1,7,29,203,4.143,0.281,0.783,1.33,57,159,43
7832,1,8,33,264,4.125,0.424,0.867,2.24,112,229,50
7833,1,7,215,1505,30.714,0.538,0.993,3.2,810,495,253
7834,5,28,32,896,1.143,0.462,0.722,7.02,414,647,59
7835,1,1,14,14,14.0,0.571,1.0,2.67,8,14,3
7836,3,76,1,76,0.013,1.0,1.0,76.0,76,76,1
7837,3,32,1,32,0.031,1.0,1.0,32.0,32,32,1
7838,2,1,22,22,22.0,0.5,1.0,1.83,11,22,6
7839,1,8,17,136,2.125,0.265,0.566,1.71,36,77,21
7840,5,68,135,2680,0.804,0.82,0.904,62.81,591,513,296
7841,1,9,47,423,5.222,0.307,0.872,2.03,130,369,64
7842,5,86,469,7234,2.522,0.378,0.529,22.29,17,133,481
7843,5,28,31,868,1.107,0.508,0.767,7.47,441,666,59
7844,1,7,21,147,3.0,0.327,0.728,1.41,48,107,34
7845,4,5,7,35,1.4,0.229,0.6,2.67,8,21,3
7846,3,16,1,16,0.063,1.0,1.0,16.0,16,16,1
7847,2,2,46,92,23.0,0.587,0.761,18.0,54,70,3
7848,4,7,24,168,3.429,0.101,0.298,1.89,17,50,9
7849,1,11,272,2992,24.727,0.26,0.681,1.82,778,38,428
7850,2,5,333,1665,66.6,0.374,0.413,36.65,623,688,17
7851,1,7,21,147,3.0,0.327,0.912,1.71,48,134,28
7852,5,78,140,4920,0.787,0.574,0.649,21.52,292,177,664
7853,1,10,108,1080,10.8,0.319,0.746,2.14,345,806,161
7854,3,9,1,9,0.111,1.0,1.0,9.0,9,9,1
7855,1,7,191,1337,27.286,0.307,0.748,1.66,411,0,247
7856,1,9,32,288,3.556,0.333,0.861,1.68,96,248,57
7857,3,58,3,174,0.052,0.339,0.345,59.0,59,60,1
7858,1,8,6,48,0.75,0.583,0.813,7.0,28,39,4
7859,3,31,1,31,0.032,1.0,1.0,31.0,31,31,1
7860,3,84,1,84,0.012,1.0,1.0,84.0,84,84,1
7861,5,28,31,868,1.107,0.508,0.767,7.47,441,666,59
7862,5,78,140,4920,0.787,0.574,0.649,21.52,292,177,664
7863,1,9,35,315,3.889,0.59,0.86,3.88,186,271,48
7864,4,67,30,2010,0.448,0.169,0.46,2.26,339,924,150
7865,5,28,32,896,1.143,0.462,0.722,7.02,414,647,59
7866,3,10,1,10,0.1,0.9,1.0,9.0,9,10,1
7867,2,1,11,11,11.0,1.0,1.0,11.0,11,11,1
7868,4,36,172,6192,4.778,0.128,0.337,4.84,793,86,164
7869,4,7,47,329,6.714,0.158,0.289,5.78,52,95,9
7870,2,1,14,14,14.0,0.643,1.0,3.0,9,14,3
7871,2,1,39,39,39.0,0.897,1.0,8.75,35,39,4
7872,4,16,4,64,0.25,0.156,0.531,5.0,10,34,2
7873,2,2,112,224,56.0,0.496,0.504,55.5,111,113,2
7874,5,28,31,868,1.107,0.508,0.767,7.47,441,666,59
7875,3,9,1,9,0.111,1.0,1.0,9.0,9,9,1
7876,5,63,66,4158,1.048,0.491,0.591,44.37,41,458,46
7877,4,12,464,8368,2.189,0.052,0.07,11.84,66,884,428
7878,1,10,292,2920,29.2,0.203,0.649,1.5,594,896,397
7879,2,2,100,200,50.0,0.46,0.505,11.5,92,101,8
7880,2,1,8,8,8.0,1.0,1.0,8.0,8,8,1
7881,3,9,1,9,0.111,1.0,1.0,9.0,9,9,1
7882,5,32,547,2204,4.144,0.37,0.483,20.66,693,874,292
7883,3,8,1,8,0.125,1.0,1.0,8.0,8,8,1
7884,2,2,18,36,9.0,0.722,0.722,26.0,26,26,1
7885,1,9,82,738,9.111,0.428,0.936,2.38,316,691,133
7886,2,11,552,6072,50.182,0.816,0.816,955.0,955,955,1
7887,5,93,104,9672,1.118,0.451,0.611,4.25,366,908,28
7888,1,22,71,1562,3.227,0.536,0.876,11.64,838,368,72
7889,5,72,96,6912,1.333,0.488,0.582,15.69,374,25,215
7890,1,5,20,100,4.0,0.17,0.48,1.55,17,48,11
7891,2,1,29,29,29.0,1.0,1.0,29.0,29,29,1
7892,3,13,1,13,0.077,1.0,1.0,13.0,13,13,1
7893,2,2,204,408,102.0,0.412,0.681,10.5,168,278,16
7894,5,63,66,4158,1.048,0.491,0.591,44.37,41,458,46
7895,1,7,32,224,4.571,0.308,0.777,1.25,69,174,55
7896,2,2,101,202,50.5,0.54,0.743,10.9,109,150,10
7897,4,4,7,28,1.75,0.286,1.0,2.0,8,28,4
7898,5,72,96,6912,1.333,0.488,0.582,15.69,374,25,215
7899,2,2,535,1070,267.5,0.545,0.629,24.29,583,673,24
7900,1,8,12,96,1.5,0.521,0.958,2.5,50,92,20
7901,3,8,1,8,0.125,1.0,1.0,8.0,8,8,1
7902,3,31,1,31,0.032,1.0,1.0,31.0,31,31,1
7903,4,9,17,153,1.889,0.144,0.458,3.14,22,70,7
7904,5,29,32,928,1.103,0.476,0.72,7.25,442,668,61
7905,4,14,19,266,1.357,0.113,0.504,30.0,30,134,1
7906,1,8,16,128,2.0,0.406,0.93,1.68,52,119,31
7907,2,1,102,102,102.0,0.961,1.0,24.5,98,102,4
7908,2,24,510,2240,21.25,0.846,0.927,38.65,359,341,268
7909,1,8,13,104,1.625,0.49,0.913,2.68,51,95,19
7910,3,58,3,174,0.052,0.339,0.345,59.0,59,60,1
7911,2,1,17,17,17.0,0.765,1.0,3.25,13,17,4
7912,4,33,28,924,0.848,0.098,0.271,5.69,91,250,16
7913,5,28,31,868,1.107,0.492,0.745,7.49,427,647,57
7914,2,1,33,33,33.0,0.667,1.0,3.67,22,33,6
7915,1,7,31,217,4.429,0.415,0.783,2.31,90,170,39
7916,2,1,63,63,63.0,0.952,1.0,20.0,60,63,3
7917,2,3,183,549,61.0,0.488,0.577,29.78,268,317,9
7918,3,27,1,27,0.037,1.0,1.0,27.0,27,27,1
7919,5,64,73,4672,1.141,0.403,0.445,72.38,882,77,26
7920,1,8,26,208,3.25,0.37,0.654,2.41,77,136,32
7921,1,8,7,56,0.875,0.411,1.0,2.09,23,56,11
7922,1,5,31,155,6.2,0.361,0.974,1.56,56,151,36
7923,1,6,129,774,21.5,0.195,0.565,1.35,151,437,112
7924,4,4,11,44,2.75,0.159,0.932,1.75,7,41,4
7925,3,58,3,174,0.052,0.339,0.345,59.0,59,60,1
7926,3,13,1,13,0.077,1.0,1.0,13.0,13,13,1
7927,3,22,1,22,0.045,1.0,1.0,22.0,22,22,1
7928,1,11,262,2882,23.818,0.259,0.788,1.94,747,271,386
7929,1,9,97,873,10.778,0.455,0.939,2.28,397,820,174
7930,1,1,9,9,9.0,0.778,1.0,7.0,7,9,1
7931,2,3,470,1410,156.67,0.352,0.387,23.62,496,545,21
7932,3,31,1,31,0.032,1.0,1.0,31.0,31,31,1
7933,3,6,21,126,3.5,0.198,0.444,1.67,25,56,15
7934,5,68,145,4360,0.863,0.798,0.963,13.06,430,457,488
7935,5,68,145,4360,0.863,0.798,0.963,13.06,430,457,488
7936,3,9,1,9,0.111,1.0,1.0,9.0,9,9,1
7937,5,28,31,868,1.107,0.492,0.745,7.49,427,647,57
7938,4,10,12,120,1.2,0.208,0.583,1.67,25,70,15
7939,3,39,1,39,0.026,1.0,1.0,39.0,39,39,1
7940,2,24,510,2240,21.25,0.846,0.927,38.65,359,341,268
7941,4,31,105,3255,3.387,0.224,0.417,5.35,728,358,136
7942,4,20,39,780,1.95,0.14,0.405,3.21,109,316,34
7943,5,29,31,899,1.069,0.463,0.726,6.93,416,653,60
7944,4,8,9,72,1.125,0.125,0.319,4.5,9,23,2
7945,2,1,8,8,8.0,0.875,1.0,7.0,7,8,1
7946,3,58,3,174,0.052,0.339,0.345,59.0,59,60,1
7947,5,66,472,8352,2.843,0.359,0.547,17.12,93,821,641
7948,5,87,141,6367,0.754,0.415,0.884,4.69,947,301,333
7949,5,64,73,4672,1.141,0.403,0.445,72.38,882,77,26
7950,2,3,537,1611,179.0,0.345,0.405,22.24,556,652,25
7951,1,8,14,112,1.75,0.446,0.973,2.27,50,109,22
7952,1,7,17,119,2.429,0.361,0.782,1.65,43,93,26
7953,3,10,1,10,0.1,1.0,1.0,10.0,10,10,1
7954,5,93,104,9672,1.118,0.451,0.611,4.25,366,908,28
7955,4,86,67,5762,0.779,0.164,0.935,2.37,947,386,399
7956,2,1,70,70,70.0,1.0,1.0,70.0,70,70,1
7957,4,14,19,266,1.357,0.128,0.541,2.83,34,144,12
7958,2,2,537,1074,268.5,0.523,0.567,62.44,562,609,9
7959,3,11,1,11,0.091,1.0,1.0,11.0,11,11,1
7960,2,1,11,11,11.0,0.909,1.0,10.0,10,11,1
7961,3,17,1,117,0.009,1.0,1.0,117.0,117,117,1
7962,1,10,18,180,1.8,0.522,0.772,8.55,94,139,11
7963,1,9,34,306,3.778,0.363,0.863,1.76,111,264,63
7964,4,16,30,480,1.875,0.133,0.471,2.29,64,226,28
7965,1,12,101,1212,8.417,0.292,0.792,1.99,354,960,178
7966,4,28,61,1708,2.179,0.172,0.509,1.97,294,870,149
7967,3,94,2,188,0.021,0.516,0.516,97.0,97,97,1
7968,5,28,32,896,1.143,0.481,0.742,7.43,431,665,58
7969,4,16,21,336,1.313,0.095,0.515,1.6,32,173,20
7970,2,1,15,15,15.0,0.533,1.0,2.0,8,15,4
7971,4,97,198,9006,1.005,0.273,0.332,46.93,654,964,227
7972,1,13,38,494,2.923,0.314,0.957,3.6,155,473,43
7973,4,45,79,3555,1.756,0.087,0.195,4.81,308,693,64
7974,4,29,48,1392,1.655,0.116,0.268,5.06,162,373,32
7975,2,1,19,19,19.0,0.579,1.0,3.67,11,19,3
7976,4,18,105,2390,0.89,0.052,0.105,3.33,642,296,193
7977,3,10,1,10,0.1,1.0,1.0,10.0,10,10,1
7978,2,1,46,46,46.0,0.239,1.0,1.38,11,46,8
7979,5,66,472,8352,2.843,0.359,0.547,17.12,93,821,641
7980,5,63,79,4977,1.254,0.338,0.345,186.78,681,718,9
7981,4,6,12,72,2.0,0.139,0.514,1.43,10,37,7
7982,2,1,63,63,63.0,0.587,1.0,2.31,37,63,16
7983,5,28,32,896,1.143,0.462,0.722,7.02,414,647,59
7984,3,8,1,8,0.125,1.0,1.0,8.0,8,8,1
7985,4,6,9,54,1.5,0.148,0.296,4.0,8,16,2
7986,5,95,93,8835,0.979,0.675,0.902,3.63,966,968,644
7987,5,93,104,9672,1.118,0.451,0.611,4.25,366,908,28
7988,3,25,1,25,0.04,1.0,1.0,25.0,25,25,1
7989,5,29,31,899,1.069,0.463,0.726,6.93,416,653,60
7990,3,8,1,8,0.125,1.0,1.0,8.0,8,8,1
7991,1,3,3,9,1.0,0.889,0.889,8.0,8,8,1
7992,4,85,69,5865,0.812,0.165,0.441,1.44,969,588,674
7993,4,4,463,752,1.523,0.063,0.121,3.91,898,81,273
7994,2,1,199,199,199.0,0.945,1.0,37.6,188,199,5
7995,4,1,99,9999,0.98,0.14,0.778,2.02,398,780,691
7996,2,3,550,1650,183.33,0.329,0.375,27.15,543,619,20
7997,3,94,2,188,0.021,0.516,0.516,97.0,97,97,1
7998,5,53,158,4174,1.033,0.587,0.641,46.95,180,491,302
7999,4,6,465,2290,1.52,0.055,0.123,2.69,861,452,925
8000,3,8,1,8,0.125,1.0,1.0,8.0,8,8,1
8001,3,17,1,17,0.059,1.0,1.0,17.0,17,17,1
8002,4,31,105,3255,3.387,0.242,0.456,4.89,787,485,161
8003,2,7,14,98,2.0,0.102,0.204,10.0,10,20,1
8004,3,8,1,8,0.125,1.0,1.0,8.0,8,8,1
8005,1,8,12,96,1.5,0.458,0.865,2.1,44,83,21
8006,1,10,249,2490,24.9,0.294,0.636,2.32,731,584,315
8007,2,2,116,232,58.0,0.616,0.802,17.88,143,186,8
8008,5,28,31,868,1.107,0.492,0.745,7.49,427,647,57
8009,4,13,13,169,1.0,0.124,0.45,3.5,21,76,6
8010,4,38,70,2660,1.842,0.059,0.062,19.63,157,165,8
8011,2,1,23,23,23.0,0.348,1.0,1.6,8,23,5
8012,3,9,1,9,0.111,1.0,1.0,9.0,9,9,1
8013,1,11,51,561,4.636,0.294,0.824,2.06,165,462,80
8014,2,1,13,13,13.0,0.846,1.0,5.5,11,13,2
8015,5,95,93,8835,0.979,0.675,0.902,3.63,966,968,644
8016,3,18,1,18,0.056,1.0,1.0,18.0,18,18,1
8017,1,9,82,738,9.111,0.374,0.866,2.3,276,639,120
8018,2,2,9,18,4.5,0.556,0.556,10.0,10,10,1
8019,3,4,11,8844,0.014,0.191,0.233,15.64,689,58,108
8020,2,6,142,852,23.667,0.115,0.173,6.53,98,147,15
8021,4,49,79,3871,1.612,0.084,0.179,7.36,324,694,44
8022,3,8,1,8,0.125,1.0,1.0,8.0,8,8,1
8023,5,93,104,9672,1.118,0.451,0.611,4.25,366,908,28
8024,4,31,105,3255,3.387,0.242,0.456,4.89,787,485,161
8025,3,8,1,8,0.125,1.0,1.0,8.0,8,8,1
8026,1,9,169,1521,18.778,0.343,0.696,2.61,522,58,200
8027,4,52,48,2496,0.923,0.138,0.248,7.67,345,619,45
8028,5,53,158,4174,1.033,0.587,0.641,46.95,180,491,302
8029,2,1,9,9,9.0,0.778,1.0,7.0,7,9,1
8030,1,11,15,165,1.364,0.358,0.752,2.19,59,124,27
8031,1,7,116,812,16.571,0.262,0.788,1.84,213,640,116
8032,3,13,1,13,0.077,1.0,1.0,13.0,13,13,1
8033,2,1,17,17,17.0,0.765,1.0,6.5,13,17,2
8034,4,11,463,3993,1.489,0.088,0.16,3.93,631,92,212
8035,1,9,268,2412,29.778,0.465,0.694,6.3,122,675,178
8036,3,7,1,7,0.143,1.0,1.0,7.0,7,7,1
8037,1,12,20,240,1.667,0.525,0.854,9.0,126,205,14
8038,2,28,330,9240,11.786,0.057,0.066,31.0,527,614,17
8039,2,4,19,76,4.75,0.276,0.382,5.25,21,29,4
8040,5,32,547,2204,4.144,0.37,0.483,20.66,693,874,292
8041,3,54,1,54,0.019,1.0,1.0,54.0,54,54,1
8042,5,65,50,3250,0.769,0.454,0.487,245.83,475,582,6
8043,2,1,18,18,18.0,0.5,1.0,3.0,9,18,3
8044,3,11,1,11,0.091,1.0,1.0,11.0,11,11,1
8045,4,5,4,20,0.8,0.45,0.65,4.5,9,13,2
8046,5,29,32,928,1.103,0.476,0.72,7.25,442,668,61
8047,4,4,11,44,2.75,0.159,0.932,1.75,7,41,4
8048,3,31,1,31,0.032,1.0,1.0,31.0,31,31,1
8049,4,33,28,924,0.848,0.098,0.271,5.69,91,250,16
8050,3,84,1,84,0.012,1.0,1.0,84.0,84,84,1
8051,2,1,255,255,255.0,0.686,1.0,4.86,175,255,36
8052,3,5,2,210,0.019,0.529,0.533,111.0,111,112,1
8053,3,7,2,14,0.286,0.643,0.714,9.0,9,10,1
8054,4,14,19,266,1.357,0.113,0.504,30.0,30,134,1
8055,5,28,32,896,1.143,0.462,0.722,7.02,414,647,59
8056,4,5,7,35,1.4,0.229,0.6,2.67,8,21,3
8057,5,32,547,2204,4.144,0.37,0.483,20.66,693,874,292
8058,3,69,3,207,0.043,0.643,0.952,2.08,133,197,64
8059,2,1,85,85,85.0,0.882,1.0,12.5,75,85,6
8060,2,1,136,136,136.0,0.963,1.0,32.75,131,136,4
8061,5,68,135,2680,0.804,0.82,0.904,62.81,591,513,296
8062,2,1,19,19,19.0,0.789,1.0,3.75,15,19,4
8063,1,3,56,168,18.667,0.065,0.5,1.38,11,84,8
8064,5,63,79,4977,1.254,0.338,0.345,186.78,681,718,9
8065,2,1,34,34,34.0,0.353,1.0,1.71,12,34,7
8066,4,36,172,6192,4.778,0.128,0.337,4.84,793,86,164
8067,2,1,22,22,22.0,0.955,1.0,21.0,21,22,1
8068,4,34,27,918,0.794,0.219,0.554,3.09,201,509,65
8069,1,10,155,1550,15.5,0.35,0.678,2.78,542,51,195
8070,3,12,2,24,0.167,0.625,0.667,15.0,15,16,1
8071,2,1,187,187,187.0,0.963,1.0,25.71,180,187,7
8072,3,32,1,32,0.031,1.0,1.0,32.0,32,32,1
8073,5,28,32,896,1.143,0.481,0.742,7.43,431,665,58
8074,5,29,32,928,1.103,0.476,0.72,7.25,442,668,61
8075,4,19,47,893,2.474,0.078,0.112,3.89,70,100,18
8076,2,1,10,10,10.0,1.0,1.0,10.0,10,10,1
8077,4,12,464,8368,2.189,0.052,0.07,11.84,66,884,428
8078,4,12,146,1752,12.167,0.091,0.128,26.67,160,225,6
8079,3,14,1,14,0.071,1.0,1.0,14.0,14,14,1
8080,3,8,1,8,0.125,1.0,1.0,8.0,8,8,1
8081,1,9,86,774,9.556,0.301,0.647,2.22,233,501,105
8082,5,28,32,896,1.143,0.481,0.742,7.43,431,665,58
8083,1,71,34,2414,0.479,0.094,0.273,1.91,227,659,119
8084,1,10,9,90,0.9,0.644,0.689,58.0,58,62,1
8085,4,9,6,54,0.667,0.407,0.519,5.5,22,28,4
8086,2,2,64,128,32.0,0.43,0.602,3.93,55,77,14
8087,5,74,471,1954,2.707,0.339,0.433,15.84,820,499,756
8088,3,23,1,23,0.043,1.0,1.0,23.0,23,23,1
8089,3,39,1,39,0.026,1.0,1.0,39.0,39,39,1
8090,4,32,106,3392,3.313,0.198,0.395,4.56,671,341,147
8091,3,7,1,7,0.143,1.0,1.0,7.0,7,7,1
8092,3,8,1,8,0.125,1.0,1.0,8.0,8,8,1
8093,1,12,142,1704,11.833,0.337,0.759,3.04,575,293,189
8094,2,1,8,8,8.0,1.0,1.0,8.0,8,8,1
8095,2,2,98,196,49.0,0.48,0.653,9.4,94,128,10
8096,1,12,58,696,4.833,0.343,0.803,3.85,239,559,62
8097,3,42,1,42,0.024,1.0,1.0,42.0,42,42,1
8098,2,5,128,640,25.6,0.759,0.764,162.0,486,489,3
8099,2,2,32,64,16.0,0.516,0.531,33.0,33,34,1
8100,4,21,68,1428,3.238,0.052,0.109,5.69,74,156,13
8101,4,8,1,8,0.125,0.875,1.0,7.0,7,8,1
8102,2,3,116,348,38.667,0.385,0.494,33.5,134,172,4
8103,3,98,3,294,0.031,0.48,0.486,141.0,141,143,1
8104,1,7,86,602,12.286,0.244,0.831,1.27,147,500,116
8105,1,8,8,64,1.0,0.438,0.813,4.67,28,52,6
8106,5,28,32,896,1.143,0.462,0.722,7.02,414,647,59
8107,2,11,252,2772,22.909,0.092,0.095,63.75,255,262,4
8108,3,93,4,372,0.043,0.419,0.565,2.89,156,210,54
8109,5,66,472,8352,2.843,0.359,0.547,17.12,93,821,641
8110,1,11,30,330,2.727,0.379,0.739,3.05,125,244,41
8111,4,1,99,9999,0.98,0.14,0.778,2.02,398,780,691
8112,5,66,472,8352,2.843,0.359,0.547,17.12,93,821,641
8113,5,74,471,1954,2.707,0.339,0.433,15.84,820,499,756
8114,2,1,257,257,257.0,1.0,1.0,257.0,257,257,1
8115,5,29,32,928,1.103,0.432,0.689,6.27,401,639,64
8116,5,63,66,4158,1.048,0.491,0.591,44.37,41,458,46
8117,2,1,13,13,13.0,0.846,1.0,5.5,11,13,2
8118,4,21,68,1428,3.238,0.052,0.109,5.69,74,156,13
8119,4,8,9,72,1.125,0.125,0.319,4.5,9,23,2
8120,1,11,261,2871,23.727,0.231,0.596,1.87,662,711,354
8121,1,8,535,4280,66.875,0.171,0.697,1.27,731,984,575
8122,3,9,1,9,0.111,1.0,1.0,9.0,9,9,1
8123,2,2,537,1074,268.5,0.537,0.609,22.19,577,654,26
8124,5,72,96,6912,1.333,0.488,0.582,15.69,374,25,215
8125,3,4,2,8,0.5,0.875,0.875,7.0,7,7,1
8126,1,4,3,12,0.75,0.667,0.917,2.67,8,11,3
8127,3,10,1,10,0.1,1.0,1.0,10.0,10,10,1
8128,4,5,3,15,0.6,0.467,0.6,3.5,7,9,2
8129,4,81,49,3969,0.605,0.113,0.398,2.26,449,580,199
8130,4,48,402,9296,8.375,0.055,0.094,4.13,58,814,256
8131,2,1,17,17,17.0,0.765,1.0,6.5,13,17,2
8132,2,2,176,352,88.0,0.528,0.605,31.0,186,213,6
8133,3,26,1,26,0.038,1.0,1.0,26.0,26,26,1
8134,2,3,132,396,44.0,0.505,0.558,20.0,200,221,10
8135,2,1,138,138,138.0,1.0,1.0,138.0,138,138,1
8136,5,32,547,2204,4.144,0.37,0.483,20.66,693,874,292
8137,4,58,167,6386,1.057,0.16,0.276,8.24,213,279,511
8138,4,83,277,2991,3.337,0.18,0.365,6.86,138,387,603
8139,1,8,43,344,5.375,0.398,0.945,1.69,137,325,81
8140,4,54,357,9278,6.611,0.324,0.644,6.22,238,422,3
8141,1,7,11,77,1.571,0.299,0.779,1.64,23,60,14
8142,2,1,104,104,104.0,0.971,1.0,50.5,101,104,2
8143,3,27,4,108,0.148,0.333,0.667,2.57,36,72,14
8144,3,30,5,2150,0.012,0.216,0.221,46.5,465,475,10
8145,5,68,145,4360,0.863,0.798,0.963,13.06,430,457,488
8146,2,1,15,15,15.0,0.867,1.0,13.0,13,15,1
8147,3,13,1,13,0.077,1.0,1.0,13.0,13,13,1
8148,3,22,1,22,0.045,1.0,1.0,22.0,22,22,1
8149,5,68,145,4360,0.863,0.798,0.963,13.06,430,457,488
8150,2,2,46,92,23.0,0.587,0.761,18.0,54,70,3
8151,5,65,50,3250,0.769,0.454,0.487,245.83,475,582,6
8152,5,29,32,928,1.103,0.476,0.72,7.25,442,668,61
8153,2,6,142,852,23.667,0.115,0.173,6.53,98,147,15
8154,4,14,17,238,1.214,0.113,0.387,1.8,27,92,15
8155,2,1,19,19,19.0,0.632,1.0,4.0,12,19,3
8156,2,1,26,26,26.0,1.0,1.0,26.0,26,26,1
8157,4,29,61,1769,2.103,0.121,0.431,1.78,214,762,120
8158,4,16,4,64,0.25,0.156,0.531,5.0,10,34,2
8159,1,11,63,693,5.727,0.332,0.724,2.77,230,502,83
8160,3,12,1,12,0.083,1.0,1.0,12.0,12,12,1
8161,2,1,131,131,131.0,0.977,1.0,64.0,128,131,2
8162,3,9,1,9,0.111,1.0,1.0,9.0,9,9,1
8163,1,8,6,48,0.75,0.5,0.646,8.0,24,31,3
8164,1,9,8,72,0.889,0.222,0.736,1.78,16,53,9
8165,2,1,35,35,35.0,0.857,1.0,10.0,30,35,3
8166,3,4,2,8,0.5,1.0,1.0,8.0,8,8,1
8167,3,7,1,7,0.143,1.0,1.0,7.0,7,7,1
8168,2,1,28,28,28.0,0.964,1.0,27.0,27,28,1
8169,1,14,150,2100,10.714,0.225,0.681,4.14,472,430,114
8170,2,1,48,48,48.0,0.875,1.0,10.5,42,48,4
8171,1,11,63,693,5.727,0.413,0.804,3.08,286,557,93
8172,2,1,17,17,17.0,0.824,1.0,4.67,14,17,3
8173,5,29,32,928,1.103,0.432,0.689,6.27,401,639,64
8174,1,10,83,830,8.3,0.357,0.813,2.28,296,675,130
8175,3,44,3,132,0.068,0.598,0.841,2.47,79,111,32
8176,2,2,99,198,49.5,0.253,0.616,4.55,50,122,11
8177,1,8,21,168,2.625,0.339,0.673,1.97,57,113,29
8178,5,29,32,928,1.103,0.476,0.72,7.25,442,668,61
8179,1,9,81,729,9.0,0.357,0.863,2.22,260,629,117
8180,3,31,1,31,0.032,1.0,1.0,31.0,31,31,1
8181,4,12,4,48,0.333,0.292,1.0,2.0,14,48,7
8182,4,58,167,6386,1.057,0.16,0.276,8.24,213,279,511
8183,3,8,1,8,0.125,1.0,1.0,8.0,8,8,1
8184,2,2,204,408,102.0,0.412,0.681,10.5,168,278,16
8185,2,6,39,234,6.5,0.192,0.197,45.0,45,46,1
8186,3,4,2,8,0.5,0.875,0.875,7.0,7,7,1
8187,5,68,135,2680,0.804,0.82,0.904,62.81,591,513,296
8188,2,1,52,52,52.0,0.788,1.0,10.25,41,52,4
8189,1,8,6,48,0.75,0.375,1.0,1.64,18,48,11
8190,2,5,110,550,22.0,0.547,0.556,100.33,301,306,3
8191,2,1,63,63,63.0,0.952,1.0,20.0,60,63,3
8192,1,7,11,77,1.571,0.416,0.961,1.6,32,74,20
8193,4,33,28,924,0.848,0.098,0.271,5.69,91,250,16
8194,1,10,50,500,5.0,0.268,0.764,1.94,134,382,69
8195,4,52,461,3972,8.865,0.192,0.248,11.52,607,938,400
8196,5,32,547,2204,4.144,0.37,0.483,20.66,693,874,292
8197,4,53,48,2544,0.906,0.157,0.269,7.84,400,685,51
8198,1,9,108,972,12.0,0.364,0.794,2.15,354,772,165
8199,5,68,135,2680,0.804,0.82,0.904,62.81,591,513,296
8200,3,27,4,108,0.148,0.333,0.667,2.57,36,72,14
8201,3,17,1,117,0.009,1.0,1.0,117.0,117,117,1
8202,4,97,198,9006,1.005,0.273,0.332,46.93,654,964,227
8203,3,9,1,9,0.111,1.0,1.0,9.0,9,9,1
8204,1,11,97,1067,8.818,0.297,0.666,2.4,317,711,132
8205,4,14,19,266,1.357,0.128,0.541,2.83,34,144,12
8206,1,5,17,85,3.4,0.412,0.941,1.75,35,80,20
8207,2,7,1,7,0.143,1.0,1.0,7.0,7,7,1
8208,4,6,17,102,2.833,0.137,0.627,2.8,14,64,5
8209,4,4,5,20,1.25,0.35,0.8,2.33,7,16,3
8210,4,6,9,54,1.5,0.148,0.296,4.0,8,16,2
8211,4,31,105,3255,3.387,0.224,0.417,5.35,728,358,136
8212,5,28,347,4416,2.711,0.399,0.567,13.07,721,163,356
8213,2,1,35,35,35.0,0.857,1.0,10.0,30,35,3
8214,3,11,1,11,0.091,1.0,1.0,11.0,11,11,1
8215,4,54,48,2592,0.889,0.143,0.264,6.85,370,685,54
8216,1,12,73,876,6.083,0.257,0.591,2.14,225,518,105
8217,4,11,48,528,4.364,0.237,0.39,7.35,125,206,17
8218,2,3,11,33,3.667,0.364,0.667,3.0,12,22,4
8219,4,53,48,2544,0.906,0.157,0.269,7.84,400,685,51
8220,3,20,1,20,0.05,1.0,1.0,20.0,20,20,1
8221,4,45,79,3555,1.756,0.087,0.195,4.81,308,693,64
8222,1,9,97,873,10.778,0.455,0.939,2.28,397,820,174
8223,3,6,21,126,3.5,0.198,0.444,1.67,25,56,15
8224,4,4,7,28,1.75,0.286,1.0,2.0,8,28,4
8225,1,11,31,341,2.818,0.323,0.83,2.08,110,283,53
8226,2,2,32,64,16.0,0.516,0.531,33.0,33,34,1
8227,2,1,12,12,12.0,0.667,1.0,4.0,8,12,2
8228,3,34,1,34,0.029,1.0,1.0,34.0,34,34,1
8229,2,1,81,81,81.0,0.901,1.0,24.33,73,81,3
8230,4,36,96,3456,2.667,0.096,0.207,7.7,331,717,43
8231,2,1,98,98,98.0,0.939,1.0,30.67,92,98,3
8232,3,11,1,11,0.091,1.0,1.0,11.0,11,11,1
8233,5,64,73,4672,1.141,0.403,0.445,72.38,882,77,26
8234,5,28,31,868,1.107,0.492,0.745,7.49,427,647,57
8235,3,9,1,9,0.111,1.0,1.0,9.0,9,9,1
8236,5,63,66,4158,1.048,0.491,0.591,44.37,41,458,46
8237,5,28,31,868,1.107,0.492,0.745,7.49,427,647,57
8238,1,1,167,167,167.0,0.192,1.0,1.03,32,167,31
8239,1,9,352,3168,39.111,0.205,0.692,1.34,651,193,486
8240,5,29,32,928,1.103,0.432,0.689,6.27,401,639,64
8241,4,37,72,2664,1.946,0.12,0.257,7.64,321,685,42
8242,2,3,116,348,38.667,0.356,0.371,62.0,124,129,2
8243,1,7,13,91,1.857,0.341,0.846,1.82,31,77,17
8244,1,8,126,1008,15.75,0.188,0.685,1.27,189,690,149
8245,2,1,32,32,32.0,0.469,1.0,1.88,15,32,8
8246,4,81,49,3969,0.605,0.113,0.398,2.26,449,580,199
8247,2,2,6,12,3.0,0.667,1.0,4.0,8,12,2
8248,3,25,1,25,0.04,1.0,1.0,25.0,25,25,1
8249,5,63,79,4977,1.254,0.338,0.345,186.78,681,718,9
8250,3,9,1,9,0.111,1.0,1.0,9.0,9,9,1
8251,3,30,5,2150,0.012,0.216,0.221,46.5,465,475,10
8252,3,7,1,7,0.143,1.0,1.0,7.0,7,7,1
8253,1,7,15,105,2.143,0.705,0.971,6.17,74,102,12
8254,1,14,253,3542,18.071,0.372,0.826,4.36,317,924,302
8255,5,66,472,8352,2.843,0.359,0.547,17.12,93,821,641
8256,4,67,30,2010,0.448,0.169,0.46,2.26,339,924,150
8257,4,10,7,70,0.7,0.157,0.6,1.57,11,42,7
8258,1,10,268,2680,26.8,0.395,0.59,5.88,58,581,180
8259,2,1,13,13,13.0,1.0,1.0,13.0,13,13,1
8260,2,2,176,352,88.0,0.528,0.605,31.0,186,213,6
8261,4,6,465,2290,1.52,0.055,0.123,2.69,861,452,925
8262,3,5,2,10,0.4,0.7,0.7,7.0,7,7,1
8263,4,36,172,6192,4.778,0.128,0.337,4.84,793,86,164
8264,3,14,2,28,0.143,0.536,0.536,15.0,15,15,1
8265,3,10,1,10,0.1,0.9,1.0,9.0,9,10,1
8266,1,8,73,584,9.125,0.235,0.803,1.47,137,469,93
8267,3,9,2,18,0.222,0.611,0.722,11.0,11,13,1
8268,4,29,48,1392,1.655,0.116,0.268,5.06,162,373,32
8269,2,6,39,234,6.5,0.192,0.197,45.0,45,46,1
8270,2,2,538,1076,269.0,0.518,0.596,29.32,557,641,19
8271,2,1,36,36,36.0,0.306,1.0,1.83,11,36,6
8272,3,13,1,13,0.077,1.0,1.0,13.0,13,13,1
8273,1,5,5,25,1.0,0.4,0.56,5.0,10,14,2
8274,5,78,140,4920,0.787,0.574,0.649,21.52,292,177,664
8275,4,60,286,5760,1.788,0.201,0.226,55.42,199,347,166
8276,4,18,105,2390,0.89,0.052,0.105,3.33,642,296,193
8277,5,95,93,8835,0.979,0.675,0.902,3.63,966,968,644
8278,5,86,469,7234,2.522,0.378,0.529,22.29,17,133,481
8279,4,11,463,3993,1.489,0.088,0.16,3.93,631,92,212
8280,5,68,135,2680,0.804,0.82,0.904,62.81,591,513,296
8281,2,1,14,14,14.0,0.643,1.0,3.0,9,14,3
8282,1,7,19,133,2.714,0.346,1.0,1.44,46,133,32
8283,5,28,347,4416,2.711,0.399,0.567,13.07,721,163,356
8284,1,11,9,99,0.818,0.465,0.687,5.75,46,68,8
8285,3,5,2,10,0.4,0.9,0.9,9.0,9,9,1
8286,1,6,41,246,6.833,0.224,0.85,1.2,55,209,46
8287,4,34,25,850,0.735,0.256,0.534,2.06,218,454,106
8288,5,28,347,4416,2.711,0.399,0.567,13.07,721,163,356
8289,2,1,13,13,13.0,0.692,1.0,3.0,9,13,3
8290,3,32,1,32,0.031,1.0,1.0,32.0,32,32,1
8291,2,1,11,11,11.0,0.909,1.0,10.0,10,11,1
8292,1,10,11,110,1.1,0.2,0.545,2.2,22,60,10
8293,3,9,1,9,0.111,1.0,1.0,9.0,9,9,1
8294,1,5,39,195,7.8,0.436,0.656,3.54,85,128,24
8295,1,7,12,84,1.714,0.476,0.762,2.86,40,64,14
8296,2,1,14,14,14.0,0.857,1.0,12.0,12,14,1
8297,1,8,27,216,3.375,0.236,0.685,1.31,51,148,39
8298,2,2,18,36,9.0,0.722,0.722,26.0,26,26,1
8299,2,1,36,36,36.0,0.306,1.0,1.83,11,36,6
8300,1,9,81,729,9.0,0.357,0.863,2.22,260,629,117
8301,2,2,14,28,7.0,0.464,0.536,13.0,13,15,1
8302,2,1,117,117,117.0,0.974,1.0,38.0,114,117,3
8303,1,11,12,132,1.091,0.492,0.75,4.33,65,99,15
8304,2,1,13,13,13.0,0.846,1.0,5.5,11,13,2
8305,3,8,1,8,0.125,1.0,1.0,8.0,8,8,1
8306,4,14,17,238,1.214,0.113,0.387,1.8,27,92,15
8307,5,87,137,5619,0.733,0.899,0.991,29.29,25,400,786
8308,5,28,31,868,1.107,0.508,0.767,7.47,441,666,59
8309,5,93,104,9672,1.118,0.451,0.611,4.25,366,908,28
8310,5,65,50,3250,0.769,0.454,0.487,245.83,475,582,6
8311,3,13,1,13,0.077,1.0,1.0,13.0,13,13,1
8312,3,14,1,14,0.071,1.0,1.0,14.0,14,14,1
8313,1,17,96,1632,5.647,0.366,0.675,5.15,597,101,116
8314,2,1,161,161,161.0,0.41,1.0,1.02,66,161,65
8315,2,11,552,6072,50.182,0.816,0.816,955.0,955,955,1
8316,1,7,13,91,1.857,0.374,0.901,1.7,34,82,20
8317,1,5,96,480,19.2,0.323,0.838,1.78,155,402,87
8318,1,11,101,1111,9.182,0.33,0.734,2.68,367,815,137
8319,2,3,544,1632,181.33,0.326,0.406,16.12,532,662,33
8320,1,8,398,3184,49.75,0.279,0.664,1.7,887,113,521
8321,1,9,88,792,9.778,0.263,0.726,1.59,208,575,131
8322,1,11,221,2431,20.091,0.25,0.544,1.95,607,323,312
8323,1,3,90,270,30.0,0.511,0.907,2.34,138,245,59
8324,1,7,23,161,3.286,0.286,0.677,1.59,46,109,29
8325,1,10,85,850,8.5,0.333,0.696,2.28,283,592,124
8326,1,9,45,405,5.0,0.425,0.938,2.77,172,380,62
8327,3,13,1,13,0.077,1.0,1.0,13.0,13,13,1
8328,4,97,198,9006,1.005,0.273,0.332,46.93,654,964,227
8329,5,66,472,8352,2.843,0.359,0.547,17.12,93,821,641
8330,3,9,1,9,0.111,1.0,1.0,9.0,9,9,1
8331,3,4,2,8,0.5,0.875,0.875,7.0,7,7,1
8332,3,7,1,7,0.143,1.0,1.0,7.0,7,7,1
8333,2,3,106,318,35.333,0.258,0.34,6.31,82,108,13
8334,5,63,161,6243,0.988,0.523,0.897,8.4,725,547,634
8335,1,8,340,2720,42.5,0.183,0.736,1.41,499,2,355
8336,1,10,9,90,0.9,0.222,1.0,1.25,20,90,16
8337,2,6,142,852,23.667,0.115,0.173,6.53,98,147,15
8338,5,28,347,4416,2.711,0.399,0.567,13.07,721,163,356
8339,4,5,9,45,1.8,0.178,0.533,1.6,8,24,5
8340,2,1,9,9,9.0,1.0,1.0,9.0,9,9,1
8341,3,14,1,14,0.071,1.0,1.0,14.0,14,14,1
8342,4,17,60,1020,3.529,0.139,0.371,7.1,142,378,20
8343,1,7,41,287,5.857,0.307,0.808,1.52,88,232,58
8344,2,1,45,45,45.0,0.244,1.0,1.38,11,45,8
8345,3,9,1,9,0.111,1.0,1.0,9.0,9,9,1
8346,5,28,32,896,1.143,0.462,0.722,7.02,414,647,59
8347,5,66,472,8352,2.843,0.359,0.547,17.12,93,821,641
8348,5,64,73,4672,1.141,0.403,0.445,72.38,882,77,26
8349,5,28,31,868,1.107,0.508,0.767,7.47,441,666,59
8350,5,28,31,868,1.107,0.492,0.745,7.49,427,647,57
8351,4,68,34,2312,0.5,0.224,0.526,2.44,519,215,213
8352,5,86,469,7234,2.522,0.378,0.529,22.29,17,133,481
8353,4,58,167,6386,1.057,0.16,0.276,8.24,213,279,511
8354,2,1,16,16,16.0,1.0,1.0,16.0,16,16,1
8355,1,7,169,1183,24.143,0.167,0.785,1.28,197,929,154
8356,5,28,31,868,1.107,0.492,0.745,7.49,427,647,57
8357,1,8,82,656,10.25,0.398,0.951,2.51,261,624,104
8358,3,9,1,9,0.111,1.0,1.0,9.0,9,9,1
8359,1,11,9,99,0.818,0.465,0.768,3.83,46,76,12
8360,3,4,11,8844,0.014,0.191,0.233,15.64,689,58,108
8361,1,9,20,180,2.222,0.3,0.972,1.74,54,175,31
8362,1,9,198,1782,22.0,0.289,0.681,1.88,515,213,274
8363,5,68,135,2680,0.804,0.82,0.904,62.81,591,513,296
8364,3,84,1,84,0.012,1.0,1.0,84.0,84,84,1
8365,5,28,347,4416,2.711,0.399,0.567,13.07,721,163,356
8366,3,27,4,108,0.148,0.333,0.667,2.57,36,72,14
8367,4,4,8,32,2.0,0.344,0.531,5.5,11,17,2
8368,3,14,1,14,0.071,1.0,1.0,14.0,14,14,1
8369,5,28,32,896,1.143,0.488,0.743,7.05,437,666,62
8370,1,12,245,2940,20.417,0.204,0.797,1.7,599,342,353
8371,1,11,104,1144,9.455,0.367,0.747,2.56,420,854,164
8372,4,18,105,2390,0.89,0.052,0.105,3.33,642,296,193
8373,2,1,106,106,106.0,0.858,1.0,15.17,91,106,6
8374,4,7,24,168,3.429,0.101,0.298,1.89,17,50,9
8375,4,43,62,2666,1.442,0.08,0.17,6.63,212,454,32
8376,4,9,17,153,1.889,0.144,0.458,3.14,22,70,7
8377,1,9,172,1548,19.111,0.167,0.678,1.28,258,50,202
8378,3,6,21,126,3.5,0.198,0.444,1.67,25,56,15
8379,1,6,96,576,16.0,0.297,0.811,2.25,171,467,76
8380,2,2,537,1074,268.5,0.594,0.655,21.27,638,703,30
8381,2,1,277,277,277.0,0.993,1.0,137.5,275,277,2
8382,3,84,1,84,0.012,1.0,1.0,84.0,84,84,1
8383,5,87,137,5619,0.733,0.899,0.991,29.29,25,400,786
8384,3,54,1,54,0.019,1.0,1.0,54.0,54,54,1
8385,3,42,1,42,0.024,1.0,1.0,42.0,42,42,1
8386,2,2,537,1074,268.5,0.537,0.609,22.19,577,654,26
8387,1,11,8,88,0.727,0.705,1.0,7.75,62,88,8
8388,2,2,9,18,4.5,0.556,0.556,10.0,10,10,1
8389,3,8,1,8,0.125,1.0,1.0,8.0,8,8,1
8390,1,4,96,384,24.0,0.417,0.753,2.19,160,289,73
8391,5,28,32,896,1.143,0.481,0.742,7.43,431,665,58
8392,4,68,34,2312,0.5,0.224,0.526,2.44,519,215,213
8393,3,22,1,22,0.045,1.0,1.0,22.0,22,22,1
8394,3,53,1,53,0.019,1.0,1.0,53.0,53,53,1
8395,3,12,1,12,0.083,1.0,1.0,12.0,12,12,1
8396,1,8,27,216,3.375,0.236,0.685,1.31,51,148,39
8397,1,7,13,91,1.857,0.308,0.978,1.56,28,89,18
8398,1,8,16,128,2.0,0.344,0.742,1.52,44,95,29
8399,2,2,535,1070,267.5,0.55,0.586,117.8,589,627,5
8400,3,42,1,42,0.024,1.0,1.0,42.0,42,42,1
8401,2,1,76,76,76.0,0.961,1.0,36.5,73,76,2
8402,4,25,9,225,0.36,0.187,0.436,2.47,42,98,17
8403,5,68,145,4360,0.863,0.798,0.963,13.06,430,457,488
8404,3,38,1,38,0.026,1.0,1.0,38.0,38,38,1
8405,1,10,17,170,1.7,0.482,0.759,6.83,82,129,12
8406,3,12,2,24,0.167,0.625,0.667,15.0,15,16,1
8407,4,6,5,30,0.833,0.367,1.0,2.2,11,30,5
8408,4,4,5,20,1.25,0.35,0.8,2.33,7,16,3
8409,3,5,2,210,0.019,0.529,0.533,111.0,111,112,1
8410,5,63,161,6243,0.988,0.523,0.897,8.4,725,547,634
8411,5,93,104,9672,1.118,0.451,0.611,4.25,366,908,28
8412,3,10,1,10,0.1,1.0,1.0,10.0,10,10,1
8413,5,86,469,7234,2.522,0.378,0.529,22.29,17,133,481
8414,1,7,17,119,2.429,0.387,0.857,2.71,46,102,17
8415,3,39,1,39,0.026,1.0,1.0,39.0,39,39,1
8416,3,1,25,25,25.0,1.0,1.0,25.0,25,25,1
8417,4,12,146,1752,12.167,0.091,0.128,26.67,160,225,6
8418,4,4,11,44,2.75,0.159,0.932,1.75,7,41,4
8419,3,8,1,8,0.125,1.0,1.0,8.0,8,8,1
8420,3,17,1,117,0.009,1.0,1.0,117.0,117,117,1
8421,4,16,21,336,1.313,0.095,0.515,1.6,32,173,20
8422,5,28,32,896,1.143,0.462,0.722,7.02,414,647,59
8423,3,10,1,10,0.1,1.0,1.0,10.0,10,10,1
8424,2,2,18,36,9.0,0.722,0.722,26.0,26,26,1
8425,2,1,104,104,104.0,0.971,1.0,50.5,101,104,2
8426,1,7,16,112,2.286,0.241,0.634,1.93,27,71,14
8427,1,9,82,738,9.111,0.385,0.935,2.29,284,690,124
8428,5,87,141,6367,0.754,0.415,0.884,4.69,947,301,333
8429,2,6,39,234,6.5,0.192,0.197,45.0,45,46,1
8430,1,8,57,456,7.125,0.268,0.798,1.45,122,364,84
8431,1,10,271,2710,27.1,0.251,0.754,1.88,679,44,362
8432,4,32,350,1200,10.938,0.142,0.402,3.96,588,497,401
8433,5,78,140,4920,0.787,0.574,0.649,21.52,292,177,664
8434,5,93,104,9672,1.118,0.451,0.611,4.25,366,908,28
8435,1,7,100,700,14.286,0.411,0.849,1.83,288,594,157
8436,3,38,1,38,0.026,1.0,1.0,38.0,38,38,1
8437,2,1,277,277,277.0,0.993,1.0,137.5,275,277,2
8438,4,5,3,15,0.6,0.467,0.6,3.5,7,9,2
8439,1,7,2,14,0.286,0.5,0.929,7.0,7,13,1
8440,5,66,472,8352,2.843,0.359,0.547,17.12,93,821,641
8441,5,66,472,8352,2.843,0.359,0.547,17.12,93,821,641
8442,1,10,33,330,3.3,0.294,0.791,1.83,97,261,53
8443,5,28,32,896,1.143,0.488,0.743,7.05,437,666,62
8444,5,28,31,868,1.107,0.492,0.745,7.49,427,647,57
8445,1,7,9,63,1.286,0.365,0.698,1.64,23,44,14
8446,4,8,9,72,1.125,0.125,0.319,4.5,9,23,2
8447,2,2,535,1070,267.5,0.55,0.586,117.8,589,627,5
8448,2,7,14,98,2.0,0.102,0.204,10.0,10,20,1
8449,4,0,49,4900,0.49,0.093,0.4,1.77,458,958,259
8450,4,13,13,169,1.0,0.124,0.45,3.5,21,76,6
8451,2,3,213,639,71.0,0.318,0.379,11.94,203,242,17
8452,3,94,2,188,0.021,0.516,0.516,97.0,97,97,1
8453,4,11,48,528,4.364,0.237,0.39,7.35,125,206,17
8454,2,1,186,186,186.0,0.828,1.0,9.06,154,186,17
8455,2,1,127,127,127.0,0.646,1.0,13.67,82,127,6
8456,2,1,16,16,16.0,1.0,1.0,16.0,16,16,1
8457,5,68,135,2680,0.804,0.82,0.904,62.81,591,513,296
8458,5,78,140,4920,0.787,0.574,0.649,21.52,292,177,664
8459,2,1,11,11,11.0,0.909,1.0,10.0,10,11,1
8460,1,8,75,600,9.375,0.423,0.87,3.02,254,522,84
8461,4,8,4,32,0.5,0.438,0.594,7.0,14,19,2
8462,5,86,469,7234,2.522,0.378,0.529,22.29,17,133,481
8463,1,6,14,84,2.333,0.536,1.0,2.05,45,84,22
8464,3,94,2,188,0.021,0.516,0.516,97.0,97,97,1
8465,4,6,9,54,1.5,0.148,0.296,4.0,8,16,2
8466,2,1,10,10,10.0,1.0,1.0,10.0,10,10,1
8467,4,21,4,84,0.19,0.31,0.643,3.71,26,54,7
8468,2,1,379,379,379.0,0.963,1.0,60.83,365,379,6
8469,4,36,172,6192,4.778,0.128,0.337,4.84,793,86,164
8470,4,6,9,54,1.5,0.148,0.296,4.0,8,16,2
8471,3,98,3,294,0.031,0.48,0.486,141.0,141,143,1
8472,1,7,44,308,6.286,0.218,0.734,1.26,67,226,53
8473,1,6,5,30,0.833,0.333,0.833,1.67,10,25,6
8474,2,2,123,246,61.5,0.5,0.504,123.0,123,124,1
8475,5,28,31,868,1.107,0.492,0.745,7.49,427,647,57
8476,3,54,1,54,0.019,1.0,1.0,54.0,54,54,1
8477,1,10,150,1500,15.0,0.252,0.585,2.07,378,878,183
8478,5,95,93,8835,0.979,0.675,0.902,3.63,966,968,644
8479,5,87,141,6367,0.754,0.415,0.884,4.69,947,301,333
8480,4,14,19,266,1.357,0.128,0.541,2.83,34,144,12
8481,2,2,6,12,3.0,0.667,1.0,4.0,8,12,2
8482,5,28,347,4416,2.711,0.399,0.567,13.07,721,163,356
8483,1,6,18,108,3.0,0.315,1.0,1.62,34,108,21
8484,5,28,32,896,1.143,0.481,0.742,7.43,431,665,58
8485,3,27,4,108,0.148,0.333,0.667,2.57,36,72,14
8486,5,66,472,8352,2.843,0.359,0.547,17.12,93,821,641
8487,3,10,1,10,0.1,0.9,1.0,9.0,9,10,1
8488,2,1,18,18,18.0,0.944,1.0,17.0,17,18,1
8489,1,8,31,248,3.875,0.415,1.0,1.87,103,248,55
8490,3,12,1,12,0.083,1.0,1.0,12.0,12,12,1
8491,3,10,1,10,0.1,1.0,1.0,10.0,10,10,1
8492,1,11,433,4763,39.364,0.449,0.706,4.65,137,365,460
8493,3,84,1,84,0.012,1.0,1.0,84.0,84,84,1
8494,3,84,1,84,0.012,1.0,1.0,84.0,84,84,1
8495,2,1,52,52,52.0,0.788,1.0,10.25,41,52,4
8496,4,53,48,2544,0.906,0.181,0.374,4.69,460,951,98
8497,2,1,47,47,47.0,1.0,1.0,47.0,47,47,1
8498,5,68,135,2680,0.804,0.82,0.904,62.81,591,513,296
8499,1,6,217,1302,36.167,0.25,0.684,1.52,326,890,214
8500,5,87,141,6367,0.754,0.415,0.884,4.69,947,301,333
8501,2,1,22,22,22.0,0.955,1.0,21.0,21,22,1
8502,4,12,464,8368,2.189,0.052,0.07,11.84,66,884,428
8503,1,8,15,120,1.875,0.433,0.625,2.74,52,75,19
8504,5,64,73,4672,1.141,0.403,0.445,72.38,882,77,26
8505,3,8,1,8,0.125,1.0,1.0,8.0,8,8,1
8506,2,4,194,776,48.5,0.263,0.273,34.0,204,212,6
8507,4,34,27,918,0.794,0.219,0.554,3.09,201,509,65
8508,3,6,21,126,3.5,0.198,0.444,1.67,25,56,15
8509,3,84,1,84,0.012,1.0,1.0,84.0,84,84,1
8510,4,83,315,6145,3.795,0.295,0.594,9.21,725,523,839
8511,3,19,2,38,0.105,0.816,0.816,31.0,31,31,1
8512,3,94,2,188,0.021,0.516,0.516,97.0,97,97,1
8513,4,53,442,7626,2.889,0.114,0.215,6.27,689,538,227
8514,5,68,145,4360,0.863,0.798,0.963,13.06,430,457,488
8515,2,3,54,162,18.0,0.364,0.519,8.43,59,84,7
8516,3,5,2,10,0.4,0.8,0.8,8.0,8,8,1
8517,1,6,19,114,3.167,0.289,0.789,1.38,33,90,24
8518,1,12,67,804,5.583,0.376,0.751,2.99,302,604,101
8519,4,9,6,54,0.667,0.407,0.519,5.5,22,28,4
8520,3,14,2,28,0.143,0.536,0.536,15.0,15,15,1
8521,1,9,81,729,9.0,0.332,0.974,2.09,242,710,116
8522,2,6,47,282,7.833,0.202,0.202,57.0,57,57,1
8523,3,27,4,108,0.148,0.333,0.667,2.57,36,72,14
8524,1,16,344,5504,21.5,0.373,0.572,5.73,53,146,358
8525,1,5,7,35,1.4,0.314,0.857,1.83,11,30,6
8526,3,8,1,8,0.125,0.875,1.0,7.0,7,8,1
8527,5,28,32,896,1.143,0.481,0.742,7.43,431,665,58
8528,3,9,1,9,0.111,1.0,1.0,9.0,9,9,1
8529,5,83,149,2367,1.795,0.388,0.472,28.77,804,838,167
8530,4,30,60,1800,2.0,0.154,0.457,1.85,278,823,150
8531,1,7,21,147,3.0,0.327,0.728,1.41,48,107,34
8532,2,6,39,234,6.5,0.192,0.197,45.0,45,46,1
8533,2,2,536,1072,268.0,0.505,0.512,180.33,541,549,3
8534,5,28,31,868,1.107,0.508,0.767,7.47,441,666,59
8535,2,1,159,159,159.0,0.994,1.0,158.0,158,159,1
8536,4,4,11,44,2.75,0.159,0.932,1.75,7,41,4
8537,2,1,184,184,184.0,0.967,1.0,44.5,178,184,4
8538,3,9,1,9,0.111,1.0,1.0,9.0,9,9,1
8539,3,14,2,28,0.143,0.536,0.536,15.0,15,15,1
8540,4,4,5,20,1.25,0.35,0.8,2.33,7,16,3
8541,5,68,135,2680,0.804,0.82,0.904,62.81,591,513,296
8542,3,39,1,39,0.026,1.0,1.0,39.0,39,39,1
8543,1,22,70,1540,3.182,0.525,0.838,11.54,808,290,70
8544,2,1,17,17,17.0,1.0,1.0,17.0,17,17,1
8545,2,1,17,17,17.0,1.0,1.0,17.0,17,17,1
8546,4,13,5,65,0.385,0.123,0.538,8.0,8,35,1
8547,5,65,50,3250,0.769,0.454,0.487,245.83,475,582,6
8548,4,55,48,2640,0.873,0.142,0.364,4.26,375,960,88
8549,2,1,14,14,14.0,1.0,1.0,14.0,14,14,1
8550,3,17,2,34,0.118,0.706,0.706,24.0,24,24,1
8551,2,2,535,1070,267.5,0.648,0.92,11.75,693,984,59
8552,2,1,9,9,9.0,0.889,1.0,8.0,8,9,1
8553,5,64,73,4672,1.141,0.403,0.445,72.38,882,77,26
8554,2,5,280,1400,56.0,0.78,0.786,156.0,92,100,7
8555,4,6,6,36,1.0,0.194,0.417,3.5,7,15,2
8556,1,7,53,371,7.571,0.089,0.245,1.5,33,91,22
8557,3,31,1,31,0.032,1.0,1.0,31.0,31,31,1
8558,1,6,29,174,4.833,0.305,0.966,1.26,53,168,42
8559,4,36,96,3456,2.667,0.096,0.207,7.7,331,717,43
8560,4,36,43,1548,1.194,0.117,0.183,3.07,181,283,59
8561,5,83,149,2367,1.795,0.388,0.472,28.77,804,838,167
8562,4,85,69,5865,0.812,0.165,0.441,1.44,969,588,674
8563,4,21,4,84,0.19,0.31,0.643,3.71,26,54,7
8564,2,1,75,75,75.0,0.92,1.0,11.5,69,75,6
8565,1,7,105,735,15.0,0.127,0.41,1.39,93,301,67
8566,2,2,123,246,61.5,0.5,0.504,123.0,123,124,1
8567,2,17,341,5797,20.059,0.935,0.998,36.38,420,784,149
8568,5,32,547,2204,4.144,0.37,0.483,20.66,693,874,292
8569,3,13,1,13,0.077,1.0,1.0,13.0,13,13,1
8570,2,1,10,10,10.0,0.8,1.0,4.0,8,10,2
8571,4,39,70,2730,1.795,0.09,0.255,7.0,245,697,35
8572,2,1,413,413,413.0,0.998,1.0,412.0,412,413,1
8573,5,28,32,896,1.143,0.488,0.743,7.05,437,666,62
8574,1,9,95,855,10.556,0.284,0.849,1.91,243,726,127
8575,2,2,52,104,26.0,0.231,0.529,1.5,24,55,16
8576,4,5,3,15,0.6,0.467,0.6,3.5,7,9,2
8577,1,8,95,760,11.875,0.303,0.937,1.77,230,712,130
8578,1,14,284,3976,20.286,0.365,0.54,5.1,453,147,285
8579,1,23,198,4554,8.609,0.924,0.999,14.93,210,548,282
8580,5,29,32,928,1.103,0.432,0.689,6.27,401,639,64
8581,1,7,13,91,1.857,0.264,0.648,1.41,24,59,17
8582,5,53,158,4174,1.033,0.587,0.641,46.95,180,491,302
8583,4,7,47,329,6.714,0.158,0.289,5.78,52,95,9
8584,4,7,13,91,1.857,0.154,0.484,2.0,14,44,7
8585,5,93,104,9672,1.118,0.451,0.611,4.25,366,908,28
8586,2,1,32,32,32.0,0.719,1.0,5.75,23,32,4
8587,2,1,51,51,51.0,0.471,1.0,2.4,24,51,10
8588,1,82,314,5748,3.829,0.296,0.502,10.84,618,923,703
8589,1,10,319,3190,31.9,0.239,0.674,1.67,764,149,458
8590,4,6,12,72,2.0,0.139,0.514,1.43,10,37,7
8591,3,13,1,13,0.077,1.0,1.0,13.0,13,13,1
8592,4,5,7,35,1.4,0.229,0.6,2.67,8,21,3
8593,1,10,50,500,5.0,0.602,0.746,5.57,301,373,54
8594,5,93,104,9672,1.118,0.451,0.611,4.25,366,908,28
8595,1,8,20,160,2.5,0.394,0.944,2.25,63,151,28
8596,5,74,471,1954,2.707,0.339,0.433,15.84,820,499,756
8597,4,20,39,780,1.95,0.14,0.405,3.21,109,316,34
8598,1,8,126,1008,15.75,0.469,0.961,2.87,473,969,165
8599,3,44,3,132,0.068,0.598,0.841,2.47,79,111,32
8600,2,6,21,126,3.5,0.246,0.254,31.0,31,32,1
8601,3,8,1,8,0.125,1.0,1.0,8.0,8,8,1
8602,3,15,1,15,0.067,1.0,1.0,15.0,15,15,1
8603,3,8,1,8,0.125,1.0,1.0,8.0,8,8,1
8604,3,12,1,12,0.083,1.0,1.0,12.0,12,12,1
8605,2,2,112,224,56.0,0.496,0.504,55.5,111,113,2
8606,3,17,2,34,0.118,0.706,0.706,24.0,24,24,1
8607,3,38,1,38,0.026,1.0,1.0,38.0,38,38,1
8608,3,9,1,9,0.111,1.0,1.0,9.0,9,9,1
8609,5,87,137,5619,0.733,0.899,0.991,29.29,25,400,786
8610,1,6,19,114,3.167,0.289,0.789,1.38,33,90,24
8611,1,10,40,400,4.0,0.333,0.783,1.82,133,313,73
8612,2,1,14,14,14.0,0.857,1.0,12.0,12,14,1
8613,5,72,96,6912,1.333,0.488,0.582,15.69,374,25,215
8614,2,3,500,1500,166.67,0.373,0.421,19.28,559,632,29
8615,1,7,4,28,0.571,0.286,1.0,2.0,8,28,4
8616,2,2,22,44,11.0,0.705,0.864,15.5,31,38,2
8617,2,1,279,279,279.0,0.964,1.0,38.43,269,279,7
8618,2,1,20,20,20.0,0.55,1.0,1.38,11,20,8
8619,3,9,1,9,0.111,1.0,1.0,9.0,9,9,1
8620,5,65,50,3250,0.769,0.454,0.487,245.83,475,582,6
8621,3,30,5,2150,0.012,0.216,0.221,46.5,465,475,10
8622,4,24,18,432,0.75,0.139,0.377,2.07,60,163,29
8623,2,1,14,14,14.0,0.857,1.0,12.0,12,14,1
8624,1,8,154,1232,19.25,0.424,0.87,2.75,522,72,190
8625,1,8,9,72,1.125,0.389,0.736,2.15,28,53,13
8626,2,1,148,148,148.0,0.986,1.0,73.0,146,148,2
8627,4,6,17,102,2.833,0.137,0.627,2.8,14,64,5
8628,3,69,3,207,0.043,0.643,0.952,2.08,133,197,64
8629,5,65,50,3250,0.769,0.454,0.487,245.83,475,582,6
8630,4,5,9,45,1.8,0.178,0.533,1.6,8,24,5
8631,5,86,469,7234,2.522,0.378,0.529,22.29,17,133,481
8632,1,7,43,301,6.143,0.246,0.947,1.32,74,285,56
8633,5,29,32,928,1.103,0.432,0.689,6.27,401,639,64
8634,5,83,149,2367,1.795,0.388,0.472,28.77,804,838,167
8635,3,7,1,7,0.143,1.0,1.0,7.0,7,7,1
8636,5,28,32,896,1.143,0.462,0.722,7.02,414,647,59
8637,1,7,15,105,2.143,0.324,0.762,3.09,34,80,11
8638,1,11,122,1342,11.091,0.256,0.656,1.94,344,881,177
8639,3,37,1,37,0.027,1.0,1.0,37.0,37,37,1
8640,1,28,32,896,1.143,0.501,0.744,7.02,449,667,64
8641,5,78,140,4920,0.787,0.574,0.649,21.52,292,177,664
8642,3,31,1,31,0.032,1.0,1.0,31.0,31,31,1
8643,2,1,106,106,106.0,0.858,1.0,15.17,91,106,6
8644,4,36,48,1728,1.333,0.143,0.437,3.58,247,755,69
8645,3,38,1,38,0.026,1.0,1.0,38.0,38,38,1
8646,2,1,257,257,257.0,1.0,1.0,257.0,257,257,1
8647,1,7,47,329,6.714,0.258,0.763,1.29,85,251,66
8648,5,83,149,2367,1.795,0.388,0.472,28.77,804,838,167
8649,3,9,1,9,0.111,1.0,1.0,9.0,9,9,1
8650,3,13,1,13,0.077,1.0,1.0,13.0,13,13,1
8651,1,9,21,189,2.333,0.302,0.614,1.9,57,116,30
8652,2,1,9,9,9.0,1.0,1.0,9.0,9,9,1
8653,3,9,1,9,0.111,1.0,1.0,9.0,9,9,1
8654,4,31,37,1147,1.194,0.189,0.555,2.07,217,637,105
8655,5,83,149,2367,1.795,0.388,0.472,28.77,804,838,167
8656,5,63,161,6243,0.988,0.523,0.897,8.4,725,547,634
8657,1,11,119,1309,10.818,0.268,0.678,1.72,351,887,204
8658,2,1,35,35,35.0,0.829,1.0,9.67,29,35,3
8659,5,74,471,1954,2.707,0.339,0.433,15.84,820,499,756
8660,3,7,1,7,0.143,1.0,1.0,7.0,7,7,1
8661,2,1,14,14,14.0,1.0,1.0,14.0,14,14,1
8662,4,5,12,60,2.4,0.133,0.267,4.0,8,16,2
8663,1,8,12,96,1.5,0.396,0.99,1.9,38,95,20
8664,3,7,1,7,0.143,1.0,1.0,7.0,7,7,1
8665,2,1,36,36,36.0,0.583,1.0,4.2,21,36,5
8666,3,8,1,8,0.125,1.0,1.0,8.0,8,8,1
8667,3,17,1,17,0.059,1.0,1.0,17.0,17,17,1
8668,4,8,16,128,2.0,0.156,0.859,5.0,20,110,4
8669,2,1,79,79,79.0,0.608,1.0,6.86,48,79,7
8670,2,3,550,1650,183.33,0.329,0.375,27.15,543,619,20
8671,3,9,1,9,0.111,1.0,1.0,9.0,9,9,1
8672,4,7,11,77,1.571,0.117,0.494,1.8,9,38,5
8673,2,1,36,36,36.0,0.722,1.0,8.67,26,36,3
8674,5,68,145,4360,0.863,0.798,0.963,13.06,430,457,488
8675,1,7,7,49,1.0,0.306,0.959,1.67,15,47,9
8676,5,28,31,868,1.107,0.492,0.745,7.49,427,647,57
8677,2,1,126,126,126.0,0.992,1.0,125.0,125,126,1
8678,4,9,4,36,0.444,0.25,0.75,9.0,9,27,1
8679,5,29,32,928,1.103,0.476,0.72,7.25,442,668,61
8680,3,14,1,14,0.071,1.0,1.0,14.0,14,14,1
8681,3,13,1,13,0.077,1.0,1.0,13.0,13,13,1
8682,4,8,5,40,0.625,0.275,0.45,3.67,11,18,3
8683,2,2,537,1074,268.5,0.594,0.655,21.27,638,703,30
8684,2,3,286,858,95.333,0.406,0.427,87.0,348,366,4
8685,3,32,1,32,0.031,1.0,1.0,32.0,32,32,1
8686,5,87,137,5619,0.733,0.899,0.991,29.29,25,400,786
8687,5,68,135,2680,0.804,0.82,0.904,62.81,591,513,296
8688,3,58,3,174,0.052,0.339,0.345,59.0,59,60,1
8689,3,14,1,14,0.071,1.0,1.0,14.0,14,14,1
8690,2,2,536,1072,268.0,0.532,0.558,30.0,570,598,19
8691,3,8,1,8,0.125,1.0,1.0,8.0,8,8,1
8692,1,8,47,376,5.875,0.362,0.88,2.0,136,331,68
8693,4,67,30,2010,0.448,0.169,0.46,2.26,339,924,150
8694,5,63,79,4977,1.254,0.338,0.345,186.78,681,718,9
8695,2,1,10,10,10.0,0.9,1.0,9.0,9,10,1
8696,3,17,1,17,0.059,1.0,1.0,17.0,17,17,1
8697,3,9,2,18,0.222,0.611,0.722,11.0,11,13,1
8698,1,7,5,35,0.714,0.2,0.429,7.0,7,15,1
8699,1,12,7,84,0.583,0.56,1.0,5.22,47,84,9
8700,2,1,14,14,14.0,0.857,1.0,12.0,12,14,1
8701,2,1,10,10,10.0,1.0,1.0,10.0,10,10,1
8702,5,68,145,4360,0.863,0.798,0.963,13.06,430,457,488
8703,4,8,1,8,0.125,0.875,1.0,7.0,7,8,1
8704,4,52,461,3972,8.865,0.192,0.248,11.52,607,938,400
8705,4,15,14,210,0.933,0.11,0.338,1.92,23,71,12
8706,4,67,30,2010,0.448,0.169,0.46,2.26,339,924,150
8707,2,2,537,1074,268.5,0.537,0.609,22.19,577,654,26
8708,2,1,28,28,28.0,0.964,1.0,27.0,27,28,1
8709,5,74,471,1954,2.707,0.339,0.433,15.84,820,499,756
8710,4,37,20,740,0.541,0.131,0.193,4.22,97,143,23
8711,5,78,140,4920,0.787,0.574,0.649,21.52,292,177,664
8712,5,28,32,896,1.143,0.488,0.743,7.05,437,666,62
8713,4,45,79,3555,1.756,0.087,0.195,4.81,308,693,64
8714,4,54,357,9278,6.611,0.324,0.644,6.22,238,422,3
8715,1,7,49,343,7.0,0.297,0.641,2.08,102,220,49
8716,3,14,2,28,0.143,0.536,0.536,15.0,15,15,1
8717,1,8,16,128,2.0,0.438,0.891,2.67,56,114,21
8718,1,5,30,150,6.0,0.36,0.947,1.26,54,142,43
8719,5,87,141,6367,0.754,0.415,0.884,4.69,947,301,333
8720,2,3,129,387,43.0,0.305,0.377,11.8,118,146,10
8721,4,7,13,91,1.857,0.154,0.484,2.0,14,44,7
8722,5,28,32,896,1.143,0.488,0.743,7.05,437,666,62
8723,4,54,357,9278,6.611,0.299,0.655,6.4,766,626,901
8724,1,7,34,238,4.857,0.282,0.782,1.49,67,186,45
8725,5,28,31,868,1.107,0.492,0.745,7.49,427,647,57
8726,5,63,161,6243,0.988,0.523,0.897,8.4,725,547,634
8727,1,10,124,1240,12.4,0.473,0.814,3.43,587,9,171
8728,4,83,315,6145,3.795,0.295,0.594,9.21,725,523,839
8729,2,1,14,14,14.0,0.571,1.0,2.0,8,14,4
8730,2,1,73,73,73.0,0.616,1.0,3.75,45,73,12
8731,3,31,1,31,0.032,1.0,1.0,31.0,31,31,1
8732,5,86,469,7234,2.522,0.378,0.529,22.29,17,133,481
8733,2,1,14,14,14.0,0.929,1.0,13.0,13,14,1
8734,2,1,17,17,17.0,0.824,1.0,4.67,14,17,3
8735,2,1,124,124,124.0,0.444,1.0,7.86,55,124,7
8736,3,23,1,23,0.043,1.0,1.0,23.0,23,23,1
8737,2,2,20,40,10.0,0.675,0.675,27.0,27,27,1
8738,4,53,48,2544,0.906,0.181,0.374,4.69,460,951,98
8739,4,36,43,1548,1.194,0.117,0.183,3.07,181,283,59
8740,2,1,199,199,199.0,0.945,1.0,37.6,188,199,5
8741,2,2,46,92,23.0,0.511,0.554,47.0,47,51,1
8742,2,1,28,28,28.0,0.536,1.0,3.0,15,28,5
8743,2,1,79,79,79.0,0.608,1.0,6.86,48,79,7
8744,5,66,472,8352,2.843,0.359,0.547,17.12,93,821,641
8745,5,87,137,5619,0.733,0.899,0.991,29.29,25,400,786
8746,3,9,1,9,0.111,1.0,1.0,9.0,9,9,1
8747,1,7,21,147,3.0,0.259,0.837,1.46,38,123,26
8748,3,8,1,8,0.125,1.0,1.0,8.0,8,8,1
8749,4,31,71,2201,2.29,0.159,0.296,10.29,350,651,34
8750,3,10,1,10,0.1,1.0,1.0,10.0,10,10,1
8751,2,1,75,75,75.0,0.813,1.0,5.55,61,75,11
8752,4,12,146,1752,12.167,0.091,0.128,26.67,160,225,6
8753,3,4,2,8,0.5,0.875,0.875,7.0,7,7,1
8754,5,63,79,4977,1.254,0.338,0.345,186.78,681,718,9
8755,5,68,145,4360,0.863,0.798,0.963,13.06,430,457,488
8756,2,1,16,16,16.0,1.0,1.0,16.0,16,16,1
8757,3,13,1,13,0.077,1.0,1.0,13.0,13,13,1
8758,4,5,12,60,2.4,0.133,0.267,4.0,8,16,2
8759,5,86,469,7234,2.522,0.378,0.529,22.29,17,133,481
8760,3,76,1,76,0.013,1.0,1.0,76.0,76,76,1
8761,2,1,54,54,54.0,0.944,1.0,17.0,51,54,3
8762,3,31,1,31,0.032,1.0,1.0,31.0,31,31,1
8763,4,53,48,2544,0.906,0.157,0.269,7.84,400,685,51
8764,1,8,19,152,2.375,0.178,0.724,1.5,27,110,18
8765,2,1,70,70,70.0,0.943,1.0,22.0,66,70,3
8766,3,11,1,11,0.091,1.0,1.0,11.0,11,11,1
8767,4,37,72,2664,1.946,0.12,0.257,7.64,321,685,42
8768,2,1,115,115,115.0,0.2,1.0,4.6,23,115,5
8769,4,9,17,153,1.889,0.144,0.458,3.14,22,70,7
8770,5,63,79,4977,1.254,0.338,0.345,186.78,681,718,9
8771,1,11,52,572,4.727,0.28,0.605,2.05,160,346,78
8772,1,9,120,1080,13.333,0.331,0.859,1.98,358,928,181
8773,1,8,4,32,0.5,0.594,1.0,2.71,19,32,7
8774,2,3,132,396,44.0,0.505,0.558,20.0,200,221,10
8775,5,87,137,5619,0.733,0.899,0.991,29.29,25,400,786
8776,2,1,32,32,32.0,0.719,1.0,5.75,23,32,4
8777,3,5,2,210,0.019,0.529,0.533,111.0,111,112,1
8778,3,7,1,7,0.143,1.0,1.0,7.0,7,7,1
8779,3,42,7,294,0.167,0.282,0.432,2.18,83,127,38
8780,5,93,104,9672,1.118,0.451,0.611,4.25,366,908,28
8781,1,7,11,77,1.571,0.416,0.818,2.0,32,63,16
8782,5,78,140,4920,0.787,0.574,0.649,21.52,292,177,664
8783,1,7,8,56,1.143,0.429,0.964,1.85,24,54,13
8784,1,7,20,140,2.857,0.421,0.829,2.46,59,116,24
8785,1,9,68,612,7.556,0.335,0.789,2.33,205,483,88
8786,5,72,96,6912,1.333,0.488,0.582,15.69,374,25,215
8787,3,25,1,25,0.04,1.0,1.0,25.0,25,25,1
8788,5,28,32,896,1.143,0.488,0.743,7.05,437,666,62
8789,5,87,137,5619,0.733,0.899,0.991,29.29,25,400,786
8790,2,4,19,76,4.75,0.276,0.382,5.25,21,29,4
8791,5,32,547,2204,4.144,0.37,0.483,20.66,693,874,292
8792,2,1,63,63,63.0,1.0,1.0,63.0,63,63,1
8793,5,87,141,6367,0.754,0.415,0.884,4.69,947,301,333
8794,2,1,193,193,193.0,0.57,1.0,2.97,110,193,37
8795,3,7,1,7,0.143,1.0,1.0,7.0,7,7,1
8796,3,14,1,14,0.071,1.0,1.0,14.0,14,14,1
8797,1,7,26,182,3.714,0.192,0.626,1.52,35,114,23
8798,1,10,37,370,3.7,0.327,0.954,1.83,121,353,66
8799,2,2,22,44,11.0,0.477,1.0,21.0,21,44,1
8800,3,9,1,9,0.111,1.0,1.0,9.0,9,9,1
8801,2,1,22,22,22.0,0.818,1.0,4.5,18,22,4
8802,2,1,17,17,17.0,1.0,1.0,17.0,17,17,1
8803,1,7,15,105,2.143,0.343,1.0,1.64,36,105,22
8804,4,8,5,40,0.625,0.275,0.45,3.67,11,18,3
8805,5,65,50,3250,0.769,0.454,0.487,245.83,475,582,6
8806,4,1,99,9999,0.98,0.14,0.778,2.02,398,780,691
8807,2,2,325,650,162.5,0.485,0.537,28.64,315,349,11
8808,4,6,5,30,0.833,0.367,1.0,2.2,11,30,5
8809,2,1,14,14,14.0,0.571,1.0,2.0,8,14,4
8810,2,1,52,52,52.0,0.962,1.0,25.0,50,52,2
8811,5,64,73,4672,1.141,0.403,0.445,72.38,882,77,26
8812,3,5,2,10,0.4,0.9,0.9,9.0,9,9,1
8813,1,10,25,250,2.5,0.392,0.808,2.51,98,202,39
8814,4,5,7,35,1.4,0.229,0.6,2.67,8,21,3
8815,5,86,469,7234,2.522,0.378,0.529,22.29,17,133,481
8816,1,5,20,100,4.0,0.17,0.48,1.55,17,48,11
8817,3,22,1,22,0.045,1.0,1.0,22.0,22,22,1
8818,1,7,26,182,3.714,0.346,0.725,1.5,63,132,42
8819,1,7,13,91,1.857,0.242,0.912,1.47,22,83,15
8820,3,66,3,198,0.045,0.657,0.909,2.6,130,180,50
8821,4,31,105,3255,3.387,0.242,0.456,4.89,787,485,161
8822,2,2,18,36,9.0,0.722,0.722,26.0,26,26,1
8823,2,3,550,1650,183.33,0.329,0.375,27.15,543,619,20
8824,2,1,35,35,35.0,0.857,1.0,10.0,30,35,3
8825,5,29,32,928,1.103,0.476,0.72,7.25,442,668,61
8826,3,9,1,9,0.111,1.0,1.0,9.0,9,9,1
8827,5,83,149,2367,1.795,0.388,0.472,28.77,804,838,167
8828,1,17,21,357,1.235,0.373,0.613,16.63,133,219,8
8829,5,95,93,8835,0.979,0.675,0.902,3.63,966,968,644
8830,5,28,347,4416,2.711,0.399,0.567,13.07,721,163,356
8831,4,12,464,8368,2.189,0.052,0.07,11.84,66,884,428
8832,2,1,17,17,17.0,0.765,1.0,6.5,13,17,2
8833,1,28,333,9324,11.893,0.351,0.65,4.55,270,57,718
8834,2,4,115,460,28.75,0.426,0.487,17.82,196,224,11
8835,1,7,9,63,1.286,0.317,0.81,1.54,20,51,13
8836,5,28,31,868,1.107,0.508,0.767,7.47,441,666,59
8837,1,7,19,133,2.714,0.278,0.662,1.37,37,88,27
8838,4,7,13,91,1.857,0.154,0.484,2.0,14,44,7
8839,3,61,30,7830,0.115,0.063,0.09,2.4,492,701,205
8840,5,65,50,3250,0.769,0.454,0.487,245.83,475,582,6
8841,5,72,96,6912,1.333,0.488,0.582,15.69,374,25,215
8842,5,63,66,4158,1.048,0.491,0.591,44.37,41,458,46
8843,1,9,52,468,5.778,0.359,0.827,2.4,168,387,70
8844,1,8,129,1032,16.125,0.232,0.823,1.46,239,849,164
8845,5,28,32,896,1.143,0.488,0.743,7.05,437,666,62
8846,4,16,4,64,0.25,0.156,0.531,5.0,10,34,2
8847,1,8,37,296,4.625,0.182,0.649,1.35,54,192,40
8848,3,34,1,34,0.029,1.0,1.0,34.0,34,34,1
8849,3,8,1,8,0.125,1.0,1.0,8.0,8,8,1
8850,3,54,1,54,0.019,1.0,1.0,54.0,54,54,1
8851,2,3,541,1623,180.33,0.71,0.747,88.62,152,213,13
8852,1,7,16,112,2.286,0.42,0.768,1.96,47,86,24
8853,1,10,121,1210,12.1,0.415,0.879,2.61,502,63,192
8854,2,1,22,22,22.0,0.955,1.0,21.0,21,22,1
8855,1,8,12,96,1.5,0.458,0.667,3.67,44,64,12
8856,3,18,1,18,0.056,1.0,1.0,18.0,18,18,1
8857,1,6,96,576,16.0,0.217,0.797,1.45,125,459,86
8858,2,1,98,98,98.0,0.939,1.0,30.67,92,98,3
8859,3,37,1,37,0.027,1.0,1.0,37.0,37,37,1
8860,2,1,147,147,147.0,0.864,1.0,11.55,127,147,11
8861,4,6,5,30,0.833,0.233,0.633,1.75,7,19,4
8862,4,13,13,169,1.0,0.124,0.45,3.5,21,76,6
8863,4,6,5,30,0.833,0.367,1.0,2.2,11,30,5
8864,4,5,4,20,0.8,0.45,0.65,4.5,9,13,2
8865,3,9,2,18,0.222,0.611,0.722,11.0,11,13,1
8866,2,1,75,75,75.0,0.92,1.0,11.5,69,75,6
8867,3,12,1,12,0.083,1.0,1.0,12.0,12,12,1
8868,4,17,60,1020,3.529,0.139,0.371,7.1,142,378,20
8869,2,2,20,40,10.0,0.725,0.875,29.0,29,35,1
8870,2,1,70,70,70.0,0.943,1.0,22.0,66,70,3
8871,3,9,1,9,0.111,1.0,1.0,9.0,9,9,1
8872,1,14,57,798,4.071,0.727,0.951,11.84,580,759,49
8873,1,15,11,165,0.733,0.503,0.685,10.38,83,113,8
8874,2,2,537,1074,268.5,0.51,0.534,49.82,548,574,11
8875,2,3,537,1611,179.0,0.345,0.405,22.24,556,652,25
8876,2,37,1,37,0.027,1.0,1.0,37.0,37,37,1
8877,5,63,161,6243,0.988,0.523,0.897,8.4,725,547,634
8878,2,1,8,8,8.0,1.0,1.0,8.0,8,8,1
8879,3,9,1,9,0.111,1.0,1.0,9.0,9,9,1
8880,2,2,46,92,23.0,0.587,0.761,18.0,54,70,3
8881,1,8,101,808,12.625,0.222,0.834,1.29,179,674,139
8882,1,5,7,35,1.4,0.429,0.886,2.5,15,31,6
8883,5,68,145,4360,0.863,0.798,0.963,13.06,430,457,488
8884,1,8,19,152,2.375,0.395,0.704,1.94,60,107,31
8885,2,2,48,96,24.0,0.625,0.677,30.0,60,65,2
8886,1,9,112,1008,12.444,0.213,0.835,1.59,215,842,135
8887,3,58,3,174,0.052,0.339,0.345,59.0,59,60,1
8888,4,6,13,78,2.167,0.103,0.449,4.0,8,35,2
8889,2,2,537,1074,268.5,0.523,0.567,62.44,562,609,9
8890,2,2,52,104,26.0,0.231,0.529,1.5,24,55,16
8891,1,10,18,180,1.8,0.294,0.911,1.89,53,164,28
8892,2,1,13,13,13.0,0.846,1.0,5.5,11,13,2
8893,4,49,79,3871,1.612,0.084,0.179,7.36,324,694,44
8894,1,1,9,9,9.0,0.778,1.0,7.0,7,9,1
8895,5,68,135,2680,0.804,0.82,0.904,62.81,591,513,296
8896,4,83,326,7058,3.928,0.286,0.671,7.55,741,149,25
8897,3,34,1,34,0.029,1.0,1.0,34.0,34,34,1
8898,4,25,9,225,0.36,0.187,0.436,2.47,42,98,17
8899,5,74,471,1954,2.707,0.339,0.433,15.84,820,499,756
8900,2,1,44,44,44.0,0.25,1.0,2.2,11,44,5
8901,1,7,14,98,2.0,0.337,0.786,1.38,33,77,24
8902,1,10,285,2850,28.5,0.175,0.598,1.58,499,703,315
8903,3,7,1,7,0.143,1.0,1.0,7.0,7,7,1
8904,4,30,61,1830,2.033,0.157,0.483,1.88,288,884,153
8905,2,1,71,71,71.0,0.521,1.0,2.31,37,71,16
8906,2,2,22,44,11.0,0.75,0.75,33.0,33,33,1
8907,1,9,233,2097,25.889,0.165,0.687,1.26,345,441,274
8908,3,42,1,42,0.024,1.0,1.0,42.0,42,42,1
8909,3,25,1,25,0.04,1.0,1.0,25.0,25,25,1
8910,3,27,4,108,0.148,0.333,0.667,2.57,36,72,14
8911,1,10,52,520,5.2,0.319,0.802,1.87,166,417,89
8912,1,10,19,190,1.9,0.6,0.768,9.5,114,146,12
8913,4,9,6,54,0.667,0.407,0.519,5.5,22,28,4
8914,2,1,159,159,159.0,0.994,1.0,158.0,158,159,1
8915,2,1,14,14,14.0,1.0,1.0,14.0,14,14,1
8916,1,8,9,72,1.125,0.361,0.792,1.53,26,57,17
8917,1,10,22,220,2.2,0.377,0.614,2.44,83,135,34
8918,2,2,32,64,16.0,0.516,0.531,33.0,33,34,1
8919,5,93,104,9672,1.118,0.451,0.611,4.25,366,908,28
8920,4,0,49,4900,0.49,0.093,0.4,1.77,458,958,259
8921,4,7,15,105,2.143,0.114,0.295,2.4,12,31,5
8922,5,32,547,2204,4.144,0.37,0.483,20.66,693,874,292
8923,3,58,3,174,0.052,0.339,0.345,59.0,59,60,1
8924,3,10,1,10,0.1,1.0,1.0,10.0,10,10,1
8925,3,25,1,25,0.04,1.0,1.0,25.0,25,25,1
8926,1,9,107,963,11.889,0.375,0.861,1.94,361,829,186
8927,1,6,32,192,5.333,0.365,0.958,1.67,70,184,42
8928,2,1,278,278,278.0,0.946,1.0,29.22,263,278,9
8929,1,6,94,564,15.667,0.188,0.874,1.63,106,493,65
8930,2,1,81,81,81.0,0.901,1.0,24.33,73,81,3
8931,5,65,50,3250,0.769,0.454,0.487,245.83,475,582,6
8932,2,1,10,10,10.0,1.0,1.0,10.0,10,10,1
8933,2,1,114,114,114.0,0.939,1.0,21.4,107,114,5
8934,3,5,2,10,0.4,0.7,0.7,7.0,7,7,1
8935,5,29,31,899,1.069,0.463,0.726,6.93,416,653,60
8936,3,5,2,10,0.4,0.9,0.9,9.0,9,9,1
8937,2,2,46,92,23.0,0.587,0.761,18.0,54,70,3
8938,4,13,5,65,0.385,0.323,0.554,5.25,21,36,4
8939,2,1,47,47,47.0,0.532,1.0,25.0,25,47,1
8940,1,8,7,56,0.875,0.482,0.946,2.7,27,53,10
8941,1,8,523,4184,65.375,0.06,0.305,1.2,250,277,209
8942,2,1,16,16,16.0,1.0,1.0,16.0,16,16,1
8943,4,15,14,210,0.933,0.11,0.338,1.92,23,71,12
8944,1,10,27,270,2.7,0.367,0.83,1.87,99,224,53
8945,2,1,127,127,127.0,0.646,1.0,13.67,82,127,6
8946,2,1,14,14,14.0,1.0,1.0,14.0,14,14,1
8947,2,1,13,13,13.0,0.692,1.0,4.5,9,13,2
8948,3,5,2,10,0.4,0.8,0.8,8.0,8,8,1
8949,3,69,3,207,0.043,0.643,0.952,2.08,133,197,64
8950,3,37,1,37,0.027,1.0,1.0,37.0,37,37,1
8951,4,17,9,153,0.529,0.209,0.497,1.88,32,76,17
8952,4,5,12,60,2.4,0.133,0.267,4.0,8,16,2
8953,2,2,48,96,24.0,0.625,0.677,30.0,60,65,2
8954,2,1,16,16,16.0,1.0,1.0,16.0,16,16,1
8955,5,28,31,868,1.107,0.492,0.745,7.49,427,647,57
8956,5,95,93,8835,0.979,0.675,0.902,3.63,966,968,644
8957,4,8,9,72,1.125,0.125,0.319,4.5,9,23,2
8958,4,4,5,20,1.25,0.35,0.8,2.33,7,16,3
8959,4,47,286,3442,6.085,0.183,0.317,4.67,459,258,526
8960,5,28,32,896,1.143,0.462,0.722,7.02,414,647,59
8961,2,10,2,20,0.2,0.55,0.6,11.0,11,12,1
8962,2,1,8,8,8.0,1.0,1.0,8.0,8,8,1
8963,3,13,1,13,0.077,1.0,1.0,13.0,13,13,1
8964,2,1,9,9,9.0,1.0,1.0,9.0,9,9,1
8965,3,8,1,8,0.125,1.0,1.0,8.0,8,8,1
8966,5,86,469,7234,2.522,0.378,0.529,22.29,17,133,481
8967,5,28,32,896,1.143,0.462,0.722,7.02,414,647,59
8968,1,74,183,3542,2.473,0.544,0.612,127.0,366,289,58
8969,1,10,46,460,4.6,0.317,0.683,1.85,146,314,79
8970,2,1,39,39,39.0,0.897,1.0,8.75,35,39,4
8971,3,39,1,39,0.026,1.0,1.0,39.0,39,39,1
8972,4,55,48,2640,0.873,0.142,0.364,4.26,375,960,88
8973,4,8,5,40,0.625,0.275,0.45,3.67,11,18,3
8974,1,8,31,248,3.875,0.375,0.722,2.02,93,179,46
8975,2,1,77,77,77.0,0.403,1.0,5.17,31,77,6
8976,2,1,26,26,26.0,1.0,1.0,26.0,26,26,1
8977,2,2,18,36,9.0,0.667,0.694,24.0,24,25,1
8978,4,5,3,15,0.6,0.467,0.6,3.5,7,9,2
8979,4,14,19,266,1.357,0.113,0.504,30.0,30,134,1
8980,2,1,180,180,180.0,0.983,1.0,88.5,177,180,2
8981,1,5,94,470,18.8,0.277,0.945,1.63,130,444,80
8982,3,5,2,10,0.4,0.8,0.8,8.0,8,8,1
8983,2,2,46,92,23.0,0.511,0.554,47.0,47,51,1
8984,1,11,9,99,0.818,0.545,0.818,9.0,54,81,6
8985,3,84,1,84,0.012,1.0,1.0,84.0,84,84,1
8986,5,29,32,928,1.103,0.476,0.72,7.25,442,668,61
8987,5,87,137,5619,0.733,0.899,0.991,29.29,25,400,786
8988,1,9,535,4815,59.444,0.088,0.318,1.37,425,530,310
8989,2,5,7,35,1.4,0.2,0.314,7.0,7,11,1
8990,1,10,11,110,1.1,0.491,0.845,4.5,54,93,12
8991,2,1,42,42,42.0,0.31,1.0,2.6,13,42,5
8992,5,28,32,896,1.143,0.462,0.722,7.02,414,647,59
8993,1,8,13,104,1.625,0.452,0.971,1.96,47,101,24
8994,3,42,1,42,0.024,1.0,1.0,42.0,42,42,1
8995,4,53,442,7626,2.889,0.114,0.215,6.27,689,538,227
8996,1,7,10,70,1.429,0.343,0.786,1.33,24,55,18
8997,2,1,44,44,44.0,0.909,1.0,20.0,40,44,2
8998,4,4,8,32,2.0,0.344,0.531,5.5,11,17,2
8999,1,9,37,333,4.111,0.396,0.85,2.03,132,283,65
9000,4,9,4,36,0.444,0.25,0.75,9.0,9,27,1
9001,2,1,14,14,14.0,0.643,1.0,4.5,9,14,2
9002,4,12,146,1752,12.167,0.091,0.128,26.67,160,225,6
9003,5,95,93,8835,0.979,0.675,0.902,3.63,966,968,644
9004,4,31,105,3255,3.387,0.224,0.417,5.35,728,358,136
9005,5,78,140,4920,0.787,0.574,0.649,21.52,292,177,664
9006,1,8,6,48,0.75,0.375,0.792,3.0,18,38,6
9007,1,7,28,196,4.0,0.306,0.847,1.58,60,166,38
9008,4,9,4,36,0.444,0.25,0.75,9.0,9,27,1
9009,3,11,2,22,0.182,0.636,0.636,14.0,14,14,1
9010,3,17,1,117,0.009,1.0,1.0,117.0,117,117,1
9011,3,9,1,9,0.111,1.0,1.0,9.0,9,9,1
9012,1,7,10,70,1.429,0.329,1.0,1.77,23,70,13
9013,1,10,261,2610,26.1,0.264,0.679,1.77,689,771,390
9014,1,9,99,891,11.0,0.464,0.942,2.52,413,839,164
9015,3,36,1,136,0.007,0.993,1.0,135.0,135,136,1
9016,4,5,7,35,1.4,0.229,0.6,2.67,8,21,3
9017,2,1,81,81,81.0,0.901,1.0,24.33,73,81,3
9018,3,8,1,8,0.125,1.0,1.0,8.0,8,8,1
9019,4,5,3,15,0.6,0.467,0.6,3.5,7,9,2
9020,5,28,32,896,1.143,0.481,0.742,7.43,431,665,58
9021,1,11,22,242,2.0,0.417,0.694,4.04,101,168,25
9022,3,9,1,9,0.111,1.0,1.0,9.0,9,9,1
9023,5,83,149,2367,1.795,0.388,0.472,28.77,804,838,167
9024,1,9,85,765,9.444,0.302,0.812,1.82,231,621,127
9025,5,87,137,5619,0.733,0.899,0.991,29.29,25,400,786
9026,4,6,12,72,2.0,0.139,0.514,1.43,10,37,7
9027,4,13,5,65,0.385,0.123,0.538,8.0,8,35,1
9028,4,8,5,40,0.625,0.275,0.45,3.67,11,18,3
9029,1,6,94,564,15.667,0.184,0.934,1.32,104,527,79
9030,2,2,537,1074,268.5,0.538,0.594,32.11,578,638,18
9031,5,68,145,4360,0.863,0.798,0.963,13.06,430,457,488
9032,3,5,2,10,0.4,0.8,0.8,8.0,8,8,1
9033,4,60,286,5760,1.788,0.201,0.226,55.42,199,347,166
9034,4,45,79,3555,1.756,0.087,0.195,4.81,308,693,64
9035,2,3,537,1611,179.0,0.345,0.405,22.24,556,652,25
9036,3,12,1,12,0.083,1.0,1.0,12.0,12,12,1
9037,4,15,14,210,0.933,0.11,0.338,1.92,23,71,12
9038,4,6,465,2290,1.52,0.055,0.123,2.69,861,452,925
9039,2,2,63,126,31.5,0.341,0.508,10.75,43,64,4
9040,1,11,123,1353,11.182,0.25,0.514,1.95,338,695,173
9041,4,16,30,480,1.875,0.133,0.471,2.29,64,226,28
9042,1,6,9,54,1.5,0.296,0.796,2.0,16,43,8
9043,3,17,1,17,0.059,1.0,1.0,17.0,17,17,1
9044,4,22,22,484,1.0,0.107,0.473,1.79,52,229,29
9045,2,24,510,2240,21.25,0.846,0.927,38.65,359,341,268
9046,2,3,183,549,61.0,0.488,0.577,29.78,268,317,9
9047,1,16,181,2896,11.313,0.4,0.759,5.1,157,198,227
9048,4,36,43,1548,1.194,0.117,0.183,3.07,181,283,59
9049,1,7,8,56,1.143,0.375,1.0,1.62,21,56,13
9050,2,1,117,117,117.0,0.974,1.0,38.0,114,117,3
9051,1,11,98,1078,8.909,0.276,0.602,2.15,297,649,138
9052,5,32,547,2204,4.144,0.37,0.483,20.66,693,874,292
9053,2,1,32,32,32.0,0.469,1.0,1.88,15,32,8
9054,2,1,62,62,62.0,0.984,1.0,61.0,61,62,1
9055,1,6,14,84,2.333,0.286,1.0,1.2,24,84,20
9056,5,93,104,9672,1.118,0.451,0.611,4.25,366,908,28
9057,2,7,14,98,2.0,0.102,0.204,10.0,10,20,1
9058,4,28,61,1708,2.179,0.172,0.509,1.97,294,870,149
9059,4,6,13,78,2.167,0.103,0.449,4.0,8,35,2
9060,4,13,13,169,1.0,0.124,0.45,3.5,21,76,6
9061,5,29,32,928,1.103,0.476,0.72,7.25,442,668,61
9062,4,6,17,102,2.833,0.137,0.627,2.8,14,64,5
9063,4,16,21,336,1.313,0.095,0.515,1.6,32,173,20
9064,5,68,135,2680,0.804,0.82,0.904,62.81,591,513,296
9065,1,8,83,664,10.375,0.398,0.94,2.15,264,624,123
9066,4,4,5,20,1.25,0.35,0.8,2.33,7,16,3
9067,2,1,117,117,117.0,0.974,1.0,38.0,114,117,3
9068,1,10,19,190,1.9,0.553,0.805,7.5,105,153,14
9069,4,54,48,2592,0.889,0.143,0.264,6.85,370,685,54
9070,3,94,2,188,0.021,0.516,0.516,97.0,97,97,1
9071,5,53,158,4174,1.033,0.587,0.641,46.95,180,491,302
9072,2,4,194,776,48.5,0.263,0.273,34.0,204,212,6
9073,3,4,2,8,0.5,1.0,1.0,8.0,8,8,1
9074,5,78,140,4920,0.787,0.574,0.649,21.52,292,177,664
9075,3,27,4,108,0.148,0.38,0.75,2.56,41,81,16
9076,3,8,1,8,0.125,1.0,1.0,8.0,8,8,1
9077,5,53,158,4174,1.033,0.587,0.641,46.95,180,491,302
9078,3,4,11,8844,0.014,0.191,0.233,15.64,689,58,108
9079,1,9,28,252,3.111,0.258,0.607,1.51,65,153,43
9080,1,7,38,266,5.429,0.327,0.951,1.38,87,253,63
9081,3,14,1,14,0.071,1.0,1.0,14.0,14,14,1
9082,1,10,215,2150,21.5,0.133,0.464,1.2,287,997,239
9083,3,22,1,22,0.045,1.0,1.0,22.0,22,22,1
9084,5,87,141,6367,0.754,0.415,0.884,4.69,947,301,333
9085,1,12,245,2940,20.417,0.204,0.797,1.7,599,342,353
9086,5,63,161,6243,0.988,0.523,0.897,8.4,725,547,634
9087,4,22,22,484,1.0,0.107,0.473,1.79,52,229,29
9088,2,1,17,17,17.0,1.0,1.0,17.0,17,17,1
9089,3,12,2,24,0.167,0.625,0.667,15.0,15,16,1
9090,5,87,141,6367,0.754,0.415,0.884,4.69,947,301,333
9091,4,29,48,1392,1.655,0.116,0.268,5.06,162,373,32
9092,2,7,46,322,6.571,0.177,0.304,8.14,57,98,7
9093,1,6,96,576,16.0,0.293,0.724,2.09,169,417,81
9094,2,1,79,79,79.0,0.608,1.0,6.86,48,79,7
9095,3,1,25,25,25.0,1.0,1.0,25.0,25,25,1
9096,5,28,32,896,1.143,0.462,0.722,7.02,414,647,59
9097,3,22,1,22,0.045,1.0,1.0,22.0,22,22,1
9098,5,28,32,896,1.143,0.462,0.722,7.02,414,647,59
9099,5,83,149,2367,1.795,0.388,0.472,28.77,804,838,167
9100,2,1,29,29,29.0,0.931,1.0,13.5,27,29,2
9101,1,9,132,1188,14.667,0.189,0.588,1.54,225,698,146
9102,4,8,16,128,2.0,0.156,0.859,5.0,20,110,4
9103,1,9,81,729,9.0,0.357,0.863,2.22,260,629,117
9104,5,29,32,928,1.103,0.432,0.689,6.27,401,639,64
9105,2,1,186,186,186.0,0.828,1.0,9.06,154,186,17
9106,1,6,33,198,5.5,0.303,0.874,1.46,60,173,41
9107,5,28,31,868,1.107,0.508,0.767,7.47,441,666,59
9108,1,9,231,2079,25.667,0.196,0.637,1.49,407,324,274
9109,3,19,2,38,0.105,0.816,0.816,31.0,31,31,1
9110,5,63,66,4158,1.048,0.491,0.591,44.37,41,458,46
9111,5,83,149,2367,1.795,0.388,0.472,28.77,804,838,167
9112,5,28,347,4416,2.711,0.399,0.567,13.07,721,163,356
9113,5,64,73,4672,1.141,0.403,0.445,72.38,882,77,26
9114,1,17,11,187,0.647,0.417,0.647,9.75,78,121,8
9115,3,42,1,42,0.024,1.0,1.0,42.0,42,42,1
9116,1,7,33,231,4.714,0.264,0.844,1.2,61,195,51
9117,2,2,25,50,12.5,0.36,1.0,4.5,18,50,4
9118,5,72,96,6912,1.333,0.488,0.582,15.69,374,25,215
9119,1,10,11,110,1.1,0.382,1.0,1.5,42,110,28
9120,4,83,326,7058,3.928,0.286,0.671,7.55,741,149,25
9121,5,87,141,6367,0.754,0.415,0.884,4.69,947,301,333
9122,1,9,40,360,4.444,0.275,0.875,1.6,99,315,62
9123,3,98,3,294,0.031,0.48,0.486,141.0,141,143,1
9124,3,16,1,16,0.063,1.0,1.0,16.0,16,16,1
9125,2,2,538,1076,269.0,0.637,0.703,29.78,685,756,23
9126,2,25,169,4225,6.76,0.215,0.947,1.57,907,0,579
9127,3,14,2,28,0.143,0.536,0.536,15.0,15,15,1
9128,4,32,350,1200,10.938,0.142,0.402,3.96,588,497,401
9129,5,86,469,7234,2.522,0.378,0.529,22.29,17,133,481
9130,1,4,4,16,1.0,0.563,0.938,4.5,9,15,2
9131,4,54,357,9278,6.611,0.299,0.655,6.4,766,626,901
9132,4,16,4,64,0.25,0.156,0.531,5.0,10,34,2
9133,1,7,65,455,9.286,0.404,0.925,2.07,184,421,89
9134,2,1,413,413,413.0,0.998,1.0,412.0,412,413,1
9135,3,7,1,7,0.143,1.0,1.0,7.0,7,7,1
9136,5,95,93,8835,0.979,0.675,0.902,3.63,966,968,644
9137,2,1,277,277,277.0,0.993,1.0,137.5,275,277,2
9138,5,66,472,8352,2.843,0.359,0.547,17.12,93,821,641
9139,1,8,40,320,5.0,0.35,0.906,1.81,112,290,62
9140,5,86,469,7234,2.522,0.378,0.529,22.29,17,133,481
9141,1,10,51,510,5.1,0.28,0.814,1.66,143,415,86
9142,3,8,1,8,0.125,1.0,1.0,8.0,8,8,1
9143,2,2,535,1070,267.5,0.545,0.629,24.29,583,673,24
9144,5,72,96,6912,1.333,0.488,0.582,15.69,374,25,215
9145,4,8,9,72,1.125,0.125,0.319,4.5,9,23,2
9146,1,9,153,1377,17.0,0.304,0.848,2.06,419,168,203
9147,1,9,36,324,4.0,0.611,0.926,3.36,198,300,59
9148,1,10,46,460,4.6,0.317,0.683,1.85,146,314,79
9149,2,1,32,32,32.0,0.469,1.0,1.88,15,32,8
9150,5,63,79,4977,1.254,0.338,0.345,186.78,681,718,9
9151,5,68,145,4360,0.863,0.798,0.963,13.06,430,457,488
9152,1,8,9,72,1.125,0.528,0.958,3.17,38,69,12
9153,1,34,114,3876,3.353,0.105,0.301,2.59,406,166,157
9154,3,17,1,17,0.059,1.0,1.0,17.0,17,17,1
9155,5,29,31,899,1.069,0.463,0.726,6.93,416,653,60
9156,5,72,96,6912,1.333,0.488,0.582,15.69,374,25,215
9157,4,81,49,3969,0.605,0.113,0.398,2.26,449,580,199
9158,5,53,158,4174,1.033,0.587,0.641,46.95,180,491,302
9159,1,10,511,5110,51.1,0.141,0.542,1.36,721,772,532
9160,5,32,547,2204,4.144,0.37,0.483,20.66,693,874,292
9161,4,4,11,44,2.75,0.159,0.932,1.75,7,41,4
9162,3,27,1,27,0.037,1.0,1.0,27.0,27,27,1
9163,1,24,157,3768,6.542,0.905,0.958,18.34,411,609,186
9164,1,10,29,290,2.9,0.29,0.803,1.83,84,233,46
9165,4,37,20,740,0.541,0.131,0.193,4.22,97,143,23
9166,3,8,1,8,0.125,1.0,1.0,8.0,8,8,1
9167,2,2,176,352,88.0,0.528,0.605,31.0,186,213,6
9168,4,4,11,44,2.75,0.159,0.932,1.75,7,41,4
9169,1,12,27,324,2.25,0.318,0.898,2.64,103,291,39
9170,1,9,32,288,3.556,0.292,0.826,1.53,84,238,55
9171,2,2,204,408,102.0,0.412,0.681,10.5,168,278,16
9172,5,65,50,3250,0.769,0.454,0.487,245.83,475,582,6
9173,4,13,8,104,0.615,0.154,0.769,1.07,16,80,15
9174,5,29,32,928,1.103,0.476,0.72,7.25,442,668,61
9175,1,9,49,441,5.444,0.272,0.791,1.38,120,349,87
9176,3,27,1,27,0.037,1.0,1.0,27.0,27,27,1
9177,3,6,21,126,3.5,0.198,0.444,1.67,25,56,15
9178,2,1,10,10,10.0,1.0,1.0,10.0,10,10,1
9179,5,28,347,4416,2.711,0.399,0.567,13.07,721,163,356
9180,4,52,48,2496,0.923,0.138,0.248,7.67,345,619,45
9181,1,8,92,736,11.5,0.359,0.913,1.75,264,672,151
9182,4,32,106,3392,3.313,0.198,0.395,4.56,671,341,147
9183,3,13,1,13,0.077,1.0,1.0,13.0,13,13,1
9184,5,63,79,4977,1.254,0.338,0.345,186.78,681,718,9
9185,4,31,71,2201,2.29,0.159,0.296,10.29,350,651,34
9186,3,9,1,9,0.111,1.0,1.0,9.0,9,9,1
9187,3,13,1,13,0.077,1.0,1.0,13.0,13,13,1
9188,1,11,261,2871,23.727,0.257,0.644,2.01,738,849,368
9189,2,1,37,37,37.0,0.811,1.0,6.0,30,37,5
9190,3,14,1,14,0.071,1.0,1.0,14.0,14,14,1
9191,1,10,39,390,3.9,0.295,0.908,2.09,115,354,55
9192,3,8,1,8,0.125,1.0,1.0,8.0,8,8,1
9193,4,83,315,6145,3.795,0.295,0.594,9.21,725,523,839
9194,3,34,1,34,0.029,1.0,1.0,34.0,34,34,1
9195,4,7,24,168,3.429,0.101,0.298,1.89,17,50,9
9196,4,22,22,484,1.0,0.107,0.473,1.79,52,229,29
9197,5,87,141,6367,0.754,0.415,0.884,4.69,947,301,333
9198,5,29,32,928,1.103,0.476,0.72,7.25,442,668,61
9199,4,30,61,1830,2.033,0.157,0.483,1.88,288,884,153
9200,1,9,101,909,11.222,0.442,0.861,2.68,402,783,150
9201,5,63,79,4977,1.254,0.338,0.345,186.78,681,718,9
9202,1,4,16,64,4.0,0.391,0.938,1.67,25,60,15
9203,3,14,2,28,0.143,0.536,0.536,15.0,15,15,1
9204,4,6,12,72,2.0,0.139,0.514,1.43,10,37,7
9205,1,23,132,3036,5.739,0.95,1.0,20.76,885,36,139
9206,2,1,14,14,14.0,1.0,1.0,14.0,14,14,1
9207,4,37,72,2664,1.946,0.12,0.257,7.64,321,685,42
9208,4,5,4,20,0.8,0.45,0.65,4.5,9,13,2
9209,4,21,68,1428,3.238,0.052,0.109,5.69,74,156,13
9210,2,10,2,20,0.2,0.55,0.6,11.0,11,12,1
9211,4,8,9,72,1.125,0.125,0.319,4.5,9,23,2
9212,3,17,2,34,0.118,0.706,0.706,24.0,24,24,1
9213,4,6,465,2290,1.52,0.055,0.123,2.69,861,452,925
9214,2,2,536,1072,268.0,0.568,0.688,24.36,609,737,25
9215,3,9,2,18,0.222,0.611,0.722,11.0,11,13,1
9216,2,1,15,15,15.0,0.733,1.0,3.67,11,15,3
9217,1,4,11,44,2.75,0.364,0.955,1.33,16,42,12
9218,3,9,1,9,0.111,1.0,1.0,9.0,9,9,1
9219,1,8,9,72,1.125,0.361,0.972,1.73,26,70,15
9220,1,8,43,344,5.375,0.387,0.762,1.93,133,262,69
9221,3,84,1,84,0.012,1.0,1.0,84.0,84,84,1
9222,5,53,158,4174,1.033,0.587,0.641,46.95,180,491,302
9223,3,11,1,11,0.091,1.0,1.0,11.0,11,11,1
9224,3,93,4,372,0.043,0.419,0.565,2.89,156,210,54
9225,5,68,145,4360,0.863,0.798,0.963,13.06,430,457,488
9226,1,37,101,3737,2.73,0.282,0.695,2.44,53,596,432
9227,2,1,52,52,52.0,0.981,1.0,51.0,51,52,1
9228,2,2,537,1074,268.5,0.52,0.621,26.57,558,667,21
9229,5,95,93,8835,0.979,0.675,0.902,3.63,966,968,644
9230,4,12,464,8368,2.189,0.052,0.07,11.84,66,884,428
9231,1,10,65,650,6.5,0.475,0.971,2.76,309,631,112
9232,2,1,29,29,29.0,0.931,1.0,13.5,27,29,2
9233,3,27,4,108,0.148,0.333,0.667,2.57,36,72,14
9234,5,72,96,6912,1.333,0.488,0.582,15.69,374,25,215
9235,3,10,1,10,0.1,1.0,1.0,10.0,10,10,1
9236,1,11,104,1144,9.455,0.394,0.824,2.97,451,943,152
9237,3,13,1,13,0.077,1.0,1.0,13.0,13,13,1
9238,4,8,5,40,0.625,0.275,0.45,3.67,11,18,3
9239,4,7,11,77,1.571,0.117,0.494,1.8,9,38,5
9240,2,1,17,17,17.0,1.0,1.0,17.0,17,17,1
9241,3,12,1,12,0.083,1.0,1.0,12.0,12,12,1
9242,1,5,98,490,19.6,0.341,0.639,2.14,167,313,78
9243,1,10,31,310,3.1,0.3,0.813,3.32,93,252,28
9244,2,1,52,52,52.0,0.981,1.0,51.0,51,52,1
9245,5,28,32,896,1.143,0.462,0.722,7.02,414,647,59
9246,2,1,37,37,37.0,0.811,1.0,6.0,30,37,5
9247,4,28,61,1708,2.179,0.172,0.509,1.97,294,870,149
9248,3,10,1,10,0.1,1.0,1.0,10.0,10,10,1
9249,1,10,119,1190,11.9,0.39,0.81,2.75,464,964,169
9250,3,10,1,10,0.1,1.0,1.0,10.0,10,10,1
9251,2,7,46,322,6.571,0.177,0.304,8.14,57,98,7
9252,3,98,3,294,0.031,0.48,0.486,141.0,141,143,1
9253,3,12,1,12,0.083,1.0,1.0,12.0,12,12,1
9254,4,12,4,48,0.333,0.292,1.0,2.0,14,48,7
9255,2,1,13,13,13.0,1.0,1.0,13.0,13,13,1
9256,3,9,1,9,0.111,1.0,1.0,9.0,9,9,1
9257,2,1,14,14,14.0,0.571,1.0,2.0,8,14,4
9258,4,6,12,72,2.0,0.139,0.514,1.43,10,37,7
9259,5,29,32,928,1.103,0.476,0.72,7.25,442,668,61
9260,2,1,45,45,45.0,0.756,1.0,5.67,34,45,6
9261,5,29,31,899,1.069,0.463,0.726,6.93,416,653,60
9262,5,32,547,2204,4.144,0.37,0.483,20.66,693,874,292
9263,5,64,73,4672,1.141,0.403,0.445,72.38,882,77,26
9264,3,7,2,14,0.286,0.643,0.714,9.0,9,10,1
9265,5,68,135,2680,0.804,0.82,0.904,62.81,591,513,296
9266,2,1,29,29,29.0,1.0,1.0,29.0,29,29,1
9267,5,29,31,899,1.069,0.463,0.726,6.93,416,653,60
9268,4,7,24,168,3.429,0.101,0.298,1.89,17,50,9
9269,4,31,105,3255,3.387,0.224,0.417,5.35,728,358,136
9270,4,31,37,1147,1.194,0.189,0.555,2.07,217,637,105
9271,1,5,177,885,35.4,0.226,0.498,1.71,200,441,117
9272,2,1,114,114,114.0,0.939,1.0,21.4,107,114,5
9273,3,8,1,8,0.125,1.0,1.0,8.0,8,8,1
9274,1,8,11,88,1.375,0.25,0.83,1.29,22,73,17
9275,5,29,32,928,1.103,0.476,0.72,7.25,442,668,61
9276,1,9,38,342,4.222,0.211,0.561,2.25,72,192,32
9277,3,30,5,2150,0.012,0.216,0.221,46.5,465,475,10
9278,2,4,108,432,27.0,0.778,0.826,56.0,336,357,6
9279,2,1,54,54,54.0,0.944,1.0,17.0,51,54,3
9280,4,36,172,6192,4.778,0.128,0.337,4.84,793,86,164
9281,4,52,461,3972,8.865,0.192,0.248,11.52,607,938,400
9282,1,7,11,77,1.571,0.299,1.0,1.77,23,77,13
9283,4,22,22,484,1.0,0.107,0.473,1.79,52,229,29
9284,3,9,1,9,0.111,1.0,1.0,9.0,9,9,1
9285,5,86,469,7234,2.522,0.378,0.529,22.29,17,133,481
9286,2,1,20,20,20.0,0.85,1.0,8.5,17,20,2
9287,4,13,5,65,0.385,0.123,0.538,8.0,8,35,1
9288,5,68,145,4360,0.863,0.798,0.963,13.06,430,457,488
9289,3,8,1,8,0.125,1.0,1.0,8.0,8,8,1
9290,4,6,6,36,1.0,0.194,0.417,3.5,7,15,2
9291,4,49,79,3871,1.612,0.084,0.179,7.36,324,694,44
9292,2,2,48,96,24.0,0.625,0.677,30.0,60,65,2
9293,1,6,15,90,2.5,0.267,0.833,2.0,24,75,12
9294,3,53,1,53,0.019,1.0,1.0,53.0,53,53,1
9295,1,8,42,336,5.25,0.39,0.94,2.43,131,316,54
9296,2,1,57,57,57.0,0.456,1.0,3.71,26,57,7
9297,4,7,15,105,2.143,0.114,0.295,2.4,12,31,5
9298,2,1,55,55,55.0,0.564,1.0,10.33,31,55,3
9299,5,78,140,4920,0.787,0.574,0.649,21.52,292,177,664
9300,1,10,15,150,1.5,0.247,0.72,1.61,37,108,23
9301,4,9,10,90,1.111,0.144,0.522,6.5,13,47,2
9302,1,10,38,380,3.8,0.308,0.632,2.13,117,240,55
9303,5,66,472,8352,2.843,0.359,0.547,17.12,93,821,641
9304,5,87,137,5619,0.733,0.899,0.991,29.29,25,400,786
9305,1,8,298,2384,37.25,0.242,0.791,1.5,576,886,383
9306,5,29,31,899,1.069,0.463,0.726,6.93,416,653,60
9307,1,13,38,494,2.923,0.285,0.907,3.62,141,448,39
9308,4,60,286,5760,1.788,0.201,0.226,55.42,199,347,166
9309,4,8,9,72,1.125,0.125,0.319,4.5,9,23,2
9310,5,28,31,868,1.107,0.508,0.767,7.47,441,666,59
9311,4,1,99,9999,0.98,0.14,0.778,2.02,398,780,691
9312,1,5,14,70,2.8,0.329,0.5,2.56,23,35,9
9313,3,7,1,7,0.143,1.0,1.0,7.0,7,7,1
9314,5,83,149,2367,1.795,0.388,0.472,28.77,804,838,167
9315,1,7,6,42,0.857,0.452,1.0,1.9,19,42,10
9316,2,2,64,128,32.0,0.531,0.586,17.0,68,75,4
9317,4,86,67,5762,0.779,0.164,0.935,2.37,947,386,399
9318,4,6,17,102,2.833,0.137,0.627,2.8,14,64,5
9319,3,8,1,8,0.125,1.0,1.0,8.0,8,8,1
9320,4,54,357,9278,6.611,0.324,0.644,6.22,238,422,3
9321,1,17,22,374,1.294,0.425,0.765,4.68,159,286,34
9322,1,9,150,1350,16.667,0.237,0.579,1.75,320,782,183
9323,3,27,1,27,0.037,1.0,1.0,27.0,27,27,1
9324,3,9,1,9,0.111,1.0,1.0,9.0,9,9,1
9325,4,52,48,2496,0.923,0.138,0.248,7.67,345,619,45
9326,5,28,347,4416,2.711,0.399,0.567,13.07,721,163,356
9327,5,87,137,5619,0.733,0.899,0.991,29.29,25,400,786
9328,4,60,286,5760,1.788,0.201,0.226,55.42,199,347,166
9329,2,17,341,5797,20.059,0.935,0.998,36.38,420,784,149
9330,5,65,50,3250,0.769,0.454,0.487,245.83,475,582,6
9331,5,74,471,1954,2.707,0.339,0.433,15.84,820,499,756
9332,5,87,137,5619,0.733,0.899,0.991,29.29,25,400,786
9333,5,28,347,4416,2.711,0.399,0.567,13.07,721,163,356
9334,5,68,145,4360,0.863,0.798,0.963,13.06,430,457,488
9335,4,83,277,2991,3.337,0.18,0.365,6.86,138,387,603
9336,5,95,93,8835,0.979,0.675,0.902,3.63,966,968,644
9337,1,7,227,1589,32.429,0.217,0.509,1.6,345,809,215
9338,3,8,1,8,0.125,1.0,1.0,8.0,8,8,1
9339,5,68,135,2680,0.804,0.82,0.904,62.81,591,513,296
9340,2,1,17,17,17.0,0.765,1.0,6.5,13,17,2
9341,2,2,199,398,99.5,0.485,0.508,32.17,193,202,6
9342,1,7,30,210,4.286,0.271,0.871,1.33,57,183,43
9343,3,39,1,39,0.026,1.0,1.0,39.0,39,39,1
9344,4,29,61,1769,2.103,0.121,0.431,1.78,214,762,120
9345,3,20,1,20,0.05,1.0,1.0,20.0,20,20,1
9346,2,1,187,187,187.0,0.963,1.0,25.71,180,187,7
9347,5,63,161,6243,0.988,0.523,0.897,8.4,725,547,634
9348,4,24,18,432,0.75,0.139,0.377,2.07,60,163,29
9349,5,28,32,896,1.143,0.481,0.742,7.43,431,665,58
9350,2,1,29,29,29.0,0.586,1.0,2.13,17,29,8
9351,3,18,1,18,0.056,1.0,1.0,18.0,18,18,1
9352,3,14,1,14,0.071,1.0,1.0,14.0,14,14,1
9353,2,1,58,58,58.0,0.845,1.0,9.8,49,58,5
9354,1,8,16,128,2.0,0.344,0.742,1.52,44,95,29
9355,2,8,16,128,2.0,0.398,0.695,2.55,51,89,20
9356,1,12,25,300,2.083,0.32,0.643,2.59,96,193,37
9357,5,28,31,868,1.107,0.492,0.745,7.49,427,647,57
9358,5,68,145,4360,0.863,0.798,0.963,13.06,430,457,488
9359,5,63,161,6243,0.988,0.523,0.897,8.4,725,547,634
9360,4,1,99,9999,0.98,0.14,0.778,2.02,398,780,691
9361,4,13,5,65,0.385,0.323,0.554,5.25,21,36,4
9362,4,86,67,5762,0.779,0.164,0.935,2.37,947,386,399
9363,5,86,469,7234,2.522,0.378,0.529,22.29,17,133,481
9364,1,6,97,582,16.167,0.266,0.72,1.82,155,419,85
9365,5,86,469,7234,2.522,0.378,0.529,22.29,17,133,481
9366,2,1,19,19,19.0,0.684,1.0,4.33,13,19,3
9367,4,5,12,60,2.4,0.133,0.267,4.0,8,16,2
9368,4,6,12,72,2.0,0.139,0.514,1.43,10,37,7
9369,3,8,1,8,0.125,1.0,1.0,8.0,8,8,1
9370,3,4,2,8,0.5,1.0,1.0,8.0,8,8,1
9371,2,1,23,23,23.0,0.348,1.0,1.6,8,23,5
9372,2,2,17,34,8.5,0.588,0.971,6.67,20,33,3
9373,5,65,50,3250,0.769,0.454,0.487,245.83,475,582,6
9374,4,54,48,2592,0.889,0.143,0.264,6.85,370,685,54
9375,3,10,1,10,0.1,1.0,1.0,10.0,10,10,1
9376,5,74,471,1954,2.707,0.339,0.433,15.84,820,499,756
9377,4,4,11,44,2.75,0.159,0.932,1.75,7,41,4
9378,1,8,34,272,4.25,0.371,0.765,2.1,101,208,48
9379,4,83,314,6062,3.783,0.282,0.619,8.77,353,139,838
9380,2,1,186,186,186.0,0.828,1.0,9.06,154,186,17
9381,2,1,17,17,17.0,1.0,1.0,17.0,17,17,1
9382,5,74,471,1954,2.707,0.339,0.433,15.84,820,499,756
9383,2,6,7,42,1.167,0.238,0.69,10.0,10,29,1
9384,3,20,1,20,0.05,1.0,1.0,20.0,20,20,1
9385,3,7,1,7,0.143,1.0,1.0,7.0,7,7,1
9386,5,29,32,928,1.103,0.432,0.689,6.27,401,639,64
9387,1,7,14,98,2.0,0.357,0.867,1.75,35,85,20
9388,3,13,1,13,0.077,1.0,1.0,13.0,13,13,1
9389,1,11,189,2079,17.182,0.174,0.613,1.41,361,275,256
9390,3,31,1,31,0.032,1.0,1.0,31.0,31,31,1
9391,1,7,4,28,0.571,0.286,0.357,8.0,8,10,1
9392,2,3,550,1650,183.33,0.329,0.375,27.15,543,619,20
9393,5,74,471,1954,2.707,0.339,0.433,15.84,820,499,756
9394,5,28,347,4416,2.711,0.399,0.567,13.07,721,163,356
9395,1,9,108,972,12.0,0.389,0.88,2.22,378,855,170
9396,2,1,13,13,13.0,1.0,1.0,13.0,13,13,1
9397,5,28,32,896,1.143,0.481,0.742,7.43,431,665,58
9398,4,11,463,3993,1.489,0.088,0.16,3.93,631,92,212
9399,1,6,11,66,1.833,0.303,0.712,1.54,20,47,13
9400,5,74,471,1954,2.707,0.339,0.433,15.84,820,499,756
9401,5,68,145,4360,0.863,0.798,0.963,13.06,430,457,488
9402,4,6,12,72,2.0,0.139,0.514,1.43,10,37,7
9403,4,36,96,3456,2.667,0.096,0.207,7.7,331,717,43
9404,2,1,106,106,106.0,0.858,1.0,15.17,91,106,6
9405,1,8,26,208,3.25,0.37,0.822,1.75,77,171,44
9406,5,29,32,928,1.103,0.432,0.689,6.27,401,639,64
9407,4,91,285,5935,3.132,0.158,0.165,113.89,100,287,36
9408,4,29,48,1392,1.655,0.116,0.268,5.06,162,373,32
9409,2,1,8,8,8.0,0.875,1.0,7.0,7,8,1
9410,2,2,537,1074,268.5,0.538,0.555,82.57,578,596,7
9411,2,1,36,36,36.0,0.722,1.0,8.67,26,36,3
9412,1,10,41,410,4.1,0.463,0.968,2.79,190,397,68
9413,1,9,100,900,11.111,0.463,0.908,2.92,417,817,143
9414,2,3,550,1650,183.33,0.339,0.401,15.11,559,662,37
9415,1,8,46,368,5.75,0.266,0.886,1.85,98,326,53
9416,1,79,159,2561,2.013,0.319,0.368,51.4,9,623,78
9417,1,10,57,570,5.7,0.556,0.719,5.2,317,410,61
9418,3,4,11,8844,0.014,0.191,0.233,15.64,689,58,108
9419,3,98,3,294,0.031,0.48,0.486,141.0,141,143,1
9420,1,7,53,371,7.571,0.342,0.58,2.4,127,215,53
9421,3,17,2,34,0.118,0.706,0.706,24.0,24,24,1
9422,5,68,145,4360,0.863,0.798,0.963,13.06,430,457,488
9423,2,1,42,42,42.0,0.19,1.0,1.6,8,42,5
9424,1,23,371,8533,16.13,0.941,1.0,16.83,27,533,477
9425,5,93,104,9672,1.118,0.451,0.611,4.25,366,908,28
9426,4,30,60,1800,2.0,0.154,0.457,1.85,278,823,150
9427,3,10,1,10,0.1,1.0,1.0,10.0,10,10,1
9428,3,23,1,23,0.043,1.0,1.0,23.0,23,23,1
9429,2,1,283,283,283.0,0.993,1.0,140.5,281,283,2
9430,4,19,47,893,2.474,0.078,0.112,3.89,70,100,18
9431,2,1,94,94,94.0,0.564,1.0,3.31,53,94,16
9432,4,6,13,78,2.167,0.103,0.449,4.0,8,35,2
9433,4,52,48,2496,0.923,0.138,0.248,7.67,345,619,45
9434,3,47,1,47,0.021,1.0,1.0,47.0,47,47,1
9435,2,2,14,28,7.0,0.286,0.821,8.0,8,23,1
9436,2,1,30,30,30.0,0.4,1.0,2.4,12,30,5
9437,3,8,1,8,0.125,1.0,1.0,8.0,8,8,1
9438,5,64,73,4672,1.141,0.403,0.445,72.38,882,77,26
9439,4,33,28,924,0.848,0.098,0.271,5.69,91,250,16
9440,3,6,21,126,3.5,0.198,0.444,1.67,25,56,15
9441,4,36,43,1548,1.194,0.117,0.183,3.07,181,283,59
9442,4,6,6,36,1.0,0.194,0.417,3.5,7,15,2
9443,3,19,2,38,0.105,0.816,0.816,31.0,31,31,1
9444,2,2,325,650,162.5,0.485,0.537,28.64,315,349,11
9445,5,83,149,2367,1.795,0.388,0.472,28.77,804,838,167
9446,2,2,536,1072,268.0,0.586,0.686,21.66,628,735,29
9447,4,6,5,30,0.833,0.367,1.0,2.2,11,30,5
9448,1,2,14,28,7.0,0.393,0.536,3.67,11,15,3
9449,1,8,42,336,5.25,0.259,0.756,1.74,87,254,50
9450,3,14,1,14,0.071,1.0,1.0,14.0,14,14,1
9451,1,9,306,2754,34.0,0.213,0.807,1.38,587,222,424
9452,2,1,76,76,76.0,0.961,1.0,36.5,73,76,2
9453,3,20,1,20,0.05,1.0,1.0,20.0,20,20,1
9454,5,28,31,868,1.107,0.508,0.767,7.47,441,666,59
9455,5,28,32,896,1.143,0.488,0.743,7.05,437,666,62
9456,2,1,20,20,20.0,0.55,1.0,1.38,11,20,8
9457,1,7,15,105,2.143,0.324,0.762,3.09,34,80,11
9458,2,3,550,1650,183.33,0.329,0.375,27.15,543,619,20
9459,1,8,34,272,4.25,0.36,0.717,1.88,98,195,52
9460,4,12,4,48,0.333,0.292,1.0,2.0,14,48,7
9461,1,10,119,1190,11.9,0.392,0.891,2.46,467,60,190
9462,5,83,149,2367,1.795,0.388,0.472,28.77,804,838,167
9463,3,8,1,8,0.125,1.0,1.0,8.0,8,8,1
9464,2,1,159,159,159.0,0.994,1.0,158.0,158,159,1
9465,4,54,357,9278,6.611,0.299,0.655,6.4,766,626,901
9466,2,1,70,70,70.0,0.943,1.0,22.0,66,70,3
9467,2,2,48,96,24.0,0.625,0.677,30.0,60,65,2
9468,1,9,535,4815,59.444,0.173,0.667,1.36,832,214,613
9469,3,7,1,7,0.143,1.0,1.0,7.0,7,7,1
9470,1,9,97,873,10.778,0.466,0.973,2.42,407,849,168
9471,5,78,140,4920,0.787,0.574,0.649,21.52,292,177,664
9472,1,8,9,72,1.125,0.528,0.958,3.17,38,69,12
9473,5,87,141,6367,0.754,0.415,0.884,4.69,947,301,333
9474,3,4,2,8,0.5,1.0,1.0,8.0,8,8,1
9475,3,9,1,9,0.111,1.0,1.0,9.0,9,9,1
9476,1,10,31,310,3.1,0.645,0.774,6.67,200,240,30
9477,2,1,10,10,10.0,1.0,1.0,10.0,10,10,1
9478,4,9,17,153,1.889,0.144,0.458,3.14,22,70,7
9479,5,65,50,3250,0.769,0.454,0.487,245.83,475,582,6
9480,3,42,1,42,0.024,1.0,1.0,42.0,42,42,1
9481,5,28,32,896,1.143,0.488,0.743,7.05,437,666,62
9482,5,64,73,4672,1.141,0.403,0.445,72.38,882,77,26
9483,1,9,44,396,4.889,0.465,0.944,3.35,184,374,55
9484,2,2,537,1074,268.5,0.523,0.567,62.44,562,609,9
9485,2,1,124,124,124.0,0.444,1.0,7.86,55,124,7
9486,3,9,1,9,0.111,1.0,1.0,9.0,9,9,1
9487,2,1,136,136,136.0,0.963,1.0,32.75,131,136,4
9488,4,12,4,48,0.333,0.292,1.0,2.0,14,48,7
9489,5,28,32,896,1.143,0.488,0.743,7.05,437,666,62
9490,5,28,31,868,1.107,0.492,0.745,7.49,427,647,57
9491,2,2,116,232,58.0,0.616,0.802,17.88,143,186,8
9492,1,11,32,352,2.909,0.264,0.5,3.1,93,176,30
9493,1,7,31,217,4.429,0.396,0.862,2.1,86,187,41
9494,4,55,48,2640,0.873,0.142,0.364,4.26,375,960,88
9495,1,8,132,1056,16.5,0.311,0.873,2.01,328,922,163
9496,3,9,1,9,0.111,1.0,1.0,9.0,9,9,1
9497,1,10,13,130,1.3,0.285,0.885,1.61,37,115,23
9498,4,17,9,153,0.529,0.209,0.497,1.88,32,76,17
9499,5,65,50,3250,0.769,0.454,0.487,245.83,475,582,6
9500,3,27,4,108,0.148,0.38,0.75,2.56,41,81,16
9501,5,83,149,2367,1.795,0.388,0.472,28.77,804,838,167
9502,4,4,7,28,1.75,0.286,1.0,2.0,8,28,4
9503,2,1,14,14,14.0,0.5,1.0,2.33,7,14,3
9504,5,28,32,896,1.143,0.488,0.743,7.05,437,666,62
9505,1,8,29,232,3.625,0.444,1.0,2.15,103,232,48
9506,1,8,21,168,2.625,0.381,0.845,1.88,64,142,34
9507,1,6,6,36,1.0,0.361,1.0,1.44,13,36,9
9508,3,7,1,7,0.143,1.0,1.0,7.0,7,7,1
9509,4,11,48,528,4.364,0.237,0.39,7.35,125,206,17
9510,2,3,106,318,35.333,0.258,0.34,6.31,82,108,13
9511,3,20,1,20,0.05,1.0,1.0,20.0,20,20,1
9512,4,7,9,63,1.286,0.143,0.238,9.0,9,15,1
9513,5,66,472,8352,2.843,0.359,0.547,17.12,93,821,641
9514,4,16,30,480,1.875,0.133,0.471,2.29,64,226,28
9515,3,8,1,8,0.125,1.0,1.0,8.0,8,8,1
9516,1,7,40,280,5.714,0.336,0.782,1.47,94,219,64
9517,1,8,62,496,7.75,0.218,0.629,1.57,108,312,69
9518,1,15,419,6285,27.933,0.345,0.526,4.5,170,309,482
9519,4,21,68,1428,3.238,0.052,0.109,5.69,74,156,13
9520,1,9,18,162,2.0,0.327,0.914,1.89,53,148,28
9521,4,36,43,1548,1.194,0.117,0.183,3.07,181,283,59
9522,1,3,4,12,1.333,0.667,0.667,8.0,8,8,1
9523,1,8,35,280,4.375,0.357,0.921,1.64,100,258,61
9524,1,8,141,1128,17.625,0.447,0.932,2.45,504,51,206
9525,2,1,8,8,8.0,1.0,1.0,8.0,8,8,1
9526,1,9,48,432,5.333,0.273,0.685,1.42,118,296,83
9527,1,7,12,84,1.714,0.226,0.607,2.38,19,51,8
9528,3,12,2,24,0.167,0.625,0.667,15.0,15,16,1
9529,4,5,9,45,1.8,0.178,0.533,1.6,8,24,5
9530,2,3,550,1650,183.33,0.329,0.375,27.15,543,619,20
9531,5,68,145,4360,0.863,0.798,0.963,13.06,430,457,488
9532,1,6,11,66,1.833,0.394,0.955,1.53,26,63,17
9533,3,94,2,188,0.021,0.516,0.516,97.0,97,97,1
9534,4,31,105,3255,3.387,0.224,0.417,5.35,728,358,136
9535,1,11,85,935,7.727,0.25,0.664,1.73,234,621,135
9536,4,7,13,91,1.857,0.154,0.484,2.0,14,44,7
9537,2,1,44,44,44.0,0.909,1.0,20.0,40,44,2
9538,1,9,26,234,2.889,0.291,0.795,1.74,68,186,39
9539,1,9,7,63,0.778,0.349,0.683,2.2,22,43,10
9540,2,1,20,20,20.0,0.85,1.0,8.5,17,20,2
9541,1,8,14,112,1.75,0.42,0.759,2.04,47,85,23
9542,5,28,32,896,1.143,0.481,0.742,7.43,431,665,58
9543,4,4,463,752,1.523,0.063,0.121,3.91,898,81,273
9544,4,10,12,120,1.2,0.208,0.583,1.67,25,70,15
9545,2,1,8,8,8.0,1.0,1.0,8.0,8,8,1
9546,5,32,547,2204,4.144,0.37,0.483,20.66,693,874,292
9547,4,21,68,1428,3.238,0.052,0.109,5.69,74,156,13
9548,1,7,41,287,5.857,0.185,0.638,1.51,53,183,35
9549,3,7,1,7,0.143,1.0,1.0,7.0,7,7,1
9550,2,1,13,13,13.0,1.0,1.0,13.0,13,13,1
9551,5,28,347,4416,2.711,0.399,0.567,13.07,721,163,356
9552,1,11,97,1067,8.818,0.266,0.635,2.04,284,678,139
9553,5,28,32,896,1.143,0.462,0.722,7.02,414,647,59
9554,5,83,149,2367,1.795,0.388,0.472,28.77,804,838,167
9555,5,28,32,896,1.143,0.488,0.743,7.05,437,666,62
9556,5,63,161,6243,0.988,0.523,0.897,8.4,725,547,634
9557,3,12,2,24,0.167,0.625,0.667,15.0,15,16,1
9558,1,38,127,4826,3.342,0.464,0.87,3.41,238,199,657
9559,5,63,66,4158,1.048,0.491,0.591,44.37,41,458,46
9560,2,1,32,32,32.0,0.469,1.0,1.88,15,32,8
9561,4,11,48,528,4.364,0.237,0.39,7.35,125,206,17
9562,3,7,1,7,0.143,1.0,1.0,7.0,7,7,1
9563,5,68,145,4360,0.863,0.798,0.963,13.06,430,457,488
9564,2,1,20,20,20.0,0.85,1.0,8.5,17,20,2
9565,1,8,133,1064,16.625,0.272,0.825,1.78,289,878,162
9566,2,1,187,187,187.0,0.963,1.0,25.71,180,187,7
9567,5,28,32,896,1.143,0.488,0.743,7.05,437,666,62
9568,1,6,96,576,16.0,0.297,0.811,2.25,171,467,76
9569,2,12,278,3336,23.167,0.11,0.144,15.91,366,479,23
9570,3,38,1,38,0.026,1.0,1.0,38.0,38,38,1
9571,4,53,48,2544,0.906,0.181,0.374,4.69,460,951,98
9572,2,1,124,124,124.0,0.444,1.0,7.86,55,124,7
9573,2,2,537,1074,268.5,0.507,0.528,181.33,544,567,3
9574,2,1,9,9,9.0,0.778,1.0,7.0,7,9,1
9575,2,1,20,20,20.0,0.55,1.0,1.38,11,20,8
9576,4,7,15,105,2.143,0.114,0.295,2.4,12,31,5
9577,2,4,108,432,27.0,0.778,0.826,56.0,336,357,6
9578,2,1,98,98,98.0,0.939,1.0,30.67,92,98,3
9579,3,66,3,198,0.045,0.657,0.909,2.6,130,180,50
9580,5,65,50,3250,0.769,0.454,0.487,245.83,475,582,6
9581,4,5,4,20,0.8,0.45,0.65,4.5,9,13,2
9582,4,31,105,3255,3.387,0.224,0.417,5.35,728,358,136
9583,1,8,9,72,1.125,0.319,0.667,2.3,23,48,10
9584,5,28,347,4416,2.711,0.399,0.567,13.07,721,163,356
9585,4,53,442,7626,2.889,0.114,0.215,6.27,689,538,227
9586,5,93,104,9672,1.118,0.451,0.611,4.25,366,908,28
9587,5,63,161,6243,0.988,0.523,0.897,8.4,725,547,634
9588,5,68,135,2680,0.804,0.82,0.904,62.81,591,513,296
9589,1,1,95,95,95.0,0.379,1.0,1.03,36,95,35
9590,2,2,236,472,118.0,0.566,0.689,10.27,267,325,26
9591,1,9,100,900,11.111,0.463,0.908,2.92,417,817,143
9592,2,1,117,117,117.0,0.974,1.0,38.0,114,117,3
9593,2,2,537,1074,268.5,0.538,0.594,32.11,578,638,18
9594,2,1,48,48,48.0,0.875,1.0,10.5,42,48,4
9595,1,1,40,40,40.0,0.175,1.0,1.17,7,40,6
9596,2,2,199,398,99.5,0.485,0.508,32.17,193,202,6
9597,5,28,32,896,1.143,0.481,0.742,7.43,431,665,58
9598,1,8,48,384,6.0,0.396,0.924,2.03,152,355,75
9599,1,7,30,210,4.286,0.352,0.79,1.54,74,166,48
9600,5,28,31,868,1.107,0.508,0.767,7.47,441,666,59
9601,3,4,2,8,0.5,0.875,0.875,7.0,7,7,1
9602,2,1,10,10,10.0,1.0,1.0,10.0,10,10,1
9603,5,63,79,4977,1.254,0.338,0.345,186.78,681,718,9
9604,4,4,7,28,1.75,0.286,1.0,2.0,8,28,4
9605,5,68,135,2680,0.804,0.82,0.904,62.81,591,513,296
9606,3,14,1,14,0.071,1.0,1.0,14.0,14,14,1
9607,2,1,152,152,152.0,0.822,1.0,11.36,125,152,11
9608,5,87,137,5619,0.733,0.899,0.991,29.29,25,400,786
9609,4,67,30,2010,0.448,0.169,0.46,2.26,339,924,150
9610,3,8,1,8,0.125,0.875,1.0,7.0,7,8,1
9611,2,1,7,7,7.0,1.0,1.0,7.0,7,7,1
9612,4,53,48,2544,0.906,0.181,0.374,4.69,460,951,98
9613,1,8,5,40,0.625,0.4,1.0,2.67,16,40,6
9614,3,11,1,11,0.091,1.0,1.0,11.0,11,11,1
9615,5,65,50,3250,0.769,0.454,0.487,245.83,475,582,6
9616,4,55,48,2640,0.873,0.142,0.364,4.26,375,960,88
9617,2,2,537,1074,268.5,0.538,0.594,32.11,578,638,18
9618,1,5,28,140,5.6,0.321,0.95,1.45,45,133,31
9619,2,2,325,650,162.5,0.485,0.537,28.64,315,349,11
9620,5,83,149,2367,1.795,0.388,0.472,28.77,804,838,167
9621,5,29,31,899,1.069,0.463,0.726,6.93,416,653,60
9622,3,19,2,38,0.105,0.816,0.816,31.0,31,31,1
9623,5,78,140,4920,0.787,0.574,0.649,21.52,292,177,664
9624,3,32,1,32,0.031,1.0,1.0,32.0,32,32,1
9625,4,52,48,2496,0.923,0.138,0.248,7.67,345,619,45
9626,4,6,13,78,2.167,0.103,0.449,4.0,8,35,2
9627,2,2,538,1076,269.0,0.637,0.703,29.78,685,756,23
9628,3,22,1,22,0.045,1.0,1.0,22.0,22,22,1
9629,1,7,18,126,2.571,0.119,0.452,2.14,15,57,7
9630,5,64,73,4672,1.141,0.403,0.445,72.38,882,77,26
9631,4,7,24,168,3.429,0.101,0.298,1.89,17,50,9
9632,1,9,95,855,10.556,0.284,0.849,1.91,243,726,127
9633,5,29,32,928,1.103,0.476,0.72,7.25,442,668,61
9634,2,5,110,550,22.0,0.547,0.556,100.33,301,306,3
9635,1,9,50,450,5.556,0.32,0.716,2.67,144,322,54
9636,4,6,9,54,1.5,0.148,0.296,4.0,8,16,2
9637,3,14,1,14,0.071,1.0,1.0,14.0,14,14,1
9638,2,24,510,2240,21.25,0.846,0.927,38.65,359,341,268
9639,3,10,1,10,0.1,1.0,1.0,10.0,10,10,1
9640,2,2,6,12,3.0,0.667,1.0,4.0,8,12,2
9641,5,28,32,896,1.143,0.488,0.743,7.05,437,666,62
9642,2,17,342,5814,20.118,0.916,0.996,30.27,328,790,176
9643,1,10,37,370,3.7,0.327,0.954,1.83,121,353,66
9644,1,9,100,900,11.111,0.247,0.637,1.83,222,573,121
9645,4,29,48,1392,1.655,0.116,0.268,5.06,162,373,32
9646,3,9,1,9,0.111,1.0,1.0,9.0,9,9,1
9647,5,28,347,4416,2.711,0.399,0.567,13.07,721,163,356
9648,5,87,137,5619,0.733,0.899,0.991,29.29,25,400,786
9649,1,8,6,48,0.75,0.375,0.792,3.0,18,38,6
9650,2,1,127,127,127.0,0.646,1.0,13.67,82,127,6
9651,1,7,7,49,1.0,0.592,0.959,2.42,29,47,12
9652,2,1,41,41,41.0,0.927,1.0,12.67,38,41,3
9653,4,6,5,30,0.833,0.233,0.633,1.75,7,19,4
9654,3,11,1,11,0.091,1.0,1.0,11.0,11,11,1
9655,2,4,524,2096,131.0,0.542,0.603,40.57,136,264,28
9656,3,58,3,174,0.052,0.339,0.345,59.0,59,60,1
9657,1,9,99,891,11.0,0.21,0.778,1.39,187,693,135
9658,5,28,32,896,1.143,0.481,0.742,7.43,431,665,58
9659,1,11,261,2871,23.727,0.251,0.661,2.0,722,898,361
9660,4,21,4,84,0.19,0.31,0.643,3.71,26,54,7
9661,3,26,1,26,0.038,1.0,1.0,26.0,26,26,1
9662,4,25,9,225,0.36,0.187,0.436,2.47,42,98,17
9663,4,83,315,6145,3.795,0.295,0.594,9.21,725,523,839
9664,5,63,161,6243,0.988,0.523,0.897,8.4,725,547,634
9665,5,78,140,4920,0.787,0.574,0.649,21.52,292,177,664
9666,1,11,71,781,6.455,0.461,0.659,5.54,360,515,65
9667,5,63,161,6243,0.988,0.523,0.897,8.4,725,547,634
9668,1,10,51,510,5.1,0.41,0.667,3.12,209,340,67
9669,3,7,1,7,0.143,1.0,1.0,7.0,7,7,1
9670,4,54,357,9278,6.611,0.299,0.655,6.4,766,626,901
9671,4,58,167,6386,1.057,0.16,0.276,8.24,213,279,511
9672,1,10,19,190,1.9,0.605,0.816,8.85,115,155,13
9673,3,36,1,136,0.007,0.993,1.0,135.0,135,136,1
9674,1,6,22,132,3.667,0.326,1.0,1.3,43,132,33
9675,4,39,70,2730,1.795,0.09,0.255,7.0,245,697,35
9676,4,0,49,4900,0.49,0.093,0.4,1.77,458,958,259
9677,5,63,161,6243,0.988,0.523,0.897,8.4,725,547,634
9678,2,1,13,13,13.0,1.0,1.0,13.0,13,13,1
9679,3,14,2,28,0.143,0.536,0.536,15.0,15,15,1
9680,4,97,198,9006,1.005,0.273,0.332,46.93,654,964,227
9681,4,55,48,2640,0.873,0.142,0.364,4.26,375,960,88
9682,4,81,49,3969,0.605,0.113,0.398,2.26,449,580,199
9683,2,3,541,1623,180.33,0.71,0.747,88.62,152,213,13
9684,2,1,55,55,55.0,0.564,1.0,10.33,31,55,3
9685,2,3,106,318,35.333,0.258,0.34,6.31,82,108,13
9686,3,12,2,24,0.167,0.625,0.667,15.0,15,16,1
9687,2,1,46,46,46.0,0.239,1.0,1.38,11,46,8
9688,5,72,96,6912,1.333,0.488,0.582,15.69,374,25,215
9689,1,7,86,602,12.286,0.281,0.958,1.55,169,577,109
9690,4,45,79,3555,1.756,0.087,0.195,4.81,308,693,64
9691,3,8,1,8,0.125,1.0,1.0,8.0,8,8,1
9692,2,3,500,1500,166.67,0.373,0.421,19.28,559,632,29
9693,1,8,85,680,10.625,0.238,0.687,1.46,162,467,111
9694,5,28,347,4416,2.711,0.399,0.567,13.07,721,163,356
9695,5,95,93,8835,0.979,0.675,0.902,3.63,966,968,644
9696,3,6,21,126,3.5,0.198,0.444,1.67,25,56,15
9697,3,12,1,12,0.083,1.0,1.0,12.0,12,12,1
9698,3,17,1,117,0.009,1.0,1.0,117.0,117,117,1
9699,3,47,1,47,0.021,1.0,1.0,47.0,47,47,1
9700,2,5,280,1400,56.0,0.78,0.786,156.0,92,100,7
9701,1,8,40,320,5.0,0.281,0.872,1.45,90,279,62
9702,5,28,32,896,1.143,0.462,0.722,7.02,414,647,59
9703,2,2,63,126,31.5,0.341,0.508,10.75,43,64,4
9704,2,6,7,42,1.167,0.238,0.69,10.0,10,29,1
9705,5,72,96,6912,1.333,0.488,0.582,15.69,374,25,215
9706,2,2,22,44,11.0,0.75,0.75,33.0,33,33,1
9707,5,72,96,6912,1.333,0.488,0.582,15.69,374,25,215
9708,3,76,1,76,0.013,1.0,1.0,76.0,76,76,1
9709,3,23,1,23,0.043,1.0,1.0,23.0,23,23,1
9710,4,9,4,36,0.444,0.25,0.75,9.0,9,27,1
9711,4,37,20,740,0.541,0.131,0.193,4.22,97,143,23
9712,3,38,1,38,0.026,1.0,1.0,38.0,38,38,1
9713,1,10,41,410,4.1,0.276,0.693,1.61,113,284,70
9714,5,32,547,2204,4.144,0.37,0.483,20.66,693,874,292
9715,3,42,1,42,0.024,1.0,1.0,42.0,42,42,1
9716,2,2,536,1072,268.0,0.586,0.686,21.66,628,735,29
9717,3,76,1,76,0.013,1.0,1.0,76.0,76,76,1
9718,3,7,1,7,0.143,1.0,1.0,7.0,7,7,1
9719,5,66,472,8352,2.843,0.359,0.547,17.12,93,821,641
9720,2,1,35,35,35.0,0.829,1.0,9.67,29,35,3
9721,5,66,472,8352,2.843,0.359,0.547,17.12,93,821,641
9722,2,2,116,232,58.0,0.616,0.802,17.88,143,186,8
9723,4,31,37,1147,1.194,0.189,0.555,2.07,217,637,105
9724,5,86,469,7234,2.522,0.378,0.529,22.29,17,133,481
9725,5,29,31,899,1.069,0.463,0.726,6.93,416,653,60
9726,1,9,37,333,4.111,0.453,0.964,2.7,151,321,56
9727,2,2,18,36,9.0,0.722,0.722,26.0,26,26,1
9728,3,15,1,15,0.067,1.0,1.0,15.0,15,15,1
9729,3,13,1,13,0.077,1.0,1.0,13.0,13,13,1
9730,1,11,32,352,2.909,0.344,0.767,2.69,121,270,45
9731,4,68,34,2312,0.5,0.224,0.526,2.44,519,215,213
9732,5,28,32,896,1.143,0.462,0.722,7.02,414,647,59
9733,4,1,99,9999,0.98,0.14,0.778,2.02,398,780,691
9734,4,10,12,120,1.2,0.208,0.583,1.67,25,70,15
9735,1,24,107,2568,4.458,0.908,0.982,16.91,333,523,138
9736,4,34,25,850,0.735,0.256,0.534,2.06,218,454,106
9737,2,2,22,44,11.0,0.705,0.864,15.5,31,38,2
9738,2,2,536,1072,268.0,0.532,0.558,30.0,570,598,19
9739,2,11,252,2772,22.909,0.092,0.095,63.75,255,262,4
9740,4,21,4,84,0.19,0.31,0.643,3.71,26,54,7
9741,3,14,2,28,0.143,0.536,0.536,15.0,15,15,1
9742,1,11,127,1397,11.545,0.266,0.686,2.23,371,959,166
9743,2,2,64,128,32.0,0.43,0.602,3.93,55,77,14
9744,5,68,135,2680,0.804,0.82,0.904,62.81,591,513,296
9745,1,8,108,864,13.5,0.348,0.868,1.65,301,750,182
9746,2,2,475,950,237.5,0.504,0.544,95.8,479,517,5
9747,4,83,314,6062,3.783,0.298,0.671,8.75,772,482,888
9748,3,36,1,136,0.007,0.993,1.0,135.0,135,136,1
9749,1,1,12,12,12.0,0.583,1.0,3.5,7,12,2
9750,4,14,17,238,1.214,0.113,0.387,1.8,27,92,15
9751,2,1,206,206,206.0,0.99,1.0,204.0,204,206,1
9752,2,1,55,55,55.0,0.564,1.0,10.33,31,55,3
9753,3,9,1,9,0.111,1.0,1.0,9.0,9,9,1
9754,3,4,2,8,0.5,0.875,0.875,7.0,7,7,1
9755,2,1,62,62,62.0,0.984,1.0,61.0,61,62,1
9756,5,29,32,928,1.103,0.432,0.689,6.27,401,639,64
9757,3,18,1,18,0.056,1.0,1.0,18.0,18,18,1
9758,1,9,21,189,2.333,0.206,0.778,1.22,39,147,32
9759,4,9,6,54,0.667,0.407,0.519,5.5,22,28,4
9760,4,6,5,30,0.833,0.367,1.0,2.2,11,30,5
9761,4,60,286,5760,1.788,0.201,0.226,55.42,199,347,166
9762,4,55,48,2640,0.873,0.142,0.364,4.26,375,960,88
9763,4,30,61,1830,2.033,0.157,0.483,1.88,288,884,153
9764,5,28,347,4416,2.711,0.399,0.567,13.07,721,163,356
9765,5,29,32,928,1.103,0.432,0.689,6.27,401,639,64
9766,1,8,41,328,5.125,0.232,0.527,1.55,76,173,49
9767,4,12,146,1752,12.167,0.091,0.128,26.67,160,225,6
9768,5,28,31,868,1.107,0.492,0.745,7.49,427,647,57
9769,4,18,105,2390,0.89,0.052,0.105,3.33,642,296,193
9770,5,28,32,896,1.143,0.481,0.742,7.43,431,665,58
9771,2,1,16,16,16.0,1.0,1.0,16.0,16,16,1
9772,2,2,18,36,9.0,0.667,0.694,24.0,24,25,1
9773,3,20,1,20,0.05,1.0,1.0,20.0,20,20,1
9774,1,10,41,410,4.1,0.356,0.956,2.15,146,392,68
9775,5,66,472,8352,2.843,0.359,0.547,17.12,93,821,641
9776,1,8,44,352,5.5,0.284,0.673,1.43,100,237,70
9777,1,8,10,80,1.25,0.425,0.913,2.0,34,73,17
9778,4,7,47,329,6.714,0.158,0.289,5.78,52,95,9
9779,4,31,71,2201,2.29,0.159,0.296,10.29,350,651,34
9780,2,1,15,15,15.0,0.533,1.0,2.0,8,15,4
9781,4,4,5,20,1.25,0.35,0.8,2.33,7,16,3
9782,2,2,415,830,207.5,0.505,0.578,16.76,419,480,25
9783,3,10,1,10,0.1,1.0,1.0,10.0,10,10,1
9784,1,10,51,510,5.1,0.337,0.773,2.12,172,394,81
9785,5,95,93,8835,0.979,0.675,0.902,3.63,966,968,644
9786,4,9,10,90,1.111,0.144,0.522,6.5,13,47,2
9787,2,1,52,52,52.0,0.538,1.0,14.0,28,52,2
9788,1,10,61,610,6.1,0.487,0.834,3.13,297,509,95
9789,5,64,73,4672,1.141,0.403,0.445,72.38,882,77,26
9790,5,86,469,7234,2.522,0.378,0.529,22.29,17,133,481
9791,3,9,1,9,0.111,1.0,1.0,9.0,9,9,1
9792,3,11,1,11,0.091,1.0,1.0,11.0,11,11,1
9793,2,2,537,1074,268.5,0.537,0.609,22.19,577,654,26
9794,4,5,4,20,0.8,0.45,0.65,4.5,9,13,2
9795,1,10,25,250,2.5,0.34,0.816,1.89,85,204,45
9796,3,25,1,25,0.04,1.0,1.0,25.0,25,25,1
9797,5,87,137,5619,0.733,0.899,0.991,29.29,25,400,786
9798,3,93,4,372,0.043,0.419,0.565,2.89,156,210,54
9799,4,55,48,2640,0.873,0.142,0.364,4.26,375,960,88
9800,5,87,137,5619,0.733,0.899,0.991,29.29,25,400,786
9801,5,29,32,928,1.103,0.432,0.689,6.27,401,639,64
9802,5,65,50,3250,0.769,0.454,0.487,245.83,475,582,6
9803,4,34,27,918,0.794,0.219,0.554,3.09,201,509,65
9804,5,63,161,6243,0.988,0.523,0.897,8.4,725,547,634
9805,1,9,82,738,9.111,0.337,0.821,2.49,249,606,100
9806,2,2,18,36,9.0,0.722,0.722,26.0,26,26,1
9807,1,5,3,15,0.6,0.6,0.6,9.0,9,9,1
9808,5,32,547,2204,4.144,0.37,0.483,20.66,693,874,292
9809,3,27,1,27,0.037,1.0,1.0,27.0,27,27,1
9810,2,3,116,348,38.667,0.385,0.494,33.5,134,172,4
9811,4,16,4,64,0.25,0.156,0.531,5.0,10,34,2
9812,5,86,469,7234,2.522,0.378,0.529,22.29,17,133,481
9813,4,60,286,5760,1.788,0.201,0.226,55.42,199,347,166
9814,4,9,6,54,0.667,0.407,0.519,5.5,22,28,4
9815,2,1,54,54,54.0,0.944,1.0,17.0,51,54,3
9816,5,29,32,928,1.103,0.476,0.72,7.25,442,668,61
9817,2,1,136,136,136.0,0.963,1.0,32.75,131,136,4
9818,4,68,34,2312,0.5,0.224,0.526,2.44,519,215,213
9819,4,47,286,3442,6.085,0.183,0.317,4.67,459,258,526
9820,2,1,29,29,29.0,0.931,1.0,13.5,27,29,2
9821,5,28,32,896,1.143,0.462,0.722,7.02,414,647,59
9822,5,29,32,928,1.103,0.432,0.689,6.27,401,639,64
9823,1,5,18,90,3.6,0.467,0.867,1.91,42,78,22
9824,3,8,1,8,0.125,1.0,1.0,8.0,8,8,1
9825,2,1,11,11,11.0,1.0,1.0,11.0,11,11,1
9826,3,38,1,38,0.026,1.0,1.0,38.0,38,38,1
9827,2,1,62,62,62.0,0.984,1.0,61.0,61,62,1
9828,2,9,13,117,1.444,0.103,0.752,4.0,12,88,3
9829,2,1,18,18,18.0,0.5,1.0,3.0,9,18,3
9830,2,1,52,52,52.0,0.538,1.0,14.0,28,52,2
9831,2,1,13,13,13.0,0.692,1.0,4.5,9,13,2
9832,5,32,547,2204,4.144,0.37,0.483,20.66,693,874,292
9833,3,7,1,7,0.143,1.0,1.0,7.0,7,7,1
9834,2,1,186,186,186.0,0.828,1.0,9.06,154,186,17
9835,5,63,79,4977,1.254,0.338,0.345,186.78,681,718,9
9836,5,28,32,896,1.143,0.481,0.742,7.43,431,665,58
9837,3,7,1,7,0.143,1.0,1.0,7.0,7,7,1
9838,5,87,141,6367,0.754,0.415,0.884,4.69,947,301,333
9839,1,12,11,132,0.917,0.652,0.735,12.29,86,97,7
9840,4,0,49,4900,0.49,0.093,0.4,1.77,458,958,259
9841,1,7,16,112,2.286,0.313,0.973,1.75,35,109,20
9842,3,9,1,9,0.111,1.0,1.0,9.0,9,9,1
9843,5,93,104,9672,1.118,0.451,0.611,4.25,366,908,28
9844,1,6,7,42,1.167,0.524,1.0,2.0,22,42,11
9845,3,31,1,31,0.032,1.0,1.0,31.0,31,31,1
9846,2,3,544,1632,181.33,0.326,0.406,16.12,532,662,33
9847,3,10,1,10,0.1,1.0,1.0,10.0,10,10,1
9848,5,72,96,6912,1.333,0.488,0.582,15.69,374,25,215
9849,4,83,277,2991,3.337,0.18,0.365,6.86,138,387,603
9850,1,7,36,252,5.143,0.262,0.671,1.27,66,169,52
9851,5,29,31,899,1.069,0.463,0.726,6.93,416,653,60
9852,2,3,536,1608,178.67,0.341,0.353,61.0,549,567,9
9853,5,72,96,6912,1.333,0.488,0.582,15.69,374,25,215
9854,4,30,61,1830,2.033,0.157,0.483,1.88,288,884,153
9855,5,93,104,9672,1.118,0.451,0.611,4.25,366,908,28
9856,1,8,48,384,6.0,0.354,0.865,1.89,136,332,72
9857,1,10,197,1970,19.7,0.144,0.589,1.25,284,160,228
9858,1,9,108,972,12.0,0.247,0.855,1.69,240,831,142
9859,5,29,32,928,1.103,0.476,0.72,7.25,442,668,61
9860,2,1,17,17,17.0,0.412,1.0,1.75,7,17,4
9861,4,53,48,2544,0.906,0.181,0.374,4.69,460,951,98
9862,2,1,36,36,36.0,0.583,1.0,4.2,21,36,5
9863,4,83,314,6062,3.783,0.298,0.671,8.75,772,482,888
9864,1,8,37,296,4.625,0.334,0.993,1.29,99,294,77
9865,4,37,72,2664,1.946,0.12,0.257,7.64,321,685,42
9866,5,93,104,9672,1.118,0.451,0.611,4.25,366,908,28
9867,3,27,4,108,0.148,0.38,0.75,2.56,41,81,16
9868,4,6,13,78,2.167,0.103,0.449,4.0,8,35,2
9869,1,7,11,77,1.571,0.221,0.922,1.21,17,71,14
9870,4,12,464,8368,2.189,0.052,0.07,11.84,66,884,428
9871,2,1,16,16,16.0,1.0,1.0,16.0,16,16,1
9872,2,4,194,776,48.5,0.263,0.273,34.0,204,212,6
9873,4,7,47,329,6.714,0.158,0.289,5.78,52,95,9
9874,2,1,106,106,106.0,0.434,1.0,1.02,46,106,45
9875,4,53,442,7626,2.889,0.114,0.215,6.27,689,538,227
9876,5,28,31,868,1.107,0.508,0.767,7.47,441,666,59
9877,1,11,30,330,2.727,0.297,0.6,2.39,98,198,41
9878,3,9,1,9,0.111,1.0,1.0,9.0,9,9,1
9879,1,9,61,549,6.778,0.213,0.683,1.6,117,375,73
9880,1,8,62,496,7.75,0.363,0.925,2.12,180,459,85
9881,4,85,69,5865,0.812,0.165,0.441,1.44,969,588,674
9882,4,8,1,8,0.125,0.875,1.0,7.0,7,8,1
9883,3,9,1,9,0.111,1.0,1.0,9.0,9,9,1
9884,3,53,1,53,0.019,1.0,1.0,53.0,53,53,1
9885,2,1,20,20,20.0,0.55,1.0,1.38,11,20,8
9886,5,74,471,1954,2.707,0.339,0.433,15.84,820,499,756
9887,4,31,71,2201,2.29,0.159,0.296,10.29,350,651,34
9888,2,1,46,46,46.0,0.783,1.0,12.0,36,46,3
9889,4,13,5,65,0.385,0.123,0.538,8.0,8,35,1
9890,5,95,93,8835,0.979,0.675,0.902,3.63,966,968,644
9891,4,21,4,84,0.19,0.31,0.643,3.71,26,54,7
9892,5,53,158,4174,1.033,0.587,0.641,46.95,180,491,302
9893,1,14,203,2842,14.5,0.362,0.67,4.36,28,904,236
9894,1,12,232,2784,19.333,0.316,0.703,2.34,879,957,375
9895,3,34,1,34,0.029,1.0,1.0,34.0,34,34,1
9896,5,72,96,6912,1.333,0.488,0.582,15.69,374,25,215
9897,3,8,1,8,0.125,1.0,1.0,8.0,8,8,1
9898,4,17,9,153,0.529,0.209,0.497,1.88,32,76,17
9899,4,6,9,54,1.5,0.148,0.296,4.0,8,16,2
9900,5,78,140,4920,0.787,0.574,0.649,21.52,292,177,664
9901,5,63,79,4977,1.254,0.338,0.345,186.78,681,718,9
9902,2,6,21,126,3.5,0.246,0.254,31.0,31,32,1
9903,5,28,32,896,1.143,0.481,0.742,7.43,431,665,58
9904,1,9,46,414,5.111,0.242,0.575,1.43,100,238,70
9905,2,2,536,1072,268.0,0.532,0.558,30.0,570,598,19
9906,3,12,1,12,0.083,1.0,1.0,12.0,12,12,1
9907,3,9,1,9,0.111,1.0,1.0,9.0,9,9,1
9908,4,7,13,91,1.857,0.154,0.484,2.0,14,44,7
9909,5,28,32,896,1.143,0.481,0.742,7.43,431,665,58
9910,3,20,1,20,0.05,1.0,1.0,20.0,20,20,1
9911,5,28,32,896,1.143,0.462,0.722,7.02,414,647,59
9912,5,28,347,4416,2.711,0.399,0.567,13.07,721,163,356
9913,4,7,24,168,3.429,0.101,0.298,1.89,17,50,9
9914,3,5,2,210,0.019,0.529,0.533,111.0,111,112,1
9915,5,29,32,928,1.103,0.476,0.72,7.25,442,668,61
9916,5,63,79,4977,1.254,0.338,0.345,186.78,681,718,9
9917,4,36,43,1548,1.194,0.117,0.183,3.07,181,283,59
9918,2,1,52,52,52.0,0.962,1.0,25.0,50,52,2
9919,4,53,48,2544,0.906,0.181,0.374,4.69,460,951,98
9920,3,16,1,16,0.063,1.0,1.0,16.0,16,16,1
9921,1,9,37,333,4.111,0.532,0.913,3.22,177,304,55
9922,3,10,1,10,0.1,0.9,1.0,9.0,9,10,1
9923,1,8,75,600,9.375,0.375,0.86,2.05,225,516,110
9924,3,9,2,18,0.222,0.611,0.722,11.0,11,13,1
9925,1,6,18,108,3.0,0.343,0.926,1.76,37,100,21
9926,3,32,1,32,0.031,1.0,1.0,32.0,32,32,1
9927,5,63,79,4977,1.254,0.338,0.345,186.78,681,718,9
9928,5,29,31,899,1.069,0.463,0.726,6.93,416,653,60
9929,2,2,9,18,4.5,0.556,0.556,10.0,10,10,1
9930,1,11,64,704,5.818,0.395,0.558,3.35,278,393,83
9931,5,32,547,2204,4.144,0.37,0.483,20.66,693,874,292
9932,4,30,61,1830,2.033,0.157,0.483,1.88,288,884,153
9933,2,5,128,640,25.6,0.759,0.764,162.0,486,489,3
9934,3,27,1,27,0.037,1.0,1.0,27.0,27,27,1
9935,4,33,28,924,0.848,0.098,0.271,5.69,91,250,16
9936,4,5,9,45,1.8,0.178,0.533,1.6,8,24,5
9937,3,7,1,7,0.143,1.0,1.0,7.0,7,7,1
9938,2,4,115,460,28.75,0.426,0.487,17.82,196,224,11
9939,3,8,1,8,0.125,1.0,1.0,8.0,8,8,1
9940,4,14,19,266,1.357,0.128,0.541,2.83,34,144,12
9941,3,18,1,18,0.056,1.0,1.0,18.0,18,18,1
9942,3,8,1,8,0.125,1.0,1.0,8.0,8,8,1
9943,3,9,2,18,0.222,0.611,0.722,11.0,11,13,1
9944,4,55,48,2640,0.873,0.142,0.364,4.26,375,960,88
9945,1,4,18,72,4.5,0.25,0.528,2.57,18,38,7
9946,5,74,471,1954,2.707,0.339,0.433,15.84,820,499,756
9947,5,32,547,2204,4.144,0.37,0.483,20.66,693,874,292
9948,1,10,116,1160,11.6,0.273,0.797,1.7,317,925,186
9949,4,58,167,6386,1.057,0.16,0.276,8.24,213,279,511
9950,5,32,547,2204,4.144,0.37,0.483,20.66,693,874,292
9951,5,29,32,928,1.103,0.476,0.72,7.25,442,668,61
9952,3,9,1,9,0.111,1.0,1.0,9.0,9,9,1
9953,2,1,87,87,87.0,0.92,1.0,16.0,80,87,5
9954,2,1,11,11,11.0,1.0,1.0,11.0,11,11,1
9955,3,9,1,9,0.111,1.0,1.0,9.0,9,9,1
9956,5,28,32,896,1.143,0.488,0.743,7.05,437,666,62
9957,4,12,464,8368,2.189,0.052,0.07,11.84,66,884,428
9958,1,8,35,280,4.375,0.393,0.918,1.96,110,257,56
9959,4,30,60,1800,2.0,0.154,0.457,1.85,278,823,150
9960,5,28,32,896,1.143,0.488,0.743,7.05,437,666,62
9961,4,12,4,48,0.333,0.292,1.0,2.0,14,48,7
9962,4,4,5,20,1.25,0.35,0.8,2.33,7,16,3
9963,1,5,11,55,2.2,0.6,0.818,2.75,33,45,12
9964,5,68,145,4360,0.863,0.798,0.963,13.06,430,457,488
9965,3,8,1,8,0.125,1.0,1.0,8.0,8,8,1
9966,5,65,50,3250,0.769,0.454,0.487,245.83,475,582,6
9967,1,7,70,490,10.0,0.371,0.971,1.9,182,476,96
9968,5,63,79,4977,1.254,0.338,0.345,186.78,681,718,9
9969,2,3,59,177,19.667,0.475,0.475,84.0,84,84,1
9970,5,68,145,4360,0.863,0.798,0.963,13.06,430,457,488
9971,1,7,11,77,1.571,0.455,0.974,1.75,35,75,20
9972,5,95,93,8835,0.979,0.675,0.902,3.63,966,968,644
9973,1,8,9,72,1.125,0.431,0.903,2.07,31,65,15
9974,4,32,350,1200,10.938,0.142,0.402,3.96,588,497,401
9975,5,29,32,928,1.103,0.476,0.72,7.25,442,668,61
9976,1,16,44,704,2.75,0.376,0.744,2.39,265,524,111
9977,5,28,32,896,1.143,0.488,0.743,7.05,437,666,62
9978,2,1,27,27,27.0,0.407,1.0,1.83,11,27,6
9979,5,63,66,4158,1.048,0.491,0.591,44.37,41,458,46
9980,4,4,11,44,2.75,0.159,0.932,1.75,7,41,4
9981,1,8,33,264,4.125,0.375,0.981,1.6,99,259,62
9982,4,6,17,102,2.833,0.137,0.627,2.8,14,64,5
9983,1,3,4,12,1.333,0.917,0.917,11.0,11,11,1
9984,1,10,33,330,3.3,0.345,0.779,1.9,114,257,60
9985,4,10,12,120,1.2,0.208,0.583,1.67,25,70,15
9986,4,29,61,1769,2.103,0.121,0.431,1.78,214,762,120
9987,5,63,79,4977,1.254,0.338,0.345,186.78,681,718,9
9988,1,11,251,2761,22.818,0.355,0.743,2.93,979,52,334
9989,4,48,402,9296,8.375,0.055,0.094,4.13,58,814,256
9990,1,10,17,170,1.7,0.382,1.0,2.41,65,170,27
9991,3,8,1,8,0.125,0.875,1.0,7.0,7,8,1
9992,2,1,235,235,235.0,0.923,1.0,27.13,217,235,8
9993,4,31,105,3255,3.387,0.224,0.417,5.35,728,358,136
9994,3,5,2,10,0.4,0.8,0.8,8.0,8,8,1
9995,4,7,13,91,1.857,0.154,0.484,2.0,14,44,7
9996,2,2,536,1072,268.0,0.532,0.558,30.0,570,598,19
9997,2,7,1,7,0.143,1.0,1.0,7.0,7,7,1
9998,3,84,1,84,0.012,1.0,1.0,84.0,84,84,1
9999,1,5,13,65,2.6,0.246,0.831,1.33,16,54,12
10000,5,64,73,4672,1.141,0.403,0.445,72.38,882,77,26
10001,3,11,2,22,0.182,0.636,0.636,14.0,14,14,1
10002,4,21,68,1428,3.238,0.052,0.109,5.69,74,156,13
10003,1,7,7,49,1.0,0.347,1.0,1.42,17,49,12
10004,4,53,48,2544,0.906,0.157,0.269,7.84,400,685,51
10005,3,12,2,24,0.167,0.625,0.667,15.0,15,16,1
10006,1,10,9,90,0.9,0.689,0.789,10.33,62,71,6
10007,5,66,472,8352,2.843,0.359,0.547,17.12,93,821,641
10008,2,1,193,193,193.0,0.57,1.0,2.97,110,193,37
10009,3,9,1,9,0.111,1.0,1.0,9.0,9,9,1
10010,2,1,46,46,46.0,0.239,1.0,1.38,11,46,8
10011,1,8,76,608,9.5,0.232,0.51,1.88,141,310,75
10012,4,83,314,6062,3.783,0.298,0.671,8.75,772,482,888
10013,3,10,1,10,0.1,0.9,1.0,9.0,9,10,1
10014,1,5,10,50,2.0,0.28,0.74,7.0,14,37,2
10015,4,8,4,32,0.5,0.438,0.594,7.0,14,19,2
10016,3,37,1,37,0.027,1.0,1.0,37.0,37,37,1
10017,1,9,211,1899,23.444,0.219,0.707,1.48,416,343,282
10018,1,10,21,210,2.1,0.3,0.81,1.91,63,170,33
10019,1,7,346,2422,49.429,0.159,0.749,1.17,386,813,329
10020,1,12,409,4908,34.083,0.302,0.604,2.88,482,966,515
10021,5,28,31,868,1.107,0.492,0.745,7.49,427,647,57
10022,4,18,105,2390,0.89,0.052,0.105,3.33,642,296,193
10023,1,10,50,500,5.0,0.326,0.868,2.01,163,434,81
10024,4,18,105,2390,0.89,0.052,0.105,3.33,642,296,193
10025,3,7,1,7,0.143,1.0,1.0,7.0,7,7,1
10026,1,9,17,153,1.889,0.601,0.889,8.36,92,136,11
10027,2,3,59,177,19.667,0.475,0.475,84.0,84,84,1
10028,2,2,537,1074,268.5,0.594,0.655,21.27,638,703,30
10029,1,17,34,578,2.0,0.123,0.156,17.75,71,90,4
10030,2,9,13,117,1.444,0.103,0.752,4.0,12,88,3
10031,3,5,2,10,0.4,0.7,0.7,7.0,7,7,1
10032,2,3,132,396,44.0,0.505,0.558,20.0,200,221,10
10033,3,4,2,8,0.5,1.0,1.0,8.0,8,8,1
10034,4,4,5,20,1.25,0.35,0.8,2.33,7,16,3
10035,5,66,472,8352,2.843,0.359,0.547,17.12,93,821,641
10036,1,9,295,2655,32.778,0.2,0.559,1.5,531,483,354
10037,1,9,20,180,2.222,0.361,0.872,1.86,65,157,35
10038,1,10,19,190,1.9,0.611,0.874,8.92,116,166,13
10039,3,58,3,174,0.052,0.339,0.345,59.0,59,60,1
10040,2,1,199,199,199.0,0.99,1.0,197.0,197,199,1
10041,4,1,99,9999,0.98,0.14,0.778,2.02,398,780,691
10042,2,1,19,19,19.0,0.684,1.0,4.33,13,19,3
10043,1,10,35,350,3.5,0.331,0.686,1.93,116,240,60
10044,4,9,10,90,1.111,0.144,0.522,6.5,13,47,2
10045,2,1,52,52,52.0,0.538,1.0,14.0,28,52,2
10046,2,2,538,1076,269.0,0.637,0.703,29.78,685,756,23
10047,1,9,150,1350,16.667,0.237,0.579,1.75,320,782,183
10048,1,5,28,140,5.6,0.307,0.814,1.3,43,114,33
10049,2,1,35,35,35.0,0.857,1.0,10.0,30,35,3
10050,1,12,13,156,1.083,0.391,0.981,2.35,61,153,26
10051,4,67,30,2010,0.448,0.169,0.46,2.26,339,924,150
10052,4,31,105,3255,3.387,0.224,0.417,5.35,728,358,136
10053,2,1,152,152,152.0,0.822,1.0,11.36,125,152,11
10054,4,7,11,77,1.571,0.117,0.494,1.8,9,38,5
10055,2,1,104,104,104.0,0.971,1.0,50.5,101,104,2
10056,3,7,1,7,0.143,1.0,1.0,7.0,7,7,1
10057,3,12,2,24,0.167,0.625,0.667,15.0,15,16,1
10058,1,7,33,231,4.714,0.346,0.879,1.36,80,203,59
10059,3,13,1,13,0.077,1.0,1.0,13.0,13,13,1
10060,1,12,410,4920,34.167,0.333,0.661,2.69,636,254,608
10061,2,2,537,1074,268.5,0.594,0.655,21.27,638,703,30
10062,1,9,28,252,3.111,0.25,0.77,1.47,63,194,43
10063,5,29,31,899,1.069,0.463,0.726,6.93,416,653,60
10064,1,8,10,80,1.25,0.425,0.913,2.0,34,73,17
10065,4,8,1,8,0.125,0.875,1.0,7.0,7,8,1
10066,1,5,58,290,11.6,0.2,0.745,1.41,58,216,41
10067,5,74,471,1954,2.707,0.339,0.433,15.84,820,499,756
10068,1,8,22,176,2.75,0.398,0.784,1.94,70,138,36
10069,1,3,4,12,1.333,1.0,1.0,12.0,12,12,1
10070,4,37,72,2664,1.946,0.12,0.257,7.64,321,685,42
10071,5,83,149,2367,1.795,0.388,0.472,28.77,804,838,167
10072,4,30,61,1830,2.033,0.157,0.483,1.88,288,884,153
10073,2,1,75,75,75.0,0.92,1.0,11.5,69,75,6
10074,2,2,176,352,88.0,0.528,0.605,31.0,186,213,6
10075,5,29,31,899,1.069,0.463,0.726,6.93,416,653,60
10076,5,32,547,2204,4.144,0.37,0.483,20.66,693,874,292
10077,1,9,194,1746,21.556,0.191,0.691,1.4,333,207,238
10078,2,1,84,84,84.0,0.917,1.0,19.25,77,84,4
10079,4,6,12,72,2.0,0.139,0.514,1.43,10,37,7
10080,1,8,16,128,2.0,0.422,0.852,1.8,54,109,30
10081,2,1,14,14,14.0,0.929,1.0,13.0,13,14,1
10082,5,87,141,6367,0.754,0.415,0.884,4.69,947,301,333
10083,1,9,465,4185,51.667,0.157,0.644,1.24,658,694,532
10084,4,18,105,2390,0.89,0.052,0.105,3.33,642,296,193
10085,4,6,6,36,1.0,0.194,0.417,3.5,7,15,2
10086,1,24,124,2976,5.167,0.902,0.961,16.66,683,859,161
10087,5,72,96,6912,1.333,0.488,0.582,15.69,374,25,215
10088,1,28,82,2296,2.929,0.271,0.39,8.9,623,895,70
10089,3,27,4,108,0.148,0.38,0.75,2.56,41,81,16
10090,4,68,34,2312,0.5,0.224,0.526,2.44,519,215,213
10091,4,54,357,9278,6.611,0.324,0.644,6.22,238,422,3
10092,2,10,553,5530,55.3,0.797,0.884,21.3,409,890,207
10093,1,9,52,468,5.778,0.37,0.996,1.71,173,466,101
10094,1,7,49,343,7.0,0.318,0.735,1.54,109,252,71
10095,2,2,537,1074,268.5,0.594,0.655,21.27,638,703,30
10096,1,8,10,80,1.25,0.438,0.988,1.94,35,79,18
10097,3,76,1,76,0.013,1.0,1.0,76.0,76,76,1
10098,2,7,14,98,2.0,0.102,0.204,10.0,10,20,1
10099,1,9,33,297,3.667,0.259,0.774,1.67,77,230,46
10100,3,9,1,9,0.111,1.0,1.0,9.0,9,9,1
10101,5,28,32,896,1.143,0.462,0.722,7.02,414,647,59
10102,4,6,5,30,0.833,0.233,0.633,1.75,7,19,4
10103,5,28,32,896,1.143,0.488,0.743,7.05,437,666,62
10104,5,63,79,4977,1.254,0.338,0.345,186.78,681,718,9
10105,1,6,94,564,15.667,0.287,0.713,2.45,162,402,66
10106,5,28,31,868,1.107,0.492,0.745,7.49,427,647,57
10107,1,9,45,405,5.0,0.319,0.923,2.11,129,374,61
10108,5,28,32,896,1.143,0.488,0.743,7.05,437,666,62
10109,3,32,1,32,0.031,1.0,1.0,32.0,32,32,1
10110,2,8,231,1848,28.875,0.872,0.882,179.0,611,630,9
10111,5,32,547,2204,4.144,0.37,0.483,20.66,693,874,292
10112,4,34,27,918,0.794,0.219,0.554,3.09,201,509,65
10113,4,36,172,6192,4.778,0.128,0.337,4.84,793,86,164
10114,3,14,1,14,0.071,1.0,1.0,14.0,14,14,1
10115,3,66,3,198,0.045,0.657,0.909,2.6,130,180,50
10116,5,68,135,2680,0.804,0.82,0.904,62.81,591,513,296
10117,5,65,50,3250,0.769,0.454,0.487,245.83,475,582,6
10118,1,9,15,135,1.667,0.378,0.963,2.43,51,130,21
10119,2,1,214,214,214.0,1.0,1.0,214.0,214,214,1
10120,5,87,141,6367,0.754,0.415,0.884,4.69,947,301,333
10121,1,10,54,540,5.4,0.306,0.689,1.94,165,372,85
10122,5,63,79,4977,1.254,0.338,0.345,186.78,681,718,9
10123,3,26,1,26,0.038,1.0,1.0,26.0,26,26,1
10124,1,7,16,112,2.286,0.339,1.0,1.41,38,112,27
10125,5,95,93,8835,0.979,0.675,0.902,3.63,966,968,644
10126,1,9,7,63,0.778,0.302,0.603,1.9,19,38,10
10127,1,7,133,931,19.0,0.211,0.559,1.75,196,520,112
10128,3,9,1,9,0.111,1.0,1.0,9.0,9,9,1
10129,2,1,79,79,79.0,0.608,1.0,6.86,48,79,7
10130,2,1,40,40,40.0,1.0,1.0,40.0,40,40,1
10131,4,7,11,77,1.571,0.117,0.494,1.8,9,38,5
10132,1,19,201,3819,10.579,0.238,0.567,2.07,909,164,439
10133,4,55,48,2640,0.873,0.142,0.364,4.26,375,960,88
10134,1,14,91,1274,6.5,0.389,0.628,5.05,495,800,98
10135,2,2,46,92,23.0,0.587,0.761,18.0,54,70,3
10136,2,37,1,37,0.027,1.0,1.0,37.0,37,37,1
10137,3,17,1,117,0.009,1.0,1.0,117.0,117,117,1
10138,1,4,31,124,7.75,0.419,0.944,1.58,52,117,33
10139,2,1,14,14,14.0,0.571,1.0,2.0,8,14,4
10140,5,74,471,1954,2.707,0.339,0.433,15.84,820,499,756
10141,4,6,465,2290,1.52,0.055,0.123,2.69,861,452,925
10142,5,65,50,3250,0.769,0.454,0.487,245.83,475,582,6
10143,2,1,106,106,106.0,0.434,1.0,1.02,46,106,45
10144,2,2,20,40,10.0,0.725,0.875,29.0,29,35,1
10145,5,86,469,7234,2.522,0.378,0.529,22.29,17,133,481
10146,4,54,48,2592,0.889,0.143,0.264,6.85,370,685,54
10147,5,53,158,4174,1.033,0.587,0.641,46.95,180,491,302
10148,1,11,155,1705,14.091,0.257,0.584,2.09,438,995,210
10149,1,8,398,3184,49.75,0.279,0.664,1.7,887,113,521
10150,2,1,48,48,48.0,0.875,1.0,10.5,42,48,4
10151,4,83,314,6062,3.783,0.298,0.671,8.75,772,482,888
10152,2,1,152,152,152.0,0.822,1.0,11.36,125,152,11
10153,1,11,19,209,1.727,0.598,0.947,7.35,125,198,17
10154,5,74,471,1954,2.707,0.339,0.433,15.84,820,499,756
10155,1,10,262,2620,26.2,0.274,0.757,1.8,719,984,399
10156,2,3,538,1614,179.33,0.37,0.424,22.11,597,685,27
10157,5,28,32,896,1.143,0.481,0.742,7.43,431,665,58
10158,3,94,2,188,0.021,0.516,0.516,97.0,97,97,1
10159,1,1,14,14,14.0,0.571,1.0,2.67,8,14,3
10160,1,8,19,152,2.375,0.184,0.849,1.47,28,129,19
10161,1,8,15,120,1.875,0.325,0.833,1.86,39,100,21
10162,1,16,367,5872,22.938,0.385,0.575,5.29,258,377,427
10163,4,17,60,1020,3.529,0.139,0.371,7.1,142,378,20
10164,2,1,278,278,278.0,0.946,1.0,29.22,263,278,9
10165,5,72,96,6912,1.333,0.488,0.582,15.69,374,25,215
10166,5,28,32,896,1.143,0.481,0.742,7.43,431,665,58
10167,3,11,2,22,0.182,0.636,0.636,14.0,14,14,1
10168,2,1,19,19,19.0,0.579,1.0,3.67,11,19,3
10169,4,31,71,2201,2.29,0.159,0.296,10.29,350,651,34
10170,3,14,1,14,0.071,1.0,1.0,14.0,14,14,1
10171,1,13,242,3146,18.615,0.231,0.614,2.33,726,932,312
10172,2,1,36,36,36.0,0.722,1.0,8.67,26,36,3
10173,4,4,5,20,1.25,0.35,0.8,2.33,7,16,3
10174,5,28,31,868,1.107,0.492,0.745,7.49,427,647,57
10175,5,28,31,868,1.107,0.508,0.767,7.47,441,666,59
10176,2,2,18,36,9.0,0.806,0.833,29.0,29,30,1
10177,4,8,1,8,0.125,0.875,1.0,7.0,7,8,1
10178,5,87,141,6367,0.754,0.415,0.884,4.69,947,301,333
10179,3,10,1,10,0.1,1.0,1.0,10.0,10,10,1
10180,2,1,51,51,51.0,0.471,1.0,2.4,24,51,10
10181,2,1,14,14,14.0,0.5,1.0,2.33,7,14,3
10182,5,32,547,2204,4.144,0.37,0.483,20.66,693,874,292
10183,3,39,1,39,0.026,1.0,1.0,39.0,39,39,1
10184,1,7,105,735,15.0,0.127,0.41,1.39,93,301,67
10185,2,1,75,75,75.0,0.92,1.0,11.5,69,75,6
10186,2,2,14,28,7.0,0.286,0.821,8.0,8,23,1
10187,5,65,50,3250,0.769,0.454,0.487,245.83,475,582,6
10188,2,2,14,28,7.0,0.464,0.536,13.0,13,15,1
10189,3,14,1,14,0.071,1.0,1.0,14.0,14,14,1
10190,1,12,91,1092,7.583,0.281,0.59,2.46,307,644,125
10191,5,64,73,4672,1.141,0.403,0.445,72.38,882,77,26
10192,2,1,46,46,46.0,0.239,1.0,1.38,11,46,8
10193,2,1,55,55,55.0,0.564,1.0,10.33,31,55,3
10194,3,94,2,188,0.021,0.516,0.516,97.0,97,97,1
10195,4,4,5,20,1.25,0.35,0.8,2.33,7,16,3
10196,3,12,2,24,0.167,0.625,0.667,15.0,15,16,1
10197,4,6,12,72,2.0,0.139,0.514,1.43,10,37,7
10198,4,9,6,54,0.667,0.407,0.519,5.5,22,28,4
10199,5,28,32,896,1.143,0.462,0.722,7.02,414,647,59
10200,5,63,79,4977,1.254,0.338,0.345,186.78,681,718,9
10201,1,11,272,2992,24.727,0.26,0.681,1.82,778,38,428
10202,5,28,32,896,1.143,0.462,0.722,7.02,414,647,59
10203,1,8,48,384,6.0,0.354,0.865,1.89,136,332,72
10204,4,31,105,3255,3.387,0.242,0.456,4.89,787,485,161
10205,5,86,469,7234,2.522,0.378,0.529,22.29,17,133,481
10206,5,29,32,928,1.103,0.432,0.689,6.27,401,639,64
10207,5,29,32,928,1.103,0.476,0.72,7.25,442,668,61
10208,3,5,2,10,0.4,0.9,0.9,9.0,9,9,1
10209,2,1,39,39,39.0,0.897,1.0,8.75,35,39,4
10210,1,9,98,882,10.889,0.185,0.662,1.58,163,584,103
10211,2,1,30,30,30.0,0.4,1.0,2.4,12,30,5
10212,3,14,1,14,0.071,1.0,1.0,14.0,14,14,1
10213,5,64,73,4672,1.141,0.403,0.445,72.38,882,77,26
10214,5,93,104,9672,1.118,0.451,0.611,4.25,366,908,28
10215,3,12,1,12,0.083,1.0,1.0,12.0,12,12,1
10216,4,12,146,1752,12.167,0.091,0.128,26.67,160,225,6
10217,4,54,357,9278,6.611,0.299,0.655,6.4,766,626,901
10218,5,28,31,868,1.107,0.492,0.745,7.49,427,647,57
10219,2,3,259,777,86.333,0.96,0.978,67.82,746,760,11
10220,5,93,104,9672,1.118,0.451,0.611,4.25,366,908,28
10221,2,1,78,78,78.0,0.949,1.0,24.67,74,78,3
10222,3,8,1,8,0.125,1.0,1.0,8.0,8,8,1
10223,1,1,29,29,29.0,0.31,1.0,1.13,9,29,8
10224,3,31,1,31,0.032,1.0,1.0,31.0,31,31,1
10225,3,17,2,34,0.118,0.706,0.706,24.0,24,24,1
10226,3,11,1,11,0.091,1.0,1.0,11.0,11,11,1
10227,3,12,2,24,0.167,0.625,0.667,15.0,15,16,1
10228,4,36,96,3456,2.667,0.096,0.207,7.7,331,717,43
10229,3,8,1,8,0.125,1.0,1.0,8.0,8,8,1
10230,1,8,18,144,2.25,0.396,0.882,1.84,57,127,31
10231,1,11,90,990,8.182,0.362,0.808,2.82,358,800,127
10232,1,8,9,72,1.125,0.361,0.722,1.86,26,52,14
10233,4,53,48,2544,0.906,0.181,0.374,4.69,460,951,98
10234,1,10,34,340,3.4,0.297,0.885,1.71,101,301,59
10235,5,29,32,928,1.103,0.432,0.689,6.27,401,639,64
10236,2,1,37,37,37.0,0.811,1.0,6.0,30,37,5
10237,4,7,47,329,6.714,0.158,0.289,5.78,52,95,9
10238,3,19,2,38,0.105,0.816,0.816,31.0,31,31,1
10239,3,37,1,37,0.027,1.0,1.0,37.0,37,37,1
10240,2,3,463,1389,154.33,0.296,0.382,13.7,411,531,30
10241,5,28,32,896,1.143,0.462,0.722,7.02,414,647,59
10242,5,28,32,896,1.143,0.481,0.742,7.43,431,665,58
10243,3,22,1,22,0.045,1.0,1.0,22.0,22,22,1
10244,5,53,158,4174,1.033,0.587,0.641,46.95,180,491,302
10245,2,3,550,1650,183.33,0.329,0.375,27.15,543,619,20
10246,1,7,14,98,2.0,0.327,0.99,2.67,32,97,12
10247,4,53,48,2544,0.906,0.157,0.269,7.84,400,685,51
10248,3,12,1,12,0.083,1.0,1.0,12.0,12,12,1
10249,2,1,161,161,161.0,0.41,1.0,1.02,66,161,65
10250,5,28,32,896,1.143,0.462,0.722,7.02,414,647,59
10251,3,27,4,108,0.148,0.38,0.75,2.56,41,81,16
10252,4,16,4,64,0.25,0.156,0.531,5.0,10,34,2
10253,4,36,43,1548,1.194,0.117,0.183,3.07,181,283,59
10254,3,18,1,18,0.056,1.0,1.0,18.0,18,18,1
10255,5,29,32,928,1.103,0.476,0.72,7.25,442,668,61
10256,2,1,51,51,51.0,0.471,1.0,2.4,24,51,10
10257,5,78,140,4920,0.787,0.574,0.649,21.52,292,177,664
10258,2,7,14,98,2.0,0.102,0.204,10.0,10,20,1
10259,2,2,99,198,49.5,0.253,0.616,4.55,50,122,11
10260,1,7,18,126,2.571,0.286,0.627,1.57,36,79,23
10261,5,53,158,4174,1.033,0.587,0.641,46.95,180,491,302
10262,3,7,1,7,0.143,1.0,1.0,7.0,7,7,1
10263,3,13,1,13,0.077,1.0,1.0,13.0,13,13,1
10264,5,29,32,928,1.103,0.432,0.689,6.27,401,639,64
10265,1,10,21,210,2.1,0.457,0.933,2.91,96,196,33
10266,5,93,104,9672,1.118,0.451,0.611,4.25,366,908,28
10267,3,27,1,27,0.037,1.0,1.0,27.0,27,27,1
10268,3,8,1,8,0.125,1.0,1.0,8.0,8,8,1
10269,2,1,107,107,107.0,0.869,1.0,18.6,93,107,5
10270,5,63,79,4977,1.254,0.338,0.345,186.78,681,718,9
10271,2,1,52,52,52.0,0.538,1.0,14.0,28,52,2
10272,1,10,57,570,5.7,0.326,0.695,1.98,186,396,94
10273,3,7,1,7,0.143,1.0,1.0,7.0,7,7,1
10274,1,7,8,56,1.143,0.357,0.786,1.54,20,44,13
10275,4,7,24,168,3.429,0.101,0.298,1.89,17,50,9
10276,4,18,105,2390,0.89,0.052,0.105,3.33,642,296,193
10277,1,5,31,155,6.2,0.355,0.974,1.49,55,151,37
10278,4,58,167,6386,1.057,0.16,0.276,8.24,213,279,511
10279,3,9,1,9,0.111,1.0,1.0,9.0,9,9,1
10280,4,33,28,924,0.848,0.098,0.271,5.69,91,250,16
10281,3,9,1,9,0.111,1.0,1.0,9.0,9,9,1
10282,5,28,32,896,1.143,0.462,0.722,7.02,414,647,59
10283,1,7,74,518,10.571,0.276,0.683,1.57,143,354,91
10284,2,1,84,84,84.0,0.917,1.0,19.25,77,84,4
10285,4,6,5,30,0.833,0.233,0.633,1.75,7,19,4
10286,4,13,8,104,0.615,0.154,0.769,1.07,16,80,15
10287,5,87,137,5619,0.733,0.899,0.991,29.29,25,400,786
10288,3,69,3,207,0.043,0.643,0.952,2.08,133,197,64
10289,5,66,472,8352,2.843,0.359,0.547,17.12,93,821,641
10290,1,7,17,119,2.429,0.261,0.95,1.82,31,113,17
10291,2,2,99,198,49.5,0.253,0.616,4.55,50,122,11
10292,3,7,1,7,0.143,1.0,1.0,7.0,7,7,1
10293,2,3,470,1410,156.67,0.352,0.387,23.62,496,545,21
10294,4,7,47,329,6.714,0.158,0.289,5.78,52,95,9
10295,4,48,402,9296,8.375,0.055,0.094,4.13,58,814,256
10296,3,93,4,372,0.043,0.419,0.565,2.89,156,210,54
10297,5,63,161,6243,0.988,0.523,0.897,8.4,725,547,634
10298,4,7,9,63,1.286,0.143,0.238,9.0,9,15,1
10299,2,6,47,282,7.833,0.202,0.202,57.0,57,57,1
10300,4,48,402,9296,8.375,0.055,0.094,4.13,58,814,256
10301,4,36,96,3456,2.667,0.096,0.207,7.7,331,717,43
10302,5,83,149,2367,1.795,0.388,0.472,28.77,804,838,167
10303,3,9,2,18,0.222,0.611,0.722,11.0,11,13,1
10304,3,16,1,16,0.063,1.0,1.0,16.0,16,16,1
10305,5,28,32,896,1.143,0.462,0.722,7.02,414,647,59
10306,2,6,142,852,23.667,0.115,0.173,6.53,98,147,15
10307,4,38,70,2660,1.842,0.059,0.062,19.63,157,165,8
10308,3,5,2,10,0.4,0.9,0.9,9.0,9,9,1
10309,4,9,6,54,0.667,0.407,0.519,5.5,22,28,4
10310,4,16,30,480,1.875,0.133,0.471,2.29,64,226,28
10311,5,63,79,4977,1.254,0.338,0.345,186.78,681,718,9
10312,3,9,1,9,0.111,1.0,1.0,9.0,9,9,1
10313,4,67,30,2010,0.448,0.169,0.46,2.26,339,924,150
10314,1,10,79,790,7.9,0.163,0.42,1.25,129,332,103
10315,1,6,14,84,2.333,0.571,0.976,2.4,48,82,20
10316,1,1,47,47,47.0,0.34,1.0,1.14,16,47,14
10317,3,69,3,207,0.043,0.643,0.952,2.08,133,197,64
10318,2,1,14,14,14.0,1.0,1.0,14.0,14,14,1
10319,4,37,72,2664,1.946,0.12,0.257,7.64,321,685,42
10320,3,61,30,7830,0.115,0.063,0.09,2.4,492,701,205
10321,4,8,9,72,1.125,0.125,0.319,4.5,9,23,2
10322,1,10,26,260,2.6,0.312,0.577,2.03,81,150,40
10323,3,42,1,42,0.024,1.0,1.0,42.0,42,42,1
10324,1,24,178,4272,7.417,0.483,0.933,8.0,63,987,258
10325,4,6,17,102,2.833,0.137,0.627,2.8,14,64,5
10326,2,2,536,1072,268.0,0.532,0.558,30.0,570,598,19
10327,5,87,141,6367,0.754,0.415,0.884,4.69,947,301,333
10328,2,1,55,55,55.0,0.564,1.0,10.33,31,55,3
10329,5,83,149,2367,1.795,0.388,0.472,28.77,804,838,167
10330,1,8,30,240,3.75,0.242,0.667,1.35,58,160,43
10331,2,1,131,131,131.0,0.977,1.0,64.0,128,131,2
10332,2,3,183,549,61.0,0.488,0.577,29.78,268,317,9
10333,3,61,30,7830,0.115,0.063,0.09,2.4,492,701,205
10334,3,84,1,84,0.012,1.0,1.0,84.0,84,84,1
10335,1,6,13,78,2.167,0.333,0.91,1.37,26,71,19
10336,3,19,2,38,0.105,0.816,0.816,31.0,31,31,1
10337,4,9,10,90,1.111,0.144,0.522,6.5,13,47,2
10338,4,47,286,3442,6.085,0.183,0.317,4.67,459,258,526
10339,4,33,28,924,0.848,0.098,0.271,5.69,91,250,16
10340,2,28,330,9240,11.786,0.057,0.066,31.0,527,614,17
10341,4,6,465,2290,1.52,0.055,0.123,2.69,861,452,925
10342,2,1,85,85,85.0,0.882,1.0,12.5,75,85,6
10343,1,7,12,84,1.714,0.405,0.988,1.62,34,83,21
10344,5,29,32,928,1.103,0.432,0.689,6.27,401,639,64
10345,2,2,17,34,8.5,0.588,0.971,6.67,20,33,3
10346,5,65,50,3250,0.769,0.454,0.487,245.83,475,582,6
10347,3,18,1,18,0.056,1.0,1.0,18.0,18,18,1
10348,2,2,538,1076,269.0,0.519,0.684,34.88,558,736,16
10349,4,33,28,924,0.848,0.098,0.271,5.69,91,250,16
10350,4,7,13,91,1.857,0.154,0.484,2.0,14,44,7
10351,4,21,68,1428,3.238,0.052,0.109,5.69,74,156,13
10352,3,93,4,372,0.043,0.419,0.565,2.89,156,210,54
10353,4,13,5,65,0.385,0.323,0.554,5.25,21,36,4
10354,4,7,24,168,3.429,0.101,0.298,1.89,17,50,9
10355,1,9,40,360,4.444,0.356,0.967,2.29,128,348,56
10356,1,10,99,990,9.9,0.473,0.917,2.93,468,908,160
10357,3,9,1,9,0.111,1.0,1.0,9.0,9,9,1
10358,5,74,471,1954,2.707,0.339,0.433,15.84,820,499,756
10359,4,86,67,5762,0.779,0.164,0.935,2.37,947,386,399
10360,2,1,17,17,17.0,0.941,1.0,16.0,16,17,1
10361,2,1,20,20,20.0,0.55,1.0,1.38,11,20,8
10362,3,8,1,8,0.125,1.0,1.0,8.0,8,8,1
10363,4,8,9,72,1.125,0.125,0.319,4.5,9,23,2
10364,2,1,54,54,54.0,0.944,1.0,17.0,51,54,3
10365,4,25,9,225,0.36,0.187,0.436,2.47,42,98,17
10366,3,98,3,294,0.031,0.48,0.486,141.0,141,143,1
10367,5,68,145,4360,0.863,0.798,0.963,13.06,430,457,488
10368,3,36,1,136,0.007,0.993,1.0,135.0,135,136,1
10369,5,28,31,868,1.107,0.508,0.767,7.47,441,666,59
10370,5,32,547,2204,4.144,0.37,0.483,20.66,693,874,292
10371,5,68,135,2680,0.804,0.82,0.904,62.81,591,513,296
10372,5,32,547,2204,4.144,0.37,0.483,20.66,693,874,292
10373,3,11,2,22,0.182,0.636,0.636,14.0,14,14,1
10374,3,42,1,42,0.024,1.0,1.0,42.0,42,42,1
10375,2,1,35,35,35.0,0.829,1.0,9.67,29,35,3
10376,3,14,1,14,0.071,1.0,1.0,14.0,14,14,1
10377,4,45,79,3555,1.756,0.087,0.195,4.81,308,693,64
10378,5,53,158,4174,1.033,0.587,0.641,46.95,180,491,302
10379,4,83,277,2991,3.337,0.18,0.365,6.86,138,387,603
10380,4,58,167,6386,1.057,0.16,0.276,8.24,213,279,511
10381,4,53,442,7626,2.889,0.114,0.215,6.27,689,538,227
10382,3,22,1,22,0.045,1.0,1.0,22.0,22,22,1
10383,4,31,105,3255,3.387,0.242,0.456,4.89,787,485,161
10384,4,60,286,5760,1.788,0.201,0.226,55.42,199,347,166
10385,3,25,1,25,0.04,1.0,1.0,25.0,25,25,1
10386,4,7,47,329,6.714,0.158,0.289,5.78,52,95,9
10387,4,58,167,6386,1.057,0.16,0.276,8.24,213,279,511
10388,4,19,47,893,2.474,0.078,0.112,3.89,70,100,18
10389,3,5,2,210,0.019,0.529,0.533,111.0,111,112,1
10390,1,7,11,77,1.571,0.286,0.909,1.29,22,70,17
10391,2,6,47,282,7.833,0.202,0.202,57.0,57,57,1
10392,5,63,161,6243,0.988,0.523,0.897,8.4,725,547,634
10393,3,9,1,9,0.111,1.0,1.0,9.0,9,9,1
10394,1,10,250,2500,25.0,0.12,0.603,1.19,301,507,253
10395,1,12,71,852,5.917,0.481,0.757,5.86,410,645,70
10396,2,1,14,14,14.0,0.929,1.0,13.0,13,14,1
10397,4,29,48,1392,1.655,0.116,0.268,5.06,162,373,32
10398,1,8,48,384,6.0,0.354,0.865,1.89,136,332,72
10399,1,5,10,50,2.0,0.5,0.84,2.08,25,42,12
10400,5,78,140,4920,0.787,0.574,0.649,21.52,292,177,664
10401,5,28,31,868,1.107,0.492,0.745,7.49,427,647,57
10402,2,2,535,1070,267.5,0.55,0.586,117.8,589,627,5
10403,3,9,1,9,0.111,1.0,1.0,9.0,9,9,1
10404,3,5,2,10,0.4,0.8,0.8,8.0,8,8,1
10405,4,7,11,77,1.571,0.117,0.494,1.8,9,38,5
10406,1,7,29,203,4.143,0.365,0.946,2.0,74,192,37
10407,1,8,21,168,2.625,0.208,0.762,2.92,35,128,12
10408,3,42,7,294,0.167,0.282,0.432,2.18,83,127,38
10409,3,4,2,8,0.5,1.0,1.0,8.0,8,8,1
10410,1,21,13,273,0.619,0.168,0.308,2.3,46,84,20
10411,2,1,277,277,277.0,1.0,1.0,277.0,277,277,1
10412,2,11,552,6072,50.182,0.816,0.816,955.0,955,955,1
10413,4,12,464,8368,2.189,0.052,0.07,11.84,66,884,428
10414,1,8,14,112,1.75,0.143,1.0,2.67,16,112,6
10415,4,48,402,9296,8.375,0.055,0.094,4.13,58,814,256
10416,5,95,93,8835,0.979,0.675,0.902,3.63,966,968,644
10417,1,8,24,192,3.0,0.406,0.818,2.23,78,157,35
10418,1,24,125,3000,5.208,0.915,0.959,21.29,746,877,129
10419,2,1,48,48,48.0,0.875,1.0,10.5,42,48,4
10420,3,39,1,39,0.026,1.0,1.0,39.0,39,39,1
10421,2,1,36,36,36.0,0.583,1.0,5.25,21,36,4
10422,4,14,19,266,1.357,0.128,0.541,2.83,34,144,12
10423,2,1,19,19,19.0,0.632,1.0,4.0,12,19,3
10424,5,95,93,8835,0.979,0.675,0.902,3.63,966,968,644
10425,3,9,2,18,0.222,0.611,0.722,11.0,11,13,1
10426,1,5,19,95,3.8,0.505,0.8,2.18,48,76,22
10427,2,6,142,852,23.667,0.115,0.173,6.53,98,147,15
10428,1,9,18,162,2.0,0.352,0.901,1.84,57,146,31
10429,2,2,24,48,12.0,0.354,1.0,3.4,17,48,5
10430,1,10,248,2480,24.8,0.356,0.729,2.6,883,807,340
10431,3,54,1,54,0.019,1.0,1.0,54.0,54,54,1
10432,3,30,5,2150,0.012,0.216,0.221,46.5,465,475,10
10433,4,1,99,9999,0.98,0.14,0.778,2.02,398,780,691
10434,4,17,60,1020,3.529,0.139,0.371,7.1,142,378,20
10435,1,13,441,5733,33.923,0.374,0.625,4.63,144,582,463
10436,1,14,187,2618,13.357,0.265,0.477,2.31,693,248,300
10437,5,32,547,2204,4.144,0.37,0.483,20.66,693,874,292
10438,2,1,13,13,13.0,1.0,1.0,13.0,13,13,1
10439,1,6,14,84,2.333,0.56,0.929,2.24,47,78,21
10440,3,5,2,10,0.4,0.8,0.8,8.0,8,8,1
10441,2,24,510,2240,21.25,0.846,0.927,38.65,359,341,268
10442,5,72,96,6912,1.333,0.488,0.582,15.69,374,25,215
10443,2,1,46,46,46.0,0.239,1.0,1.38,11,46,8
10444,5,74,471,1954,2.707,0.339,0.433,15.84,820,499,756
10445,2,3,470,1410,156.67,0.352,0.387,23.62,496,545,21
10446,4,15,14,210,0.933,0.11,0.338,1.92,23,71,12
10447,4,31,37,1147,1.194,0.189,0.555,2.07,217,637,105
10448,4,8,1,8,0.125,0.875,1.0,7.0,7,8,1
10449,3,10,1,10,0.1,1.0,1.0,10.0,10,10,1
10450,2,1,19,19,19.0,0.632,1.0,4.0,12,19,3
10451,3,42,7,294,0.167,0.282,0.432,2.18,83,127,38
10452,5,63,161,6243,0.988,0.523,0.897,8.4,725,547,634
10453,1,8,117,936,14.625,0.201,0.698,1.45,188,653,130
10454,5,65,50,3250,0.769,0.454,0.487,245.83,475,582,6
10455,4,54,357,9278,6.611,0.324,0.644,6.22,238,422,3
10456,5,83,149,2367,1.795,0.388,0.472,28.77,804,838,167
10457,3,98,3,294,0.031,0.48,0.486,141.0,141,143,1
10458,4,83,315,6145,3.795,0.295,0.594,9.21,725,523,839
10459,2,2,49,98,24.5,0.51,0.51,50.0,50,50,1
10460,4,22,22,484,1.0,0.107,0.473,1.79,52,229,29
10461,3,8,1,8,0.125,0.875,1.0,7.0,7,8,1
10462,1,18,48,864,2.667,0.264,0.524,4.3,228,453,53
10463,1,9,86,774,9.556,0.3,0.677,2.13,232,524,109
10464,3,4,2,8,0.5,0.875,0.875,7.0,7,7,1
10465,3,39,1,39,0.026,1.0,1.0,39.0,39,39,1
10466,3,39,1,39,0.026,1.0,1.0,39.0,39,39,1
10467,3,14,1,14,0.071,1.0,1.0,14.0,14,14,1
10468,1,8,309,2472,38.625,0.186,0.644,1.41,459,593,325
10469,1,7,33,231,4.714,0.143,0.844,2.36,33,195,14
10470,3,9,1,9,0.111,1.0,1.0,9.0,9,9,1
10471,2,2,18,36,9.0,0.806,0.833,29.0,29,30,1
10472,4,22,22,484,1.0,0.107,0.473,1.79,52,229,29
10473,3,10,1,10,0.1,1.0,1.0,10.0,10,10,1
10474,2,1,117,117,117.0,0.974,1.0,38.0,114,117,3
10475,4,37,72,2664,1.946,0.12,0.257,7.64,321,685,42
10476,1,7,62,434,8.857,0.392,0.871,1.87,170,378,91
10477,3,27,4,108,0.148,0.333,0.667,2.57,36,72,14
10478,1,9,71,639,7.889,0.294,0.762,2.16,188,487,87
10479,5,86,469,7234,2.522,0.378,0.529,22.29,17,133,481
10480,3,93,4,372,0.043,0.419,0.565,2.89,156,210,54
10481,4,49,79,3871,1.612,0.084,0.179,7.36,324,694,44
10482,2,1,115,115,115.0,0.2,1.0,4.6,23,115,5
10483,4,29,48,1392,1.655,0.116,0.268,5.06,162,373,32
10484,1,12,307,3684,25.583,0.29,0.771,2.41,68,842,444
10485,1,16,417,6672,26.063,0.381,0.652,5.29,543,349,481
10486,2,1,187,187,187.0,0.963,1.0,25.71,180,187,7
10487,2,2,446,892,223.0,0.439,0.603,17.82,392,538,22
10488,3,8,1,8,0.125,1.0,1.0,8.0,8,8,1
10489,1,14,44,616,3.143,0.398,0.766,2.5,245,472,98
10490,1,6,11,66,1.833,0.197,0.848,1.3,13,56,10
10491,4,7,9,63,1.286,0.143,0.238,9.0,9,15,1
10492,1,7,11,77,1.571,0.364,0.948,1.47,28,73,19
10493,1,6,14,84,2.333,0.571,1.0,2.29,48,84,21
10494,5,28,32,896,1.143,0.488,0.743,7.05,437,666,62
10495,2,2,14,28,7.0,0.464,0.536,13.0,13,15,1
10496,5,74,471,1954,2.707,0.339,0.433,15.84,820,499,756
10497,1,9,65,585,7.222,0.222,0.786,1.35,130,460,96
10498,2,1,19,19,19.0,0.684,1.0,4.33,13,19,3
10499,5,29,32,928,1.103,0.432,0.689,6.27,401,639,64
10500,2,1,44,44,44.0,0.727,1.0,5.33,32,44,6
10501,4,37,72,2664,1.946,0.12,0.257,7.64,321,685,42
10502,2,11,552,6072,50.182,0.816,0.816,955.0,955,955,1
10503,5,63,161,6243,0.988,0.523,0.897,8.4,725,547,634
10504,4,29,61,1769,2.103,0.121,0.431,1.78,214,762,120
10505,5,68,135,2680,0.804,0.82,0.904,62.81,591,513,296
10506,3,42,1,42,0.024,1.0,1.0,42.0,42,42,1
10507,2,3,550,1650,183.33,0.339,0.401,15.11,559,662,37
10508,5,68,145,4360,0.863,0.798,0.963,13.06,430,457,488
10509,5,28,32,896,1.143,0.488,0.743,7.05,437,666,62
10510,3,93,4,372,0.043,0.419,0.565,2.89,156,210,54
10511,5,63,79,4977,1.254,0.338,0.345,186.78,681,718,9
10512,1,13,487,6331,37.462,0.247,0.63,2.1,564,988,745
10513,1,7,34,238,4.857,0.282,0.782,1.49,67,186,45
10514,1,6,57,342,9.5,0.453,0.906,2.46,155,310,63
10515,1,5,36,180,7.2,0.211,0.789,1.52,38,142,25
10516,2,2,157,314,78.5,0.506,0.551,26.5,159,173,6
10517,3,7,1,7,0.143,1.0,1.0,7.0,7,7,1
10518,2,2,69,138,34.5,0.623,0.906,10.75,86,125,8
10519,2,1,14,14,14.0,1.0,1.0,14.0,14,14,1
10520,4,48,402,9296,8.375,0.055,0.094,4.13,58,814,256
10521,1,6,19,114,3.167,0.184,0.781,1.24,21,89,17
10522,4,24,18,432,0.75,0.139,0.377,2.07,60,163,29
10523,5,68,135,2680,0.804,0.82,0.904,62.81,591,513,296
10524,1,10,30,300,3.0,0.367,0.783,2.29,110,235,48
10525,1,8,30,240,3.75,0.242,0.667,1.35,58,160,43
10526,2,3,113,339,37.667,0.41,0.472,13.9,139,160,10
10527,4,6,6,36,1.0,0.194,0.417,3.5,7,15,2
10528,5,78,140,4920,0.787,0.574,0.649,21.52,292,177,664
10529,5,28,31,868,1.107,0.492,0.745,7.49,427,647,57
10530,4,55,48,2640,0.873,0.142,0.364,4.26,375,960,88
10531,5,63,161,6243,0.988,0.523,0.897,8.4,725,547,634
10532,1,11,60,660,5.455,0.32,0.608,2.01,211,401,105
10533,4,43,62,2666,1.442,0.08,0.17,6.63,212,454,32
10534,2,2,64,128,32.0,0.531,0.586,17.0,68,75,4
10535,1,6,13,78,2.167,0.128,0.577,1.67,10,45,6
10536,4,33,28,924,0.848,0.098,0.271,5.69,91,250,16
10537,4,1,99,9999,0.98,0.14,0.778,2.02,398,780,691
10538,2,1,15,15,15.0,0.733,1.0,3.67,11,15,3
10539,5,83,149,2367,1.795,0.388,0.472,28.77,804,838,167
10540,4,16,29,464,1.813,0.144,0.496,2.58,67,230,26
10541,4,8,4,32,0.5,0.438,0.594,7.0,14,19,2
10542,1,8,19,152,2.375,0.309,0.98,1.52,47,149,31
10543,5,68,145,4360,0.863,0.798,0.963,13.06,430,457,488
10544,5,63,66,4158,1.048,0.491,0.591,44.37,41,458,46
10545,3,5,2,10,0.4,0.9,0.9,9.0,9,9,1
10546,1,10,17,170,1.7,0.535,0.853,7.58,91,145,12
10547,2,6,47,282,7.833,0.202,0.202,57.0,57,57,1
10548,5,63,79,4977,1.254,0.338,0.345,186.78,681,718,9
10549,3,94,2,188,0.021,0.516,0.516,97.0,97,97,1
10550,1,5,7,35,1.4,0.314,0.857,1.83,11,30,6
10551,5,65,50,3250,0.769,0.454,0.487,245.83,475,582,6
10552,4,13,8,104,0.615,0.154,0.769,1.07,16,80,15
10553,5,93,104,9672,1.118,0.451,0.611,4.25,366,908,28
10554,3,18,1,18,0.056,1.0,1.0,18.0,18,18,1
10555,5,83,149,2367,1.795,0.388,0.472,28.77,804,838,167
10556,5,29,31,899,1.069,0.463,0.726,6.93,416,653,60
10557,4,25,9,225,0.36,0.187,0.436,2.47,42,98,17
10558,4,38,70,2660,1.842,0.059,0.062,19.63,157,165,8
10559,3,6,21,126,3.5,0.198,0.444,1.67,25,56,15
10560,4,14,17,238,1.214,0.113,0.387,1.8,27,92,15
10561,1,3,3,9,1.0,0.889,0.889,8.0,8,8,1
10562,2,1,30,30,30.0,0.4,1.0,2.4,12,30,5
10563,1,10,189,1890,18.9,0.263,0.515,2.34,498,973,213
10564,1,14,253,3542,18.071,0.372,0.826,4.36,317,924,302
10565,5,74,471,1954,2.707,0.339,0.433,15.84,820,499,756
10566,4,5,12,60,2.4,0.133,0.267,4.0,8,16,2
10567,3,18,1,18,0.056,1.0,1.0,18.0,18,18,1
10568,3,8,1,8,0.125,1.0,1.0,8.0,8,8,1
10569,4,1,99,9999,0.98,0.14,0.778,2.02,398,780,691
10570,1,5,11,55,2.2,0.309,0.836,1.7,17,46,10
10571,1,12,73,876,6.083,0.259,0.743,2.1,227,651,108
10572,1,7,23,161,3.286,0.298,0.876,1.45,48,141,33
10573,2,1,9,9,9.0,0.889,1.0,8.0,8,9,1
10574,3,23,1,23,0.043,1.0,1.0,23.0,23,23,1
10575,1,6,14,84,2.333,0.274,0.893,1.64,23,75,14
10576,3,14,1,14,0.071,1.0,1.0,14.0,14,14,1
10577,5,63,66,4158,1.048,0.491,0.591,44.37,41,458,46
10578,1,10,19,190,1.9,0.621,0.858,8.43,118,163,14
10579,5,78,140,4920,0.787,0.574,0.649,21.52,292,177,664
10580,5,86,469,7234,2.522,0.378,0.529,22.29,17,133,481
10581,1,9,67,603,7.444,0.468,0.823,3.76,282,496,75
10582,1,9,36,324,4.0,0.552,0.926,3.51,179,300,51
10583,2,1,107,107,107.0,0.869,1.0,18.6,93,107,5
10584,5,86,469,7234,2.522,0.378,0.529,22.29,17,133,481
10585,2,2,22,44,11.0,0.477,1.0,21.0,21,44,1
10586,4,31,71,2201,2.29,0.159,0.296,10.29,350,651,34
10587,3,12,1,12,0.083,1.0,1.0,12.0,12,12,1
10588,1,8,69,552,8.625,0.205,0.826,1.38,113,456,82
10589,4,8,16,128,2.0,0.156,0.859,5.0,20,110,4
10590,3,5,2,210,0.019,0.529,0.533,111.0,111,112,1
10591,2,1,8,8,8.0,1.0,1.0,8.0,8,8,1
10592,3,7,1,7,0.143,1.0,1.0,7.0,7,7,1
10593,2,1,79,79,79.0,0.608,1.0,6.86,48,79,7
10594,2,1,124,124,124.0,0.444,1.0,7.86,55,124,7
10595,1,25,410,250,16.4,0.272,0.67,2.29,792,872,218
10596,3,11,2,22,0.182,0.636,0.636,14.0,14,14,1
10597,4,6,6,36,1.0,0.194,0.417,3.5,7,15,2
10598,2,3,544,1632,181.33,0.326,0.406,16.12,532,662,33
10599,3,36,1,136,0.007,0.993,1.0,135.0,135,136,1
10600,4,5,12,60,2.4,0.133,0.267,4.0,8,16,2
10601,3,44,3,132,0.068,0.598,0.841,2.47,79,111,32
10602,2,1,106,106,106.0,0.858,1.0,15.17,91,106,6
10603,3,31,1,31,0.032,1.0,1.0,31.0,31,31,1
10604,4,13,8,104,0.615,0.154,0.769,1.07,16,80,15
10605,3,14,2,28,0.143,0.536,0.536,15.0,15,15,1
10606,3,36,1,136,0.007,0.993,1.0,135.0,135,136,1
10607,5,86,469,7234,2.522,0.378,0.529,22.29,17,133,481
10608,5,29,32,928,1.103,0.476,0.72,7.25,442,668,61
10609,4,6,465,2290,1.52,0.055,0.123,2.69,861,452,925
10610,1,9,83,747,9.222,0.376,0.687,2.49,281,513,113
10611,5,28,347,4416,2.711,0.399,0.567,13.07,721,163,356
10612,4,58,167,6386,1.057,0.16,0.276,8.24,213,279,511
10613,4,32,350,1200,10.938,0.142,0.402,3.96,588,497,401
10614,3,10,1,10,0.1,1.0,1.0,10.0,10,10,1
10615,3,20,1,20,0.05,1.0,1.0,20.0,20,20,1
10616,3,9,1,9,0.111,1.0,1.0,9.0,9,9,1
10617,2,4,194,776,48.5,0.263,0.273,34.0,204,212,6
10618,5,29,32,928,1.103,0.432,0.689,6.27,401,639,64
10619,3,10,1,10,0.1,0.9,1.0,9.0,9,10,1
10620,2,1,54,54,54.0,0.944,1.0,17.0,51,54,3
10621,5,32,547,2204,4.144,0.37,0.483,20.66,693,874,292
10622,5,29,32,928,1.103,0.476,0.72,7.25,442,668,61
10623,4,9,4,36,0.444,0.25,0.75,9.0,9,27,1
10624,3,26,1,26,0.038,1.0,1.0,26.0,26,26,1
10625,2,1,13,13,13.0,0.846,1.0,5.5,11,13,2
10626,3,22,1,22,0.045,1.0,1.0,22.0,22,22,1
10627,1,10,41,410,4.1,0.356,0.956,2.15,146,392,68
10628,4,5,7,35,1.4,0.229,0.6,2.67,8,21,3
10629,5,28,347,4416,2.711,0.399,0.567,13.07,721,163,356
10630,1,10,80,800,8.0,0.553,0.719,5.08,442,575,87
10631,4,81,49,3969,0.605,0.113,0.398,2.26,449,580,199
10632,1,1,7,7,7.0,1.0,1.0,7.0,7,7,1
10633,4,31,71,2201,2.29,0.159,0.296,10.29,350,651,34
10634,4,52,461,3972,8.865,0.192,0.248,11.52,607,938,400
10635,2,2,536,1072,268.0,0.498,0.533,41.08,534,571,13
10636,1,2,47,94,23.5,0.17,0.511,1.14,16,48,14
10637,3,18,1,18,0.056,1.0,1.0,18.0,18,18,1
10638,1,6,17,102,2.833,0.314,0.686,2.29,32,70,14
10639,2,1,17,17,17.0,1.0,1.0,17.0,17,17,1
10640,3,6,21,126,3.5,0.198,0.444,1.67,25,56,15
10641,3,17,1,17,0.059,1.0,1.0,17.0,17,17,1
10642,3,14,1,14,0.071,1.0,1.0,14.0,14,14,1
10643,4,36,48,1728,1.333,0.143,0.437,3.58,247,755,69
10644,1,10,99,990,9.9,0.443,0.912,2.64,439,903,166
10645,2,1,75,75,75.0,0.813,1.0,5.55,61,75,11
10646,2,2,21,42,10.5,0.452,1.0,6.33,19,42,3
10647,2,3,129,387,43.0,0.305,0.377,11.8,118,146,10
10648,5,65,50,3250,0.769,0.454,0.487,245.83,475,582,6
10649,3,37,1,37,0.027,1.0,1.0,37.0,37,37,1
10650,3,9,1,9,0.111,1.0,1.0,9.0,9,9,1
10651,3,7,1,7,0.143,1.0,1.0,7.0,7,7,1
10652,2,3,116,348,38.667,0.356,0.371,62.0,124,129,2
10653,1,14,314,4396,22.429,0.379,0.721,4.66,664,168,357
10654,5,63,161,6243,0.988,0.523,0.897,8.4,725,547,634
10655,2,1,117,117,117.0,0.974,1.0,38.0,114,117,3
10656,3,23,1,23,0.043,1.0,1.0,23.0,23,23,1
10657,3,14,2,28,0.143,0.536,0.536,15.0,15,15,1
10658,5,53,158,4174,1.033,0.587,0.641,46.95,180,491,302
10659,5,53,158,4174,1.033,0.587,0.641,46.95,180,491,302
10660,4,8,1,8,0.125,0.875,1.0,7.0,7,8,1
10661,5,95,93,8835,0.979,0.675,0.902,3.63,966,968,644
10662,2,1,161,161,161.0,0.41,1.0,1.02,66,161,65
10663,1,10,125,1250,12.5,0.456,0.862,2.92,570,78,195
10664,5,93,104,9672,1.118,0.451,0.611,4.25,366,908,28
10665,4,36,48,1728,1.333,0.143,0.437,3.58,247,755,69
10666,4,53,48,2544,0.906,0.181,0.374,4.69,460,951,98
10667,5,78,140,4920,0.787,0.574,0.649,21.52,292,177,664
10668,1,9,20,180,2.222,0.3,0.972,1.74,54,175,31
10669,5,66,472,8352,2.843,0.359,0.547,17.12,93,821,641
10670,2,37,1,37,0.027,1.0,1.0,37.0,37,37,1
10671,4,36,172,6192,4.778,0.128,0.337,4.84,793,86,164
10672,2,1,277,277,277.0,0.993,1.0,137.5,275,277,2
10673,3,6,21,126,3.5,0.198,0.444,1.67,25,56,15
10674,4,60,286,5760,1.788,0.201,0.226,55.42,199,347,166
10675,2,3,113,339,37.667,0.41,0.472,13.9,139,160,10
10676,3,14,2,28,0.143,0.536,0.536,15.0,15,15,1
10677,4,83,326,7058,3.928,0.286,0.671,7.55,741,149,25
10678,2,1,23,23,23.0,0.348,1.0,1.6,8,23,5
10679,3,11,1,11,0.091,1.0,1.0,11.0,11,11,1
10680,3,9,1,9,0.111,1.0,1.0,9.0,9,9,1
10681,1,2,47,94,23.5,0.17,0.511,1.14,16,48,14
10682,4,31,71,2201,2.29,0.159,0.296,10.29,350,651,34
10683,1,4,18,72,4.5,0.181,0.778,6.5,13,56,2
10684,4,5,7,35,1.4,0.229,0.6,2.67,8,21,3
10685,5,87,141,6367,0.754,0.415,0.884,4.69,947,301,333
10686,4,20,39,780,1.95,0.14,0.405,3.21,109,316,34
10687,4,9,4,36,0.444,0.25,0.75,9.0,9,27,1
10688,5,28,31,868,1.107,0.508,0.767,7.47,441,666,59
10689,5,28,31,868,1.107,0.508,0.767,7.47,441,666,59
10690,5,53,158,4174,1.033,0.587,0.641,46.95,180,491,302
10691,2,2,536,1072,268.0,0.505,0.512,180.33,541,549,3
10692,4,11,463,3993,1.489,0.088,0.16,3.93,631,92,212
10693,3,27,4,108,0.148,0.38,0.75,2.56,41,81,16
10694,1,7,19,133,2.714,0.331,0.767,1.42,44,102,31
10695,2,1,44,44,44.0,0.25,1.0,2.2,11,44,5
10696,3,42,7,294,0.167,0.282,0.432,2.18,83,127,38
10697,2,1,29,29,29.0,0.586,1.0,2.13,17,29,8
10698,5,87,137,5619,0.733,0.899,0.991,29.29,25,400,786
10699,4,29,61,1769,2.103,0.121,0.431,1.78,214,762,120
10700,1,27,267,7209,9.889,0.362,0.674,4.36,610,860,599
10701,3,54,1,54,0.019,1.0,1.0,54.0,54,54,1
10702,2,1,45,45,45.0,0.244,1.0,1.38,11,45,8
10703,1,9,172,1548,19.111,0.353,0.799,2.43,546,237,225
10704,1,11,49,539,4.455,0.343,0.666,4.3,185,359,43
10705,4,16,21,336,1.313,0.095,0.515,1.6,32,173,20
10706,5,68,145,4360,0.863,0.798,0.963,13.06,430,457,488
10707,3,37,1,37,0.027,1.0,1.0,37.0,37,37,1
10708,1,8,34,272,4.25,0.357,0.75,1.87,97,204,52
10709,1,7,11,77,1.571,0.364,0.922,2.0,28,71,14
10710,5,87,137,5619,0.733,0.899,0.991,29.29,25,400,786
10711,2,1,13,13,13.0,1.0,1.0,13.0,13,13,1
10712,1,8,107,856,13.375,0.363,0.734,2.24,311,628,139
10713,3,30,5,2150,0.012,0.216,0.221,46.5,465,475,10
10714,1,6,44,264,7.333,0.254,0.689,1.68,67,182,40
10715,1,9,191,1719,21.222,0.328,0.747,2.14,564,284,264
10716,3,32,1,32,0.031,1.0,1.0,32.0,32,32,1
10717,1,8,29,232,3.625,0.401,0.884,2.38,93,205,39
10718,5,28,31,868,1.107,0.508,0.767,7.47,441,666,59
10719,1,6,17,102,2.833,0.382,0.951,1.63,39,97,24
10720,5,74,471,1954,2.707,0.339,0.433,15.84,820,499,756
10721,4,52,48,2496,0.923,0.138,0.248,7.67,345,619,45
10722,2,1,283,283,283.0,0.993,1.0,140.5,281,283,2
10723,1,12,8,96,0.667,0.479,0.5,46.0,46,48,1
10724,3,54,1,54,0.019,1.0,1.0,54.0,54,54,1
10725,2,6,47,282,7.833,0.202,0.202,57.0,57,57,1
10726,3,66,3,198,0.045,0.657,0.909,2.6,130,180,50
10727,3,76,1,76,0.013,1.0,1.0,76.0,76,76,1
10728,5,68,145,4360,0.863,0.798,0.963,13.06,430,457,488
10729,1,9,82,738,9.111,0.374,0.866,2.3,276,639,120
10730,3,26,1,26,0.038,1.0,1.0,26.0,26,26,1
10731,1,7,7,49,1.0,0.306,0.592,2.14,15,29,7
10732,4,37,20,740,0.541,0.131,0.193,4.22,97,143,23
10733,4,43,62,2666,1.442,0.08,0.17,6.63,212,454,32
10734,5,83,149,2367,1.795,0.388,0.472,28.77,804,838,167
10735,2,1,35,35,35.0,0.857,1.0,10.0,30,35,3
10736,2,3,537,1611,179.0,0.345,0.405,22.24,556,652,25
10737,1,8,273,2184,34.125,0.215,0.808,1.27,469,764,369
10738,4,37,20,740,0.541,0.131,0.193,4.22,97,143,23
10739,3,8,1,8,0.125,1.0,1.0,8.0,8,8,1
10740,1,9,86,774,9.556,0.394,0.705,2.85,305,546,107
10741,5,74,471,1954,2.707,0.339,0.433,15.84,820,499,756
10742,3,36,1,136,0.007,0.993,1.0,135.0,135,136,1
10743,5,28,32,896,1.143,0.488,0.743,7.05,437,666,62
10744,1,6,96,576,16.0,0.318,0.575,3.0,183,331,61
10745,2,1,7,7,7.0,1.0,1.0,7.0,7,7,1
10746,2,1,17,17,17.0,0.765,1.0,3.25,13,17,4
10747,5,95,93,8835,0.979,0.675,0.902,3.63,966,968,644
10748,3,17,1,17,0.059,1.0,1.0,17.0,17,17,1
10749,3,5,2,10,0.4,0.7,0.7,7.0,7,7,1
10750,2,1,45,45,45.0,0.756,1.0,5.67,34,45,6
10751,5,28,31,868,1.107,0.508,0.767,7.47,441,666,59
10752,2,1,15,15,15.0,0.733,1.0,3.67,11,15,3
10753,1,5,6,30,1.2,0.4,0.867,2.0,12,26,6
10754,3,44,3,132,0.068,0.598,0.841,2.47,79,111,32
10755,2,5,7,35,1.4,0.2,0.314,7.0,7,11,1
10756,2,1,15,15,15.0,0.533,1.0,2.0,8,15,4
10757,2,1,46,46,46.0,0.239,1.0,1.38,11,46,8
10758,2,2,63,126,31.5,0.341,0.508,10.75,43,64,4
10759,5,68,135,2680,0.804,0.82,0.904,62.81,591,513,296
10760,4,31,105,3255,3.387,0.242,0.456,4.89,787,485,161
10761,4,53,48,2544,0.906,0.181,0.374,4.69,460,951,98
10762,5,78,140,4920,0.787,0.574,0.649,21.52,292,177,664
10763,2,1,29,29,29.0,0.931,1.0,13.5,27,29,2
10764,4,60,286,5760,1.788,0.201,0.226,55.42,199,347,166
10765,1,16,44,704,2.75,0.376,0.744,2.39,265,524,111
10766,4,45,79,3555,1.756,0.087,0.195,4.81,308,693,64
10767,5,53,158,4174,1.033,0.587,0.641,46.95,180,491,302
10768,1,9,35,315,3.889,0.381,0.806,2.14,120,254,56
10769,5,28,347,4416,2.711,0.399,0.567,13.07,721,163,356
10770,5,28,32,896,1.143,0.481,0.742,7.43,431,665,58
10771,5,72,96,6912,1.333,0.488,0.582,15.69,374,25,215
10772,4,49,79,3871,1.612,0.084,0.179,7.36,324,694,44
10773,4,6,9,54,1.5,0.148,0.296,4.0,8,16,2
10774,2,1,127,127,127.0,0.646,1.0,13.67,82,127,6
10775,4,10,12,120,1.2,0.208,0.583,1.67,25,70,15
10776,2,25,169,4225,6.76,0.215,0.947,1.57,907,0,579
10777,5,65,50,3250,0.769,0.454,0.487,245.83,475,582,6
10778,5,29,32,928,1.103,0.476,0.72,7.25,442,668,61
10779,3,14,1,14,0.071,1.0,1.0,14.0,14,14,1
10780,5,63,66,4158,1.048,0.491,0.591,44.37,41,458,46
10781,5,28,32,896,1.143,0.481,0.742,7.43,431,665,58
10782,2,1,63,63,63.0,1.0,1.0,63.0,63,63,1
10783,3,8,1,8,0.125,1.0,1.0,8.0,8,8,1
10784,4,15,14,210,0.933,0.11,0.338,1.92,23,71,12
10785,2,2,98,196,49.0,0.48,0.653,9.4,94,128,10
10786,3,32,1,32,0.031,1.0,1.0,32.0,32,32,1
10787,5,28,32,896,1.143,0.481,0.742,7.43,431,665,58
10788,4,19,47,893,2.474,0.078,0.112,3.89,70,100,18
10789,2,3,550,1650,183.33,0.339,0.401,15.11,559,662,37
10790,5,86,469,7234,2.522,0.378,0.529,22.29,17,133,481
10791,1,7,346,2422,49.429,0.167,0.707,1.19,404,712,339
10792,3,53,1,53,0.019,1.0,1.0,53.0,53,53,1
10793,5,86,469,7234,2.522,0.378,0.529,22.29,17,133,481
10794,3,4,2,8,0.5,0.875,0.875,7.0,7,7,1
10795,5,28,32,896,1.143,0.481,0.742,7.43,431,665,58
10796,1,10,61,610,6.1,0.333,0.954,1.85,203,582,110
10797,1,9,172,1548,19.111,0.171,0.731,1.31,265,131,202
10798,4,18,105,2390,0.89,0.052,0.105,3.33,642,296,193
10799,3,9,1,9,0.111,1.0,1.0,9.0,9,9,1
10800,5,68,145,4360,0.863,0.798,0.963,13.06,430,457,488
10801,3,10,1,10,0.1,1.0,1.0,10.0,10,10,1
10802,2,1,37,37,37.0,0.811,1.0,6.0,30,37,5
10803,5,66,472,8352,2.843,0.359,0.547,17.12,93,821,641
10804,1,11,79,869,7.182,0.342,0.841,2.2,297,731,135
10805,5,29,32,928,1.103,0.476,0.72,7.25,442,668,61
10806,4,11,48,528,4.364,0.237,0.39,7.35,125,206,17
10807,1,5,15,75,3.0,0.4,0.947,1.67,30,71,18
10808,5,87,137,5619,0.733,0.899,0.991,29.29,25,400,786
10809,3,18,1,18,0.056,1.0,1.0,18.0,18,18,1
10810,5,32,547,2204,4.144,0.37,0.483,20.66,693,874,292
10811,2,1,214,214,214.0,1.0,1.0,214.0,214,214,1
10812,1,9,267,2403,29.667,0.131,0.517,1.35,315,242,234
10813,5,29,31,899,1.069,0.463,0.726,6.93,416,653,60
10814,5,64,73,4672,1.141,0.403,0.445,72.38,882,77,26
10815,2,1,65,65,65.0,0.646,1.0,3.0,42,65,14
10816,1,13,57,741,4.385,0.745,1.0,11.5,552,741,48
10817,2,3,304,912,101.33,0.555,0.686,42.17,506,626,12
10818,3,9,1,9,0.111,1.0,1.0,9.0,9,9,1
10819,5,63,66,4158,1.048,0.491,0.591,44.37,41,458,46
10820,2,2,64,128,32.0,0.531,0.586,17.0,68,75,4
10821,4,15,14,210,0.933,0.11,0.338,1.92,23,71,12
10822,2,1,84,84,84.0,0.917,1.0,19.25,77,84,4
10823,2,5,7,35,1.4,0.2,0.314,7.0,7,11,1
10824,4,83,326,7058,3.928,0.286,0.671,7.55,741,149,25
10825,5,66,472,8352,2.843,0.359,0.547,17.12,93,821,641
10826,2,1,36,36,36.0,0.583,1.0,4.2,21,36,5
10827,4,85,69,5865,0.812,0.165,0.441,1.44,969,588,674
10828,2,1,17,17,17.0,0.824,1.0,4.67,14,17,3
10829,1,5,44,220,8.8,0.241,0.791,2.52,53,174,21
10830,5,74,471,1954,2.707,0.339,0.433,15.84,820,499,756
10831,2,3,470,1410,156.67,0.352,0.387,23.62,496,545,21
10832,4,12,464,8368,2.189,0.052,0.07,11.84,66,884,428
10833,3,13,1,13,0.077,1.0,1.0,13.0,13,13,1
10834,4,45,79,3555,1.756,0.087,0.195,4.81,308,693,64
10835,1,8,25,200,3.125,0.515,0.815,2.64,103,163,39
10836,3,93,4,372,0.043,0.419,0.565,2.89,156,210,54
10837,1,9,83,747,9.222,0.376,0.687,2.49,281,513,113
10838,4,30,61,1830,2.033,0.157,0.483,1.88,288,884,153
10839,5,65,50,3250,0.769,0.454,0.487,245.83,475,582,6
10840,5,87,141,6367,0.754,0.415,0.884,4.69,947,301,333
10841,2,11,252,2772,22.909,0.092,0.095,63.75,255,262,4
10842,1,12,271,3252,22.583,0.246,0.615,1.95,799,999,410
10843,3,9,1,9,0.111,1.0,1.0,9.0,9,9,1
10844,4,49,79,3871,1.612,0.084,0.179,7.36,324,694,44
10845,1,17,382,6494,22.471,0.363,0.567,5.46,355,680,431
10846,2,3,538,1614,179.33,0.37,0.424,22.11,597,685,27
10847,5,28,347,4416,2.711,0.399,0.567,13.07,721,163,356
10848,3,27,1,27,0.037,1.0,1.0,27.0,27,27,1
10849,3,8,1,8,0.125,1.0,1.0,8.0,8,8,1
10850,2,2,446,892,223.0,0.439,0.603,17.82,392,538,22
10851,3,22,1,22,0.045,1.0,1.0,22.0,22,22,1
10852,4,36,172,6192,4.778,0.128,0.337,4.84,793,86,164
10853,2,1,54,54,54.0,0.944,1.0,17.0,51,54,3
10854,2,1,8,8,8.0,0.875,1.0,7.0,7,8,1
10855,4,4,8,32,2.0,0.344,0.531,5.5,11,17,2
10856,1,8,45,360,5.625,0.206,0.789,1.8,74,284,41
10857,1,10,268,2680,26.8,0.395,0.59,5.88,58,581,180
10858,5,29,32,928,1.103,0.432,0.689,6.27,401,639,64
10859,1,10,101,1010,10.1,0.45,0.869,2.95,455,878,154
10860,1,7,34,238,4.857,0.273,0.761,1.48,65,181,44
10861,2,1,136,136,136.0,0.963,1.0,32.75,131,136,4
10862,5,87,141,6367,0.754,0.415,0.884,4.69,947,301,333
10863,1,7,17,119,2.429,0.227,0.58,2.7,27,69,10
10864,4,49,79,3871,1.612,0.084,0.179,7.36,324,694,44
10865,1,11,155,1705,14.091,0.257,0.584,2.09,438,995,210
10866,3,13,1,13,0.077,1.0,1.0,13.0,13,13,1
10867,5,72,96,6912,1.333,0.488,0.582,15.69,374,25,215
10868,1,11,9,99,0.818,0.343,0.626,3.4,34,62,10
10869,2,3,113,339,37.667,0.41,0.472,13.9,139,160,10
10870,1,10,4,40,0.4,0.35,0.9,1.75,14,36,8
10871,5,29,32,928,1.103,0.432,0.689,6.27,401,639,64
10872,2,1,45,45,45.0,0.756,1.0,5.67,34,45,6
10873,4,55,48,2640,0.873,0.142,0.364,4.26,375,960,88
10874,3,1,25,25,25.0,1.0,1.0,25.0,25,25,1
10875,3,8,1,8,0.125,0.875,1.0,7.0,7,8,1
10876,3,12,1,12,0.083,1.0,1.0,12.0,12,12,1
10877,1,9,21,189,2.333,0.302,0.614,1.9,57,116,30
10878,5,87,141,6367,0.754,0.415,0.884,4.69,947,301,333
10879,4,31,105,3255,3.387,0.224,0.417,5.35,728,358,136
10880,1,9,17,153,1.889,0.608,0.856,7.15,93,131,13
10881,5,28,347,4416,2.711,0.399,0.567,13.07,721,163,356
10882,4,6,12,72,2.0,0.139,0.514,1.43,10,37,7
10883,2,1,13,13,13.0,0.692,1.0,4.5,9,13,2
10884,4,13,13,169,1.0,0.124,0.45,3.5,21,76,6
10885,2,1,17,17,17.0,0.412,1.0,1.75,7,17,4
10886,4,54,357,9278,6.611,0.299,0.655,6.4,766,626,901
10887,3,27,4,108,0.148,0.38,0.75,2.56,41,81,16
10888,4,83,326,7058,3.928,0.286,0.671,7.55,741,149,25
10889,3,47,1,47,0.021,1.0,1.0,47.0,47,47,1
10890,4,1,99,9999,0.98,0.14,0.778,2.02,398,780,691
10891,5,87,141,6367,0.754,0.415,0.884,4.69,947,301,333
10892,2,1,138,138,138.0,1.0,1.0,138.0,138,138,1
10893,3,5,2,10,0.4,0.9,0.9,9.0,9,9,1
10894,3,5,2,10,0.4,0.8,0.8,8.0,8,8,1
10895,4,8,4,32,0.5,0.438,0.594,7.0,14,19,2
10896,4,18,105,2390,0.89,0.052,0.105,3.33,642,296,193
10897,2,2,14,28,7.0,0.286,0.821,8.0,8,23,1
10898,3,23,1,23,0.043,1.0,1.0,23.0,23,23,1
10899,2,1,69,69,69.0,0.841,1.0,8.29,58,69,7
10900,2,1,43,43,43.0,0.907,1.0,9.75,39,43,4
10901,1,7,31,217,4.429,0.313,0.853,1.58,68,185,43
10902,3,69,3,207,0.043,0.643,0.952,2.08,133,197,64
10903,1,7,36,252,5.143,0.456,0.98,2.05,115,247,56
10904,4,10,7,70,0.7,0.157,0.6,1.57,11,42,7
10905,2,1,104,104,104.0,0.971,1.0,50.5,101,104,2
10906,4,21,68,1428,3.238,0.052,0.109,5.69,74,156,13
10907,2,2,325,650,162.5,0.485,0.537,28.64,315,349,11
10908,1,10,63,630,6.3,0.233,0.705,1.69,147,444,87
10909,3,9,1,9,0.111,1.0,1.0,9.0,9,9,1
10910,1,8,109,872,13.625,0.109,0.508,1.25,95,443,76
10911,4,86,67,5762,0.779,0.164,0.935,2.37,947,386,399
10912,5,72,96,6912,1.333,0.488,0.582,15.69,374,25,215
10913,5,29,31,899,1.069,0.463,0.726,6.93,416,653,60
10914,3,10,1,10,0.1,1.0,1.0,10.0,10,10,1
10915,1,9,47,423,5.222,0.333,0.757,2.39,141,320,59
10916,4,8,16,128,2.0,0.156,0.859,5.0,20,110,4
10917,2,2,63,126,31.5,0.341,0.508,10.75,43,64,4
10918,5,28,347,4416,2.711,0.399,0.567,13.07,721,163,356
10919,2,1,36,36,36.0,0.722,1.0,8.67,26,36,3
10920,1,8,150,1200,18.75,0.205,0.628,1.32,246,753,187
10921,3,27,4,108,0.148,0.38,0.75,2.56,41,81,16
10922,2,2,101,202,50.5,0.54,0.743,10.9,109,150,10
10923,1,8,80,640,10.0,0.184,0.544,1.4,118,348,84
10924,1,11,24,264,2.182,0.53,0.727,10.0,140,192,14
10925,3,32,1,32,0.031,1.0,1.0,32.0,32,32,1
10926,4,8,9,72,1.125,0.125,0.319,4.5,9,23,2
10927,3,32,1,32,0.031,1.0,1.0,32.0,32,32,1
10928,3,5,2,10,0.4,0.9,0.9,9.0,9,9,1
10929,3,17,1,17,0.059,1.0,1.0,17.0,17,17,1
10930,5,29,31,899,1.069,0.463,0.726,6.93,416,653,60
10931,5,72,96,6912,1.333,0.488,0.582,15.69,374,25,215
10932,2,1,9,9,9.0,0.889,1.0,8.0,8,9,1
10933,3,9,1,9,0.111,1.0,1.0,9.0,9,9,1
10934,5,28,347,4416,2.711,0.399,0.567,13.07,721,163,356
10935,1,9,13,117,1.444,0.564,0.863,3.88,66,101,17
10936,4,4,8,32,2.0,0.344,0.531,5.5,11,17,2
10937,3,54,1,54,0.019,1.0,1.0,54.0,54,54,1
10938,5,28,347,4416,2.711,0.399,0.567,13.07,721,163,356
10939,1,7,19,133,2.714,0.406,0.94,1.74,54,125,31
10940,1,5,7,35,1.4,0.657,0.886,3.83,23,31,6
10941,2,1,184,184,184.0,0.967,1.0,44.5,178,184,4
10942,2,1,22,22,22.0,0.5,1.0,1.83,11,22,6
10943,5,72,96,6912,1.333,0.488,0.582,15.69,374,25,215
10944,3,17,1,17,0.059,1.0,1.0,17.0,17,17,1
10945,2,1,70,70,70.0,0.943,1.0,22.0,66,70,3
10946,3,27,4,108,0.148,0.333,0.667,2.57,36,72,14
10947,5,65,50,3250,0.769,0.454,0.487,245.83,475,582,6
10948,1,8,25,200,3.125,0.37,0.73,2.06,74,146,36
10949,3,5,2,10,0.4,0.7,0.7,7.0,7,7,1
10950,3,10,1,10,0.1,1.0,1.0,10.0,10,10,1
10951,3,14,1,14,0.071,1.0,1.0,14.0,14,14,1
10952,4,6,465,2290,1.52,0.055,0.123,2.69,861,452,925
10953,1,8,7,56,0.875,0.482,0.946,2.45,27,53,11
10954,2,1,58,58,58.0,0.845,1.0,9.8,49,58,5
10955,5,72,96,6912,1.333,0.488,0.582,15.69,374,25,215
10956,2,2,50,100,25.0,0.46,0.51,15.33,46,51,3
10957,3,42,1,42,0.024,1.0,1.0,42.0,42,42,1
10958,4,4,11,44,2.75,0.159,0.932,1.75,7,41,4
10959,4,6,13,78,2.167,0.103,0.449,4.0,8,35,2
10960,2,1,36,36,36.0,0.583,1.0,5.25,21,36,4
10961,4,11,48,528,4.364,0.237,0.39,7.35,125,206,17
10962,5,72,96,6912,1.333,0.488,0.582,15.69,374,25,215
10963,1,7,171,1197,24.429,0.16,0.605,1.25,192,724,154
10964,4,18,105,2390,0.89,0.052,0.105,3.33,642,296,193
10965,5,28,31,868,1.107,0.492,0.745,7.49,427,647,57
10966,1,11,7,77,0.636,0.597,1.0,5.75,46,77,8
10967,2,1,29,29,29.0,0.586,1.0,2.13,17,29,8
10968,5,68,145,4360,0.863,0.798,0.963,13.06,430,457,488
10969,2,2,25,50,12.5,0.36,1.0,4.5,18,50,4
10970,4,37,72,2664,1.946,0.12,0.257,7.64,321,685,42
10971,4,4,463,752,1.523,0.063,0.121,3.91,898,81,273
10972,1,5,7,35,1.4,0.429,0.857,5.0,15,30,3
10973,4,36,43,1548,1.194,0.117,0.183,3.07,181,283,59
10974,1,8,24,192,3.0,0.406,0.818,2.23,78,157,35
10975,3,6,21,126,3.5,0.198,0.444,1.67,25,56,15
10976,5,29,31,899,1.069,0.463,0.726,6.93,416,653,60
10977,4,6,13,78,2.167,0.103,0.449,4.0,8,35,2
10978,5,29,32,928,1.103,0.476,0.72,7.25,442,668,61
10979,5,86,469,7234,2.522,0.378,0.529,22.29,17,133,481
10980,4,4,7,28,1.75,0.286,1.0,2.0,8,28,4
10981,5,63,79,4977,1.254,0.338,0.345,186.78,681,718,9
10982,3,31,1,31,0.032,1.0,1.0,31.0,31,31,1
10983,5,29,32,928,1.103,0.432,0.689,6.27,401,639,64
10984,3,9,2,18,0.222,0.611,0.722,11.0,11,13,1
10985,2,1,148,148,148.0,0.959,1.0,47.33,142,148,3
10986,1,10,79,790,7.9,0.347,0.784,2.25,274,619,122
10987,1,9,42,378,4.667,0.312,0.889,1.97,118,336,60
10988,2,1,46,46,46.0,0.239,1.0,1.38,11,46,8
10989,4,17,60,1020,3.529,0.139,0.371,7.1,142,378,20
10990,5,63,161,6243,0.988,0.523,0.897,8.4,725,547,634
10991,1,13,267,3471,20.538,0.401,0.662,4.87,392,299,286
10992,4,25,9,225,0.36,0.187,0.436,2.47,42,98,17
10993,4,52,461,3972,8.865,0.192,0.248,11.52,607,938,400
10994,2,1,255,255,255.0,0.686,1.0,4.86,175,255,36
10995,5,74,471,1954,2.707,0.339,0.433,15.84,820,499,756
10996,3,17,2,34,0.118,0.706,0.706,24.0,24,24,1
10997,1,11,92,1012,8.364,0.361,0.851,2.3,365,861,159
10998,4,7,24,168,3.429,0.101,0.298,1.89,17,50,9
10999,5,64,73,4672,1.141,0.403,0.445,72.38,882,77,26
11000,3,20,1,20,0.05,1.0,1.0,20.0,20,20,1
11001,2,1,9,9,9.0,0.889,1.0,8.0,8,9,1
11002,1,11,272,2992,24.727,0.275,0.743,2.1,824,222,392
11003,2,3,550,1650,183.33,0.339,0.401,15.11,559,662,37
11004,2,2,537,1074,268.5,0.51,0.534,49.82,548,574,11
11005,1,10,55,550,5.5,0.295,0.756,1.98,162,416,82
11006,4,25,9,225,0.36,0.187,0.436,2.47,42,98,17
11007,2,1,52,52,52.0,0.962,1.0,25.0,50,52,2
11008,3,44,3,132,0.068,0.598,0.841,2.47,79,111,32
11009,1,6,10,60,1.667,0.45,0.85,1.93,27,51,14
11010,5,28,31,868,1.107,0.492,0.745,7.49,427,647,57
11011,2,1,29,29,29.0,0.586,1.0,2.13,17,29,8
11012,2,1,44,44,44.0,0.727,1.0,5.33,32,44,6
11013,5,29,32,928,1.103,0.432,0.689,6.27,401,639,64
11014,5,87,141,6367,0.754,0.415,0.884,4.69,947,301,333
11015,3,14,1,14,0.071,1.0,1.0,14.0,14,14,1
11016,4,36,172,6192,4.778,0.128,0.337,4.84,793,86,164
11017,2,1,8,8,8.0,1.0,1.0,8.0,8,8,1
11018,1,7,111,777,15.857,0.254,0.883,1.5,197,686,131
11019,2,1,186,186,186.0,0.828,1.0,9.06,154,186,17
11020,5,63,161,6243,0.988,0.523,0.897,8.4,725,547,634
11021,2,2,535,1070,267.5,0.564,0.614,40.2,603,657,15
11022,2,1,30,30,30.0,0.4,1.0,2.4,12,30,5
11023,3,22,1,22,0.045,1.0,1.0,22.0,22,22,1
11024,3,13,1,13,0.077,1.0,1.0,13.0,13,13,1
11025,1,14,433,6062,30.929,0.355,0.572,4.44,152,467,485
11026,4,37,20,740,0.541,0.131,0.193,4.22,97,143,23
11027,2,3,500,1500,166.67,0.373,0.421,19.28,559,632,29
11028,4,31,105,3255,3.387,0.242,0.456,4.89,787,485,161
11029,2,1,28,28,28.0,0.964,1.0,27.0,27,28,1
11030,4,34,25,850,0.735,0.256,0.534,2.06,218,454,106
11031,1,9,64,576,7.111,0.345,0.694,2.29,199,400,87
11032,5,65,50,3250,0.769,0.454,0.487,245.83,475,582,6
11033,3,5,2,210,0.019,0.529,0.533,111.0,111,112,1
11034,1,9,13,117,1.444,0.53,0.88,3.26,62,103,19
11035,1,7,13,91,1.857,0.363,0.934,2.2,33,85,15
11036,4,6,5,30,0.833,0.233,0.633,1.75,7,19,4
11037,1,23,249,5727,10.826,0.77,0.958,16.33,409,488,270
11038,1,19,28,532,1.474,0.588,0.912,13.04,313,485,24
11039,1,7,10,70,1.429,0.3,0.743,3.5,21,52,6
11040,1,23,26,598,1.13,0.278,0.96,1.8,166,574,92
11041,4,53,442,7626,2.889,0.114,0.215,6.27,689,538,227
11042,5,78,140,4920,0.787,0.574,0.649,21.52,292,177,664
11043,4,7,13,91,1.857,0.154,0.484,2.0,14,44,7
11044,5,87,137,5619,0.733,0.899,0.991,29.29,25,400,786
11045,4,7,13,91,1.857,0.154,0.484,2.0,14,44,7
11046,3,38,1,38,0.026,1.0,1.0,38.0,38,38,1
11047,3,98,3,294,0.031,0.48,0.486,141.0,141,143,1
11048,5,28,32,896,1.143,0.481,0.742,7.43,431,665,58
11049,2,1,22,22,22.0,0.955,1.0,21.0,21,22,1
11050,1,8,6,48,0.75,0.375,0.896,1.8,18,43,10
11051,1,25,491,2275,19.64,0.454,0.937,7.21,572,502,773
11052,2,1,13,13,13.0,0.692,1.0,4.5,9,13,2
11053,3,58,3,174,0.052,0.339,0.345,59.0,59,60,1
11054,2,1,17,17,17.0,1.0,1.0,17.0,17,17,1
11055,1,2,52,104,26.0,0.144,0.702,2.5,15,73,6
11056,2,2,537,1074,268.5,0.52,0.621,26.57,558,667,21
11057,4,34,25,850,0.735,0.256,0.534,2.06,218,454,106
11058,3,17,1,17,0.059,1.0,1.0,17.0,17,17,1
11059,5,29,32,928,1.103,0.432,0.689,6.27,401,639,64
11060,4,29,48,1392,1.655,0.116,0.268,5.06,162,373,32
11061,5,32,547,2204,4.144,0.37,0.483,20.66,693,874,292
11062,5,28,347,4416,2.711,0.399,0.567,13.07,721,163,356
11063,2,2,98,196,49.0,0.48,0.653,9.4,94,128,10
11064,2,2,64,128,32.0,0.531,0.586,17.0,68,75,4
11065,3,47,1,47,0.021,1.0,1.0,47.0,47,47,1
11066,2,21,2,42,0.095,0.738,0.738,31.0,31,31,1
11067,1,8,21,168,2.625,0.339,0.673,1.97,57,113,29
11068,4,6,9,54,1.5,0.148,0.296,4.0,8,16,2
11069,1,10,34,340,3.4,0.356,0.803,1.83,121,273,66
11070,4,7,13,91,1.857,0.154,0.484,2.0,14,44,7
11071,5,29,32,928,1.103,0.432,0.689,6.27,401,639,64
11072,1,7,91,637,13.0,0.163,0.535,1.46,104,341,71
11073,4,16,21,336,1.313,0.095,0.515,1.6,32,173,20
11074,3,42,7,294,0.167,0.282,0.432,2.18,83,127,38
11075,5,87,137,5619,0.733,0.899,0.991,29.29,25,400,786
11076,3,4,11,8844,0.014,0.191,0.233,15.64,689,58,108
11077,5,28,32,896,1.143,0.488,0.743,7.05,437,666,62
11078,4,60,286,5760,1.788,0.201,0.226,55.42,199,347,166
11079,2,2,536,1072,268.0,0.586,0.686,21.66,628,735,29
11080,5,64,73,4672,1.141,0.403,0.445,72.38,882,77,26
11081,4,17,9,153,0.529,0.209,0.497,1.88,32,76,17
11082,4,5,4,20,0.8,0.45,0.65,4.5,9,13,2
11083,4,37,20,740,0.541,0.131,0.193,4.22,97,143,23
11084,1,7,14,98,2.0,0.347,0.949,1.79,34,93,19
11085,2,1,36,36,36.0,0.583,1.0,5.25,21,36,4
11086,2,1,54,54,54.0,0.944,1.0,17.0,51,54,3
11087,5,32,547,2204,4.144,0.37,0.483,20.66,693,874,292
11088,4,17,9,153,0.529,0.209,0.497,1.88,32,76,17
11089,2,1,19,19,19.0,0.789,1.0,3.75,15,19,4
11090,2,1,27,27,27.0,0.259,1.0,1.4,7,27,5
11091,5,95,93,8835,0.979,0.675,0.902,3.63,966,968,644
11092,3,13,1,13,0.077,1.0,1.0,13.0,13,13,1
11093,4,6,13,78,2.167,0.103,0.449,4.0,8,35,2
11094,5,28,32,896,1.143,0.462,0.722,7.02,414,647,59
11095,3,7,1,7,0.143,1.0,1.0,7.0,7,7,1
11096,2,1,69,69,69.0,0.841,1.0,8.29,58,69,7
11097,1,9,144,1296,16.0,0.123,0.612,1.33,160,793,120
11098,3,5,2,10,0.4,0.8,0.8,8.0,8,8,1
11099,5,74,471,1954,2.707,0.339,0.433,15.84,820,499,756
11100,2,1,17,17,17.0,0.412,1.0,1.75,7,17,4
11101,5,28,32,896,1.143,0.488,0.743,7.05,437,666,62
11102,4,31,105,3255,3.387,0.224,0.417,5.35,728,358,136
11103,1,6,17,102,2.833,0.275,0.824,2.0,28,84,14
11104,3,10,1,10,0.1,1.0,1.0,10.0,10,10,1
11105,3,14,1,14,0.071,1.0,1.0,14.0,14,14,1
11106,3,9,1,9,0.111,1.0,1.0,9.0,9,9,1
11107,5,86,469,7234,2.522,0.378,0.529,22.29,17,133,481
11108,2,5,333,1665,66.6,0.374,0.413,36.65,623,688,17
11109,5,28,32,896,1.143,0.488,0.743,7.05,437,666,62
11110,4,4,11,44,2.75,0.159,0.932,1.75,7,41,4
11111,3,69,3,207,0.043,0.643,0.952,2.08,133,197,64
11112,5,63,66,4158,1.048,0.491,0.591,44.37,41,458,46
11113,5,65,50,3250,0.769,0.454,0.487,245.83,475,582,6
11114,1,8,62,496,7.75,0.214,0.645,1.43,106,320,74
11115,5,74,471,1954,2.707,0.339,0.433,15.84,820,499,756
11116,4,31,71,2201,2.29,0.159,0.296,10.29,350,651,34
11117,4,53,48,2544,0.906,0.157,0.269,7.84,400,685,51
11118,1,6,13,78,2.167,0.538,0.923,2.63,42,72,16
11119,2,2,99,198,49.5,0.253,0.616,4.55,50,122,11
11120,2,1,12,12,12.0,0.667,1.0,4.0,8,12,2
11121,2,1,14,14,14.0,0.643,1.0,4.5,9,14,2
11122,4,12,464,8368,2.189,0.052,0.07,11.84,66,884,428
11123,2,2,14,28,7.0,0.464,0.536,13.0,13,15,1
11124,5,87,141,6367,0.754,0.415,0.884,4.69,947,301,333
11125,2,7,14,98,2.0,0.102,0.204,10.0,10,20,1
11126,2,2,537,1074,268.5,0.538,0.555,82.57,578,596,7
11127,1,10,38,380,3.8,0.187,0.463,1.37,71,176,52
11128,2,1,17,17,17.0,0.941,1.0,16.0,16,17,1
11129,2,3,536,1608,178.67,0.341,0.353,61.0,549,567,9
11130,1,10,121,1210,12.1,0.268,0.664,2.47,324,804,131
11131,3,8,1,8,0.125,1.0,1.0,8.0,8,8,1
11132,1,11,31,341,2.818,0.323,0.83,2.08,110,283,53
11133,2,1,10,10,10.0,1.0,1.0,10.0,10,10,1
11134,4,34,25,850,0.735,0.256,0.534,2.06,218,454,106
11135,2,1,9,9,9.0,1.0,1.0,9.0,9,9,1
11136,4,6,465,2290,1.52,0.055,0.123,2.69,861,452,925
11137,2,2,100,200,50.0,0.46,0.505,11.5,92,101,8
11138,3,9,1,9,0.111,1.0,1.0,9.0,9,9,1
11139,3,9,1,9,0.111,1.0,1.0,9.0,9,9,1
11140,1,8,120,960,15.0,0.25,0.748,1.66,240,718,145
11141,5,78,140,4920,0.787,0.574,0.649,21.52,292,177,664
11142,4,81,49,3969,0.605,0.113,0.398,2.26,449,580,199
11143,3,25,1,25,0.04,1.0,1.0,25.0,25,25,1
11144,1,9,66,594,7.333,0.241,0.707,1.42,143,420,101
11145,1,10,83,830,8.3,0.295,0.725,2.02,245,602,121
11146,3,18,1,18,0.056,1.0,1.0,18.0,18,18,1
11147,5,28,32,896,1.143,0.481,0.742,7.43,431,665,58
11148,3,7,1,7,0.143,1.0,1.0,7.0,7,7,1
11149,2,5,128,640,25.6,0.759,0.764,162.0,486,489,3
11150,5,63,79,4977,1.254,0.338,0.345,186.78,681,718,9
11151,1,8,24,192,3.0,0.323,0.688,2.21,62,132,28
11152,1,12,72,864,6.0,0.623,0.86,6.73,538,743,80
11153,2,1,14,14,14.0,0.857,1.0,12.0,12,14,1
11154,2,2,9,18,4.5,0.556,0.556,10.0,10,10,1
11155,4,0,49,4900,0.49,0.093,0.4,1.77,458,958,259
11156,1,3,4,12,1.333,0.667,0.667,8.0,8,8,1
11157,2,1,14,14,14.0,0.643,1.0,4.5,9,14,2
11158,1,9,25,225,2.778,0.378,0.938,2.13,85,211,40
11159,2,3,550,1650,183.33,0.329,0.375,27.15,543,619,20
11160,3,11,1,11,0.091,1.0,1.0,11.0,11,11,1
11161,4,4,463,752,1.523,0.063,0.121,3.91,898,81,273
11162,1,8,82,656,10.25,0.418,0.753,2.51,274,494,109
11163,2,1,199,199,199.0,0.945,1.0,37.6,188,199,5
11164,3,1,25,25,25.0,1.0,1.0,25.0,25,25,1
11165,4,4,463,752,1.523,0.063,0.121,3.91,898,81,273
11166,1,9,35,315,3.889,0.273,0.654,1.65,86,206,52
11167,2,2,199,398,99.5,0.485,0.508,32.17,193,202,6
11168,1,7,207,1449,29.571,0.249,0.771,1.29,361,117,279
11169,4,4,5,20,1.25,0.35,0.8,2.33,7,16,3
11170,5,68,135,2680,0.804,0.82,0.904,62.81,591,513,296
11171,2,5,7,35,1.4,0.2,0.314,7.0,7,11,1
11172,3,13,1,13,0.077,1.0,1.0,13.0,13,13,1
11173,4,45,79,3555,1.756,0.087,0.195,4.81,308,693,64
11174,4,9,6,54,0.667,0.407,0.519,5.5,22,28,4
11175,2,1,22,22,22.0,0.818,1.0,4.5,18,22,4
11176,3,10,1,10,0.1,1.0,1.0,10.0,10,10,1
11177,2,4,19,76,4.75,0.276,0.382,5.25,21,29,4
11178,5,63,161,6243,0.988,0.523,0.897,8.4,725,547,634
11179,2,4,9,36,2.25,0.611,0.611,22.0,22,22,1
11180,2,1,46,46,46.0,0.239,1.0,1.38,11,46,8
11181,1,7,45,315,6.429,0.254,0.708,1.29,80,223,62
11182,4,7,24,168,3.429,0.101,0.298,1.89,17,50,9
11183,3,13,1,13,0.077,1.0,1.0,13.0,13,13,1
11184,4,13,8,104,0.615,0.154,0.769,1.07,16,80,15
11185,3,5,2,210,0.019,0.529,0.533,111.0,111,112,1
11186,2,1,8,8,8.0,1.0,1.0,8.0,8,8,1
11187,5,53,158,4174,1.033,0.587,0.641,46.95,180,491,302
11188,5,86,469,7234,2.522,0.378,0.529,22.29,17,133,481
11189,2,1,17,17,17.0,0.941,1.0,16.0,16,17,1
11190,4,4,463,752,1.523,0.063,0.121,3.91,898,81,273
11191,2,1,15,15,15.0,0.533,1.0,2.0,8,15,4
11192,5,64,73,4672,1.141,0.403,0.445,72.38,882,77,26
11193,4,7,15,105,2.143,0.114,0.295,2.4,12,31,5
11194,3,18,1,18,0.056,1.0,1.0,18.0,18,18,1
11195,5,87,137,5619,0.733,0.899,0.991,29.29,25,400,786
11196,3,18,1,18,0.056,1.0,1.0,18.0,18,18,1
11197,4,12,464,8368,2.189,0.052,0.07,11.84,66,884,428
11198,4,16,21,336,1.313,0.095,0.515,1.6,32,173,20
11199,3,7,1,7,0.143,1.0,1.0,7.0,7,7,1
11200,4,34,25,850,0.735,0.256,0.534,2.06,218,454,106
11201,2,1,17,17,17.0,0.941,1.0,16.0,16,17,1
11202,4,5,12,60,2.4,0.133,0.267,4.0,8,16,2
11203,5,78,140,4920,0.787,0.574,0.649,21.52,292,177,664
11204,5,53,158,4174,1.033,0.587,0.641,46.95,180,491,302
11205,4,1,99,9999,0.98,0.14,0.778,2.02,398,780,691
11206,1,1,118,118,118.0,0.186,1.0,1.05,22,118,21
11207,3,10,1,10,0.1,1.0,1.0,10.0,10,10,1
11208,4,6,5,30,0.833,0.367,1.0,2.2,11,30,5
11209,2,2,62,124,31.0,0.452,0.565,11.2,56,70,5
11210,1,10,16,160,1.6,0.444,1.0,2.22,71,160,32
11211,3,14,2,28,0.143,0.536,0.536,15.0,15,15,1
11212,1,7,18,126,2.571,0.167,0.437,2.63,21,55,8
11213,4,31,71,2201,2.29,0.159,0.296,10.29,350,651,34
11214,1,11,65,715,5.909,0.178,0.662,1.65,127,473,77
11215,2,1,42,42,42.0,0.31,1.0,2.6,13,42,5
11216,4,8,16,128,2.0,0.156,0.859,5.0,20,110,4
11217,1,5,94,470,18.8,0.313,0.751,1.91,147,353,77
11218,2,1,10,10,10.0,0.8,1.0,4.0,8,10,2
11219,4,8,4,32,0.5,0.438,0.594,7.0,14,19,2
11220,2,1,11,11,11.0,0.727,1.0,4.0,8,11,2
11221,1,9,22,198,2.444,0.192,0.697,1.31,38,138,29
11222,1,13,441,5733,33.923,0.374,0.625,4.63,144,582,463
11223,1,14,18,252,1.286,0.159,0.607,3.33,40,153,12
11224,3,14,1,14,0.071,1.0,1.0,14.0,14,14,1
11225,5,29,32,928,1.103,0.476,0.72,7.25,442,668,61
11226,4,14,19,266,1.357,0.113,0.504,30.0,30,134,1
11227,4,16,4,64,0.25,0.156,0.531,5.0,10,34,2
11228,2,1,18,18,18.0,0.944,1.0,17.0,17,18,1
11229,1,12,404,4848,33.667,0.334,0.674,2.82,617,267,573
11230,4,8,4,32,0.5,0.438,0.594,7.0,14,19,2
11231,5,28,347,4416,2.711,0.399,0.567,13.07,721,163,356
11232,1,8,8,64,1.0,0.359,0.969,1.53,23,62,15
11233,4,34,27,918,0.794,0.219,0.554,3.09,201,509,65
11234,5,66,472,8352,2.843,0.359,0.547,17.12,93,821,641
11235,2,1,9,9,9.0,0.778,1.0,7.0,7,9,1
11236,5,68,135,2680,0.804,0.82,0.904,62.81,591,513,296
11237,5,28,347,4416,2.711,0.399,0.567,13.07,721,163,356
11238,5,68,145,4360,0.863,0.798,0.963,13.06,430,457,488
11239,5,95,93,8835,0.979,0.675,0.902,3.63,966,968,644
11240,1,10,107,1070,10.7,0.273,0.738,1.81,292,790,161
11241,2,3,259,777,86.333,0.96,0.978,67.82,746,760,11
11242,4,47,286,3442,6.085,0.183,0.317,4.67,459,258,526
11243,1,6,20,120,3.333,0.367,0.967,1.38,44,116,32
11244,2,1,187,187,187.0,0.963,1.0,25.71,180,187,7
11245,3,54,1,54,0.019,1.0,1.0,54.0,54,54,1
11246,2,1,9,9,9.0,0.778,1.0,7.0,7,9,1
11247,4,83,315,6145,3.795,0.295,0.594,9.21,725,523,839
11248,2,3,132,396,44.0,0.505,0.558,20.0,200,221,10
11249,4,7,15,105,2.143,0.114,0.295,2.4,12,31,5
11250,3,25,1,25,0.04,1.0,1.0,25.0,25,25,1
11251,4,5,3,15,0.6,0.467,0.6,3.5,7,9,2
11252,4,8,5,40,0.625,0.275,0.45,3.67,11,18,3
11253,1,5,75,375,15.0,0.269,0.979,1.22,101,367,83
11254,4,1,99,9999,0.98,0.14,0.778,2.02,398,780,691
11255,2,2,536,1072,268.0,0.505,0.512,180.33,541,549,3
11256,4,33,28,924,0.848,0.098,0.271,5.69,91,250,16
11257,3,6,21,126,3.5,0.198,0.444,1.67,25,56,15
11258,1,7,19,133,2.714,0.331,0.729,1.69,44,97,26
11259,5,68,135,2680,0.804,0.82,0.904,62.81,591,513,296
11260,4,25,9,225,0.36,0.187,0.436,2.47,42,98,17
11261,1,7,22,154,3.143,0.156,0.519,1.6,24,80,15
11262,3,6,21,126,3.5,0.198,0.444,1.67,25,56,15
11263,4,81,49,3969,0.605,0.113,0.398,2.26,449,580,199
11264,2,1,14,14,14.0,0.929,1.0,13.0,13,14,1
11265,1,9,92,828,10.222,0.292,0.843,2.05,242,698,118
11266,5,28,31,868,1.107,0.508,0.767,7.47,441,666,59
11267,2,4,194,776,48.5,0.263,0.273,34.0,204,212,6
11268,2,3,54,162,18.0,0.364,0.519,8.43,59,84,7
11269,5,72,96,6912,1.333,0.488,0.582,15.69,374,25,215
11270,5,28,32,896,1.143,0.481,0.742,7.43,431,665,58
11271,1,10,327,3270,32.7,0.379,0.767,2.75,239,508,450
11272,5,72,96,6912,1.333,0.488,0.582,15.69,374,25,215
11273,1,17,403,6851,23.706,0.349,0.521,5.43,388,568,440
11274,4,68,34,2312,0.5,0.224,0.526,2.44,519,215,213
11275,3,5,2,10,0.4,0.9,0.9,9.0,9,9,1
11276,2,2,538,1076,269.0,0.519,0.684,34.88,558,736,16
11277,1,13,242,3146,18.615,0.231,0.614,2.33,726,932,312
11278,5,29,32,928,1.103,0.476,0.72,7.25,442,668,61
11279,3,7,1,7,0.143,1.0,1.0,7.0,7,7,1
11280,2,1,22,22,22.0,0.955,1.0,21.0,21,22,1
11281,1,6,6,36,1.0,0.528,0.917,3.17,19,33,6
11282,5,83,149,2367,1.795,0.388,0.472,28.77,804,838,167
11283,2,2,69,138,34.5,0.623,0.906,10.75,86,125,8
11284,1,10,57,570,5.7,0.326,0.695,1.98,186,396,94
11285,3,7,1,7,0.143,1.0,1.0,7.0,7,7,1
11286,2,1,184,184,184.0,0.967,1.0,44.5,178,184,4
11287,1,7,108,756,15.429,0.362,0.807,2.11,274,610,130
11288,4,85,69,5865,0.812,0.165,0.441,1.44,969,588,674
11289,3,53,1,53,0.019,1.0,1.0,53.0,53,53,1
11290,4,6,9,54,1.5,0.148,0.296,4.0,8,16,2
11291,3,37,1,37,0.027,1.0,1.0,37.0,37,37,1
11292,4,32,350,1200,10.938,0.142,0.402,3.96,588,497,401
11293,2,1,8,8,8.0,1.0,1.0,8.0,8,8,1
11294,5,78,140,4920,0.787,0.574,0.649,21.52,292,177,664
11295,1,7,59,413,8.429,0.228,0.659,1.24,94,272,76
11296,2,4,108,432,27.0,0.778,0.826,56.0,336,357,6
11297,5,29,32,928,1.103,0.476,0.72,7.25,442,668,61
11298,5,93,104,9672,1.118,0.451,0.611,4.25,366,908,28
11299,4,30,61,1830,2.033,0.157,0.483,1.88,288,884,153
11300,3,22,1,22,0.045,1.0,1.0,22.0,22,22,1
11301,3,17,1,117,0.009,1.0,1.0,117.0,117,117,1
11302,3,4,2,8,0.5,1.0,1.0,8.0,8,8,1
11303,2,1,34,34,34.0,0.353,1.0,1.71,12,34,7
11304,1,9,39,351,4.333,0.308,0.709,1.69,108,249,64
11305,5,63,161,6243,0.988,0.523,0.897,8.4,725,547,634
11306,4,7,15,105,2.143,0.114,0.295,2.4,12,31,5
11307,1,9,47,423,5.222,0.274,0.747,2.42,116,316,48
11308,1,8,10,80,1.25,0.388,0.913,2.21,31,73,14
11309,5,29,32,928,1.103,0.476,0.72,7.25,442,668,61
11310,5,29,32,928,1.103,0.476,0.72,7.25,442,668,61
11311,2,1,19,19,19.0,0.684,1.0,4.33,13,19,3
11312,1,7,34,238,4.857,0.252,1.0,1.43,60,238,42
11313,5,28,32,896,1.143,0.481,0.742,7.43,431,665,58
11314,2,11,427,4697,38.818,0.566,0.57,189.79,657,676,14
11315,4,47,286,3442,6.085,0.183,0.317,4.67,459,258,526
11316,2,1,17,17,17.0,1.0,1.0,17.0,17,17,1
11317,3,12,1,12,0.083,1.0,1.0,12.0,12,12,1
11318,3,11,1,11,0.091,1.0,1.0,11.0,11,11,1
11319,4,60,286,5760,1.788,0.201,0.226,55.42,199,347,166
11320,1,7,25,175,3.571,0.434,1.0,1.81,76,175,42
11321,3,13,1,13,0.077,1.0,1.0,13.0,13,13,1
11322,5,78,140,4920,0.787,0.574,0.649,21.52,292,177,664
11323,3,36,1,136,0.007,0.993,1.0,135.0,135,136,1
11324,5,78,140,4920,0.787,0.574,0.649,21.52,292,177,664
11325,2,1,13,13,13.0,0.846,1.0,5.5,11,13,2
11326,1,7,44,308,6.286,0.169,0.455,1.58,52,140,33
11327,5,72,96,6912,1.333,0.488,0.582,15.69,374,25,215
11328,2,1,114,114,114.0,0.939,1.0,21.4,107,114,5
11329,3,27,1,27,0.037,1.0,1.0,27.0,27,27,1
11330,4,54,48,2592,0.889,0.143,0.264,6.85,370,685,54
11331,5,93,104,9672,1.118,0.451,0.611,4.25,366,908,28
11332,4,7,15,105,2.143,0.114,0.295,2.4,12,31,5
11333,5,28,32,896,1.143,0.462,0.722,7.02,414,647,59
11334,1,10,272,2720,27.2,0.211,0.772,1.43,573,101,401
11335,3,9,1,9,0.111,1.0,1.0,9.0,9,9,1
11336,1,12,56,672,4.667,0.256,0.827,2.02,172,556,85
11337,2,9,13,117,1.444,0.103,0.752,4.0,12,88,3
11338,3,10,1,10,0.1,1.0,1.0,10.0,10,10,1
11339,3,13,1,13,0.077,1.0,1.0,13.0,13,13,1
11340,2,2,536,1072,268.0,0.586,0.686,21.66,628,735,29
11341,5,65,50,3250,0.769,0.454,0.487,245.83,475,582,6
11342,4,8,1,8,0.125,0.875,1.0,7.0,7,8,1
11343,5,28,347,4416,2.711,0.399,0.567,13.07,721,163,356
11344,4,36,96,3456,2.667,0.096,0.207,7.7,331,717,43
11345,4,13,5,65,0.385,0.123,0.538,8.0,8,35,1
11346,2,1,70,70,70.0,0.943,1.0,22.0,66,70,3
11347,5,86,469,7234,2.522,0.378,0.529,22.29,17,133,481
11348,1,1,177,177,177.0,0.203,1.0,1.03,36,177,35
11349,5,65,50,3250,0.769,0.454,0.487,245.83,475,582,6
11350,4,53,48,2544,0.906,0.181,0.374,4.69,460,951,98
11351,3,84,1,84,0.012,1.0,1.0,84.0,84,84,1
11352,2,9,13,117,1.444,0.103,0.752,4.0,12,88,3
11353,3,8,1,8,0.125,1.0,1.0,8.0,8,8,1
11354,3,7,2,14,0.286,0.643,0.714,9.0,9,10,1
11355,3,11,1,11,0.091,1.0,1.0,11.0,11,11,1
11356,1,7,17,119,2.429,0.454,0.866,3.18,54,103,17
11357,3,9,1,9,0.111,1.0,1.0,9.0,9,9,1
11358,2,1,34,34,34.0,0.353,1.0,1.71,12,34,7
11359,1,9,37,333,4.111,0.598,0.946,3.49,199,315,57
11360,5,32,547,2204,4.144,0.37,0.483,20.66,693,874,292
11361,3,54,1,54,0.019,1.0,1.0,54.0,54,54,1
11362,4,32,106,3392,3.313,0.198,0.395,4.56,671,341,147
11363,2,1,186,186,186.0,0.828,1.0,9.06,154,186,17
11364,1,8,84,672,10.5,0.269,0.966,1.79,181,649,101
11365,1,10,34,340,3.4,0.356,0.744,1.98,121,253,61
11366,5,63,79,4977,1.254,0.338,0.345,186.78,681,718,9
11367,1,7,346,2422,49.429,0.185,0.731,1.26,448,771,355
11368,1,10,31,310,3.1,0.3,0.813,3.32,93,252,28
11369,4,12,4,48,0.333,0.292,1.0,2.0,14,48,7
11370,4,33,28,924,0.848,0.098,0.271,5.69,91,250,16
11371,3,11,2,22,0.182,0.636,0.636,14.0,14,14,1
11372,2,1,10,10,10.0,1.0,1.0,10.0,10,10,1
11373,4,19,47,893,2.474,0.078,0.112,3.89,70,100,18
11374,2,1,30,30,30.0,0.4,1.0,2.4,12,30,5
11375,3,26,1,26,0.038,1.0,1.0,26.0,26,26,1
11376,3,37,1,37,0.027,1.0,1.0,37.0,37,37,1
11377,5,74,471,1954,2.707,0.339,0.433,15.84,820,499,756
11378,5,29,32,928,1.103,0.432,0.689,6.27,401,639,64
11379,5,86,469,7234,2.522,0.378,0.529,22.29,17,133,481
11380,4,16,21,336,1.313,0.095,0.515,1.6,32,173,20
11381,5,64,73,4672,1.141,0.403,0.445,72.38,882,77,26
11382,4,4,463,752,1.523,0.063,0.121,3.91,898,81,273
11383,1,15,121,1815,8.067,0.428,0.761,5.35,776,381,145
11384,3,7,1,7,0.143,1.0,1.0,7.0,7,7,1
11385,1,10,18,180,1.8,0.511,0.872,2.97,92,157,31
11386,1,11,37,407,3.364,0.371,0.899,2.01,151,366,75
11387,2,1,37,37,37.0,0.811,1.0,6.0,30,37,5
11388,5,32,547,2204,4.144,0.37,0.483,20.66,693,874,292
11389,2,1,9,9,9.0,0.889,1.0,8.0,8,9,1
11390,3,31,1,31,0.032,1.0,1.0,31.0,31,31,1
11391,2,1,17,17,17.0,0.412,1.0,1.75,7,17,4
11392,1,14,34,476,2.429,0.279,0.851,3.09,133,405,43
11393,2,3,537,1611,179.0,0.353,0.364,71.13,569,587,8
11394,3,36,1,136,0.007,0.993,1.0,135.0,135,136,1
11395,4,6,6,36,1.0,0.194,0.417,3.5,7,15,2
11396,3,5,2,10,0.4,0.9,0.9,9.0,9,9,1
11397,5,66,472,8352,2.843,0.359,0.547,17.12,93,821,641
11398,2,1,279,279,279.0,0.964,1.0,38.43,269,279,7
11399,5,29,32,928,1.103,0.432,0.689,6.27,401,639,64
11400,2,2,64,128,32.0,0.531,0.586,17.0,68,75,4
11401,5,29,32,928,1.103,0.476,0.72,7.25,442,668,61
11402,1,7,47,329,6.714,0.38,0.757,2.31,125,249,54
11403,3,11,2,22,0.182,0.636,0.636,14.0,14,14,1
11404,3,27,4,108,0.148,0.333,0.667,2.57,36,72,14
11405,5,87,141,6367,0.754,0.415,0.884,4.69,947,301,333
11406,1,8,10,80,1.25,0.363,0.913,3.22,29,73,9
11407,3,12,2,24,0.167,0.625,0.667,15.0,15,16,1
11408,4,31,105,3255,3.387,0.242,0.456,4.89,787,485,161
11409,2,2,100,200,50.0,0.46,0.505,11.5,92,101,8
11410,4,83,277,2991,3.337,0.18,0.365,6.86,138,387,603
11411,2,1,13,13,13.0,0.692,1.0,3.0,9,13,3
11412,1,7,227,1589,32.429,0.217,0.509,1.6,345,809,215
11413,4,6,17,102,2.833,0.137,0.627,2.8,14,64,5
11414,4,4,463,752,1.523,0.063,0.121,3.91,898,81,273
11415,5,28,347,4416,2.711,0.399,0.567,13.07,721,163,356
11416,4,97,198,9006,1.005,0.273,0.332,46.93,654,964,227
11417,4,11,48,528,4.364,0.237,0.39,7.35,125,206,17
11418,5,32,547,2204,4.144,0.37,0.483,20.66,693,874,292
11419,5,28,32,896,1.143,0.481,0.742,7.43,431,665,58
11420,5,87,137,5619,0.733,0.899,0.991,29.29,25,400,786
11421,4,47,286,3442,6.085,0.183,0.317,4.67,459,258,526
11422,1,9,102,918,11.333,0.183,0.804,1.27,168,738,132
11423,4,5,4,20,0.8,0.45,0.65,4.5,9,13,2
11424,2,4,524,2096,131.0,0.542,0.603,40.57,136,264,28
11425,5,29,32,928,1.103,0.432,0.689,6.27,401,639,64
11426,2,1,257,257,257.0,1.0,1.0,257.0,257,257,1
11427,3,39,1,39,0.026,1.0,1.0,39.0,39,39,1
11428,3,27,4,108,0.148,0.38,0.75,2.56,41,81,16
11429,5,28,31,868,1.107,0.492,0.745,7.49,427,647,57
11430,5,64,73,4672,1.141,0.403,0.445,72.38,882,77,26
11431,3,22,1,22,0.045,1.0,1.0,22.0,22,22,1
11432,3,47,1,47,0.021,1.0,1.0,47.0,47,47,1
11433,1,4,69,276,17.25,0.377,0.96,1.82,104,265,57
11434,1,10,508,5080,50.8,0.16,0.628,1.41,813,189,578
11435,2,1,36,36,36.0,0.306,1.0,1.83,11,36,6
11436,2,2,9,18,4.5,0.556,0.556,10.0,10,10,1
11437,4,7,24,168,3.429,0.101,0.298,1.89,17,50,9
11438,4,52,48,2496,0.923,0.138,0.248,7.67,345,619,45
11439,1,33,180,5940,5.455,0.236,0.611,1.68,400,627,835
11440,4,17,9,153,0.529,0.209,0.497,1.88,32,76,17
11441,2,1,124,124,124.0,0.444,1.0,7.86,55,124,7
11442,4,52,461,3972,8.865,0.192,0.248,11.52,607,938,400
11443,5,87,141,6367,0.754,0.415,0.884,4.69,947,301,333
11444,5,64,73,4672,1.141,0.403,0.445,72.38,882,77,26
11445,1,7,4,28,0.571,0.321,0.679,9.0,9,19,1
11446,3,31,1,31,0.032,1.0,1.0,31.0,31,31,1
11447,1,10,51,510,5.1,0.337,0.773,2.12,172,394,81
11448,5,93,104,9672,1.118,0.451,0.611,4.25,366,908,28
11449,1,9,457,4113,50.778,0.173,0.63,1.28,712,590,555
11450,2,2,16,32,8.0,0.25,0.531,2.67,8,17,3
11451,5,87,137,5619,0.733,0.899,0.991,29.29,25,400,786
11452,3,9,1,9,0.111,1.0,1.0,9.0,9,9,1
11453,5,83,149,2367,1.795,0.388,0.472,28.77,804,838,167
11454,1,8,27,216,3.375,0.269,0.764,1.29,58,165,45
11455,5,68,145,4360,0.863,0.798,0.963,13.06,430,457,488
11456,5,83,149,2367,1.795,0.388,0.472,28.77,804,838,167
11457,2,10,2,20,0.2,0.55,0.6,11.0,11,12,1
11458,3,14,2,28,0.143,0.536,0.536,15.0,15,15,1
11459,3,14,2,28,0.143,0.536,0.536,15.0,15,15,1
11460,2,6,21,126,3.5,0.246,0.254,31.0,31,32,1
11461,1,11,52,572,4.727,0.28,0.605,2.05,160,346,78
11462,1,9,42,378,4.667,0.235,0.603,1.37,89,228,65
11463,3,9,1,9,0.111,1.0,1.0,9.0,9,9,1
11464,4,15,14,210,0.933,0.11,0.338,1.92,23,71,12
11465,2,1,32,32,32.0,0.719,1.0,5.75,23,32,4
11466,2,6,142,852,23.667,0.115,0.173,6.53,98,147,15
11467,2,1,84,84,84.0,0.917,1.0,19.25,77,84,4
11468,2,1,52,52,52.0,0.788,1.0,10.25,41,52,4
11469,4,9,10,90,1.111,0.144,0.522,6.5,13,47,2
11470,2,2,535,1070,267.5,0.545,0.629,24.29,583,673,24
11471,4,52,461,3972,8.865,0.192,0.248,11.52,607,938,400
11472,3,5,2,10,0.4,0.8,0.8,8.0,8,8,1
11473,3,13,1,13,0.077,1.0,1.0,13.0,13,13,1
11474,1,8,18,144,2.25,0.472,1.0,2.52,68,144,27
11475,5,72,96,6912,1.333,0.488,0.582,15.69,374,25,215
11476,4,7,11,77,1.571,0.117,0.494,1.8,9,38,5
11477,1,8,190,1520,23.75,0.118,0.62,1.21,179,943,148
11478,3,14,1,14,0.071,1.0,1.0,14.0,14,14,1
11479,4,19,47,893,2.474,0.078,0.112,3.89,70,100,18
11480,4,14,19,266,1.357,0.113,0.504,30.0,30,134,1
11481,4,9,4,36,0.444,0.25,0.75,9.0,9,27,1
11482,5,29,31,899,1.069,0.463,0.726,6.93,416,653,60
11483,1,10,52,520,5.2,0.294,0.675,2.13,153,351,72
11484,2,1,47,47,47.0,1.0,1.0,47.0,47,47,1
11485,5,86,469,7234,2.522,0.378,0.529,22.29,17,133,481
11486,2,1,62,62,62.0,0.984,1.0,61.0,61,62,1
11487,2,1,283,283,283.0,0.993,1.0,140.5,281,283,2
11488,2,1,159,159,159.0,0.994,1.0,158.0,158,159,1
11489,3,25,1,25,0.04,1.0,1.0,25.0,25,25,1
11490,5,93,104,9672,1.118,0.451,0.611,4.25,366,908,28
11491,5,65,50,3250,0.769,0.454,0.487,245.83,475,582,6
11492,5,28,32,896,1.143,0.488,0.743,7.05,437,666,62
11493,3,38,1,38,0.026,1.0,1.0,38.0,38,38,1
11494,3,54,1,54,0.019,1.0,1.0,54.0,54,54,1
11495,5,65,50,3250,0.769,0.454,0.487,245.83,475,582,6
11496,2,2,325,650,162.5,0.485,0.537,28.64,315,349,11
11497,5,28,32,896,1.143,0.462,0.722,7.02,414,647,59
11498,5,28,31,868,1.107,0.508,0.767,7.47,441,666,59
11499,5,64,73,4672,1.141,0.403,0.445,72.38,882,77,26
11500,2,1,206,206,206.0,0.99,1.0,204.0,204,206,1
11501,1,9,508,4572,56.444,0.16,0.52,1.3,732,379,563
11502,1,10,155,1550,15.5,0.314,0.631,2.64,486,978,184
11503,5,78,140,4920,0.787,0.574,0.649,21.52,292,177,664
11504,5,64,73,4672,1.141,0.403,0.445,72.38,882,77,26
11505,2,1,52,52,52.0,0.788,1.0,10.25,41,52,4
11506,2,1,14,14,14.0,0.571,1.0,2.0,8,14,4
11507,5,28,32,896,1.143,0.488,0.743,7.05,437,666,62
11508,2,1,19,19,19.0,0.579,1.0,3.67,11,19,3
11509,3,39,1,39,0.026,1.0,1.0,39.0,39,39,1
11510,1,8,12,96,1.5,0.438,1.0,1.91,42,96,22
11511,4,11,48,528,4.364,0.237,0.39,7.35,125,206,17
11512,2,1,145,145,145.0,0.972,1.0,35.25,141,145,4
11513,1,11,30,330,2.727,0.297,0.6,2.39,98,198,41
11514,1,7,100,700,14.286,0.294,0.633,1.67,206,443,123
11515,2,1,114,114,114.0,0.939,1.0,21.4,107,114,5
11516,1,12,497,5964,41.417,0.297,0.733,2.25,773,374,789
11517,2,2,535,1070,267.5,0.545,0.629,24.29,583,673,24
11518,1,8,192,1536,24.0,0.207,0.579,1.57,318,889,203
11519,5,32,547,2204,4.144,0.37,0.483,20.66,693,874,292
11520,3,9,1,9,0.111,1.0,1.0,9.0,9,9,1
11521,5,87,141,6367,0.754,0.415,0.884,4.69,947,301,333
11522,5,78,140,4920,0.787,0.574,0.649,21.52,292,177,664
11523,5,63,79,4977,1.254,0.338,0.345,186.78,681,718,9
11524,1,7,21,147,3.0,0.313,0.667,2.09,46,98,22
11525,2,1,148,148,148.0,0.986,1.0,73.0,146,148,2
11526,1,14,141,1974,10.071,0.278,0.67,2.29,549,323,240
11527,5,28,347,4416,2.711,0.399,0.567,13.07,721,163,356
11528,3,38,1,38,0.026,1.0,1.0,38.0,38,38,1
11529,5,63,79,4977,1.254,0.338,0.345,186.78,681,718,9
11530,2,1,102,102,102.0,0.961,1.0,24.5,98,102,4
11531,5,87,137,5619,0.733,0.899,0.991,29.29,25,400,786
11532,4,48,402,9296,8.375,0.055,0.094,4.13,58,814,256
11533,2,1,52,52,52.0,0.788,1.0,10.25,41,52,4
11534,3,16,1,16,0.063,1.0,1.0,16.0,16,16,1
11535,2,1,17,17,17.0,0.765,1.0,3.25,13,17,4
11536,5,72,96,6912,1.333,0.488,0.582,15.69,374,25,215
11537,2,1,257,257,257.0,1.0,1.0,257.0,257,257,1
11538,5,93,104,9672,1.118,0.451,0.611,4.25,366,908,28
11539,4,83,315,6145,3.795,0.295,0.594,9.21,725,523,839
11540,3,44,3,132,0.068,0.598,0.841,2.47,79,111,32
11541,1,12,261,3132,21.75,0.207,0.564,1.81,649,768,358
11542,5,63,161,6243,0.988,0.523,0.897,8.4,725,547,634
11543,1,5,19,95,3.8,0.316,0.916,1.5,30,87,20
11544,3,61,30,7830,0.115,0.063,0.09,2.4,492,701,205
11545,3,9,1,9,0.111,1.0,1.0,9.0,9,9,1
11546,5,93,104,9672,1.118,0.451,0.611,4.25,366,908,28
11547,1,8,16,128,2.0,0.258,0.945,1.18,33,121,28
11548,2,1,76,76,76.0,0.961,1.0,36.5,73,76,2
11549,1,17,382,6494,22.471,0.363,0.567,5.46,355,680,431
11550,5,64,73,4672,1.141,0.403,0.445,72.38,882,77,26
11551,1,8,15,120,1.875,0.425,0.925,1.96,51,111,26
11552,3,69,3,207,0.043,0.643,0.952,2.08,133,197,64
11553,4,17,9,153,0.529,0.209,0.497,1.88,32,76,17
11554,3,84,1,84,0.012,1.0,1.0,84.0,84,84,1
11555,4,81,49,3969,0.605,0.113,0.398,2.26,449,580,199
11556,2,1,9,9,9.0,0.778,1.0,7.0,7,9,1
11557,5,28,32,896,1.143,0.462,0.722,7.02,414,647,59
11558,1,9,82,738,9.111,0.374,0.866,2.3,276,639,120
11559,2,1,115,115,115.0,0.2,1.0,4.6,23,115,5
11560,3,13,1,13,0.077,1.0,1.0,13.0,13,13,1
11561,1,11,90,990,8.182,0.362,0.808,2.82,358,800,127
11562,3,11,1,11,0.091,1.0,1.0,11.0,11,11,1
11563,4,6,13,78,2.167,0.103,0.449,4.0,8,35,2
11564,5,65,50,3250,0.769,0.454,0.487,245.83,475,582,6
11565,4,20,39,780,1.95,0.14,0.405,3.21,109,316,34
11566,2,1,39,39,39.0,0.897,1.0,8.75,35,39,4
11567,3,9,1,9,0.111,1.0,1.0,9.0,9,9,1
11568,1,11,272,2992,24.727,0.283,0.703,1.97,847,103,431
11569,4,28,61,1708,2.179,0.172,0.509,1.97,294,870,149
11570,1,11,54,594,4.909,0.258,0.736,1.99,153,437,77
11571,1,4,15,60,3.75,0.267,0.8,4.0,16,48,4
11572,5,53,158,4174,1.033,0.587,0.641,46.95,180,491,302
11573,1,8,20,160,2.5,0.394,0.863,2.1,63,138,30
11574,5,83,149,2367,1.795,0.388,0.472,28.77,804,838,167
11575,5,86,469,7234,2.522,0.378,0.529,22.29,17,133,481
11576,4,83,315,6145,3.795,0.295,0.594,9.21,725,523,839
11577,5,93,104,9672,1.118,0.451,0.611,4.25,366,908,28
11578,2,3,537,1611,179.0,0.345,0.405,22.24,556,652,25
11579,5,95,93,8835,0.979,0.675,0.902,3.63,966,968,644
11580,5,83,149,2367,1.795,0.388,0.472,28.77,804,838,167
11581,2,2,415,830,207.5,0.505,0.578,16.76,419,480,25
11582,4,85,69,5865,0.812,0.165,0.441,1.44,969,588,674
11583,2,1,39,39,39.0,0.308,1.0,1.71,12,39,7
11584,1,5,15,75,3.0,0.547,0.947,2.05,41,71,20
11585,3,38,1,38,0.026,1.0,1.0,38.0,38,38,1
11586,5,95,93,8835,0.979,0.675,0.902,3.63,966,968,644
11587,1,9,13,117,1.444,0.368,1.0,2.69,43,117,16
11588,4,13,13,169,1.0,0.124,0.45,3.5,21,76,6
11589,3,9,1,9,0.111,1.0,1.0,9.0,9,9,1
11590,1,5,13,65,2.6,0.554,0.8,2.57,36,52,14
11591,5,93,104,9672,1.118,0.451,0.611,4.25,366,908,28
11592,4,11,48,528,4.364,0.237,0.39,7.35,125,206,17
11593,5,78,140,4920,0.787,0.574,0.649,21.52,292,177,664
11594,4,6,6,36,1.0,0.194,0.417,3.5,7,15,2
11595,1,10,11,110,1.1,0.373,1.0,1.58,41,110,26
11596,5,63,161,6243,0.988,0.523,0.897,8.4,725,547,634
11597,5,93,104,9672,1.118,0.451,0.611,4.25,366,908,28
11598,5,68,145,4360,0.863,0.798,0.963,13.06,430,457,488
11599,3,9,1,9,0.111,1.0,1.0,9.0,9,9,1
11600,5,29,32,928,1.103,0.432,0.689,6.27,401,639,64
11601,1,10,19,190,1.9,0.379,0.816,2.12,72,155,34
11602,1,7,16,112,2.286,0.25,0.527,2.0,28,59,14
11603,2,1,58,58,58.0,0.845,1.0,9.8,49,58,5
11604,1,7,17,119,2.429,0.227,0.891,1.5,27,106,18
11605,5,63,79,4977,1.254,0.338,0.345,186.78,681,718,9
11606,3,31,1,31,0.032,1.0,1.0,31.0,31,31,1
11607,2,1,10,10,10.0,1.0,1.0,10.0,10,10,1
11608,1,5,9,45,1.8,0.333,1.0,1.88,15,45,8
11609,1,8,109,872,13.625,0.219,0.595,1.61,191,519,119
11610,3,31,1,31,0.032,1.0,1.0,31.0,31,31,1
11611,1,9,36,324,4.0,0.577,0.948,3.02,187,307,62
11612,5,93,104,9672,1.118,0.451,0.611,4.25,366,908,28
11613,2,1,33,33,33.0,0.667,1.0,3.67,22,33,6
11614,4,39,70,2730,1.795,0.09,0.255,7.0,245,697,35
11615,3,17,1,17,0.059,1.0,1.0,17.0,17,17,1
11616,2,1,17,17,17.0,1.0,1.0,17.0,17,17,1
11617,4,36,43,1548,1.194,0.117,0.183,3.07,181,283,59
11618,1,6,82,492,13.667,0.104,0.303,1.31,51,149,39
11619,2,37,1,37,0.027,1.0,1.0,37.0,37,37,1
11620,2,1,35,35,35.0,0.857,1.0,10.0,30,35,3
11621,4,6,12,72,2.0,0.139,0.514,1.43,10,37,7
11622,2,1,159,159,159.0,0.975,1.0,77.5,155,159,2
11623,3,11,2,22,0.182,0.636,0.636,14.0,14,14,1
11624,5,53,158,4174,1.033,0.587,0.641,46.95,180,491,302
11625,1,11,10,110,0.909,0.436,0.927,4.36,48,102,11
11626,4,16,21,336,1.313,0.095,0.515,1.6,32,173,20
11627,2,1,37,37,37.0,0.811,1.0,6.0,30,37,5
11628,3,8,1,8,0.125,1.0,1.0,8.0,8,8,1
11629,4,91,285,5935,3.132,0.158,0.165,113.89,100,287,36
11630,2,3,550,1650,183.33,0.339,0.401,15.11,559,662,37
11631,1,10,499,4990,49.9,0.147,0.631,1.27,733,150,575
11632,3,12,1,12,0.083,1.0,1.0,12.0,12,12,1
11633,5,28,32,896,1.143,0.481,0.742,7.43,431,665,58
11634,5,83,149,2367,1.795,0.388,0.472,28.77,804,838,167
11635,1,8,141,1128,17.625,0.447,0.932,2.45,504,51,206
11636,4,16,29,464,1.813,0.144,0.496,2.58,67,230,26
11637,2,1,51,51,51.0,0.471,1.0,2.4,24,51,10
11638,1,10,7,70,0.7,0.357,0.757,2.78,25,53,9
11639,2,3,116,348,38.667,0.385,0.494,33.5,134,172,4
11640,1,9,172,1548,19.111,0.171,0.731,1.31,265,131,202
11641,1,10,33,330,3.3,0.391,0.982,2.05,129,324,63
11642,4,68,34,2312,0.5,0.224,0.526,2.44,519,215,213
11643,3,93,4,372,0.043,0.419,0.565,2.89,156,210,54
11644,3,32,1,32,0.031,1.0,1.0,32.0,32,32,1
11645,1,11,86,946,7.818,0.283,0.764,1.91,268,723,140
11646,4,55,48,2640,0.873,0.142,0.364,4.26,375,960,88
11647,2,1,19,19,19.0,0.579,1.0,3.67,11,19,3
11648,1,6,18,108,3.0,0.444,0.991,1.71,48,107,28
11649,4,12,146,1752,12.167,0.091,0.128,26.67,160,225,6
11650,5,68,135,2680,0.804,0.82,0.904,62.81,591,513,296
11651,1,9,283,2547,31.444,0.186,0.727,1.22,474,852,389
11652,5,28,31,868,1.107,0.492,0.745,7.49,427,647,57
11653,4,33,28,924,0.848,0.098,0.271,5.69,91,250,16
11654,3,42,7,294,0.167,0.282,0.432,2.18,83,127,38
11655,3,8,1,8,0.125,1.0,1.0,8.0,8,8,1
11656,1,9,42,378,4.667,0.325,0.823,1.71,123,311,72
11657,4,54,48,2592,0.889,0.143,0.264,6.85,370,685,54
11658,4,14,19,266,1.357,0.113,0.504,30.0,30,134,1
11659,1,9,95,855,10.556,0.284,0.849,1.91,243,726,127
11660,3,8,1,8,0.125,1.0,1.0,8.0,8,8,1
11661,4,16,21,336,1.313,0.095,0.515,1.6,32,173,20
11662,5,72,96,6912,1.333,0.488,0.582,15.69,374,25,215
11663,5,74,471,1954,2.707,0.339,0.433,15.84,820,499,756
11664,1,6,72,432,12.0,0.604,0.991,4.08,261,428,64
11665,4,24,18,432,0.75,0.139,0.377,2.07,60,163,29
11666,4,7,9,63,1.286,0.143,0.238,9.0,9,15,1
11667,4,5,7,35,1.4,0.229,0.6,2.67,8,21,3
11668,2,1,277,277,277.0,1.0,1.0,277.0,277,277,1
11669,4,14,17,238,1.214,0.113,0.387,1.8,27,92,15
11670,2,1,58,58,58.0,0.845,1.0,9.8,49,58,5
11671,5,63,161,6243,0.988,0.523,0.897,8.4,725,547,634
11672,1,7,5,35,0.714,0.486,0.943,4.25,17,33,4
11673,3,18,1,18,0.056,1.0,1.0,18.0,18,18,1
11674,1,10,238,2380,23.8,0.353,0.727,2.85,840,730,295
11675,3,9,1,9,0.111,1.0,1.0,9.0,9,9,1
11676,3,8,1,8,0.125,1.0,1.0,8.0,8,8,1
11677,2,1,32,32,32.0,0.719,1.0,5.75,23,32,4
11678,1,5,13,65,2.6,0.338,0.723,2.2,22,47,10
11679,1,12,83,996,6.917,0.253,0.756,1.75,252,753,144
11680,4,31,105,3255,3.387,0.224,0.417,5.35,728,358,136
11681,1,7,198,1386,28.286,0.055,0.359,1.23,76,498,62
11682,3,7,1,7,0.143,1.0,1.0,7.0,7,7,1
11683,1,7,20,140,2.857,0.464,1.0,2.24,65,140,29
11684,4,85,69,5865,0.812,0.165,0.441,1.44,969,588,674
11685,3,58,3,174,0.052,0.339,0.345,59.0,59,60,1
11686,4,34,25,850,0.735,0.256,0.534,2.06,218,454,106
11687,4,33,28,924,0.848,0.098,0.271,5.69,91,250,16
11688,2,1,11,11,11.0,0.909,1.0,10.0,10,11,1
11689,4,43,62,2666,1.442,0.08,0.17,6.63,212,454,32
11690,2,1,28,28,28.0,0.464,1.0,2.17,13,28,6
11691,5,28,31,868,1.107,0.492,0.745,7.49,427,647,57
11692,1,9,55,495,6.111,0.259,0.699,1.47,128,346,87
11693,3,25,1,25,0.04,1.0,1.0,25.0,25,25,1
11694,2,1,12,12,12.0,0.75,1.0,9.0,9,12,1
11695,4,8,9,72,1.125,0.125,0.319,4.5,9,23,2
11696,4,67,30,2010,0.448,0.169,0.46,2.26,339,924,150
11697,2,1,69,69,69.0,0.841,1.0,8.29,58,69,7
11698,2,1,15,15,15.0,0.867,1.0,13.0,13,15,1
11699,4,45,79,3555,1.756,0.087,0.195,4.81,308,693,64
11700,2,2,535,1070,267.5,0.564,0.614,40.2,603,657,15
11701,1,10,318,3180,31.8,0.128,0.511,1.18,406,625,344
11702,4,13,13,169,1.0,0.124,0.45,3.5,21,76,6
11703,2,1,17,17,17.0,0.941,1.0,16.0,16,17,1
11704,2,1,126,126,126.0,0.992,1.0,125.0,125,126,1
11705,1,7,37,259,5.286,0.282,0.772,1.35,73,200,54
11706,1,10,47,470,4.7,0.338,0.698,2.3,159,328,69
11707,3,7,1,7,0.143,1.0,1.0,7.0,7,7,1
11708,4,14,17,238,1.214,0.113,0.387,1.8,27,92,15
11709,1,19,123,2337,6.474,0.089,0.089,207.0,207,208,1
11710,1,11,32,352,2.909,0.256,0.534,2.0,90,188,45
11711,1,12,216,2592,18.0,0.507,0.764,5.3,315,981,248
11712,1,9,105,945,11.667,0.236,0.579,1.91,223,547,117
11713,5,65,50,3250,0.769,0.454,0.487,245.83,475,582,6
11714,2,2,46,92,23.0,0.587,0.761,18.0,54,70,3
11715,5,28,32,896,1.143,0.462,0.722,7.02,414,647,59
11716,1,8,82,656,10.25,0.402,0.991,2.1,264,650,126
11717,3,9,1,9,0.111,1.0,1.0,9.0,9,9,1
11718,5,86,469,7234,2.522,0.378,0.529,22.29,17,133,481
11719,1,7,21,147,3.0,0.259,0.837,1.46,38,123,26
11720,2,1,11,11,11.0,0.727,1.0,4.0,8,11,2
11721,5,72,96,6912,1.333,0.488,0.582,15.69,374,25,215
11722,4,45,79,3555,1.756,0.087,0.195,4.81,308,693,64
11723,2,2,18,36,9.0,0.722,0.722,26.0,26,26,1
11724,4,83,315,6145,3.795,0.295,0.594,9.21,725,523,839
11725,1,12,43,516,3.583,0.31,0.793,2.32,160,409,69
11726,1,7,12,84,1.714,0.226,0.607,2.38,19,51,8
11727,5,29,31,899,1.069,0.463,0.726,6.93,416,653,60
11728,5,32,547,2204,4.144,0.37,0.483,20.66,693,874,292
11729,1,25,187,4675,7.48,0.472,0.943,7.28,207,408,303
11730,2,3,463,1389,154.33,0.296,0.382,13.7,411,531,30
11731,1,11,118,1298,10.727,0.348,0.797,2.71,452,35,167
11732,2,1,33,33,33.0,0.667,1.0,3.67,22,33,6
11733,4,5,4,20,0.8,0.45,0.65,4.5,9,13,2
11734,1,9,101,909,11.222,0.442,0.861,2.68,402,783,150
11735,5,28,32,896,1.143,0.488,0.743,7.05,437,666,62
11736,2,3,544,1632,181.33,0.326,0.406,16.12,532,662,33
11737,2,1,14,14,14.0,1.0,1.0,14.0,14,14,1
11738,1,3,4,12,1.333,0.917,0.917,11.0,11,11,1
11739,1,11,98,1078,8.909,0.397,0.778,2.61,428,839,164
11740,4,9,4,36,0.444,0.25,0.75,9.0,9,27,1
11741,2,1,13,13,13.0,0.692,1.0,3.0,9,13,3
11742,5,28,31,868,1.107,0.508,0.767,7.47,441,666,59
11743,3,39,1,39,0.026,1.0,1.0,39.0,39,39,1
11744,2,1,22,22,22.0,0.5,1.0,1.83,11,22,6
11745,3,76,1,76,0.013,1.0,1.0,76.0,76,76,1
11746,2,1,7,7,7.0,1.0,1.0,7.0,7,7,1
11747,4,31,105,3255,3.387,0.224,0.417,5.35,728,358,136
11748,4,7,24,168,3.429,0.101,0.298,1.89,17,50,9
11749,2,1,85,85,85.0,0.882,1.0,12.5,75,85,6
11750,3,9,1,9,0.111,1.0,1.0,9.0,9,9,1
11751,4,7,24,168,3.429,0.101,0.298,1.89,17,50,9
11752,1,8,202,1616,25.25,0.313,0.689,1.83,505,114,276
11753,2,2,46,92,23.0,0.587,0.761,18.0,54,70,3
11754,2,1,33,33,33.0,1.0,1.0,33.0,33,33,1
11755,2,2,176,352,88.0,0.528,0.605,31.0,186,213,6
11756,5,29,32,928,1.103,0.432,0.689,6.27,401,639,64
11757,3,15,1,15,0.067,1.0,1.0,15.0,15,15,1
11758,1,7,346,2422,49.429,0.185,0.731,1.26,448,771,355
11759,1,6,13,78,2.167,0.372,0.987,1.71,29,77,17
11760,4,39,70,2730,1.795,0.09,0.255,7.0,245,697,35
11761,5,53,158,4174,1.033,0.587,0.641,46.95,180,491,302
11762,2,1,29,29,29.0,0.586,1.0,2.13,17,29,8
11763,2,2,48,96,24.0,0.625,0.677,30.0,60,65,2
11764,5,64,73,4672,1.141,0.403,0.445,72.38,882,77,26
11765,2,4,524,2096,131.0,0.542,0.603,40.57,136,264,28
11766,3,84,1,84,0.012,1.0,1.0,84.0,84,84,1
11767,1,8,86,688,10.75,0.494,0.945,2.64,340,650,129
11768,3,9,1,9,0.111,1.0,1.0,9.0,9,9,1
11769,2,1,147,147,147.0,0.864,1.0,11.55,127,147,11
11770,1,12,83,996,6.917,0.253,0.756,1.75,252,753,144
11771,1,10,52,520,5.2,0.269,0.85,2.0,140,442,70
11772,3,26,1,26,0.038,1.0,1.0,26.0,26,26,1
11773,2,2,536,1072,268.0,0.498,0.533,41.08,534,571,13
11774,2,2,17,34,8.5,0.588,0.971,6.67,20,33,3
11775,5,68,145,4360,0.863,0.798,0.963,13.06,430,457,488
11776,1,9,27,243,3.0,0.358,0.856,1.85,87,208,47
11777,2,1,13,13,13.0,1.0,1.0,13.0,13,13,1
11778,4,85,69,5865,0.812,0.165,0.441,1.44,969,588,674
11779,1,9,95,855,10.556,0.284,0.849,1.91,243,726,127
11780,4,0,49,4900,0.49,0.093,0.4,1.77,458,958,259
11781,2,1,44,44,44.0,0.909,1.0,20.0,40,44,2
11782,4,86,67,5762,0.779,0.164,0.935,2.37,947,386,399
11783,2,1,75,75,75.0,0.92,1.0,11.5,69,75,6
11784,2,1,43,43,43.0,0.907,1.0,9.75,39,43,4
11785,1,9,41,369,4.556,0.298,0.775,1.9,110,286,58
11786,2,2,64,128,32.0,0.531,0.586,17.0,68,75,4
11787,5,28,347,4416,2.711,0.399,0.567,13.07,721,163,356
11788,3,34,1,34,0.029,1.0,1.0,34.0,34,34,1
11789,4,28,61,1708,2.179,0.172,0.509,1.97,294,870,149
11790,2,2,537,1074,268.5,0.538,0.555,82.57,578,596,7
11791,4,36,96,3456,2.667,0.096,0.207,7.7,331,717,43
11792,5,83,149,2367,1.795,0.388,0.472,28.77,804,838,167
11793,5,28,32,896,1.143,0.488,0.743,7.05,437,666,62
11794,1,8,15,120,1.875,0.375,0.85,1.88,45,102,24
11795,3,8,1,8,0.125,0.875,1.0,7.0,7,8,1
11796,2,1,152,152,152.0,0.822,1.0,11.36,125,152,11
11797,3,8,1,8,0.125,1.0,1.0,8.0,8,8,1
11798,1,7,6,42,0.857,0.452,1.0,1.9,19,42,10
11799,2,1,62,62,62.0,0.984,1.0,61.0,61,62,1
11800,2,1,13,13,13.0,1.0,1.0,13.0,13,13,1
11801,5,72,96,6912,1.333,0.488,0.582,15.69,374,25,215
11802,2,1,288,288,288.0,0.424,1.0,1.02,122,288,120
11803,1,8,48,384,6.0,0.31,0.807,1.92,119,310,62
11804,3,54,1,54,0.019,1.0,1.0,54.0,54,54,1
11805,4,9,10,90,1.111,0.144,0.522,6.5,13,47,2
11806,4,6,5,30,0.833,0.233,0.633,1.75,7,19,4
11807,4,6,9,54,1.5,0.148,0.296,4.0,8,16,2
11808,1,9,349,3141,38.778,0.125,0.453,1.29,394,422,306
11809,1,6,32,192,5.333,0.365,0.958,1.67,70,184,42
11810,2,4,108,432,27.0,0.778,0.826,56.0,336,357,6
11811,3,17,1,117,0.009,1.0,1.0,117.0,117,117,1
11812,1,10,124,1240,12.4,0.473,0.814,3.43,587,9,171
11813,2,2,21,42,10.5,0.452,1.0,6.33,19,42,3
11814,3,69,3,207,0.043,0.643,0.952,2.08,133,197,64
11815,1,7,162,1134,23.143,0.096,0.235,1.49,109,266,73
11816,1,8,186,1488,23.25,0.399,0.812,2.53,593,208,234
11817,4,7,11,77,1.571,0.117,0.494,1.8,9,38,5
11818,2,18,342,6156,19.0,0.847,0.897,43.48,217,522,120
11819,1,10,292,2920,29.2,0.203,0.649,1.5,594,896,397
11820,2,1,19,19,19.0,0.632,1.0,4.0,12,19,3
11821,1,9,509,4581,56.556,0.096,0.379,1.34,439,736,328
11822,3,47,1,47,0.021,1.0,1.0,47.0,47,47,1
11823,4,17,60,1020,3.529,0.139,0.371,7.1,142,378,20
11824,3,42,1,42,0.024,1.0,1.0,42.0,42,42,1
11825,3,4,2,8,0.5,1.0,1.0,8.0,8,8,1
11826,2,1,55,55,55.0,0.564,1.0,10.33,31,55,3
11827,5,83,149,2367,1.795,0.388,0.472,28.77,804,838,167
11828,3,9,1,9,0.111,1.0,1.0,9.0,9,9,1
11829,1,1,95,95,95.0,0.379,1.0,1.03,36,95,35
11830,5,86,469,7234,2.522,0.378,0.529,22.29,17,133,481
11831,1,10,120,1200,12.0,0.279,0.765,1.7,335,918,197
11832,3,26,1,26,0.038,1.0,1.0,26.0,26,26,1
11833,5,93,104,9672,1.118,0.451,0.611,4.25,366,908,28
11834,3,9,2,18,0.222,0.611,0.722,11.0,11,13,1
11835,4,54,357,9278,6.611,0.324,0.644,6.22,238,422,3
11836,1,12,271,3252,22.583,0.246,0.615,1.95,799,999,410
11837,5,63,79,4977,1.254,0.338,0.345,186.78,681,718,9
11838,5,28,32,896,1.143,0.462,0.722,7.02,414,647,59
11839,3,25,1,25,0.04,1.0,1.0,25.0,25,25,1
11840,2,1,34,34,34.0,0.353,1.0,1.71,12,34,7
11841,5,95,93,8835,0.979,0.675,0.902,3.63,966,968,644
11842,5,29,31,899,1.069,0.463,0.726,6.93,416,653,60
11843,3,5,2,210,0.019,0.529,0.533,111.0,111,112,1
11844,2,1,17,17,17.0,1.0,1.0,17.0,17,17,1
11845,4,4,5,20,1.25,0.35,0.8,2.33,7,16,3
11846,3,39,1,39,0.026,1.0,1.0,39.0,39,39,1
11847,3,9,1,9,0.111,1.0,1.0,9.0,9,9,1
11848,4,13,8,104,0.615,0.154,0.769,1.07,16,80,15
11849,2,1,8,8,8.0,1.0,1.0,8.0,8,8,1
11850,3,12,1,12,0.083,1.0,1.0,12.0,12,12,1
11851,2,1,14,14,14.0,0.571,1.0,2.0,8,14,4
11852,4,32,350,1200,10.938,0.142,0.402,3.96,588,497,401
11853,1,7,343,2401,49.0,0.213,0.772,1.45,512,854,352
11854,2,2,537,1074,268.5,0.538,0.594,32.11,578,638,18
11855,5,28,32,896,1.143,0.488,0.743,7.05,437,666,62
11856,3,7,1,7,0.143,1.0,1.0,7.0,7,7,1
11857,3,11,1,11,0.091,1.0,1.0,11.0,11,11,1
11858,1,10,8,80,0.8,0.525,0.875,7.0,42,70,6
11859,2,1,8,8,8.0,1.0,1.0,8.0,8,8,1
11860,4,0,49,4900,0.49,0.093,0.4,1.77,458,958,259
11861,4,4,7,28,1.75,0.286,1.0,2.0,8,28,4
11862,2,2,537,1074,268.5,0.537,0.609,22.19,577,654,26
11863,1,9,109,981,12.111,0.219,0.779,1.67,215,764,129
11864,5,72,96,6912,1.333,0.488,0.582,15.69,374,25,215
11865,4,10,12,120,1.2,0.208,0.583,1.67,25,70,15
11866,3,10,1,10,0.1,0.9,1.0,9.0,9,10,1
11867,1,11,240,2640,21.818,0.27,0.634,2.05,714,674,348
11868,3,8,1,8,0.125,0.875,1.0,7.0,7,8,1
11869,2,8,16,128,2.0,0.398,0.695,2.55,51,89,20
11870,4,16,4,64,0.25,0.156,0.531,5.0,10,34,2
11871,5,65,50,3250,0.769,0.454,0.487,245.83,475,582,6
11872,1,10,34,340,3.4,0.279,0.8,1.86,95,272,51
11873,4,81,49,3969,0.605,0.113,0.398,2.26,449,580,199
11874,3,10,1,10,0.1,1.0,1.0,10.0,10,10,1
11875,2,3,286,858,95.333,0.406,0.427,87.0,348,366,4
11876,3,15,1,15,0.067,1.0,1.0,15.0,15,15,1
11877,4,5,9,45,1.8,0.178,0.533,1.6,8,24,5
11878,5,63,79,4977,1.254,0.338,0.345,186.78,681,718,9
11879,5,93,104,9672,1.118,0.451,0.611,4.25,366,908,28
11880,2,3,304,912,101.33,0.555,0.686,42.17,506,626,12
11881,1,9,53,477,5.889,0.335,0.602,2.42,160,287,66
11882,3,38,1,38,0.026,1.0,1.0,38.0,38,38,1
11883,3,15,1,15,0.067,1.0,1.0,15.0,15,15,1
11884,1,8,12,96,1.5,0.385,0.802,2.18,37,77,17
11885,5,63,161,6243,0.988,0.523,0.897,8.4,725,547,634
11886,3,7,2,14,0.286,0.643,0.714,9.0,9,10,1
11887,4,15,14,210,0.933,0.11,0.338,1.92,23,71,12
11888,3,10,1,10,0.1,0.9,1.0,9.0,9,10,1
11889,3,11,1,11,0.091,1.0,1.0,11.0,11,11,1
11890,1,9,63,567,7.0,0.284,0.908,1.96,161,515,82
11891,3,8,1,8,0.125,1.0,1.0,8.0,8,8,1
11892,5,28,31,868,1.107,0.508,0.767,7.47,441,666,59
11893,3,1,25,25,25.0,1.0,1.0,25.0,25,25,1
11894,4,10,7,70,0.7,0.157,0.6,1.57,11,42,7
11895,4,33,28,924,0.848,0.098,0.271,5.69,91,250,16
11896,5,68,135,2680,0.804,0.82,0.904,62.81,591,513,296
11897,3,36,1,136,0.007,0.993,1.0,135.0,135,136,1
11898,2,6,47,282,7.833,0.202,0.202,57.0,57,57,1
11899,1,6,97,582,16.167,0.266,0.72,1.82,155,419,85
11900,3,9,1,9,0.111,1.0,1.0,9.0,9,9,1
11901,1,7,23,161,3.286,0.329,0.938,1.39,53,151,38
11902,1,10,271,2710,27.1,0.193,0.769,1.28,524,84,409
11903,1,6,13,78,2.167,0.346,0.846,2.7,27,66,10
11904,2,1,81,81,81.0,0.901,1.0,24.33,73,81,3
11905,3,23,1,23,0.043,1.0,1.0,23.0,23,23,1
11906,2,1,10,10,10.0,0.8,1.0,4.0,8,10,2
11907,2,1,124,124,124.0,0.444,1.0,7.86,55,124,7
11908,2,1,159,159,159.0,0.975,1.0,77.5,155,159,2
11909,5,63,79,4977,1.254,0.338,0.345,186.78,681,718,9
11910,5,83,149,2367,1.795,0.388,0.472,28.77,804,838,167
11911,1,3,4,12,1.333,0.667,0.667,8.0,8,8,1
11912,3,8,1,8,0.125,1.0,1.0,8.0,8,8,1
11913,4,14,19,266,1.357,0.128,0.541,2.83,34,144,12
11914,1,8,36,288,4.5,0.406,1.0,1.89,117,288,62
11915,1,8,208,1664,26.0,0.194,0.491,1.65,323,817,196
11916,5,28,31,868,1.107,0.508,0.767,7.47,441,666,59
11917,1,8,80,640,10.0,0.347,0.933,1.75,222,597,127
11918,4,18,105,2390,0.89,0.052,0.105,3.33,642,296,193
11919,1,10,18,180,1.8,0.311,0.706,1.93,56,127,29
11920,2,2,446,892,223.0,0.439,0.603,17.82,392,538,22
11921,1,8,33,264,4.125,0.375,0.981,1.6,99,259,62
11922,3,4,11,8844,0.014,0.191,0.233,15.64,689,58,108
11923,3,10,1,10,0.1,1.0,1.0,10.0,10,10,1
11924,3,25,1,25,0.04,1.0,1.0,25.0,25,25,1
11925,3,54,1,54,0.019,1.0,1.0,54.0,54,54,1
11926,1,6,96,576,16.0,0.262,0.842,1.51,151,485,100
11927,4,13,5,65,0.385,0.323,0.554,5.25,21,36,4
11928,2,1,277,277,277.0,0.993,1.0,137.5,275,277,2
11929,5,28,347,4416,2.711,0.399,0.567,13.07,721,163,356
11930,4,15,14,210,0.933,0.11,0.338,1.92,23,71,12
11931,4,34,25,850,0.735,0.256,0.534,2.06,218,454,106
11932,1,10,131,1310,13.1,0.487,0.856,2.94,638,121,217
11933,1,8,26,208,3.25,0.236,0.779,1.26,49,162,39
11934,2,2,32,64,16.0,0.516,0.531,33.0,33,34,1
11935,2,2,52,104,26.0,0.231,0.529,1.5,24,55,16
11936,4,39,70,2730,1.795,0.09,0.255,7.0,245,697,35
11937,5,83,149,2367,1.795,0.388,0.472,28.77,804,838,167
11938,3,7,1,7,0.143,1.0,1.0,7.0,7,7,1
11939,2,1,22,22,22.0,0.818,1.0,4.5,18,22,4
11940,5,74,471,1954,2.707,0.339,0.433,15.84,820,499,756
11941,2,2,99,198,49.5,0.253,0.616,4.55,50,122,11
11942,1,13,45,585,3.462,0.429,0.566,6.61,251,331,38
11943,5,66,472,8352,2.843,0.359,0.547,17.12,93,821,641
11944,1,7,86,602,12.286,0.244,0.831,1.27,147,500,116
11945,2,2,99,198,49.5,0.253,0.616,4.55,50,122,11
11946,2,1,52,52,52.0,0.538,1.0,14.0,28,52,2
11947,3,20,1,20,0.05,1.0,1.0,20.0,20,20,1
11948,4,14,17,238,1.214,0.113,0.387,1.8,27,92,15
11949,1,8,12,96,1.5,0.448,0.885,1.95,43,85,22
11950,4,91,285,5935,3.132,0.158,0.165,113.89,100,287,36
11951,3,23,1,23,0.043,1.0,1.0,23.0,23,23,1
11952,1,12,43,516,3.583,0.357,0.849,2.71,184,438,68
11953,1,9,27,243,3.0,0.346,0.975,1.87,84,237,45
11954,3,8,1,8,0.125,1.0,1.0,8.0,8,8,1
11955,5,66,472,8352,2.843,0.359,0.547,17.12,93,821,641
11956,3,61,30,7830,0.115,0.063,0.09,2.4,492,701,205
11957,1,11,71,781,6.455,0.461,0.659,5.54,360,515,65
11958,4,43,62,2666,1.442,0.08,0.17,6.63,212,454,32
11959,5,93,104,9672,1.118,0.451,0.611,4.25,366,908,28
11960,4,52,461,3972,8.865,0.192,0.248,11.52,607,938,400
11961,1,12,43,516,3.583,0.293,0.791,2.29,151,408,66
11962,4,85,69,5865,0.812,0.165,0.441,1.44,969,588,674
11963,3,4,2,8,0.5,1.0,1.0,8.0,8,8,1
11964,4,36,96,3456,2.667,0.096,0.207,7.7,331,717,43
11965,2,1,152,152,152.0,0.822,1.0,11.36,125,152,11
11966,1,10,19,190,1.9,0.332,0.695,3.71,63,132,17
11967,3,10,1,10,0.1,1.0,1.0,10.0,10,10,1
11968,3,84,1,84,0.012,1.0,1.0,84.0,84,84,1
11969,2,1,145,145,145.0,0.972,1.0,35.25,141,145,4
11970,4,53,48,2544,0.906,0.157,0.269,7.84,400,685,51
11971,1,10,127,1270,12.7,0.388,0.798,2.35,493,14,210
11972,3,13,1,13,0.077,1.0,1.0,13.0,13,13,1
11973,4,52,48,2496,0.923,0.138,0.248,7.67,345,619,45
11974,2,1,52,52,52.0,0.538,1.0,14.0,28,52,2
11975,2,1,19,19,19.0,0.632,1.0,4.0,12,19,3
11976,4,4,7,28,1.75,0.286,1.0,2.0,8,28,4
11977,2,1,14,14,14.0,1.0,1.0,14.0,14,14,1
11978,2,2,69,138,34.5,0.623,0.906,10.75,86,125,8
11979,2,1,28,28,28.0,0.964,1.0,27.0,27,28,1
11980,5,95,93,8835,0.979,0.675,0.902,3.63,966,968,644
11981,3,54,1,54,0.019,1.0,1.0,54.0,54,54,1
11982,3,5,2,10,0.4,0.7,0.7,7.0,7,7,1
11983,4,53,442,7626,2.889,0.114,0.215,6.27,689,538,227
11984,2,1,42,42,42.0,0.31,1.0,2.6,13,42,5
11985,4,13,13,169,1.0,0.124,0.45,3.5,21,76,6
11986,1,5,10,50,2.0,0.56,0.96,2.33,28,48,12
11987,3,26,1,26,0.038,1.0,1.0,26.0,26,26,1
11988,4,29,48,1392,1.655,0.116,0.268,5.06,162,373,32
11989,5,68,135,2680,0.804,0.82,0.904,62.81,591,513,296
11990,4,67,30,2010,0.448,0.169,0.46,2.26,339,924,150
11991,3,34,1,34,0.029,1.0,1.0,34.0,34,34,1
11992,5,63,161,6243,0.988,0.523,0.897,8.4,725,547,634
11993,3,22,1,22,0.045,1.0,1.0,22.0,22,22,1
11994,4,13,13,169,1.0,0.124,0.45,3.5,21,76,6
11995,2,1,8,8,8.0,1.0,1.0,8.0,8,8,1
11996,5,63,161,6243,0.988,0.523,0.897,8.4,725,547,634
11997,4,6,5,30,0.833,0.233,0.633,1.75,7,19,4
11998,3,4,2,8,0.5,0.875,0.875,7.0,7,7,1
11999,3,5,2,10,0.4,0.8,0.8,8.0,8,8,1
12000,3,38,1,38,0.026,1.0,1.0,38.0,38,38,1
12001,1,8,41,328,5.125,0.378,0.945,1.61,124,310,77
12002,2,1,14,14,14.0,0.929,1.0,13.0,13,14,1
12003,4,13,8,104,0.615,0.154,0.769,1.07,16,80,15
12004,4,68,34,2312,0.5,0.224,0.526,2.44,519,215,213
12005,1,8,62,496,7.75,0.308,0.948,1.91,153,470,80
12006,4,32,350,1200,10.938,0.142,0.402,3.96,588,497,401
12007,1,8,183,1464,22.875,0.288,0.664,2.08,421,972,202
12008,3,13,1,13,0.077,1.0,1.0,13.0,13,13,1
12009,4,8,4,32,0.5,0.438,0.594,7.0,14,19,2
12010,5,28,32,896,1.143,0.481,0.742,7.43,431,665,58
12011,4,8,4,32,0.5,0.438,0.594,7.0,14,19,2
12012,4,4,463,752,1.523,0.063,0.121,3.91,898,81,273
12013,2,1,127,127,127.0,0.646,1.0,13.67,82,127,6
12014,5,29,32,928,1.103,0.476,0.72,7.25,442,668,61
12015,5,66,472,8352,2.843,0.359,0.547,17.12,93,821,641
12016,4,30,61,1830,2.033,0.157,0.483,1.88,288,884,153
12017,2,1,17,17,17.0,0.765,1.0,3.25,13,17,4
12018,1,10,119,1190,11.9,0.39,0.81,2.75,464,964,169
12019,1,2,19,38,9.5,0.237,1.0,1.8,9,38,5
12020,5,64,73,4672,1.141,0.403,0.445,72.38,882,77,26
12021,4,5,3,15,0.6,0.467,0.6,3.5,7,9,2
12022,4,31,105,3255,3.387,0.224,0.417,5.35,728,358,136
12023,4,91,285,5935,3.132,0.158,0.165,113.89,100,287,36
12024,1,5,39,195,7.8,0.328,0.744,2.06,64,145,31
12025,3,9,1,9,0.111,1.0,1.0,9.0,9,9,1
12026,5,53,158,4174,1.033,0.587,0.641,46.95,180,491,302
12027,3,27,4,108,0.148,0.333,0.667,2.57,36,72,14
12028,5,28,32,896,1.143,0.481,0.742,7.43,431,665,58
12029,2,1,35,35,35.0,0.857,1.0,10.0,30,35,3
12030,3,9,1,9,0.111,1.0,1.0,9.0,9,9,1
12031,1,8,28,224,3.5,0.299,0.969,1.6,67,217,42
12032,3,7,1,7,0.143,1.0,1.0,7.0,7,7,1
12033,4,53,48,2544,0.906,0.181,0.374,4.69,460,951,98
12034,2,3,470,1410,156.67,0.352,0.387,23.62,496,545,21
12035,3,22,1,22,0.045,1.0,1.0,22.0,22,22,1
12036,1,8,9,72,1.125,0.389,0.736,2.15,28,53,13
12037,4,4,5,20,1.25,0.35,0.8,2.33,7,16,3
12038,1,11,29,319,2.636,0.298,0.752,2.21,95,240,43
12039,5,63,161,6243,0.988,0.523,0.897,8.4,725,547,634
12040,4,48,402,9296,8.375,0.055,0.094,4.13,58,814,256
12041,2,1,147,147,147.0,0.864,1.0,11.55,127,147,11
12042,3,5,2,10,0.4,0.8,0.8,8.0,8,8,1
12043,1,10,25,250,2.5,0.384,0.836,2.46,96,209,39
12044,4,7,15,105,2.143,0.114,0.295,2.4,12,31,5
12045,1,7,5,35,0.714,0.514,0.8,9.0,18,28,2
12046,1,8,16,128,2.0,0.359,0.781,2.0,46,100,23
12047,5,29,31,899,1.069,0.463,0.726,6.93,416,653,60
12048,1,9,102,918,11.333,0.214,0.708,1.3,196,650,151
12049,4,91,285,5935,3.132,0.158,0.165,113.89,100,287,36
12050,3,8,1,8,0.125,1.0,1.0,8.0,8,8,1
12051,2,1,73,73,73.0,0.616,1.0,3.75,45,73,12
12052,3,38,1,38,0.026,1.0,1.0,38.0,38,38,1
12053,1,8,44,352,5.5,0.486,0.952,2.95,171,335,58
12054,3,15,1,15,0.067,1.0,1.0,15.0,15,15,1
12055,3,7,1,7,0.143,1.0,1.0,7.0,7,7,1
12056,5,28,32,896,1.143,0.488,0.743,7.05,437,666,62
12057,1,9,306,2754,34.0,0.192,0.751,1.4,530,69,378
12058,5,87,137,5619,0.733,0.899,0.991,29.29,25,400,786
12059,3,18,1,18,0.056,1.0,1.0,18.0,18,18,1
12060,4,53,48,2544,0.906,0.157,0.269,7.84,400,685,51
12061,1,13,277,3601,21.308,0.293,0.636,2.59,54,292,407
12062,4,54,357,9278,6.611,0.324,0.644,6.22,238,422,3
12063,1,6,6,36,1.0,0.528,0.917,3.17,19,33,6
12064,5,65,50,3250,0.769,0.454,0.487,245.83,475,582,6
12065,4,68,34,2312,0.5,0.224,0.526,2.44,519,215,213
12066,3,1,25,25,25.0,1.0,1.0,25.0,25,25,1
12067,2,1,20,20,20.0,0.85,1.0,8.5,17,20,2
12068,2,1,127,127,127.0,0.646,1.0,13.67,82,127,6
12069,2,1,14,14,14.0,1.0,1.0,14.0,14,14,1
12070,3,7,1,7,0.143,1.0,1.0,7.0,7,7,1
12071,3,13,1,13,0.077,1.0,1.0,13.0,13,13,1
12072,5,28,32,896,1.143,0.462,0.722,7.02,414,647,59
12073,3,8,1,8,0.125,1.0,1.0,8.0,8,8,1
12074,1,8,70,560,8.75,0.371,0.911,1.7,208,510,122
12075,3,61,30,7830,0.115,0.063,0.09,2.4,492,701,205
12076,3,7,1,7,0.143,1.0,1.0,7.0,7,7,1
12077,5,74,471,1954,2.707,0.339,0.433,15.84,820,499,756
12078,5,86,469,7234,2.522,0.378,0.529,22.29,17,133,481
12079,3,58,3,174,0.052,0.339,0.345,59.0,59,60,1
12080,3,5,2,210,0.019,0.529,0.533,111.0,111,112,1
12081,3,44,3,132,0.068,0.598,0.841,2.47,79,111,32
12082,2,2,116,232,58.0,0.616,0.802,17.88,143,186,8
12083,1,8,1,8,0.125,1.0,1.0,8.0,8,8,1
12084,2,2,538,1076,269.0,0.637,0.703,29.78,685,756,23
12085,1,10,79,790,7.9,0.347,0.784,2.25,274,619,122
12086,1,12,22,264,1.833,0.553,0.841,7.68,146,222,19
12087,3,10,1,10,0.1,1.0,1.0,10.0,10,10,1
12088,4,29,48,1392,1.655,0.116,0.268,5.06,162,373,32
12089,4,20,39,780,1.95,0.14,0.405,3.21,109,316,34
12090,5,29,32,928,1.103,0.476,0.72,7.25,442,668,61
12091,3,9,2,18,0.222,0.611,0.722,11.0,11,13,1
12092,4,52,461,3972,8.865,0.192,0.248,11.52,607,938,400
12093,5,29,31,899,1.069,0.463,0.726,6.93,416,653,60
12094,5,83,149,2367,1.795,0.388,0.472,28.77,804,838,167
12095,1,9,180,1620,20.0,0.343,0.738,2.47,555,196,225
12096,5,53,158,4174,1.033,0.587,0.641,46.95,180,491,302
12097,1,9,81,729,9.0,0.337,0.918,1.97,246,669,125
12098,1,11,23,253,2.091,0.265,0.735,2.09,67,186,32
12099,5,29,32,928,1.103,0.432,0.689,6.27,401,639,64
12100,2,3,304,912,101.33,0.555,0.686,42.17,506,626,12
12101,4,21,68,1428,3.238,0.052,0.109,5.69,74,156,13
12102,5,65,50,3250,0.769,0.454,0.487,245.83,475,582,6
12103,5,28,31,868,1.107,0.508,0.767,7.47,441,666,59
12104,5,68,145,4360,0.863,0.798,0.963,13.06,430,457,488
12105,3,11,1,11,0.091,1.0,1.0,11.0,11,11,1
12106,1,20,19,380,0.95,0.495,0.713,12.53,188,271,15
12107,1,11,70,770,6.364,0.381,0.639,3.53,293,492,83
12108,1,9,21,189,2.333,0.175,0.513,1.65,33,97,20
12109,1,12,8,96,0.667,0.198,1.0,2.11,19,96,9
12110,4,9,17,153,1.889,0.144,0.458,3.14,22,70,7
12111,4,19,47,893,2.474,0.078,0.112,3.89,70,100,18
12112,2,1,35,35,35.0,0.829,1.0,9.67,29,35,3
12113,2,1,15,15,15.0,0.867,1.0,6.5,13,15,2
12114,1,10,42,420,4.2,0.355,0.862,2.13,149,362,70
12115,1,8,12,96,1.5,0.427,0.75,2.05,41,72,20
12116,3,31,1,31,0.032,1.0,1.0,31.0,31,31,1
12117,2,12,278,3336,23.167,0.11,0.144,15.91,366,479,23
12118,1,12,122,1464,10.167,0.26,0.881,2.3,381,290,166
12119,5,64,73,4672,1.141,0.403,0.445,72.38,882,77,26
12120,2,1,131,131,131.0,0.977,1.0,64.0,128,131,2
12121,3,98,3,294,0.031,0.48,0.486,141.0,141,143,1
12122,1,6,44,264,7.333,0.447,0.811,2.11,118,214,56
12123,1,9,133,1197,14.778,0.236,0.718,1.89,283,859,150
12124,2,1,257,257,257.0,1.0,1.0,257.0,257,257,1
12125,3,14,1,14,0.071,1.0,1.0,14.0,14,14,1
12126,5,53,158,4174,1.033,0.587,0.641,46.95,180,491,302
12127,1,10,13,130,1.3,0.231,0.8,1.76,30,104,17
12128,3,17,1,117,0.009,1.0,1.0,117.0,117,117,1
12129,5,68,145,4360,0.863,0.798,0.963,13.06,430,457,488
12130,3,13,1,13,0.077,1.0,1.0,13.0,13,13,1
12131,3,76,1,76,0.013,1.0,1.0,76.0,76,76,1
12132,5,29,32,928,1.103,0.432,0.689,6.27,401,639,64
12133,2,3,537,1611,179.0,0.353,0.364,71.13,569,587,8
12134,2,7,1,7,0.143,1.0,1.0,7.0,7,7,1
12135,4,9,4,36,0.444,0.25,0.75,9.0,9,27,1
12136,2,1,255,255,255.0,0.686,1.0,4.86,175,255,36
12137,2,1,15,15,15.0,0.533,1.0,2.0,8,15,4
12138,4,7,13,91,1.857,0.154,0.484,2.0,14,44,7
12139,3,9,2,18,0.222,0.611,0.722,11.0,11,13,1
12140,2,21,2,42,0.095,0.738,0.738,31.0,31,31,1
12141,3,16,1,16,0.063,1.0,1.0,16.0,16,16,1
12142,2,2,21,42,10.5,0.452,1.0,6.33,19,42,3
12143,3,16,1,16,0.063,1.0,1.0,16.0,16,16,1
12144,3,7,2,14,0.286,0.643,0.714,9.0,9,10,1
12145,3,1,25,25,25.0,1.0,1.0,25.0,25,25,1
12146,5,68,135,2680,0.804,0.82,0.904,62.81,591,513,296
12147,5,28,31,868,1.107,0.508,0.767,7.47,441,666,59
12148,4,6,5,30,0.833,0.367,1.0,2.2,11,30,5
12149,4,13,13,169,1.0,0.124,0.45,3.5,21,76,6
12150,5,68,135,2680,0.804,0.82,0.904,62.81,591,513,296
12151,4,67,30,2010,0.448,0.169,0.46,2.26,339,924,150
12152,5,68,145,4360,0.863,0.798,0.963,13.06,430,457,488
12153,1,10,30,300,3.0,0.333,0.93,1.79,100,279,56
12154,1,6,5,30,0.833,0.333,0.833,1.67,10,25,6
12155,4,13,8,104,0.615,0.154,0.769,1.07,16,80,15
12156,4,6,5,30,0.833,0.367,1.0,2.2,11,30,5
12157,3,9,1,9,0.111,1.0,1.0,9.0,9,9,1
12158,5,64,73,4672,1.141,0.403,0.445,72.38,882,77,26
12159,3,10,1,10,0.1,0.9,1.0,9.0,9,10,1
12160,3,66,3,198,0.045,0.657,0.909,2.6,130,180,50
12161,5,29,32,928,1.103,0.432,0.689,6.27,401,639,64
12162,3,13,1,13,0.077,1.0,1.0,13.0,13,13,1
12163,3,12,2,24,0.167,0.625,0.667,15.0,15,16,1
12164,5,63,161,6243,0.988,0.523,0.897,8.4,725,547,634
12165,5,86,469,7234,2.522,0.378,0.529,22.29,17,133,481
12166,1,8,13,104,1.625,0.423,0.99,1.76,44,103,25
12167,4,86,67,5762,0.779,0.164,0.935,2.37,947,386,399
12168,4,81,49,3969,0.605,0.113,0.398,2.26,449,580,199
12169,2,2,20,40,10.0,0.675,0.675,27.0,27,27,1
12170,4,11,48,528,4.364,0.237,0.39,7.35,125,206,17
12171,2,1,7,7,7.0,1.0,1.0,7.0,7,7,1
12172,4,28,61,1708,2.179,0.172,0.509,1.97,294,870,149
12173,2,1,75,75,75.0,0.813,1.0,5.55,61,75,11
12174,4,54,357,9278,6.611,0.299,0.655,6.4,766,626,901
12175,1,7,14,98,2.0,0.316,0.827,1.94,31,81,16
12176,4,6,5,30,0.833,0.367,1.0,2.2,11,30,5
12177,2,1,17,17,17.0,0.412,1.0,1.75,7,17,4
12178,1,9,250,2250,27.778,0.36,0.733,2.56,810,649,316
12179,4,7,13,91,1.857,0.154,0.484,2.0,14,44,7
12180,5,29,31,899,1.069,0.463,0.726,6.93,416,653,60
12181,4,83,314,6062,3.783,0.282,0.619,8.77,353,139,838
12182,3,4,2,8,0.5,0.875,0.875,7.0,7,7,1
12183,1,8,15,120,1.875,0.292,0.808,1.84,35,97,19
12184,3,13,1,13,0.077,1.0,1.0,13.0,13,13,1
12185,2,3,550,1650,183.33,0.339,0.401,15.11,559,662,37
12186,5,65,50,3250,0.769,0.454,0.487,245.83,475,582,6
12187,2,6,39,234,6.5,0.192,0.197,45.0,45,46,1
12188,3,11,1,11,0.091,1.0,1.0,11.0,11,11,1
12189,3,8,1,8,0.125,0.875,1.0,7.0,7,8,1
12190,3,8,1,8,0.125,1.0,1.0,8.0,8,8,1
12191,2,1,36,36,36.0,0.306,1.0,1.83,11,36,6
12192,2,3,113,339,37.667,0.357,0.378,30.25,121,128,4
12193,4,12,464,8368,2.189,0.052,0.07,11.84,66,884,428
12194,1,7,96,672,13.714,0.274,0.982,1.6,184,660,115
12195,2,1,19,19,19.0,0.684,1.0,4.33,13,19,3
12196,4,24,18,432,0.75,0.139,0.377,2.07,60,163,29
12197,1,28,171,4788,6.107,0.258,0.912,1.99,235,369,621
12198,3,10,1,10,0.1,1.0,1.0,10.0,10,10,1
12199,1,7,21,147,3.0,0.327,0.728,1.41,48,107,34
12200,1,11,43,473,3.909,0.336,0.753,2.74,159,356,58
12201,1,5,7,35,1.4,0.371,0.743,4.33,13,26,3
12202,1,1,47,47,47.0,0.426,1.0,1.05,20,47,19
12203,3,9,1,9,0.111,1.0,1.0,9.0,9,9,1
12204,4,83,314,6062,3.783,0.298,0.671,8.75,772,482,888
12205,2,1,34,34,34.0,0.471,1.0,1.07,16,34,15
12206,4,85,69,5865,0.812,0.165,0.441,1.44,969,588,674
12207,4,29,48,1392,1.655,0.116,0.268,5.06,162,373,32
12208,4,29,61,1769,2.103,0.121,0.431,1.78,214,762,120
12209,1,5,13,65,2.6,0.262,0.692,1.42,17,45,12
12210,1,9,17,153,1.889,0.523,0.869,7.27,80,133,11
12211,2,1,13,13,13.0,1.0,1.0,13.0,13,13,1
12212,1,10,15,150,1.5,0.247,0.72,1.61,37,108,23
12213,5,28,32,896,1.143,0.462,0.722,7.02,414,647,59
12214,3,54,1,54,0.019,1.0,1.0,54.0,54,54,1
12215,2,1,15,15,15.0,0.867,1.0,6.5,13,15,2
12216,2,1,20,20,20.0,0.55,1.0,1.38,11,20,8
12217,2,1,17,17,17.0,1.0,1.0,17.0,17,17,1
12218,5,86,469,7234,2.522,0.378,0.529,22.29,17,133,481
12219,5,65,50,3250,0.769,0.454,0.487,245.83,475,582,6
12220,5,28,32,896,1.143,0.462,0.722,7.02,414,647,59
12221,5,29,32,928,1.103,0.476,0.72,7.25,442,668,61
12222,3,34,1,34,0.029,1.0,1.0,34.0,34,34,1
12223,4,29,61,1769,2.103,0.121,0.431,1.78,214,762,120
12224,5,93,104,9672,1.118,0.451,0.611,4.25,366,908,28
12225,5,53,158,4174,1.033,0.587,0.641,46.95,180,491,302
12226,2,1,11,11,11.0,1.0,1.0,11.0,11,11,1
12227,3,34,1,34,0.029,1.0,1.0,34.0,34,34,1
12228,1,7,5,35,0.714,0.2,0.429,7.0,7,15,1
12229,1,5,116,580,23.2,0.376,0.784,2.18,218,455,100
12230,4,29,61,1769,2.103,0.121,0.431,1.78,214,762,120
12231,4,20,39,780,1.95,0.14,0.405,3.21,109,316,34
12232,5,72,96,6912,1.333,0.488,0.582,15.69,374,25,215
12233,1,7,53,371,7.571,0.342,0.58,2.4,127,215,53
12234,5,68,135,2680,0.804,0.82,0.904,62.81,591,513,296
12235,4,52,461,3972,8.865,0.192,0.248,11.52,607,938,400
12236,2,7,46,322,6.571,0.177,0.304,8.14,57,98,7
12237,3,42,7,294,0.167,0.282,0.432,2.18,83,127,38
12238,2,1,11,11,11.0,0.909,1.0,10.0,10,11,1
12239,3,14,1,14,0.071,1.0,1.0,14.0,14,14,1
12240,4,5,12,60,2.4,0.133,0.267,4.0,8,16,2
12241,1,5,11,55,2.2,0.364,1.0,1.33,20,55,15
12242,4,31,105,3255,3.387,0.242,0.456,4.89,787,485,161
12243,2,1,131,131,131.0,0.977,1.0,64.0,128,131,2
12244,5,28,32,896,1.143,0.481,0.742,7.43,431,665,58
12245,4,83,277,2991,3.337,0.18,0.365,6.86,138,387,603
12246,1,7,11,77,1.571,0.351,0.87,1.5,27,67,18
12247,3,13,1,13,0.077,1.0,1.0,13.0,13,13,1
12248,2,25,300,7500,12.0,0.065,0.071,40.33,484,531,12
12249,5,63,161,6243,0.988,0.523,0.897,8.4,725,547,634
12250,1,10,261,2610,26.1,0.183,0.515,1.49,477,343,321
12251,5,72,96,6912,1.333,0.488,0.582,15.69,374,25,215
12252,1,11,337,3707,30.636,0.175,0.637,2.2,650,361,296
12253,5,83,149,2367,1.795,0.388,0.472,28.77,804,838,167
12254,1,9,19,171,2.111,0.298,0.737,2.68,51,126,19
12255,4,12,464,8368,2.189,0.052,0.07,11.84,66,884,428
12256,5,78,140,4920,0.787,0.574,0.649,21.52,292,177,664
12257,3,47,1,47,0.021,1.0,1.0,47.0,47,47,1
12258,4,18,105,2390,0.89,0.052,0.105,3.33,642,296,193
12259,1,13,409,5317,31.462,0.277,0.573,2.65,475,49,556
12260,4,8,9,72,1.125,0.125,0.319,4.5,9,23,2
12261,1,13,188,2444,14.462,0.188,0.71,1.67,460,736,275
12262,4,7,11,77,1.571,0.117,0.494,1.8,9,38,5
12263,4,11,463,3993,1.489,0.088,0.16,3.93,631,92,212
12264,5,28,31,868,1.107,0.492,0.745,7.49,427,647,57
12265,3,16,1,16,0.063,1.0,1.0,16.0,16,16,1
12266,2,1,75,75,75.0,0.92,1.0,11.5,69,75,6
12267,2,1,19,19,19.0,0.632,1.0,4.0,12,19,3
12268,5,83,149,2367,1.795,0.388,0.472,28.77,804,838,167
12269,5,95,93,8835,0.979,0.675,0.902,3.63,966,968,644
12270,5,93,104,9672,1.118,0.451,0.611,4.25,366,908,28
12271,5,87,141,6367,0.754,0.415,0.884,4.69,947,301,333
12272,3,8,1,8,0.125,1.0,1.0,8.0,8,8,1
12273,3,27,1,27,0.037,1.0,1.0,27.0,27,27,1
12274,3,9,1,9,0.111,1.0,1.0,9.0,9,9,1
12275,4,11,48,528,4.364,0.237,0.39,7.35,125,206,17
12276,2,1,13,13,13.0,1.0,1.0,13.0,13,13,1
12277,2,1,57,57,57.0,0.456,1.0,3.71,26,57,7
12278,4,60,286,5760,1.788,0.201,0.226,55.42,199,347,166
12279,2,3,259,777,86.333,0.411,0.481,13.29,319,374,24
12280,2,1,199,199,199.0,0.945,1.0,37.6,188,199,5
12281,5,29,32,928,1.103,0.476,0.72,7.25,442,668,61
12282,4,52,48,2496,0.923,0.138,0.248,7.67,345,619,45
12283,3,7,2,14,0.286,0.643,0.714,9.0,9,10,1
12284,3,13,1,13,0.077,1.0,1.0,13.0,13,13,1
12285,3,7,1,7,0.143,1.0,1.0,7.0,7,7,1
12286,5,63,79,4977,1.254,0.338,0.345,186.78,681,718,9
12287,2,2,536,1072,268.0,0.505,0.512,180.33,541,549,3
12288,1,8,6,48,0.75,0.542,0.646,13.0,26,31,2
12289,3,16,1,16,0.063,1.0,1.0,16.0,16,16,1
12290,5,68,135,2680,0.804,0.82,0.904,62.81,591,513,296
12291,3,98,3,294,0.031,0.48,0.486,141.0,141,143,1
12292,5,87,137,5619,0.733,0.899,0.991,29.29,25,400,786
12293,3,94,2,188,0.021,0.516,0.516,97.0,97,97,1
12294,1,7,343,2401,49.0,0.213,0.772,1.45,512,854,352
12295,1,10,76,760,7.6,0.474,0.799,3.03,360,607,119
12296,2,2,20,40,10.0,0.675,0.675,27.0,27,27,1
12297,2,4,194,776,48.5,0.263,0.273,34.0,204,212,6
12298,1,6,28,168,4.667,0.143,0.53,1.71,24,89,14
12299,4,31,105,3255,3.387,0.224,0.417,5.35,728,358,136
12300,2,3,286,858,95.333,0.406,0.427,87.0,348,366,4
12301,4,53,48,2544,0.906,0.181,0.374,4.69,460,951,98
12302,1,7,28,196,4.0,0.306,0.847,1.58,60,166,38
12303,2,1,114,114,114.0,0.939,1.0,21.4,107,114,5
12304,3,8,1,8,0.125,1.0,1.0,8.0,8,8,1
12305,5,83,149,2367,1.795,0.388,0.472,28.77,804,838,167
12306,2,1,14,14,14.0,0.5,1.0,2.33,7,14,3
12307,2,1,61,61,61.0,1.0,1.0,61.0,61,61,1
12308,1,10,7,70,0.7,0.357,0.757,2.78,25,53,9
12309,3,22,1,22,0.045,1.0,1.0,22.0,22,22,1
12310,1,7,7,49,1.0,0.327,0.898,2.29,16,44,7
12311,3,12,1,12,0.083,1.0,1.0,12.0,12,12,1
12312,2,1,46,46,46.0,0.239,1.0,1.38,11,46,8
12313,5,87,141,6367,0.754,0.415,0.884,4.69,947,301,333
12314,1,9,64,576,7.111,0.307,0.842,1.99,177,485,89
12315,4,5,7,35,1.4,0.229,0.6,2.67,8,21,3
12316,5,29,31,899,1.069,0.463,0.726,6.93,416,653,60
12317,1,11,134,1474,12.182,0.286,0.777,2.36,422,145,179
12318,4,24,18,432,0.75,0.139,0.377,2.07,60,163,29
12319,5,28,32,896,1.143,0.481,0.742,7.43,431,665,58
12320,4,83,315,6145,3.795,0.295,0.594,9.21,725,523,839
12321,5,86,469,7234,2.522,0.378,0.529,22.29,17,133,481
12322,4,86,67,5762,0.779,0.164,0.935,2.37,947,386,399
12323,3,9,1,9,0.111,1.0,1.0,9.0,9,9,1
12324,1,6,31,186,5.167,0.301,0.844,1.65,56,157,34
12325,5,64,73,4672,1.141,0.403,0.445,72.38,882,77,26
12326,3,1,25,25,25.0,1.0,1.0,25.0,25,25,1
12327,2,3,183,549,61.0,0.488,0.577,29.78,268,317,9
12328,1,8,12,96,1.5,0.427,0.927,2.05,41,89,20
12329,4,91,285,5935,3.132,0.158,0.165,113.89,100,287,36
12330,5,63,66,4158,1.048,0.491,0.591,44.37,41,458,46
12331,4,4,11,44,2.75,0.159,0.932,1.75,7,41,4
12332,5,68,135,2680,0.804,0.82,0.904,62.81,591,513,296
12333,3,15,1,15,0.067,1.0,1.0,15.0,15,15,1
12334,4,7,24,168,3.429,0.101,0.298,1.89,17,50,9
12335,2,1,45,45,45.0,0.244,1.0,1.38,11,45,8
12336,3,27,4,108,0.148,0.333,0.667,2.57,36,72,14
12337,4,16,29,464,1.813,0.144,0.496,2.58,67,230,26
12338,5,68,135,2680,0.804,0.82,0.904,62.81,591,513,296
12339,1,7,9,63,1.286,0.349,0.889,2.2,22,56,10
12340,2,1,199,199,199.0,0.945,1.0,37.6,188,199,5
12341,4,16,29,464,1.813,0.144,0.496,2.58,67,230,26
12342,5,64,73,4672,1.141,0.403,0.445,72.38,882,77,26
12343,2,2,537,1074,268.5,0.507,0.528,181.33,544,567,3
12344,4,1,99,9999,0.98,0.14,0.778,2.02,398,780,691
12345,1,7,10,70,1.429,0.329,1.0,1.77,23,70,13
12346,3,13,1,13,0.077,1.0,1.0,13.0,13,13,1
12347,1,19,12,228,0.632,0.303,0.439,7.67,69,100,9
12348,3,39,1,39,0.026,1.0,1.0,39.0,39,39,1
12349,1,6,29,174,4.833,0.339,0.874,1.51,59,152,39
