,Class,b,c,d,e,f,g,h,i,j,k
0,1,0.56,0.2,2.0,0.075,9.0,39.0,0.9987,3.48,0.62,9.3
1,1,0.7,0.06,1.9,0.079,20.0,35.0,0.99628,3.4,0.69,10.9
2,1,0.42,0.48,2.6,0.077,8.0,20.0,0.99852,3.09,0.53,11.0
3,1,0.66,0.0,1.8,0.075,13.0,40.0,0.9978,3.51,0.56,9.4
4,1,0.64,0.1,2.1,0.085,18.0,101.0,0.9956,3.34,0.52,10.2
5,1,0.77,0.2,8.1,0.098,30.0,92.0,0.99892,3.2,0.58,9.2
6,1,0.835,0.0,2.0,0.166,4.0,11.0,0.99608,3.39,0.52,10.0
7,1,0.5,0.36,2.8,0.116,26.0,55.0,0.99722,3.18,0.68,10.9
8,1,0.57,0.02,2.1,0.115,6.0,16.0,0.99654,3.38,0.69,9.5
9,1,0.655,0.16,2.1,0.074,8.0,25.0,0.99606,3.37,0.55,9.7
10,1,0.59,0.18,2.3,0.076,17.0,54.0,0.9975,3.43,0.59,10.0
11,1,0.39,0.54,2.7,0.095,21.0,101.0,1.0001,3.13,0.51,9.5
12,1,0.64,0.07,1.8,0.1,8.0,23.0,0.9961,3.3,0.58,9.6
13,1,0.55,0.15,2.2,0.076,19.0,40.0,0.9961,3.41,0.59,10.1
14,1,0.59,0.18,2.9,0.089,12.0,74.0,0.99738,3.14,0.54,9.4
15,1,0.4,0.18,1.6,0.079,24.0,58.0,0.9965,3.34,0.58,9.4
16,1,0.56,0.19,1.8,0.104,12.0,47.0,0.9964,3.19,0.93,9.5
17,1,0.665,0.61,2.0,0.112,13.0,95.0,0.997,3.16,0.54,9.1
18,1,0.55,0.09,3.3,0.068,8.0,17.0,0.99735,3.23,0.44,10.0
19,1,0.72,0.0,1.8,0.123,6.0,14.0,0.99627,3.45,0.58,9.8
20,1,0.42,0.21,2.5,0.092,33.0,88.0,0.99823,3.19,0.52,9.2
21,1,0.69,0.32,2.5,0.088,22.0,91.0,0.9979,3.29,0.62,10.1
22,1,0.49,0.49,5.6,0.06,26.0,121.0,0.9974,3.34,0.76,10.5
23,1,0.41,0.39,2.2,0.064,12.0,31.0,0.9984,3.26,0.65,10.2
24,1,0.55,0.17,2.9,0.087,20.0,53.0,1.0004,3.14,0.61,9.4
25,1,0.37,0.41,2.3,0.088,6.0,16.0,0.9988,3.09,0.8,9.3
26,1,0.675,0.07,2.4,0.089,17.0,82.0,0.9958,3.35,0.54,10.1
27,1,0.86,0.26,1.9,0.079,13.0,28.0,0.99712,3.25,0.62,10.0
28,1,0.49,0.1,2.6,0.068,4.0,14.0,0.99562,3.3,0.47,10.5
29,1,0.52,0.25,2.6,0.081,10.0,37.0,0.99685,3.46,0.5,11.0
30,1,0.595,0.41,7.9,0.086,30.0,109.0,0.9998,3.27,0.57,9.3
31,1,0.575,0.22,2.1,0.077,12.0,65.0,0.9967,3.29,0.51,9.2
32,1,0.29,0.4,1.7,0.067,8.0,20.0,0.99603,3.39,0.6,10.5
33,1,0.56,0.2,2.0,0.075,9.0,39.0,0.9987,3.48,0.62,9.3
34,1,0.655,0.12,2.3,0.083,15.0,113.0,0.9966,3.17,0.66,9.8
35,1,0.49,0.19,3.0,0.077,16.0,37.0,0.9966,3.37,0.51,10.5
36,1,0.5,0.49,2.2,0.089,5.0,14.0,1.0002,3.19,0.44,9.6
37,1,0.69,0.32,2.5,0.088,22.0,91.0,0.9979,3.29,0.62,10.1
38,1,0.78,0.51,1.7,0.415,12.0,66.0,0.99623,3.0,1.17,9.2
39,1,0.59,0.0,1.7,0.052,3.0,8.0,0.996,3.41,0.47,10.3
40,1,0.585,0.18,2.4,0.078,15.0,60.0,0.99638,3.31,0.54,9.8
41,1,0.6,0.49,2.8,0.075,5.0,19.0,0.9994,3.14,0.57,11.4
42,1,0.965,0.1,2.1,0.112,11.0,22.0,0.9963,3.26,0.5,9.5
43,1,0.665,0.61,2.0,0.112,13.0,95.0,0.997,3.16,0.54,9.1
44,1,0.43,0.29,2.1,0.075,19.0,66.0,0.99718,3.4,0.64,9.5
45,1,0.36,0.6,2.2,0.152,7.0,18.0,0.9986,3.04,1.06,9.4
46,1,0.18,0.4,1.8,0.062,7.0,20.0,0.9941,3.28,0.7,11.1
47,1,0.6,0.1,2.2,0.085,14.0,111.0,0.9964,3.15,0.66,9.8
48,1,0.67,0.12,1.6,0.186,5.0,21.0,0.996,3.39,0.54,9.5
49,1,1.035,0.15,6.0,0.073,11.0,54.0,0.999,3.37,0.49,9.9
50,1,0.42,0.53,3.3,0.105,33.0,98.0,1.001,3.2,0.95,9.2
51,1,0.61,0.14,2.4,0.067,10.0,42.0,0.9969,3.19,0.59,9.5
52,1,0.59,0.33,2.0,0.074,24.0,120.0,0.9968,3.25,0.54,9.4
53,1,0.88,0.25,2.5,0.104,35.0,155.0,1.001,3.41,0.67,11.2
54,1,0.35,0.41,2.3,0.083,11.0,61.0,0.9982,3.21,0.5,9.5
55,1,0.29,0.4,1.7,0.067,8.0,20.0,0.99603,3.39,0.6,10.5
56,1,0.6,0.04,2.5,0.076,18.0,88.0,0.99745,3.53,0.55,9.5
57,1,0.54,0.49,2.9,0.094,41.0,110.0,0.9982,3.08,0.61,9.2
58,1,0.69,0.0,2.4,0.088,19.0,38.0,0.999,3.35,0.6,9.3
59,1,0.75,0.27,3.8,0.11,34.0,89.0,0.99664,3.24,0.45,9.3
60,1,0.6,0.03,1.8,0.095,25.0,99.0,0.995,3.35,0.54,10.1
61,1,0.45,0.49,1.4,0.075,3.0,6.0,0.9969,3.13,0.63,10.4
62,1,0.6,0.3,4.5,0.068,20.0,110.0,0.99914,3.3,1.17,10.2
63,1,0.54,0.26,1.9,0.089,23.0,147.0,0.99636,3.26,0.59,9.7
64,1,0.42,0.53,3.3,0.105,33.0,98.0,1.001,3.2,0.95,9.2
65,1,0.37,0.41,2.3,0.088,6.0,16.0,0.9988,3.09,0.8,9.3
66,1,0.91,0.1,1.8,0.074,20.0,56.0,0.99672,3.35,0.56,9.2
67,1,0.835,0.03,2.1,0.092,10.0,19.0,0.9966,3.39,0.47,9.6
68,1,0.37,0.65,6.4,0.08,3.0,8.0,0.99817,3.27,0.58,11.0
69,1,0.61,0.29,1.6,0.114,9.0,29.0,0.9974,3.26,1.56,9.1
70,1,0.59,0.01,2.5,0.077,20.0,85.0,0.99746,3.55,0.59,9.8
71,1,0.64,0.23,2.1,0.08,11.0,119.0,0.99538,3.36,0.7,10.9
72,1,0.57,0.02,1.8,0.067,4.0,11.0,0.997,3.46,0.68,9.5
73,1,0.61,0.49,2.0,0.27,23.0,110.0,0.9972,3.12,1.02,9.3
74,1,0.41,0.3,2.1,0.083,35.0,72.0,0.997,3.44,0.52,9.4
75,1,0.65,0.1,2.9,0.089,17.0,40.0,0.99803,3.29,0.55,9.5
76,1,0.63,0.12,5.1,0.111,50.0,110.0,0.9983,3.26,0.77,9.4
77,1,0.685,0.23,2.3,0.111,20.0,84.0,0.9964,3.21,0.61,9.3
78,1,0.58,0.14,2.2,0.077,27.0,60.0,0.9963,3.28,0.59,9.8
79,1,0.75,0.14,2.5,0.086,9.0,30.0,0.99824,3.34,0.64,10.5
80,1,0.54,0.49,2.9,0.094,41.0,110.0,0.9982,3.08,0.61,9.2
81,1,0.935,0.43,2.2,0.114,22.0,114.0,0.997,3.25,0.73,9.2
82,1,0.58,0.2,3.0,0.081,15.0,115.0,0.998,3.23,0.59,9.5
83,1,0.26,0.45,3.3,0.06,20.0,49.0,0.9972,3.13,0.54,9.6
84,1,0.885,0.27,2.3,0.084,31.0,145.0,0.9978,3.24,0.53,9.4
85,1,0.56,0.08,2.1,0.105,16.0,44.0,0.9958,3.13,0.52,11.0
86,1,0.48,0.08,2.1,0.064,18.0,34.0,0.99552,3.33,0.64,9.7
87,1,0.41,0.58,2.8,0.096,25.0,101.0,1.00024,3.13,0.53,10.0
88,1,1.005,0.15,2.1,0.102,11.0,32.0,0.99604,3.23,0.48,10.0
89,1,0.62,0.08,1.8,0.076,8.0,24.0,0.9978,3.48,0.53,9.0
90,1,0.59,0.44,2.3,0.071,21.0,68.0,0.9992,3.46,0.63,9.5
91,1,1.33,0.0,1.8,0.082,3.0,12.0,0.9964,3.54,0.48,10.9
92,1,0.62,0.04,1.9,0.146,27.0,90.0,0.9984,3.16,0.7,9.4
93,1,0.75,0.27,3.8,0.11,34.0,89.0,0.99664,3.24,0.45,9.3
94,1,0.835,0.03,2.1,0.092,10.0,19.0,0.9966,3.39,0.47,9.6
95,1,0.44,0.49,2.4,0.078,26.0,121.0,0.9978,3.23,0.58,9.2
96,1,0.885,0.2,1.4,0.086,7.0,31.0,0.9946,3.11,0.46,10.0
97,1,0.685,0.0,1.9,0.067,40.0,63.0,0.9979,3.6,0.81,9.9
98,1,0.5,0.35,2.9,0.077,21.0,127.0,0.9976,3.23,0.62,9.4
99,1,0.46,0.11,2.6,0.079,12.0,49.0,0.9968,3.21,0.57,10.0
100,1,0.18,0.4,2.2,0.049,38.0,67.0,0.996,3.33,0.93,11.3
101,1,0.49,0.51,2.0,0.422,16.0,62.0,0.9979,3.03,1.17,9.0
102,1,0.685,0.35,2.0,0.088,9.0,92.0,0.9963,3.28,0.62,9.4
103,1,0.43,0.36,2.3,0.075,10.0,48.0,0.9976,3.34,0.46,9.4
104,1,0.685,0.0,1.9,0.099,9.0,22.0,0.99606,3.34,0.6,9.7
105,1,0.735,0.05,2.0,0.081,13.0,54.0,0.9966,3.39,0.57,9.8
106,1,0.6,0.03,1.8,0.095,25.0,99.0,0.995,3.35,0.54,10.1
107,1,0.89,0.3,2.6,0.132,7.0,60.0,0.99786,2.99,1.18,10.2
108,1,0.45,0.49,1.4,0.075,3.0,6.0,0.9969,3.13,0.63,10.4
109,1,0.56,0.08,2.1,0.105,16.0,44.0,0.9958,3.13,0.52,11.0
110,1,0.41,0.76,1.8,0.611,8.0,45.0,0.9968,3.06,1.26,9.4
111,1,0.78,0.23,2.6,0.059,5.0,15.0,0.997,3.37,0.56,11.3
112,1,0.6,0.1,1.6,0.048,12.0,26.0,0.99306,3.55,0.51,12.1
113,1,0.67,0.26,1.8,0.401,16.0,51.0,0.9969,3.16,1.14,9.4
114,1,0.66,0.0,3.0,0.115,21.0,31.0,0.99629,3.45,0.63,10.3
115,1,0.35,0.48,3.1,0.09,5.0,21.0,0.9986,3.17,0.53,10.5
116,1,0.575,0.22,2.1,0.077,12.0,65.0,0.9967,3.29,0.51,9.2
117,1,0.59,0.07,3.4,0.102,32.0,71.0,1.00015,3.31,0.71,9.8
118,1,0.62,0.06,2.7,0.077,15.0,85.0,0.99746,3.51,0.54,9.5
119,1,0.63,0.02,1.9,0.078,18.0,30.0,0.99712,3.4,0.75,9.8
120,1,0.38,0.48,1.8,0.157,5.0,17.0,0.9976,3.3,1.05,9.4
121,1,0.69,0.21,2.1,0.08,33.0,141.0,0.9962,3.25,0.51,9.9
122,1,0.36,0.6,2.2,0.152,7.0,18.0,0.9986,3.04,1.06,9.4
123,1,0.62,0.08,1.8,0.076,8.0,24.0,0.9978,3.48,0.53,9.0
124,1,0.62,0.35,2.8,0.086,28.0,52.0,0.997,3.31,0.62,10.8
125,1,0.49,0.33,1.9,0.074,27.0,85.0,0.99706,3.41,0.58,9.0
126,1,0.45,0.2,1.6,0.069,3.0,15.0,0.9958,3.41,0.56,9.2
127,1,0.46,0.29,2.1,0.074,32.0,98.0,0.99578,3.33,0.62,9.8
128,1,0.695,0.0,2.5,0.075,3.0,13.0,0.998,3.49,0.52,9.2
129,1,0.55,0.35,2.2,0.074,21.0,66.0,0.9974,3.25,0.56,9.2
130,1,0.65,0.18,1.8,0.07,13.0,40.0,0.997,3.44,0.6,9.1
131,1,0.73,0.21,1.7,0.074,5.0,13.0,0.9968,3.2,0.52,9.5
132,1,0.655,0.49,6.1,0.122,34.0,151.0,1.001,3.31,1.14,9.3
133,1,0.45,0.33,2.5,0.099,20.0,38.0,0.99818,3.24,0.71,10.8
134,1,0.48,0.24,2.85,0.094,35.0,106.0,0.9982,3.1,0.53,9.2
135,1,0.39,0.16,1.4,0.08,11.0,23.0,0.9955,3.34,0.56,9.3
136,1,0.58,0.25,2.0,0.104,8.0,21.0,0.99769,3.27,0.72,9.6
137,1,0.67,0.26,1.8,0.401,16.0,51.0,0.9969,3.16,1.14,9.4
138,1,0.46,0.39,2.0,0.061,7.0,15.0,0.9981,3.18,0.62,9.5
139,1,0.56,0.23,3.4,0.102,37.0,92.0,0.9996,3.3,0.65,10.1
140,1,0.56,0.09,1.7,0.053,24.0,32.0,0.99402,3.54,0.6,11.3
141,1,0.64,0.23,2.1,0.08,11.0,119.0,0.99538,3.36,0.7,10.9
142,1,0.55,0.17,2.9,0.087,20.0,53.0,1.0004,3.14,0.61,9.4
143,1,0.59,0.29,2.6,0.109,31.0,119.0,0.99801,3.15,0.5,9.1
144,1,0.96,0.2,2.0,0.047,15.0,60.0,0.9955,3.36,0.44,10.9
145,1,0.38,0.6,2.6,0.081,31.0,72.0,0.9996,3.1,0.73,10.5
146,1,0.62,0.04,3.8,0.084,25.0,45.0,0.9978,3.34,0.53,9.5
147,1,0.45,0.49,2.6,0.084,21.0,75.0,0.9987,3.35,0.57,9.7
148,1,0.24,0.49,2.4,0.075,10.0,28.0,0.9978,3.14,0.61,10.4
149,1,0.6,0.49,2.8,0.075,5.0,19.0,0.9994,3.14,0.57,11.4
150,1,0.62,0.18,3.8,0.176,52.0,145.0,0.9986,3.16,0.88,9.2
151,1,0.66,0.04,1.6,0.039,4.0,9.0,0.9962,3.4,0.47,9.4
152,1,0.39,0.49,2.3,0.099,47.0,133.0,0.9979,3.38,0.99,9.8
153,1,0.41,0.3,2.1,0.083,35.0,72.0,0.997,3.44,0.52,9.4
154,1,0.59,0.18,2.3,0.076,17.0,54.0,0.9975,3.43,0.59,10.0
155,1,0.615,0.0,1.9,0.065,9.0,18.0,0.9972,3.46,0.65,9.2
156,1,0.64,0.23,3.1,0.095,13.0,38.0,0.9998,3.28,0.59,9.7
157,1,0.6,0.65,2.3,0.063,6.0,25.0,0.9997,3.03,0.57,9.9
158,1,0.56,0.19,2.0,0.081,17.0,108.0,0.9962,3.32,0.54,9.5
159,1,0.63,0.24,2.4,0.077,6.0,33.0,0.9974,3.09,0.57,9.4
160,1,0.34,0.25,1.8,0.084,4.0,28.0,0.99464,3.36,0.44,10.1
161,1,0.64,0.21,1.8,0.081,14.0,31.0,0.99689,3.59,0.66,9.8
162,1,0.59,0.39,2.3,0.095,5.0,22.0,0.9986,3.37,0.58,10.3
163,1,0.64,0.07,1.8,0.1,8.0,23.0,0.9961,3.3,0.58,9.6
164,1,0.59,0.29,2.6,0.109,31.0,119.0,0.99801,3.15,0.5,9.1
165,1,0.37,0.58,4.0,0.071,17.0,65.0,0.99935,3.22,0.78,10.1
166,1,0.82,0.02,1.2,0.07,36.0,48.0,0.9952,3.2,0.58,9.8
167,1,0.4,0.5,2.0,0.099,19.0,50.0,0.99783,3.1,0.58,10.4
168,1,0.46,0.23,2.6,0.091,18.0,77.0,0.99922,3.15,0.51,9.4
169,1,0.36,0.29,2.6,0.087,26.0,72.0,0.99645,3.39,0.68,11.0
170,1,0.67,0.05,3.6,0.107,6.0,20.0,0.9972,3.4,0.63,10.1
171,1,0.43,0.42,5.5,0.07,29.0,129.0,0.9973,3.42,0.72,10.5
172,1,0.785,0.24,1.7,0.078,10.0,21.0,0.99692,3.29,0.67,10.0
173,1,0.43,0.42,5.5,0.07,29.0,129.0,0.9973,3.42,0.72,10.5
174,1,0.735,0.02,7.9,0.122,68.0,124.0,0.9994,3.47,0.53,9.9
175,1,0.64,0.21,1.8,0.081,14.0,31.0,0.99689,3.59,0.66,9.8
176,1,0.695,0.0,2.5,0.075,3.0,13.0,0.998,3.49,0.52,9.2
177,1,0.66,0.03,2.3,0.078,16.0,86.0,0.99743,3.53,0.57,9.7
178,1,0.6,0.04,2.5,0.076,18.0,88.0,0.99745,3.53,0.55,9.5
179,1,0.86,0.26,1.9,0.079,13.0,28.0,0.99712,3.25,0.62,10.0
180,1,0.41,0.39,2.2,0.064,12.0,31.0,0.9984,3.26,0.65,10.2
181,1,0.63,0.0,4.3,0.093,51.0,77.5,0.99558,3.2,0.45,9.5
182,1,0.49,0.19,1.9,0.076,10.0,44.0,0.9957,3.39,0.54,9.7
183,1,0.65,0.1,2.9,0.089,17.0,40.0,0.99803,3.29,0.55,9.5
184,1,0.66,0.0,3.9,0.086,17.0,45.0,0.9976,3.46,0.54,9.5
185,1,0.48,0.02,2.2,0.08,36.0,111.0,0.99524,3.1,0.53,9.7
186,1,0.61,0.04,1.5,0.057,5.0,10.0,0.99525,3.42,0.6,9.5
187,1,0.58,0.66,2.5,0.072,6.0,37.0,0.9992,3.05,0.56,10.0
188,1,0.33,0.4,2.6,0.083,16.0,68.0,0.99782,3.3,0.48,9.4
189,1,0.52,0.11,1.5,0.079,11.0,39.0,0.9968,3.42,0.58,9.6
190,1,0.78,0.23,2.6,0.059,5.0,15.0,0.997,3.37,0.56,11.3
191,1,0.41,0.3,2.1,0.083,35.0,72.0,0.997,3.44,0.52,9.4
192,1,0.57,0.02,2.1,0.115,6.0,16.0,0.99654,3.38,0.69,9.5
193,1,0.49,0.26,1.6,0.236,10.0,88.0,0.9968,3.11,0.8,9.3
194,1,0.915,0.29,4.8,0.07,15.0,39.0,0.99577,3.53,0.54,11.1
195,1,0.735,0.02,7.9,0.122,68.0,124.0,0.9994,3.47,0.53,9.9
196,1,0.55,0.66,2.3,0.387,12.0,37.0,0.9982,3.17,0.67,9.6
197,1,0.645,0.49,4.2,0.095,10.0,23.0,1.00315,2.92,0.74,11.1
198,1,0.46,0.63,2.0,0.071,6.0,15.0,0.9988,2.99,0.87,10.2
199,1,0.88,0.0,2.6,0.098,25.0,67.0,0.9968,3.2,0.68,9.8
200,1,0.39,0.48,2.0,0.082,14.0,67.0,0.9972,3.34,0.55,9.2
201,1,0.46,0.39,2.0,0.061,7.0,15.0,0.9981,3.18,0.62,9.5
202,1,0.745,0.11,1.9,0.09,16.0,63.0,0.9965,3.19,0.82,9.6
203,1,0.5,0.5,13.8,0.205,48.0,82.0,1.00242,3.16,0.75,8.8
204,1,0.66,0.07,1.6,0.07,16.0,61.0,0.99572,3.29,0.6,9.3
205,1,0.74,0.08,1.7,0.094,10.0,45.0,0.99576,3.24,0.5,9.8
206,1,0.775,0.42,1.9,0.092,8.0,86.0,0.9959,3.23,0.59,9.5
207,1,0.63,0.24,2.4,0.077,6.0,33.0,0.9974,3.09,0.57,9.4
208,1,0.36,0.59,2.2,0.152,6.0,18.0,0.9986,3.04,1.05,9.4
209,1,0.48,0.02,2.2,0.08,36.0,111.0,0.99524,3.1,0.53,9.7
210,1,0.77,0.2,8.1,0.098,30.0,92.0,0.99892,3.2,0.58,9.2
211,1,0.68,0.07,1.9,0.075,16.0,51.0,0.99685,3.38,0.52,9.5
212,1,0.41,0.58,2.8,0.096,25.0,101.0,1.00024,3.13,0.53,10.0
213,1,0.39,0.48,2.0,0.082,14.0,67.0,0.9972,3.34,0.55,9.2
214,1,0.18,0.4,2.2,0.049,38.0,67.0,0.996,3.33,0.93,11.3
215,1,0.74,0.08,1.7,0.094,10.0,45.0,0.99576,3.24,0.5,9.8
216,1,0.74,0.19,5.8,0.111,33.0,76.0,0.99878,3.14,0.55,9.4
217,1,0.28,0.6,3.0,0.104,10.0,22.0,0.99828,3.39,0.68,10.6
218,1,0.64,0.05,1.9,0.066,9.0,17.0,0.99496,3.52,0.78,10.6
219,1,0.64,0.05,1.9,0.066,9.0,17.0,0.99496,3.52,0.78,10.6
220,1,0.79,0.21,2.3,0.087,21.0,68.0,0.9955,3.12,0.44,9.2
221,1,1.035,0.15,6.0,0.073,11.0,54.0,0.999,3.37,0.49,9.9
222,1,0.735,0.02,7.9,0.122,68.0,124.0,0.9994,3.47,0.53,9.9
223,1,1.0,0.0,3.0,0.102,7.0,16.0,0.99586,3.43,0.46,10.0
224,1,0.35,0.41,2.3,0.083,11.0,61.0,0.9982,3.21,0.5,9.5
225,1,0.87,0.0,2.2,0.084,10.0,31.0,0.99656,3.25,0.5,9.8
226,1,0.56,0.03,1.5,0.086,36.0,46.0,0.99522,3.53,0.57,10.6
227,1,0.65,0.02,2.3,0.094,5.0,31.0,0.9993,3.67,0.8,9.7
228,1,0.34,0.28,2.0,0.082,31.0,68.0,0.99694,3.45,0.48,9.4
229,1,0.58,0.0,1.6,0.065,8.0,18.0,0.9966,3.56,0.84,9.4
230,1,0.785,0.24,1.7,0.078,10.0,21.0,0.99692,3.29,0.67,10.0
231,1,0.72,0.55,1.7,0.136,24.0,52.0,0.99752,3.35,0.94,10.0
232,1,0.74,0.08,1.7,0.094,10.0,45.0,0.99576,3.24,0.5,9.8
233,1,0.52,0.11,1.8,0.073,13.0,38.0,0.9955,3.34,0.52,9.3
234,1,0.45,0.49,2.6,0.084,21.0,75.0,0.9987,3.35,0.57,9.7
235,1,0.61,0.14,2.4,0.067,10.0,42.0,0.9969,3.19,0.59,9.5
236,1,0.66,0.26,1.7,0.074,4.0,23.0,0.9971,3.15,0.74,9.2
237,1,0.52,0.25,2.6,0.081,10.0,37.0,0.99685,3.46,0.5,11.0
238,1,0.615,0.22,2.6,0.087,6.0,19.0,0.9982,3.26,0.61,9.3
239,1,0.18,0.4,1.8,0.062,7.0,20.0,0.9941,3.28,0.7,11.1
240,1,0.695,0.13,2.0,0.076,12.0,20.0,0.99546,3.29,0.54,10.1
241,1,0.745,0.56,2.0,0.118,30.0,134.0,0.9968,3.24,0.66,9.4
242,1,0.45,0.49,2.6,0.084,21.0,75.0,0.9987,3.35,0.57,9.7
243,1,0.67,0.06,2.1,0.08,8.0,33.0,0.99845,3.68,0.71,9.6
244,1,0.35,0.45,2.5,0.092,20.0,88.0,0.99918,3.15,0.43,9.4
245,1,0.48,0.32,2.8,0.084,21.0,122.0,0.9984,3.32,0.62,9.4
246,1,0.7,0.06,1.9,0.079,20.0,35.0,0.99628,3.4,0.69,10.9
247,1,0.39,0.48,2.0,0.082,14.0,67.0,0.9972,3.34,0.55,9.2
248,1,0.29,0.4,1.7,0.067,8.0,20.0,0.99603,3.39,0.6,10.5
249,1,0.6,0.06,1.6,0.069,15.0,59.0,0.9964,3.3,0.46,9.4
250,1,0.59,0.05,2.0,0.089,12.0,32.0,0.99735,3.36,0.61,10.0
251,1,0.78,0.23,2.6,0.059,5.0,15.0,0.997,3.37,0.56,11.3
252,1,0.66,0.34,2.6,0.094,12.0,88.0,0.99796,3.26,0.66,10.1
253,1,0.735,0.0,2.2,0.08,18.0,28.0,0.99765,3.41,0.6,9.4
254,1,0.75,0.27,3.8,0.11,34.0,89.0,0.99664,3.24,0.45,9.3
255,1,0.43,0.7,1.9,0.464,22.0,67.0,0.9974,3.13,1.28,9.4
256,1,0.69,0.49,1.8,0.115,20.0,112.0,0.9968,3.21,0.71,9.3
257,1,0.52,0.12,3.0,0.067,12.0,53.0,0.9971,3.36,0.57,9.1
258,1,0.51,0.09,2.1,0.062,4.0,9.0,0.99584,3.35,0.54,10.5
259,1,0.64,0.21,1.8,0.081,14.0,31.0,0.99689,3.59,0.66,9.8
260,1,0.775,0.0,3.0,0.102,8.0,23.0,0.9965,3.45,0.56,10.7
261,1,0.63,0.02,1.9,0.078,18.0,30.0,0.99712,3.4,0.75,9.8
262,1,0.43,0.42,5.5,0.071,28.0,128.0,0.9973,3.42,0.71,10.5
263,1,0.27,0.41,2.0,0.091,6.0,16.0,0.998,3.28,0.7,9.7
264,1,0.45,0.33,2.5,0.099,20.0,38.0,0.99818,3.24,0.71,10.8
265,1,0.775,0.22,2.2,0.079,12.0,48.0,0.9976,3.18,0.51,9.6
266,1,0.98,0.32,2.3,0.078,35.0,152.0,0.998,3.25,0.48,9.4
267,1,0.38,0.49,2.7,0.098,12.0,42.0,1.0004,3.16,0.61,10.3
268,1,0.53,0.01,1.6,0.077,3.0,19.0,0.995,3.16,0.46,9.8
269,1,0.45,0.49,2.6,0.084,21.0,75.0,0.9987,3.35,0.57,9.7
270,1,0.57,0.26,2.2,0.06,28.0,65.0,0.9959,3.3,0.43,10.1
271,1,0.69,0.49,1.8,0.115,20.0,112.0,0.9968,3.21,0.71,9.3
272,1,0.88,0.25,2.5,0.104,35.0,155.0,1.001,3.41,0.67,11.2
273,1,0.82,0.0,4.1,0.095,5.0,14.0,0.99854,3.36,0.53,9.6
274,1,0.62,0.04,3.8,0.084,25.0,45.0,0.9978,3.34,0.53,9.5
275,1,0.72,0.17,2.6,0.096,20.0,38.0,0.9978,3.4,0.53,9.5
276,1,0.91,0.1,1.8,0.074,20.0,56.0,0.99672,3.35,0.56,9.2
277,1,0.59,0.18,2.3,0.076,17.0,54.0,0.9975,3.43,0.59,10.0
278,1,0.33,0.4,2.6,0.083,16.0,68.0,0.99782,3.3,0.48,9.4
279,1,0.835,0.0,2.6,0.081,6.0,14.0,0.9975,3.3,0.52,9.3
280,1,0.59,0.1,1.7,0.063,34.0,53.0,0.9958,3.41,0.67,9.7
281,1,0.6,0.26,2.0,0.08,31.0,131.0,0.99622,3.21,0.52,9.9
282,1,0.5,0.47,2.0,0.086,21.0,73.0,0.997,3.36,0.57,9.1
283,1,0.54,0.27,2.6,0.084,12.0,78.0,0.9964,3.39,0.71,11.0
284,1,0.66,0.26,1.7,0.074,4.0,23.0,0.9971,3.15,0.74,9.2
285,1,0.46,0.63,2.0,0.071,6.0,15.0,0.9988,2.99,0.87,10.2
286,1,0.7,0.08,2.6,0.106,14.0,27.0,0.99665,3.44,0.58,10.2
287,1,0.765,0.02,2.3,0.063,35.0,63.0,0.9975,3.57,0.78,9.9
288,1,0.715,0.15,1.8,0.089,10.0,52.0,0.9968,3.23,0.77,9.5
289,1,0.33,0.4,2.6,0.083,16.0,68.0,0.99782,3.3,0.48,9.4
290,1,0.43,0.29,1.6,0.081,27.0,45.0,0.99603,3.25,0.54,10.3
291,1,0.61,0.29,1.6,0.114,9.0,29.0,0.9974,3.26,1.56,9.1
292,1,0.74,0.0,1.9,0.1,6.0,12.0,0.99521,3.36,0.59,11.0
293,1,0.61,0.01,1.9,0.08,8.0,25.0,0.99746,3.69,0.73,10.5
294,1,0.66,0.0,1.4,0.096,6.0,13.0,0.99569,3.43,0.58,9.5
295,1,0.79,0.21,2.3,0.087,21.0,68.0,0.9955,3.12,0.44,9.2
296,1,0.69,0.0,5.6,0.124,21.0,58.0,0.9997,3.46,0.72,10.2
297,1,0.88,0.04,2.2,0.066,12.0,20.0,0.99636,3.53,0.56,9.9
298,1,0.8,0.03,7.8,0.079,6.0,12.0,0.9963,3.52,0.5,12.2
299,1,0.49,0.49,2.2,0.083,5.0,15.0,1.0,3.19,0.43,9.2
300,1,0.55,0.19,1.8,0.082,15.0,34.0,0.99655,3.49,0.68,10.5
301,1,0.54,0.27,2.6,0.084,12.0,78.0,0.9964,3.39,0.71,11.0
302,1,0.6,0.1,2.2,0.085,14.0,111.0,0.9964,3.15,0.66,9.8
303,1,0.575,0.22,2.1,0.077,12.0,65.0,0.9967,3.29,0.51,9.2
304,1,0.835,0.0,2.6,0.081,6.0,14.0,0.9975,3.3,0.52,9.3
305,1,0.73,0.24,1.9,0.108,18.0,102.0,0.9967,3.26,0.59,9.3
306,1,0.37,0.58,4.0,0.071,17.0,65.0,0.99935,3.22,0.78,10.1
307,1,0.725,0.05,4.65,0.086,4.0,11.0,0.9962,3.41,0.39,10.9
308,1,0.35,0.21,1.9,0.073,46.0,102.0,0.9964,3.27,0.58,9.5
309,1,0.45,0.49,1.4,0.075,3.0,6.0,0.9969,3.13,0.63,10.4
310,1,0.33,0.4,2.6,0.083,16.0,68.0,0.99782,3.3,0.48,9.4
311,1,0.78,0.08,2.0,0.093,10.0,19.0,0.9956,3.4,0.47,10.0
312,1,0.59,0.07,3.4,0.102,32.0,71.0,1.00015,3.31,0.71,9.8
313,1,0.36,0.65,7.5,0.096,22.0,71.0,0.9976,2.98,0.84,14.9
314,1,0.42,0.32,2.7,0.067,7.0,25.0,0.99628,3.24,0.44,10.4
315,1,0.64,0.21,1.8,0.081,14.0,31.0,0.99689,3.59,0.66,9.8
316,1,0.62,0.18,1.5,0.062,7.0,50.0,0.9951,3.08,0.6,9.3
317,1,0.49,0.32,1.9,0.082,17.0,144.0,0.9968,3.2,0.55,9.5
318,1,0.65,0.18,1.8,0.07,13.0,40.0,0.997,3.44,0.6,9.1
319,1,0.49,0.49,5.6,0.06,26.0,121.0,0.9974,3.34,0.76,10.5
320,1,0.74,0.28,2.6,0.078,21.0,77.0,0.998,3.28,0.51,9.8
321,1,0.66,0.7,2.2,0.098,25.0,129.0,0.9972,3.08,0.53,9.0
322,1,0.66,0.34,2.6,0.094,12.0,88.0,0.99796,3.26,0.66,10.1
323,1,0.55,0.66,2.3,0.387,12.0,37.0,0.9982,3.17,0.67,9.6
324,1,0.52,0.33,1.3,0.07,9.0,30.0,0.9978,3.24,0.6,9.3
325,1,0.55,0.19,1.8,0.082,15.0,34.0,0.99655,3.49,0.68,10.5
326,1,0.4,0.18,1.6,0.079,24.0,58.0,0.9965,3.34,0.58,9.4
327,1,0.46,0.29,2.1,0.074,32.0,98.0,0.99578,3.33,0.62,9.8
328,1,0.575,0.22,2.1,0.077,12.0,65.0,0.9967,3.29,0.51,9.2
329,1,0.43,0.58,1.9,0.07,15.0,40.0,1.0004,3.06,0.49,9.0
330,1,0.67,0.12,1.6,0.186,5.0,21.0,0.996,3.39,0.54,9.5
331,1,0.43,0.42,5.5,0.07,29.0,129.0,0.9973,3.42,0.72,10.5
332,1,0.32,0.25,1.8,0.086,5.0,32.0,0.99464,3.36,0.44,10.1
333,1,0.62,0.05,2.3,0.079,6.0,18.0,0.99735,3.29,0.63,9.3
334,1,0.62,0.05,2.3,0.079,6.0,18.0,0.99735,3.29,0.63,9.3
335,1,0.41,0.49,2.0,0.088,16.0,43.0,0.998,3.48,0.64,9.1
336,1,0.63,0.33,6.7,0.235,66.0,115.0,0.99787,3.22,0.56,9.5
337,1,0.43,0.42,5.5,0.071,28.0,128.0,0.9973,3.42,0.71,10.5
338,1,0.46,0.63,2.0,0.071,6.0,15.0,0.9988,2.99,0.87,10.2
339,1,0.58,0.08,1.8,0.097,15.0,65.0,0.9959,3.28,0.54,9.2
340,1,0.45,0.49,1.4,0.075,3.0,6.0,0.9969,3.13,0.63,10.4
341,1,0.655,0.12,2.3,0.083,15.0,113.0,0.9966,3.17,0.66,9.8
342,1,0.57,0.25,2.0,0.104,12.0,89.0,0.9963,3.04,0.9,10.1
343,1,0.58,0.66,2.5,0.072,6.0,37.0,0.9992,3.05,0.56,10.0
344,1,0.64,0.1,2.1,0.085,18.0,101.0,0.9956,3.34,0.52,10.2
345,2,0.5,0.3,1.9,0.065,8.0,17.0,0.99774,3.32,0.71,10.5
346,2,0.3,0.48,1.8,0.069,18.0,61.0,0.9959,3.44,0.78,10.3
347,2,0.69,0.0,1.65,0.055,7.0,12.0,0.99162,3.47,0.53,12.9
348,2,0.6,0.0,1.4,0.063,11.0,18.0,0.99191,3.45,0.56,12.2
349,2,0.61,0.11,1.8,0.066,18.0,28.0,0.99483,3.55,0.66,10.9
350,2,0.53,0.13,2.0,0.058,18.0,22.0,0.99573,3.21,0.68,9.9
351,2,0.32,0.52,1.8,0.132,17.0,44.0,0.99734,3.28,0.77,11.5
352,2,0.38,0.42,1.9,0.071,5.0,13.0,0.99659,3.15,0.75,10.5
353,2,0.29,0.49,2.7,0.092,25.0,60.0,0.9971,3.31,0.61,10.1
354,2,0.32,0.51,1.8,0.341,17.0,56.0,0.9969,3.04,1.08,9.2
355,2,0.22,0.3,1.8,0.065,16.0,20.0,0.99672,3.61,0.82,10.0
356,2,0.32,0.52,1.8,0.132,17.0,44.0,0.99734,3.28,0.77,11.5
357,2,0.635,0.17,2.4,0.241,6.0,18.0,0.9961,3.4,0.59,10.3
358,2,0.42,0.27,8.6,0.068,24.0,148.0,0.9948,3.16,0.57,11.3
359,2,0.54,0.37,15.4,0.214,55.0,95.0,1.00369,3.18,0.77,9.0
360,2,0.55,0.24,2.0,0.078,10.0,28.0,0.9983,3.45,0.78,9.5
361,2,0.44,0.42,2.2,0.064,14.0,19.0,0.99758,3.25,0.57,10.4
362,2,0.63,0.03,2.2,0.08,17.0,88.0,0.99745,3.53,0.58,9.8
363,2,0.56,0.22,1.8,0.074,15.0,24.0,0.99438,3.4,0.82,11.2
364,2,0.59,0.01,2.3,0.08,27.0,43.0,0.9955,3.42,0.58,10.7
365,2,0.28,0.48,1.8,0.067,26.0,46.0,0.9967,3.32,1.04,10.6
366,2,0.51,0.02,1.7,0.084,13.0,31.0,0.99538,3.36,0.54,10.5
367,2,0.51,0.15,2.8,0.11,33.0,73.0,0.9955,3.17,0.63,10.2
368,2,0.41,0.55,3.2,0.076,22.0,54.0,0.9996,3.15,0.89,9.9
369,2,0.715,0.22,2.3,0.075,13.0,81.0,0.99688,3.24,0.54,9.5
370,2,0.62,0.12,1.8,0.072,38.0,46.0,0.99504,3.38,0.89,11.8
371,2,0.49,0.2,2.6,0.332,8.0,14.0,0.9968,3.21,0.9,10.5
372,2,0.22,0.3,1.8,0.065,16.0,20.0,0.99672,3.61,0.82,10.0
373,2,0.35,0.33,2.4,0.068,9.0,26.0,0.9947,3.36,0.6,11.9
374,2,0.41,0.55,3.2,0.076,22.0,54.0,0.9996,3.15,0.89,9.9
375,2,0.43,0.4,2.7,0.082,6.0,11.0,0.99538,3.44,0.54,12.2
376,2,0.57,0.1,2.1,0.048,4.0,11.0,0.99448,3.44,0.76,10.8
377,2,0.47,0.27,1.9,0.058,18.0,38.0,0.99518,3.16,0.85,11.1
378,2,0.36,0.19,3.2,0.075,15.0,39.0,0.9956,3.56,0.52,12.7
379,2,0.28,0.46,1.8,0.05,5.0,13.0,0.9974,3.04,0.79,10.2
380,2,0.78,0.0,1.7,0.076,33.0,45.0,0.99612,3.31,0.62,10.7
381,2,0.56,0.12,2.0,0.082,7.0,28.0,0.997,3.37,0.5,9.4
382,2,0.36,0.19,3.2,0.075,15.0,39.0,0.9956,3.56,0.52,12.7
383,2,0.38,0.14,2.2,0.038,15.0,25.0,0.99514,3.44,0.65,11.1
384,2,0.685,0.1,1.6,0.092,3.0,12.0,0.99745,3.31,0.65,9.55
385,2,0.57,0.08,2.6,0.089,14.0,27.0,0.99592,3.3,0.59,10.4
386,2,0.27,0.49,3.1,0.079,28.0,46.0,0.9993,3.2,0.8,10.2
387,2,0.42,0.19,2.0,0.075,22.0,47.0,0.99522,3.39,0.78,10.0
388,2,0.61,0.19,4.0,0.094,30.0,69.0,0.99787,3.22,0.5,10.0
389,2,0.32,0.42,2.3,0.098,3.0,9.0,0.99506,3.27,0.55,12.3
390,2,0.64,0.02,2.1,0.067,9.0,23.0,0.997,3.47,0.67,9.4
391,2,0.64,0.0,2.7,0.123,15.0,33.0,0.99538,3.44,0.63,11.3
392,2,0.69,0.0,1.65,0.055,7.0,12.0,0.99162,3.47,0.53,12.9
393,2,0.38,0.66,2.6,0.088,10.0,41.0,1.001,3.17,0.68,9.8
394,2,0.785,0.0,2.6,0.093,11.0,28.0,0.9994,3.36,0.86,9.4
395,2,0.45,0.63,2.2,0.073,7.0,23.0,0.99974,3.21,0.69,10.9
396,2,0.23,0.42,1.9,0.069,9.0,17.0,0.99376,3.21,0.54,12.3
397,2,0.64,0.0,2.4,0.077,18.0,29.0,0.9965,3.32,0.6,10.0
398,2,0.42,0.27,8.6,0.068,24.0,148.0,0.9948,3.16,0.57,11.3
399,2,0.61,0.3,2.1,0.084,11.0,50.0,0.9972,3.4,0.61,10.2
400,2,0.54,0.02,1.7,0.085,17.0,31.0,0.99589,3.37,0.51,10.4
401,2,0.61,0.18,2.4,0.083,6.0,20.0,0.9963,3.29,0.6,10.2
402,2,0.53,0.49,4.6,0.118,10.0,17.0,1.0002,3.07,0.56,11.7
403,2,0.59,0.42,2.8,0.09,35.0,73.0,0.999,3.28,0.7,9.5
404,2,0.39,0.46,2.2,0.075,14.0,27.0,0.99598,3.06,0.84,11.4
405,2,0.5,0.34,3.6,0.082,5.0,14.0,0.9987,3.29,0.52,10.7
406,2,0.625,0.66,6.2,0.088,6.0,24.0,0.9988,3.11,0.99,13.3
407,2,0.51,0.15,3.0,0.064,12.0,27.0,0.9929,3.33,0.59,12.8
408,2,0.46,0.2,1.9,0.077,28.0,54.0,0.9956,3.37,0.64,10.4
409,2,0.59,0.5,2.0,0.337,27.0,81.0,0.9964,3.04,1.61,9.5
410,2,0.62,0.12,1.8,0.072,38.0,46.0,0.99504,3.38,0.89,11.8
411,2,0.57,0.31,2.0,0.079,10.0,79.0,0.99677,3.29,0.69,9.5
412,2,0.59,0.0,2.5,0.093,19.0,58.0,1.0002,3.5,0.65,9.3
413,2,0.18,0.37,0.9,0.049,36.0,109.0,0.99007,2.89,0.44,12.7
414,2,0.44,0.39,2.5,0.077,6.0,14.0,0.99555,3.51,0.69,11.0
415,2,0.67,0.1,3.0,0.091,12.0,48.0,0.99888,3.31,0.54,9.5
416,2,0.46,0.24,1.7,0.077,18.0,34.0,0.9948,3.39,0.6,10.6
417,2,0.5,0.3,1.9,0.075,8.0,22.0,0.9959,3.31,0.56,10.4
418,2,0.56,0.24,2.2,0.079,19.0,58.0,0.9991,3.18,0.56,10.1
419,2,0.55,0.04,2.2,0.119,14.0,56.0,0.9962,3.21,0.6,10.9
420,2,0.5,0.0,1.8,0.062,21.0,28.0,0.99352,3.44,0.55,12.3
421,2,0.53,0.06,2.0,0.063,29.0,44.0,0.99489,3.38,0.83,10.3
422,2,0.34,0.45,2.0,0.082,6.0,15.0,0.9988,2.94,0.66,9.2
423,2,0.49,0.28,1.9,0.11,20.0,136.0,0.9972,2.93,1.95,9.9
424,2,0.305,0.39,1.2,0.059,7.0,11.0,0.99331,3.29,0.52,11.5
425,2,0.22,0.3,1.8,0.065,16.0,20.0,0.99672,3.61,0.82,10.0
426,2,0.78,0.0,1.7,0.076,33.0,45.0,0.99612,3.31,0.62,10.7
427,2,0.54,0.02,1.7,0.085,17.0,31.0,0.99589,3.37,0.51,10.4
428,2,0.51,0.19,3.2,0.081,8.0,30.0,0.9984,3.23,0.58,10.5
429,2,0.545,0.06,4.0,0.087,27.0,61.0,0.9965,3.36,0.67,10.7
430,2,0.48,0.54,2.6,0.085,19.0,64.0,1.0,3.1,0.61,10.5
431,2,0.715,0.22,2.3,0.075,13.0,81.0,0.99688,3.24,0.54,9.5
432,2,0.36,0.24,2.2,0.095,19.0,42.0,0.9946,3.57,0.57,11.7
433,2,0.43,0.24,2.5,0.078,27.0,67.0,0.99648,3.6,0.59,11.1
434,2,0.29,0.49,2.7,0.092,25.0,60.0,0.9971,3.31,0.61,10.1
435,2,0.63,0.28,2.7,0.096,17.0,69.0,0.99734,3.26,0.63,10.2
436,2,0.49,0.28,1.9,0.11,20.0,136.0,0.9972,2.93,1.95,9.9
437,2,0.59,0.5,2.0,0.337,27.0,81.0,0.9964,3.04,1.61,9.5
438,2,0.41,0.33,2.2,0.081,22.0,36.0,0.9949,3.41,0.75,11.1
439,2,0.36,0.24,2.2,0.095,19.0,42.0,0.9946,3.57,0.57,11.7
440,2,0.58,0.13,2.1,0.102,17.0,36.0,0.9944,3.24,0.53,11.2
441,2,0.28,0.51,1.7,0.08,10.0,24.0,0.9982,3.2,0.89,9.4
442,2,0.545,0.06,4.0,0.087,27.0,61.0,0.9965,3.36,0.67,10.7
443,2,0.8,0.12,2.4,0.083,8.0,28.0,0.99836,3.33,0.65,10.4
444,2,0.64,0.0,2.4,0.077,18.0,29.0,0.9965,3.32,0.6,10.0
445,2,0.41,0.31,2.0,0.079,21.0,51.0,0.99668,3.47,0.55,9.5
446,2,0.54,0.37,15.4,0.214,55.0,95.0,1.00369,3.18,0.77,9.0
447,2,0.31,0.44,2.3,0.08,22.0,46.0,0.9988,3.32,0.67,9.7
448,2,0.39,0.44,2.6,0.066,22.0,48.0,0.99494,3.3,0.84,11.5
449,2,0.74,0.0,1.2,0.041,16.0,46.0,0.99258,4.01,0.59,12.5
450,2,0.64,0.0,2.7,0.123,15.0,33.0,0.99538,3.44,0.63,11.3
451,2,0.53,0.06,2.6,0.086,20.0,44.0,0.9965,3.38,0.59,10.7
452,2,0.58,0.23,2.3,0.076,23.0,94.0,0.99686,3.21,0.58,9.5
453,2,0.46,0.24,1.7,0.077,18.0,34.0,0.9948,3.39,0.6,10.6
454,2,0.45,0.23,1.9,0.082,10.0,18.0,0.99774,3.22,0.65,9.3
455,2,0.53,0.49,4.6,0.118,10.0,17.0,1.0002,3.07,0.56,11.7
456,2,0.63,0.0,1.9,0.097,14.0,38.0,0.99675,3.37,0.58,9.0
457,2,0.53,0.04,1.7,0.076,17.0,31.0,0.9964,3.33,0.56,10.0
458,2,0.53,0.06,2.0,0.063,29.0,44.0,0.99489,3.38,0.83,10.3
459,2,0.53,0.04,1.7,0.076,17.0,31.0,0.9964,3.33,0.56,10.0
460,2,0.38,0.48,3.8,0.132,3.0,11.0,0.99577,3.23,0.57,13.2
461,2,0.53,0.49,4.6,0.118,10.0,17.0,1.0002,3.07,0.56,11.7
462,2,0.41,0.42,2.4,0.213,6.0,14.0,0.9994,3.19,0.62,9.5
463,2,0.54,0.42,2.4,0.081,25.0,52.0,0.997,3.2,0.71,11.4
464,2,0.43,0.44,2.4,0.214,5.0,12.0,0.9994,3.19,0.63,9.5
465,2,0.45,0.23,2.2,0.094,16.0,29.0,0.9962,3.21,0.49,10.2
466,2,0.52,0.45,2.0,0.08,6.0,13.0,0.99774,3.22,0.76,11.4
467,2,0.62,0.01,2.3,0.065,8.0,46.0,0.99332,3.32,0.51,11.8
468,2,0.47,0.27,1.9,0.058,18.0,38.0,0.99518,3.16,0.85,11.1
469,2,0.44,0.68,4.1,0.114,6.0,24.0,0.997,3.06,0.66,13.4
470,2,0.51,0.25,2.9,0.077,21.0,45.0,0.9974,3.49,0.96,12.1
471,2,0.51,0.13,2.3,0.076,29.0,40.0,0.99574,3.42,0.75,11.0
472,2,0.635,0.17,2.4,0.241,6.0,18.0,0.9961,3.4,0.59,10.3
473,2,0.53,0.08,1.9,0.077,24.0,45.0,0.99528,3.6,0.68,10.3
474,2,0.61,0.11,1.8,0.066,18.0,28.0,0.99483,3.55,0.66,10.9
475,2,0.46,0.49,6.3,0.064,5.0,17.0,0.9988,3.21,0.73,11.0
476,2,0.5,0.18,2.1,0.071,12.0,31.0,0.99761,3.52,0.72,9.6
477,2,0.46,0.2,1.9,0.077,28.0,54.0,0.9956,3.37,0.64,10.4
478,2,0.62,0.01,2.3,0.065,8.0,46.0,0.99332,3.32,0.51,11.8
479,2,0.52,0.25,1.9,0.081,14.0,38.0,0.9984,3.43,0.65,9.0
480,2,0.43,0.34,2.5,0.08,26.0,86.0,0.9987,3.38,0.62,9.5
481,2,0.69,0.0,1.9,0.114,3.0,10.0,0.99636,3.35,0.6,9.7
482,2,0.295,0.4,1.5,0.073,14.0,21.0,0.99556,3.14,0.51,10.9
483,2,0.745,0.12,1.8,0.114,15.0,64.0,0.99588,3.22,0.59,9.5
484,2,0.4,0.3,1.8,0.157,2.0,45.0,0.99727,3.31,0.91,9.5
485,2,0.4,0.31,1.9,0.082,8.0,24.0,0.996,3.24,0.69,10.6
486,2,0.42,0.38,2.5,0.094,24.0,60.0,0.9979,3.31,0.7,10.8
487,2,0.4,0.51,2.0,0.059,6.0,24.0,0.9994,3.04,0.6,9.3
488,2,0.7,0.0,1.7,0.069,8.0,19.0,0.99701,3.31,0.53,10.0
489,2,0.58,0.13,2.1,0.102,17.0,36.0,0.9944,3.24,0.53,11.2
490,2,0.5,0.3,1.9,0.075,8.0,22.0,0.9959,3.31,0.56,10.4
491,2,0.59,0.0,2.5,0.093,19.0,58.0,1.0002,3.5,0.65,9.3
492,2,0.52,0.13,2.4,0.078,34.0,61.0,0.99528,3.43,0.59,10.8
493,2,0.52,0.22,2.7,0.084,4.0,18.0,0.99682,3.26,0.57,9.9
494,2,0.8,0.12,2.4,0.083,8.0,28.0,0.99836,3.33,0.65,10.4
495,2,0.43,0.02,1.9,0.08,15.0,28.0,0.99492,3.35,0.81,10.6
496,2,0.21,0.49,2.8,0.088,11.0,32.0,0.9972,3.22,0.68,11.7
497,2,0.49,0.18,2.7,0.069,13.0,34.0,0.9967,3.29,0.48,9.2
498,2,0.23,0.42,1.9,0.069,9.0,17.0,0.99376,3.21,0.54,12.3
499,2,0.57,0.21,1.5,0.069,4.0,9.0,0.99458,3.16,0.54,9.8
500,2,0.31,0.32,1.9,0.066,14.0,36.0,0.99364,3.41,0.56,12.6
501,2,0.43,0.24,2.5,0.078,27.0,67.0,0.99648,3.6,0.59,11.1
502,2,0.51,0.18,2.1,0.07,12.0,28.0,0.99768,3.52,0.73,9.5
503,2,0.295,0.4,1.5,0.073,14.0,21.0,0.99556,3.14,0.51,10.9
504,2,0.65,0.02,2.1,0.066,8.0,25.0,0.9972,3.47,0.67,9.5
505,2,0.49,0.36,1.8,0.222,6.0,16.0,0.998,3.18,0.6,9.5
506,2,0.46,0.44,2.9,0.065,4.0,8.0,0.99674,3.33,0.62,12.2
507,2,0.26,0.37,1.4,0.076,8.0,23.0,0.9974,3.26,0.7,9.6
508,2,0.27,0.6,2.1,0.074,17.0,25.0,0.99814,3.38,0.72,10.6
509,2,0.26,0.37,1.4,0.076,8.0,23.0,0.9974,3.26,0.7,9.6
510,2,0.81,0.05,2.0,0.07,6.0,14.0,0.99562,3.51,0.66,10.8
511,2,0.46,0.49,6.3,0.064,5.0,17.0,0.9988,3.21,0.73,11.0
512,2,0.53,0.04,1.7,0.076,17.0,31.0,0.9964,3.33,0.56,10.0
513,2,0.61,0.19,4.0,0.094,30.0,69.0,0.99787,3.22,0.5,10.0
514,2,0.23,0.57,1.8,0.074,3.0,8.0,0.9981,3.14,0.7,9.9
515,2,0.44,0.2,1.6,0.049,24.0,64.0,0.9935,3.38,0.57,11.7
516,2,0.34,0.5,2.4,0.066,10.0,21.0,1.0,3.12,1.18,9.2
517,2,0.27,0.24,2.1,0.072,15.0,33.0,0.9956,3.22,0.66,12.8
518,2,0.48,0.41,3.3,0.092,26.0,52.0,0.9982,3.31,0.53,10.5
519,2,0.5,0.04,2.1,0.068,6.0,14.0,0.9955,3.39,0.64,9.4
520,2,0.64,0.0,2.7,0.123,15.0,33.0,0.99538,3.44,0.63,11.3
521,2,0.57,0.5,2.6,0.082,6.0,32.0,1.0006,3.12,0.78,10.7
522,2,0.735,0.1,2.1,0.079,6.0,31.0,0.9986,3.23,0.56,10.1
523,2,0.63,0.27,2.0,0.083,17.0,91.0,0.99616,3.26,0.58,9.8
524,2,0.52,0.45,2.0,0.08,6.0,13.0,0.99774,3.22,0.76,11.4
525,2,0.32,0.56,2.0,0.073,3.0,8.0,0.99534,3.15,0.73,11.4
526,2,0.39,0.46,2.2,0.075,14.0,27.0,0.99598,3.06,0.84,11.4
527,2,0.32,0.56,2.0,0.073,3.0,8.0,0.99534,3.15,0.73,11.4
528,2,0.52,0.42,2.3,0.087,8.0,38.0,0.9972,3.58,0.61,10.5
529,2,0.57,0.05,2.3,0.081,16.0,36.0,0.99564,3.38,0.6,10.3
530,2,0.28,0.51,1.7,0.08,10.0,24.0,0.9982,3.2,0.89,9.4
531,2,0.6,0.26,2.1,0.083,17.0,91.0,0.99616,3.29,0.56,9.8
532,2,0.36,0.19,3.2,0.075,15.0,39.0,0.9956,3.56,0.52,12.7
533,2,0.63,0.28,2.7,0.096,17.0,69.0,0.99734,3.26,0.63,10.2
534,2,0.43,0.4,2.7,0.082,6.0,11.0,0.99538,3.44,0.54,12.2
535,2,0.34,0.42,2.1,0.072,23.0,36.0,0.99392,3.11,0.78,12.4
536,2,0.44,0.0,1.4,0.07,32.0,38.0,0.99438,3.32,0.58,11.4
537,2,0.43,0.25,2.6,0.073,29.0,63.0,0.99615,3.37,0.58,10.5
538,2,0.86,0.07,2.0,0.1,20.0,57.0,0.99598,3.6,0.74,11.7
539,2,0.26,0.42,2.0,0.08,11.0,27.0,0.9974,3.21,0.8,9.4
540,2,0.38,0.3,1.8,0.073,31.0,70.0,0.99685,3.42,0.59,9.5
541,2,0.54,0.09,2.0,0.081,10.0,16.0,0.99479,3.43,0.59,11.5
542,2,0.545,0.12,2.5,0.068,11.0,35.0,0.996,3.34,0.61,11.6
543,2,0.44,0.0,1.6,0.042,3.0,11.0,0.9944,3.48,0.85,11.7
544,2,0.36,0.69,2.1,0.09,6.0,21.0,1.0,3.17,0.62,9.2
545,2,0.6,0.49,4.3,0.1,5.0,14.0,1.001,3.25,0.74,11.9
546,2,0.96,0.0,1.8,0.082,5.0,16.0,0.9936,3.5,0.44,11.9
547,2,0.49,0.58,3.0,0.103,28.0,99.0,1.0008,3.16,1.0,11.5
548,2,0.38,0.3,1.8,0.073,31.0,70.0,0.99685,3.42,0.59,9.5
549,2,0.3,0.48,1.8,0.069,18.0,61.0,0.9959,3.44,0.78,10.3
550,2,0.51,0.24,2.0,0.079,16.0,86.0,0.99764,3.34,0.64,9.5
551,2,0.34,0.4,2.4,0.065,24.0,48.0,0.99554,3.34,0.86,11.0
552,2,0.54,0.09,2.0,0.081,10.0,16.0,0.99479,3.43,0.59,11.5
553,2,0.39,0.23,8.3,0.051,28.0,91.0,0.9952,3.44,0.55,12.1
554,2,0.29,0.49,2.7,0.092,25.0,60.0,0.9971,3.31,0.61,10.1
555,2,0.24,0.49,1.8,0.075,6.0,20.0,0.9977,3.18,1.06,11.0
556,2,0.42,0.35,2.1,0.083,17.0,38.0,0.99622,3.23,0.66,11.1
557,2,0.4,0.41,2.0,0.058,15.0,40.0,0.99414,3.22,0.6,12.2
558,2,0.36,0.52,2.1,0.111,5.0,10.0,0.99568,3.31,0.62,11.3
559,2,0.63,0.0,1.9,0.097,14.0,38.0,0.99675,3.37,0.58,9.0
560,2,0.43,0.45,1.9,0.052,6.0,16.0,0.9948,3.35,0.7,12.5
561,2,0.36,0.31,1.7,0.079,26.0,65.0,0.99716,3.46,0.62,9.5
562,2,0.55,0.0,1.7,0.07,7.0,17.0,0.99659,3.26,0.64,9.4
563,2,0.37,0.55,2.6,0.083,25.0,68.0,0.9995,3.15,0.82,10.4
564,2,0.63,0.08,1.9,0.076,15.0,27.0,0.9967,3.32,0.54,9.5
565,2,0.29,0.49,2.2,0.096,21.0,59.0,0.99714,3.31,0.67,10.1
566,2,0.43,0.36,1.6,0.089,14.0,37.0,0.99615,3.34,0.56,9.2
567,2,0.27,0.49,3.1,0.079,28.0,46.0,0.9993,3.2,0.8,10.2
568,2,0.67,0.15,1.8,0.118,13.0,20.0,0.9954,3.42,0.67,11.3
569,2,0.5,0.0,1.8,0.062,21.0,28.0,0.99352,3.44,0.55,12.3
570,2,0.29,0.42,1.6,0.084,19.0,27.0,0.99545,3.28,0.73,11.9
571,2,0.65,0.02,2.1,0.078,8.0,15.0,0.99498,3.35,0.62,10.4
572,2,0.77,0.12,2.9,0.082,30.0,74.0,0.99865,3.3,0.64,10.4
573,2,0.53,0.06,2.0,0.063,29.0,44.0,0.99489,3.38,0.83,10.3
574,2,0.69,0.07,2.5,0.091,15.0,21.0,0.99572,3.38,0.6,11.3
575,2,0.56,0.03,1.7,0.084,18.0,35.0,0.9968,3.44,0.63,10.0
576,2,0.4,0.3,1.8,0.157,2.0,45.0,0.99727,3.31,0.91,9.5
577,2,0.4,0.1,2.0,0.076,30.0,47.0,0.99554,3.36,0.48,9.4
578,2,0.5,0.04,2.1,0.068,6.0,14.0,0.9955,3.39,0.64,9.4
579,2,0.28,0.46,1.8,0.05,5.0,13.0,0.9974,3.04,0.79,10.2
580,2,0.39,0.1,1.7,0.075,6.0,25.0,0.99581,3.09,0.43,9.7
581,2,0.29,0.38,1.7,0.062,9.0,30.0,0.9968,3.41,0.53,9.5
582,2,0.42,0.27,8.6,0.068,24.0,148.0,0.9948,3.16,0.57,11.3
583,2,0.76,0.29,4.2,0.075,12.0,16.0,0.9965,3.45,0.68,11.5
584,2,0.56,0.0,2.2,0.079,6.0,9.0,0.9948,3.59,0.54,11.5
585,2,0.38,0.49,2.5,0.097,33.0,85.0,0.9962,3.39,0.77,11.4
586,2,0.3,0.48,1.8,0.069,18.0,61.0,0.9959,3.44,0.78,10.3
587,2,0.45,0.23,1.9,0.082,10.0,18.0,0.99774,3.22,0.65,9.3
588,2,0.48,0.34,2.2,0.073,16.0,25.0,0.9936,3.28,0.66,12.4
589,2,0.395,0.13,2.4,0.056,14.0,28.0,0.99362,3.62,0.67,12.4
590,2,0.36,0.64,2.9,0.122,10.0,41.0,0.998,3.23,0.66,12.5
591,2,0.51,0.15,3.0,0.064,12.0,27.0,0.9929,3.33,0.59,12.8
592,2,0.67,0.0,2.2,0.068,10.0,24.0,0.9956,3.42,0.72,11.1
593,2,0.34,0.21,2.5,0.075,41.0,68.0,0.99586,3.37,0.54,10.1
594,2,0.27,0.6,2.1,0.074,17.0,25.0,0.99814,3.38,0.72,10.6
595,2,0.96,0.0,1.8,0.082,5.0,16.0,0.9936,3.5,0.44,11.9
596,2,0.47,0.49,4.3,0.085,6.0,47.0,1.0021,3.3,0.68,12.7
597,2,0.26,0.48,1.9,0.066,6.0,10.0,0.99724,3.33,0.87,10.9
598,2,0.43,0.35,3.3,0.092,24.0,70.0,0.99798,3.21,0.69,10.5
599,2,0.61,0.19,4.0,0.094,30.0,69.0,0.99787,3.22,0.5,10.0
600,2,0.735,0.08,2.4,0.092,10.0,41.0,0.9974,3.24,0.71,9.8
601,2,0.305,0.39,1.2,0.059,7.0,11.0,0.99331,3.29,0.52,11.5
602,2,0.59,0.02,2.3,0.082,24.0,94.0,0.99744,3.55,0.53,9.7
603,2,0.41,0.31,8.8,0.084,26.0,45.0,0.99824,3.38,0.64,10.1
604,2,0.5,0.18,2.1,0.071,12.0,31.0,0.99761,3.52,0.72,9.6
605,2,0.49,0.19,1.7,0.079,13.0,26.0,0.99547,3.38,0.64,9.8
606,2,0.63,0.0,1.9,0.097,14.0,38.0,0.99675,3.37,0.58,9.0
607,2,0.35,0.47,2.0,0.061,6.0,11.0,0.99585,3.23,0.52,12.0
608,2,0.49,0.36,1.8,0.222,6.0,16.0,0.998,3.18,0.6,9.5
609,2,0.52,0.07,1.4,0.074,5.0,20.0,0.9973,3.32,0.81,9.6
610,2,0.305,0.39,1.2,0.059,7.0,11.0,0.99331,3.29,0.52,11.5
611,2,0.46,0.52,2.2,0.071,12.0,35.0,1.0006,3.1,0.56,9.0
612,2,0.71,0.0,1.6,0.092,22.0,31.0,0.99635,3.38,0.58,10.0
613,2,0.54,0.37,15.4,0.214,55.0,95.0,1.00369,3.18,0.77,9.0
614,2,0.38,0.01,1.6,0.048,26.0,60.0,0.99084,3.7,0.75,14.0
615,2,0.34,0.4,2.4,0.065,24.0,48.0,0.99554,3.34,0.86,11.0
616,2,0.51,0.23,2.0,0.072,13.0,22.0,0.99438,3.4,0.84,11.2
617,2,0.84,0.21,4.1,0.074,16.0,65.0,0.99842,3.53,0.72,9.233333333
618,2,0.295,0.4,1.5,0.073,14.0,21.0,0.99556,3.14,0.51,10.9
619,2,0.47,0.02,1.3,0.034,18.0,44.0,0.9921,3.9,0.62,12.8
620,2,0.52,0.07,1.4,0.074,5.0,20.0,0.9973,3.32,0.81,9.6
621,2,0.34,0.0,1.8,0.05,27.0,63.0,0.9916,3.68,0.79,14.0
622,2,0.56,0.03,1.7,0.084,18.0,35.0,0.9968,3.44,0.63,10.0
623,2,0.51,0.0,2.1,0.064,40.0,54.0,0.995,3.54,0.93,10.7
624,2,0.46,0.2,1.9,0.077,28.0,54.0,0.9956,3.37,0.64,10.4
625,2,0.49,0.28,1.9,0.11,20.0,136.0,0.9972,2.93,1.95,9.9
626,2,0.5,0.42,2.0,0.069,21.0,51.0,0.9982,3.16,0.72,11.5
627,2,0.69,0.08,1.8,0.097,22.0,89.0,0.9959,3.34,0.54,9.2
628,2,0.57,0.1,2.1,0.048,4.0,11.0,0.99448,3.44,0.76,10.8
629,2,0.68,0.11,2.8,0.093,11.0,44.0,0.99888,3.31,0.55,9.5
630,2,0.18,0.34,2.7,0.066,15.0,58.0,0.9947,3.37,0.78,11.8
631,2,0.605,0.12,10.7,0.073,40.0,83.0,0.9993,3.45,0.52,9.4
632,2,0.58,0.58,1.9,0.071,5.0,18.0,0.998,3.09,0.63,10.0
633,2,0.745,0.12,1.8,0.114,15.0,64.0,0.99588,3.22,0.59,9.5
634,2,0.16,0.44,2.5,0.068,17.0,31.0,0.99328,3.35,0.54,12.4
635,2,0.57,0.02,2.6,0.077,11.0,35.0,0.99557,3.36,0.62,10.8
636,2,0.39,0.1,1.7,0.075,6.0,25.0,0.99581,3.09,0.43,9.7
637,2,0.635,0.17,2.4,0.241,6.0,18.0,0.9961,3.4,0.59,10.3
638,2,0.9,0.0,1.6,0.052,9.0,17.0,0.99467,3.5,0.63,10.9
639,2,0.41,0.55,3.2,0.076,22.0,54.0,0.9996,3.15,0.89,9.9
640,2,0.39,0.69,2.8,0.095,17.0,35.0,0.9994,3.1,0.61,10.8
641,2,0.68,0.16,1.8,0.078,12.0,39.0,0.9977,3.5,0.7,9.9
642,2,0.37,0.52,2.0,0.088,12.0,51.0,0.99613,3.29,0.58,11.1
643,2,0.34,0.21,2.5,0.075,41.0,68.0,0.99586,3.37,0.54,10.1
644,2,0.54,0.26,2.5,0.097,7.0,31.0,0.9976,3.27,0.6,9.3
645,2,0.27,0.62,2.6,0.082,6.0,21.0,1.0002,3.16,0.67,9.7
646,2,0.6,0.14,2.4,0.086,3.0,15.0,0.9975,3.42,0.6,10.8
647,2,0.54,0.02,1.7,0.085,17.0,31.0,0.99589,3.37,0.51,10.4
648,2,0.6,0.01,2.3,0.079,24.0,37.0,0.99514,3.4,0.61,10.9
649,2,0.4,0.48,2.1,0.125,15.0,49.0,0.998,3.03,0.81,9.7
650,2,0.38,0.44,1.9,0.098,6.0,15.0,0.9956,3.3,0.64,11.4
651,2,0.765,0.18,2.4,0.243,5.5,48.0,0.99612,3.4,0.6,10.3
652,2,0.65,0.37,5.1,0.11,11.0,65.0,1.0026,3.32,0.64,10.4
653,2,0.4,0.31,2.2,0.09,13.0,62.0,0.9966,3.07,0.63,10.5
654,2,0.51,0.13,2.3,0.076,29.0,40.0,0.99574,3.42,0.75,11.0
655,2,0.43,0.5,2.3,0.068,13.0,19.0,0.996,3.1,0.87,11.4
656,2,0.24,0.39,1.6,0.074,3.0,10.0,0.99698,3.12,0.59,9.5
657,2,0.52,0.25,1.9,0.081,14.0,38.0,0.9984,3.43,0.65,9.0
658,2,0.48,0.31,2.8,0.07,4.0,15.0,0.99693,3.22,0.55,10.3
659,2,0.41,0.33,2.2,0.081,22.0,36.0,0.9949,3.41,0.75,11.1
660,2,0.38,0.06,1.8,0.078,12.0,49.0,0.99625,3.37,0.52,9.9
661,2,0.44,0.46,2.2,0.091,10.0,41.0,0.99638,3.18,0.69,11.9
662,2,0.34,0.58,3.7,0.174,6.0,16.0,0.997,3.19,0.7,11.3
663,2,0.67,0.15,1.8,0.118,13.0,20.0,0.9954,3.42,0.67,11.3
664,2,0.41,0.31,8.8,0.084,26.0,45.0,0.99824,3.38,0.64,10.1
665,2,0.5,0.45,2.6,0.119,34.0,68.0,0.99708,3.23,0.72,10.9
666,2,0.61,0.02,2.5,0.081,17.0,87.0,0.99745,3.48,0.6,9.7
667,2,0.34,0.37,1.9,0.057,43.0,74.0,0.99408,3.23,0.81,12.0
668,2,0.775,0.27,2.8,0.078,24.0,56.0,0.9984,3.31,0.67,10.6
669,2,0.59,0.45,2.3,0.082,11.0,22.0,1.0,3.0,0.7,9.3
670,2,0.59,0.01,2.3,0.08,27.0,43.0,0.9955,3.42,0.58,10.7
671,2,0.44,0.42,2.2,0.064,14.0,19.0,0.99758,3.25,0.57,10.4
672,2,0.53,0.07,1.7,0.071,15.0,24.0,0.9951,3.29,0.66,10.8
673,2,0.44,0.39,2.5,0.077,6.0,14.0,0.99555,3.51,0.69,11.0
674,2,0.62,0.05,1.9,0.068,24.0,42.0,0.9961,3.42,0.57,11.5
675,2,0.5,0.0,1.8,0.062,21.0,28.0,0.99352,3.44,0.55,12.3
676,2,0.52,0.45,2.0,0.08,6.0,13.0,0.99774,3.22,0.76,11.4
677,2,0.38,0.48,3.8,0.132,3.0,11.0,0.99577,3.23,0.57,13.2
678,2,0.49,0.0,2.3,0.068,15.0,33.0,0.99292,3.58,0.59,12.5
679,2,0.59,0.45,2.3,0.082,11.0,22.0,1.0,3.0,0.7,9.3
680,2,0.38,0.55,2.1,0.071,5.0,19.0,0.9986,3.11,0.62,10.8
681,2,0.735,0.1,2.1,0.079,6.0,31.0,0.9986,3.23,0.56,10.1
682,2,0.22,0.48,1.8,0.077,29.0,60.0,0.9968,3.39,0.53,9.4
683,2,0.5,0.3,1.9,0.065,8.0,17.0,0.99774,3.32,0.71,10.5
684,2,0.41,0.55,3.2,0.076,22.0,54.0,0.9996,3.15,0.89,9.9
685,2,0.58,0.08,1.9,0.059,20.0,31.0,0.99484,3.5,0.64,10.2
686,2,0.34,0.45,2.0,0.082,6.0,15.0,0.9988,2.94,0.66,9.2
687,2,0.27,0.24,2.1,0.072,15.0,33.0,0.9956,3.22,0.66,12.8
688,2,0.39,0.49,2.5,0.08,8.0,20.0,0.9992,3.07,0.82,10.3
689,2,0.51,0.02,1.7,0.084,13.0,31.0,0.99538,3.36,0.54,10.5
690,3,0.42,0.0,2.1,0.048,16.0,42.0,0.99154,3.71,0.74,14.0
691,3,0.28,0.48,2.1,0.093,6.0,12.0,0.99408,3.26,0.62,12.4
692,3,0.59,0.16,1.8,0.065,3.0,16.0,0.9962,3.42,0.92,10.5
693,3,0.28,0.3,2.0,0.062,18.0,34.0,0.9952,3.28,0.9,11.3
694,3,0.27,0.53,2.4,0.074,6.0,18.0,0.9962,3.2,1.13,12.0
695,3,0.48,0.32,2.1,0.062,31.0,54.0,0.99728,3.3,0.65,10.0
696,3,0.3,0.41,2.0,0.068,10.0,24.0,0.99523,3.27,0.85,11.7
697,3,0.42,0.27,2.0,0.092,23.0,55.0,0.99471,3.78,0.64,12.3
698,3,0.56,0.14,2.4,0.064,13.0,29.0,0.99397,3.42,0.62,11.7
699,3,0.55,0.01,1.8,0.093,9.0,15.0,0.99514,3.35,0.58,11.0
700,3,0.31,0.49,2.7,0.094,16.0,47.0,0.9986,3.12,1.02,10.6
701,3,0.59,0.06,6.0,0.06,11.0,18.0,0.9962,3.41,0.59,10.8
702,3,0.24,0.47,2.1,0.066,6.0,24.0,0.9978,3.15,0.9,11.0
703,3,0.25,0.39,2.0,0.041,4.0,10.0,0.99386,3.27,0.71,12.5
704,3,0.66,0.0,2.4,0.052,6.0,11.0,0.99318,3.35,0.66,12.7
705,3,0.37,0.43,2.3,0.063,12.0,19.0,0.9955,3.17,0.81,11.2
706,3,0.615,0.66,5.8,0.083,7.0,42.0,1.0022,3.07,0.73,10.0
707,3,0.32,0.55,2.8,0.081,35.0,67.0,1.0002,3.32,0.92,10.8
708,3,0.6,0.12,2.2,0.083,13.0,28.0,0.9966,3.52,0.62,10.2
709,3,0.66,0.0,2.4,0.052,6.0,11.0,0.99318,3.35,0.66,12.7
710,3,0.31,0.36,2.2,0.079,11.0,31.0,0.99615,3.33,0.86,12.0
711,3,0.66,0.0,2.4,0.052,6.0,11.0,0.99318,3.35,0.66,12.7
712,3,0.37,0.34,2.4,0.085,5.0,17.0,0.99683,3.17,0.65,10.6
713,3,0.29,0.33,2.05,0.063,13.0,27.0,0.99516,3.26,0.84,11.7
714,3,0.29,0.33,2.05,0.063,13.0,27.0,0.99516,3.26,0.84,11.7
715,3,0.44,0.73,6.55,0.074,38.0,76.0,0.999,3.17,0.85,12.0
716,3,0.31,0.4,2.2,0.058,6.0,10.0,0.99536,3.31,0.68,11.2
717,3,0.37,0.76,4.2,0.066,7.0,38.0,1.0004,3.22,0.6,13.0
718,3,0.28,0.48,2.1,0.093,6.0,12.0,0.99408,3.26,0.62,12.4
719,3,0.26,0.47,1.9,0.078,6.0,24.0,0.9976,3.18,1.04,10.9
720,3,0.58,0.02,2.0,0.073,9.0,18.0,0.9968,3.36,0.57,9.5
721,3,0.65,0.0,1.2,0.065,15.0,21.0,0.9946,3.39,0.47,10.0
722,3,0.44,0.58,4.1,0.092,11.0,24.0,0.99745,3.29,0.99,12.0
723,3,0.27,0.68,3.5,0.358,5.0,10.0,0.9972,3.25,1.08,9.9
724,3,0.5,0.59,1.4,0.073,23.0,42.0,0.998,2.92,0.68,10.5
725,3,0.31,0.47,2.6,0.085,14.0,33.0,0.99965,3.36,0.8,10.5
726,3,0.24,0.47,2.1,0.066,6.0,24.0,0.9978,3.15,0.9,11.0
727,3,0.36,0.46,2.1,0.074,24.0,44.0,0.99534,3.4,0.85,11.0
728,3,0.4,0.32,3.6,0.061,9.0,29.0,0.99416,3.28,0.49,11.3
729,3,0.43,0.3,2.2,0.062,6.0,12.0,0.99495,3.44,0.72,11.5
730,3,0.43,0.66,3.1,0.109,10.0,23.0,1.0,3.15,0.85,10.4
731,3,0.38,0.38,2.8,0.068,23.0,42.0,0.99356,3.34,0.72,12.9
732,3,0.36,0.34,1.8,0.075,18.0,38.0,0.9933,3.38,0.88,13.6
733,3,0.34,0.48,2.1,0.052,5.0,9.0,0.99458,3.2,0.69,12.1
734,3,0.32,0.55,2.8,0.081,35.0,67.0,1.0002,3.32,0.92,10.8
735,3,0.31,0.09,1.4,0.066,15.0,28.0,0.99459,3.42,0.7,10.0
736,3,0.54,0.71,4.4,0.124,6.0,15.0,0.9984,3.01,0.83,11.8
737,3,0.66,0.39,3.2,0.083,21.0,59.0,0.9989,3.37,0.71,11.5
738,3,0.32,0.47,1.4,0.056,9.0,24.0,0.99695,3.22,0.82,10.3
739,3,0.35,0.49,5.8,0.066,5.0,35.0,1.0014,3.2,0.66,12.0
740,3,0.5,0.34,2.3,0.094,10.0,45.0,0.99864,3.24,0.6,9.7
741,3,0.31,0.45,2.1,0.216,5.0,16.0,0.99358,3.15,0.81,12.5
742,3,0.27,0.34,2.3,0.05,4.0,8.0,0.9951,3.4,0.64,11.0
743,3,0.51,0.64,2.4,0.107,6.0,15.0,0.9973,3.09,0.66,11.8
744,3,0.56,0.14,2.4,0.064,13.0,29.0,0.99397,3.42,0.62,11.7
745,3,0.52,0.38,2.6,0.066,29.0,56.0,0.99577,3.15,0.79,12.1
746,3,0.37,0.44,1.6,0.038,21.0,42.0,0.99526,3.24,0.81,10.8
747,3,0.65,0.01,2.5,0.078,17.0,38.0,0.9963,3.34,0.74,11.7
748,3,0.31,0.35,1.6,0.075,9.0,28.0,0.99672,3.24,0.83,11.2
749,3,0.33,0.63,2.8,0.084,5.0,22.0,0.9998,3.26,0.74,11.2
750,3,0.37,0.34,2.4,0.085,5.0,17.0,0.99683,3.17,0.65,10.6
751,3,0.51,0.64,2.4,0.107,6.0,15.0,0.9973,3.09,0.66,11.8
752,3,0.3,0.74,2.6,0.095,9.0,28.0,0.9994,3.2,0.77,10.8
753,3,0.36,0.46,2.1,0.074,24.0,44.0,0.99534,3.4,0.85,11.0
754,3,0.41,0.41,6.2,0.078,25.0,42.0,0.9953,3.24,0.77,12.6
755,3,0.44,0.73,6.55,0.074,38.0,76.0,0.999,3.17,0.85,12.0
756,3,0.59,0.0,2.1,0.091,9.0,14.0,0.99488,3.42,0.55,11.5
757,3,0.37,0.43,2.3,0.063,12.0,19.0,0.9955,3.17,0.81,11.2
758,3,0.66,0.0,2.4,0.052,6.0,11.0,0.99318,3.35,0.66,12.7
759,3,0.31,0.45,2.1,0.216,5.0,16.0,0.99358,3.15,0.81,12.5
760,3,0.26,0.34,2.5,0.073,16.0,47.0,0.99594,3.4,0.78,11.3
761,3,0.44,0.42,2.0,0.071,7.0,20.0,0.99566,3.14,0.79,11.1
762,3,0.12,0.45,1.8,0.075,10.0,21.0,0.99552,3.41,0.76,11.9
763,3,0.56,0.14,2.4,0.064,13.0,29.0,0.99397,3.42,0.62,11.7
764,3,0.31,0.35,1.6,0.075,9.0,28.0,0.99672,3.24,0.83,11.2
765,3,0.735,0.02,2.5,0.071,10.0,14.0,0.99538,3.51,0.71,11.7
766,3,0.4,0.51,2.6,0.052,13.0,27.0,0.995,3.32,0.9,13.4
767,3,0.33,0.63,2.8,0.084,5.0,22.0,0.9998,3.26,0.74,11.2
768,3,0.36,0.39,1.8,0.06,21.0,55.0,0.99495,3.18,0.82,11.0
769,3,0.58,0.02,2.0,0.062,37.0,53.0,0.99374,3.35,0.76,11.6
770,3,0.915,0.12,2.2,0.143,7.0,23.0,0.9964,3.35,0.65,10.2
771,3,0.39,0.43,2.0,0.071,14.0,24.0,0.99428,3.45,0.87,11.2
772,3,0.22,0.36,1.9,0.064,53.0,77.0,0.99604,3.47,0.87,11.0
773,3,0.24,0.46,1.8,0.075,6.0,21.0,0.9976,3.25,1.02,10.8
774,3,0.52,0.38,2.6,0.066,29.0,56.0,0.99577,3.15,0.79,12.1
775,3,0.32,0.55,2.8,0.081,35.0,67.0,1.0002,3.32,0.92,10.8
776,3,0.51,0.64,2.4,0.107,6.0,15.0,0.9973,3.09,0.66,11.8
777,3,0.31,0.35,1.6,0.075,9.0,28.0,0.99672,3.24,0.83,11.2
778,3,0.48,0.32,2.1,0.062,31.0,54.0,0.99728,3.3,0.65,10.0
779,3,0.3,0.74,2.6,0.095,9.0,28.0,0.9994,3.2,0.77,10.8
780,3,0.58,0.01,1.8,0.088,12.0,18.0,0.99568,3.32,0.56,10.5
781,3,0.4,0.32,3.6,0.061,9.0,29.0,0.99416,3.28,0.49,11.3
782,3,0.53,0.57,2.4,0.093,30.0,52.0,0.9971,3.19,0.76,11.6
783,3,0.24,0.47,2.1,0.066,6.0,24.0,0.9978,3.15,0.9,11.0
784,3,0.615,0.66,5.8,0.083,7.0,42.0,1.0022,3.07,0.73,10.0
785,3,0.64,0.1,6.0,0.115,5.0,11.0,0.9984,3.37,0.69,10.1
786,3,0.38,0.31,2.5,0.096,16.0,49.0,0.9982,3.19,0.7,10.0
787,3,0.27,0.53,2.4,0.074,6.0,18.0,0.9962,3.2,1.13,12.0
788,3,0.35,0.4,3.6,0.11,12.0,24.0,0.99549,3.23,0.7,12.0
789,3,0.25,0.39,2.0,0.041,4.0,10.0,0.99386,3.27,0.71,12.5
790,3,0.3,0.34,2.0,0.064,12.0,25.0,0.99516,3.26,0.84,11.7
791,3,0.37,0.44,1.6,0.038,21.0,42.0,0.99526,3.24,0.81,10.8
792,3,0.27,0.34,2.3,0.05,4.0,8.0,0.9951,3.4,0.64,11.0
793,3,0.33,0.45,1.5,0.057,19.0,37.0,0.99498,3.18,0.89,11.1
794,3,0.36,0.46,2.1,0.074,24.0,44.0,0.99534,3.4,0.85,11.0
795,3,0.41,0.5,2.5,0.055,12.0,25.0,0.9952,3.34,0.79,13.3
796,3,0.48,0.53,4.0,0.101,3.0,10.0,0.99586,3.21,0.59,12.1
797,3,0.31,0.4,2.8,0.109,7.0,16.0,0.99614,3.31,0.79,11.8
798,3,0.33,0.39,2.5,0.074,29.0,48.0,0.99528,3.32,0.88,12.4
799,3,0.5,0.59,1.4,0.073,23.0,42.0,0.998,2.92,0.68,10.5
800,3,0.42,0.47,2.65,0.085,9.0,34.0,0.99736,3.24,0.77,12.1
801,3,0.29,0.33,2.05,0.063,13.0,27.0,0.99516,3.26,0.84,11.7
802,3,0.31,0.09,1.4,0.066,15.0,28.0,0.99459,3.42,0.7,10.0
803,3,0.4,0.32,5.6,0.087,10.0,47.0,0.9991,3.38,0.77,10.5
804,3,0.21,0.37,1.6,0.067,6.0,10.0,0.99552,3.23,0.58,11.1
805,3,0.36,0.46,2.1,0.074,24.0,44.0,0.99534,3.4,0.85,11.0
806,3,0.615,0.66,5.8,0.083,7.0,42.0,1.0022,3.07,0.73,10.0
807,3,0.32,0.44,2.4,0.061,24.0,34.0,0.99484,3.29,0.8,11.6
808,3,0.56,0.33,2.4,0.089,35.0,67.0,0.9972,3.28,0.73,11.8
809,3,0.36,0.57,2.3,0.087,6.0,20.0,0.99676,3.14,0.72,11.1
810,3,0.58,0.02,2.0,0.073,9.0,18.0,0.9968,3.36,0.57,9.5
811,3,0.34,0.33,2.5,0.064,21.0,37.0,0.9952,3.35,0.77,12.1
812,3,0.59,0.06,6.0,0.06,11.0,18.0,0.9962,3.41,0.59,10.8
813,3,0.12,0.45,1.8,0.075,10.0,21.0,0.99552,3.41,0.76,11.9
814,3,0.31,0.53,2.2,0.06,3.0,10.0,0.99572,3.02,0.83,10.9
815,3,0.53,0.66,3.65,0.121,6.0,14.0,0.9978,3.05,0.74,11.5
816,3,0.52,0.09,2.5,0.091,20.0,49.0,0.9976,3.34,0.86,10.6
817,3,0.37,0.44,1.6,0.038,21.0,42.0,0.99526,3.24,0.81,10.8
818,3,0.43,0.3,2.2,0.062,6.0,12.0,0.99495,3.44,0.72,11.5
819,3,0.53,0.57,2.4,0.093,30.0,52.0,0.9971,3.19,0.76,11.6
820,3,0.59,0.16,1.8,0.065,3.0,16.0,0.9962,3.42,0.92,10.5
821,3,0.12,0.45,1.8,0.075,10.0,21.0,0.99552,3.41,0.76,11.9
822,3,0.28,0.48,2.1,0.093,6.0,12.0,0.99408,3.26,0.62,12.4
823,3,0.28,0.28,2.4,0.012,36.0,100.0,0.99064,3.26,0.39,11.7
824,3,0.31,0.4,2.8,0.109,7.0,16.0,0.99614,3.31,0.79,11.8
825,3,0.52,0.09,2.5,0.091,20.0,49.0,0.9976,3.34,0.86,10.6
826,3,0.58,0.01,1.8,0.088,12.0,18.0,0.99568,3.32,0.56,10.5
827,3,0.38,0.41,2.4,0.103,6.0,10.0,0.99604,3.13,0.58,11.9
828,3,0.44,0.49,2.7,0.077,11.0,19.0,0.9963,3.23,0.63,11.6
829,3,0.27,0.49,5.0,0.082,9.0,17.0,0.99484,3.19,0.52,12.5
830,3,0.39,0.41,8.9,0.069,18.0,39.0,0.99859,3.29,0.81,10.9
831,3,0.32,0.47,1.4,0.056,9.0,24.0,0.99695,3.22,0.82,10.3
832,3,0.34,0.4,4.7,0.055,3.0,9.0,0.99738,3.38,0.66,11.6
833,3,0.57,0.12,2.3,0.12,25.0,36.0,0.99519,3.47,0.71,11.3
834,3,0.34,0.39,1.4,0.066,3.0,7.0,0.9947,3.19,0.55,11.4
835,3,0.24,0.47,2.1,0.066,6.0,24.0,0.9978,3.15,0.9,11.0
836,3,0.34,0.4,4.7,0.055,3.0,9.0,0.99738,3.38,0.66,11.6
837,3,0.5,0.59,1.4,0.073,23.0,42.0,0.998,2.92,0.68,10.5
838,3,0.59,0.16,1.8,0.065,3.0,16.0,0.9962,3.42,0.92,10.5
839,3,0.27,0.49,5.0,0.082,9.0,17.0,0.99484,3.19,0.52,12.5
840,3,0.28,0.47,1.7,0.054,17.0,32.0,0.99686,3.15,0.67,10.6
841,3,0.6,0.12,2.2,0.083,13.0,28.0,0.9966,3.52,0.62,10.2
842,3,0.3,0.41,2.0,0.068,10.0,24.0,0.99523,3.27,0.85,11.7
843,3,0.32,0.47,1.4,0.056,9.0,24.0,0.99695,3.22,0.82,10.3
844,3,0.36,0.32,1.8,0.067,4.0,8.0,0.9928,3.36,0.55,12.8
845,3,0.52,0.09,2.5,0.091,20.0,49.0,0.9976,3.34,0.86,10.6
846,3,0.84,0.03,2.3,0.059,32.0,48.0,0.9952,3.52,0.56,12.3
847,3,0.28,0.47,1.7,0.054,17.0,32.0,0.99686,3.15,0.67,10.6
848,3,0.52,0.08,2.4,0.07,13.0,26.0,0.99358,3.4,0.72,12.5
849,3,0.56,0.14,2.4,0.064,13.0,29.0,0.99397,3.42,0.62,11.7
850,3,0.66,0.39,3.2,0.083,21.0,59.0,0.9989,3.37,0.71,11.5
851,3,0.635,0.1,2.4,0.08,16.0,33.0,0.99736,3.58,0.69,10.8
852,3,0.3,0.58,2.1,0.054,7.0,19.0,0.998,3.31,0.88,10.5
853,3,0.615,0.66,5.8,0.083,7.0,42.0,1.0022,3.07,0.73,10.0
854,3,0.29,0.49,2.6,0.059,5.0,13.0,0.9976,3.05,0.74,10.5
855,3,0.28,0.47,1.7,0.054,17.0,32.0,0.99686,3.15,0.67,10.6
856,3,0.33,0.39,2.5,0.074,29.0,48.0,0.99528,3.32,0.88,12.4
857,3,0.48,0.3,2.8,0.066,10.0,28.0,0.9964,3.33,0.67,11.2
858,3,0.48,0.32,2.1,0.062,31.0,54.0,0.99728,3.3,0.65,10.0
859,3,0.41,0.48,4.6,0.072,10.0,20.0,0.9973,3.34,0.79,12.2
860,3,0.44,0.73,6.55,0.074,38.0,76.0,0.999,3.17,0.85,12.0
861,3,0.53,0.57,2.4,0.093,30.0,52.0,0.9971,3.19,0.76,11.6
862,3,0.26,0.52,1.8,0.071,6.0,10.0,0.9968,3.2,0.72,10.2
863,3,0.4,0.32,5.6,0.087,10.0,47.0,0.9991,3.38,0.77,10.5
864,3,0.31,0.53,2.2,0.06,3.0,10.0,0.99572,3.02,0.83,10.9
865,3,0.3,0.74,2.6,0.095,9.0,28.0,0.9994,3.2,0.77,10.8
866,3,0.33,0.39,2.5,0.074,29.0,48.0,0.99528,3.32,0.88,12.4
867,3,0.58,0.01,1.8,0.088,12.0,18.0,0.99568,3.32,0.56,10.5
868,3,0.34,0.33,2.5,0.064,21.0,37.0,0.9952,3.35,0.77,12.1
869,3,0.25,0.29,2.2,0.054,19.0,49.0,0.99666,3.4,0.76,10.9
870,3,0.48,0.32,2.1,0.062,31.0,54.0,0.99728,3.3,0.65,10.0
871,3,0.25,0.29,2.2,0.054,19.0,49.0,0.99666,3.4,0.76,10.9
872,3,0.32,0.44,2.4,0.061,24.0,34.0,0.99484,3.29,0.8,11.6
873,3,0.33,0.63,2.8,0.084,5.0,22.0,0.9998,3.26,0.74,11.2
874,3,0.31,0.39,2.4,0.078,17.0,43.0,0.99444,3.31,0.77,12.5
875,3,0.64,0.1,6.0,0.115,5.0,11.0,0.9984,3.37,0.69,10.1
876,3,0.48,0.53,4.0,0.101,3.0,10.0,0.99586,3.21,0.59,12.1
877,3,0.26,0.52,1.8,0.071,6.0,10.0,0.9968,3.2,0.72,10.2
878,3,0.36,0.46,2.1,0.074,24.0,44.0,0.99534,3.4,0.85,11.0
879,3,0.43,0.3,2.2,0.062,6.0,12.0,0.99495,3.44,0.72,11.5
880,3,0.56,0.14,2.4,0.064,13.0,29.0,0.99397,3.42,0.62,11.7
881,3,0.615,0.66,5.8,0.083,7.0,42.0,1.0022,3.07,0.73,10.0
882,3,0.4,0.16,1.8,0.069,11.0,25.0,0.9955,3.42,0.74,10.1
883,3,0.33,0.63,2.8,0.084,5.0,22.0,0.9998,3.26,0.74,11.2
884,3,0.37,0.34,2.4,0.085,5.0,17.0,0.99683,3.17,0.65,10.6
885,3,0.31,0.09,1.4,0.066,15.0,28.0,0.99459,3.42,0.7,10.0
886,3,0.29,0.49,2.6,0.059,5.0,13.0,0.9976,3.05,0.74,10.5
887,3,0.52,0.38,2.6,0.066,29.0,56.0,0.99577,3.15,0.79,12.1
888,3,0.41,0.45,6.2,0.071,6.0,14.0,0.99702,3.21,0.49,11.8
889,3,0.34,0.36,1.9,0.065,5.0,10.0,0.99419,3.27,0.54,11.2
890,3,0.685,0.76,3.7,0.1,6.0,43.0,1.0032,2.95,0.68,11.2
891,3,0.4,0.32,5.6,0.087,10.0,47.0,0.9991,3.38,0.77,10.5
892,3,0.685,0.76,3.7,0.1,6.0,43.0,1.0032,2.95,0.68,11.2
893,3,0.48,0.3,2.8,0.066,10.0,28.0,0.9964,3.33,0.67,11.2
894,3,0.38,0.31,2.5,0.096,16.0,49.0,0.9982,3.19,0.7,10.0
895,3,0.33,0.49,3.4,0.093,54.0,80.0,1.0002,3.3,0.76,10.7
896,3,0.26,0.47,1.9,0.078,6.0,24.0,0.9976,3.18,1.04,10.9
897,3,0.49,0.63,2.9,0.072,10.0,26.0,0.9968,3.16,0.78,12.5
898,3,0.915,0.12,2.2,0.143,7.0,23.0,0.9964,3.35,0.65,10.2
899,3,0.28,0.4,2.4,0.052,4.0,10.0,0.99356,3.33,0.7,12.8
900,3,0.21,0.37,1.6,0.067,6.0,10.0,0.99552,3.23,0.58,11.1
901,3,0.38,0.4,2.2,0.068,12.0,28.0,0.99486,3.27,0.75,12.6
902,3,0.28,0.4,2.4,0.052,4.0,10.0,0.99356,3.33,0.7,12.8
903,3,0.28,0.45,1.7,0.067,7.0,12.0,0.99354,3.25,0.55,12.3
904,3,0.57,0.01,1.7,0.054,5.0,27.0,0.9934,3.57,0.84,12.5
905,3,0.33,0.45,1.5,0.057,19.0,37.0,0.99498,3.18,0.89,11.1
906,3,0.39,0.41,8.9,0.069,18.0,39.0,0.99859,3.29,0.81,10.9
907,3,0.37,0.43,2.3,0.063,12.0,19.0,0.9955,3.17,0.81,11.2
908,3,0.25,0.37,2.5,0.063,11.0,41.0,0.99439,3.52,0.8,12.4
909,3,0.84,0.03,2.3,0.059,32.0,48.0,0.9952,3.52,0.56,12.3
910,3,0.33,0.45,1.5,0.057,19.0,37.0,0.99498,3.18,0.89,11.1
911,3,0.28,0.54,2.3,0.082,12.0,29.0,0.9997,3.11,1.36,9.8
912,3,0.52,0.09,2.5,0.091,20.0,49.0,0.9976,3.34,0.86,10.6
913,3,0.5,0.59,1.4,0.073,23.0,42.0,0.998,2.92,0.68,10.5
914,3,0.24,0.35,1.7,0.055,13.0,27.0,0.99394,3.14,0.59,11.3
915,3,0.3,0.34,2.0,0.064,12.0,25.0,0.99516,3.26,0.84,11.7
916,3,0.37,0.76,4.2,0.066,7.0,38.0,1.0004,3.22,0.6,13.0
917,3,0.28,0.56,1.8,0.092,35.0,103.0,0.9969,3.3,0.75,10.5
918,3,0.29,0.33,2.05,0.063,13.0,27.0,0.99516,3.26,0.84,11.7
919,3,0.34,0.36,1.9,0.065,5.0,10.0,0.99419,3.27,0.54,11.2
920,3,0.66,0.0,2.4,0.052,6.0,11.0,0.99318,3.35,0.66,12.7
921,3,0.29,0.36,2.2,0.048,35.0,53.0,0.995,3.27,1.01,12.4
922,3,0.66,0.0,2.2,0.087,3.0,11.0,0.99378,3.71,0.63,12.8
923,3,0.22,0.36,1.9,0.064,53.0,77.0,0.99604,3.47,0.87,11.0
924,3,0.52,0.09,2.5,0.091,20.0,49.0,0.9976,3.34,0.86,10.6
925,3,0.58,0.02,2.0,0.073,9.0,18.0,0.9968,3.36,0.57,9.5
926,3,0.48,0.3,2.8,0.066,10.0,28.0,0.9964,3.33,0.67,11.2
927,3,0.3,0.68,8.3,0.05,37.5,289.0,0.99316,3.01,0.51,12.3
928,3,0.38,0.4,2.2,0.068,12.0,28.0,0.99486,3.27,0.75,12.6
929,3,0.84,0.03,2.3,0.059,32.0,48.0,0.9952,3.52,0.56,12.3
930,3,0.4,0.53,6.7,0.097,6.0,19.0,0.9986,3.27,0.82,11.7
931,3,0.25,0.37,2.5,0.063,11.0,41.0,0.99439,3.52,0.8,12.4
932,3,0.54,0.71,4.4,0.124,6.0,15.0,0.9984,3.01,0.83,11.8
933,3,0.32,0.55,2.8,0.081,35.0,67.0,1.0002,3.32,0.92,10.8
934,3,0.6,0.12,2.2,0.083,13.0,28.0,0.9966,3.52,0.62,10.2
935,3,0.33,0.63,2.8,0.084,5.0,22.0,0.9998,3.26,0.74,11.2
936,3,0.27,0.53,2.4,0.074,6.0,18.0,0.9962,3.2,1.13,12.0
937,3,0.34,0.48,2.1,0.052,5.0,9.0,0.99458,3.2,0.69,12.1
938,3,0.38,0.4,2.2,0.068,12.0,28.0,0.99486,3.27,0.75,12.6
939,3,0.915,0.12,2.2,0.143,7.0,23.0,0.9964,3.35,0.65,10.2
940,3,0.37,0.76,4.2,0.066,7.0,38.0,1.0004,3.22,0.6,13.0
941,3,0.56,0.14,2.4,0.064,13.0,29.0,0.99397,3.42,0.62,11.7
942,3,0.33,0.45,1.5,0.057,19.0,37.0,0.99498,3.18,0.89,11.1
943,3,0.28,0.28,2.4,0.012,36.0,100.0,0.99064,3.26,0.39,11.7
944,3,0.37,0.76,4.2,0.066,7.0,38.0,1.0004,3.22,0.6,13.0
945,3,0.58,0.01,1.8,0.088,12.0,18.0,0.99568,3.32,0.56,10.5
946,3,0.31,0.47,2.6,0.085,14.0,33.0,0.99965,3.36,0.8,10.5
947,3,0.51,0.18,2.1,0.042,16.0,101.0,0.9924,3.46,0.87,12.9
948,3,0.43,0.4,2.6,0.092,13.0,52.0,0.99834,3.22,0.64,10.0
949,3,0.36,0.39,1.8,0.06,21.0,55.0,0.99495,3.18,0.82,11.0
950,3,0.3,0.58,2.1,0.054,7.0,19.0,0.998,3.31,0.88,10.5
951,3,0.58,0.02,2.0,0.062,37.0,53.0,0.99374,3.35,0.76,11.6
952,3,0.38,0.4,2.2,0.068,12.0,28.0,0.99486,3.27,0.75,12.6
953,3,0.66,0.39,3.2,0.083,21.0,59.0,0.9989,3.37,0.71,11.5
954,3,0.21,0.37,1.6,0.067,6.0,10.0,0.99552,3.23,0.58,11.1
955,3,0.4,0.32,5.6,0.087,10.0,47.0,0.9991,3.38,0.77,10.5
956,3,0.24,0.35,1.7,0.055,13.0,27.0,0.99394,3.14,0.59,11.3
957,3,0.615,0.66,5.8,0.083,7.0,42.0,1.0022,3.07,0.73,10.0
958,3,0.22,0.36,1.9,0.064,53.0,77.0,0.99604,3.47,0.87,11.0
959,3,0.48,0.53,4.0,0.101,3.0,10.0,0.99586,3.21,0.59,12.1
960,3,0.34,0.4,4.7,0.055,3.0,9.0,0.99738,3.38,0.66,11.6
961,3,0.915,0.12,2.2,0.143,7.0,23.0,0.9964,3.35,0.65,10.2
962,3,0.4,0.53,6.7,0.097,6.0,19.0,0.9986,3.27,0.82,11.7
963,3,0.57,0.01,1.7,0.054,5.0,27.0,0.9934,3.57,0.84,12.5
964,3,0.56,0.14,2.4,0.064,13.0,29.0,0.99397,3.42,0.62,11.7
965,3,0.42,0.66,2.95,0.116,12.0,29.0,0.997,3.24,0.75,11.7
966,3,0.3,0.68,8.3,0.05,37.5,278.0,0.99316,3.01,0.51,12.3
967,3,0.41,0.48,4.6,0.072,10.0,20.0,0.9973,3.34,0.79,12.2
968,3,0.33,0.52,2.2,0.074,13.0,25.0,0.99509,3.36,0.76,12.4
969,3,0.28,0.56,1.8,0.092,35.0,103.0,0.9969,3.3,0.75,10.5
970,3,0.33,0.52,2.2,0.074,13.0,25.0,0.99509,3.36,0.76,12.4
971,3,0.41,0.48,4.6,0.072,10.0,20.0,0.9973,3.34,0.79,12.2
972,3,0.47,0.11,2.2,0.048,16.0,89.0,0.99182,3.54,0.88,13.56666667
973,3,0.685,0.76,3.7,0.1,6.0,43.0,1.0032,2.95,0.68,11.2
974,3,0.43,0.66,3.1,0.109,10.0,23.0,1.0,3.15,0.85,10.4
975,3,0.28,0.3,2.0,0.062,18.0,34.0,0.9952,3.28,0.9,11.3
976,3,0.56,0.33,2.4,0.089,35.0,67.0,0.9972,3.28,0.73,11.8
977,3,0.65,0.0,1.2,0.065,15.0,21.0,0.9946,3.39,0.47,10.0
978,3,0.59,0.0,2.1,0.091,9.0,14.0,0.99488,3.42,0.55,11.5
979,3,0.27,0.53,2.4,0.074,6.0,18.0,0.9962,3.2,1.13,12.0
980,3,0.38,0.46,2.1,0.104,6.0,10.0,0.99664,3.12,0.65,11.8
981,3,0.39,0.41,8.9,0.069,18.0,39.0,0.99859,3.29,0.81,10.9
982,3,0.34,0.48,2.1,0.052,5.0,9.0,0.99458,3.2,0.69,12.1
983,3,0.65,0.0,1.2,0.065,15.0,21.0,0.9946,3.39,0.47,10.0
984,3,0.41,0.41,6.2,0.078,25.0,42.0,0.9953,3.24,0.77,12.6
985,3,0.31,0.47,2.6,0.085,14.0,33.0,0.99965,3.36,0.8,10.5
986,3,0.48,0.32,2.1,0.062,31.0,54.0,0.99728,3.3,0.65,10.0
987,3,0.52,0.16,1.9,0.085,12.0,35.0,0.9968,3.38,0.62,9.5
988,3,0.29,0.33,2.05,0.063,13.0,27.0,0.99516,3.26,0.84,11.7
989,3,0.58,0.02,2.0,0.073,9.0,18.0,0.9968,3.36,0.57,9.5
990,3,0.38,0.31,2.5,0.096,16.0,49.0,0.9982,3.19,0.7,10.0
991,3,0.52,0.08,2.4,0.07,13.0,26.0,0.99358,3.4,0.72,12.5
992,3,0.35,0.49,5.8,0.066,5.0,35.0,1.0014,3.2,0.66,12.0
993,3,0.31,0.47,2.6,0.085,14.0,33.0,0.99965,3.36,0.8,10.5
994,3,0.42,0.27,2.0,0.092,23.0,55.0,0.99471,3.78,0.64,12.3
995,3,0.36,0.57,2.3,0.087,6.0,20.0,0.99676,3.14,0.72,11.1
996,3,0.41,0.41,6.2,0.078,25.0,42.0,0.9953,3.24,0.77,12.6
997,3,0.29,0.36,2.2,0.048,35.0,53.0,0.995,3.27,1.01,12.4
998,3,0.3,0.41,2.0,0.068,10.0,24.0,0.99523,3.27,0.85,11.7
999,3,0.3,0.34,2.0,0.064,12.0,25.0,0.99516,3.26,0.84,11.7
1000,3,0.585,0.0,1.7,0.044,14.0,86.0,0.99264,3.56,0.94,12.9
1001,3,0.32,0.47,1.4,0.056,9.0,24.0,0.99695,3.22,0.82,10.3
1002,3,0.735,0.02,2.5,0.071,10.0,14.0,0.99538,3.51,0.71,11.7
1003,3,0.24,0.42,1.8,0.077,6.0,22.0,0.9976,3.21,1.05,10.8
1004,3,0.32,0.55,2.8,0.081,35.0,67.0,1.0002,3.32,0.92,10.8
1005,3,0.615,0.66,5.8,0.083,7.0,42.0,1.0022,3.07,0.73,10.0
1006,3,0.31,0.53,2.2,0.06,3.0,10.0,0.99572,3.02,0.83,10.9
1007,3,0.57,0.01,1.7,0.054,5.0,27.0,0.9934,3.57,0.84,12.5
1008,3,0.53,0.66,3.65,0.121,6.0,14.0,0.9978,3.05,0.74,11.5
1009,3,0.84,0.03,2.3,0.059,32.0,48.0,0.9952,3.52,0.56,12.3
1010,3,0.33,0.63,2.8,0.084,5.0,22.0,0.9998,3.26,0.74,11.2
1011,3,0.51,0.64,2.4,0.107,6.0,15.0,0.9973,3.09,0.66,11.8
1012,3,0.27,0.34,2.3,0.05,4.0,8.0,0.9951,3.4,0.64,11.0
1013,3,0.55,0.01,1.8,0.093,9.0,15.0,0.99514,3.35,0.58,11.0
1014,3,0.24,0.35,1.7,0.055,13.0,27.0,0.99394,3.14,0.59,11.3
1015,3,0.22,0.36,1.9,0.064,53.0,77.0,0.99604,3.47,0.87,11.0
1016,3,0.38,0.41,2.4,0.103,6.0,10.0,0.99604,3.13,0.58,11.9
1017,3,0.51,0.18,2.1,0.042,16.0,101.0,0.9924,3.46,0.87,12.9
1018,3,0.835,0.08,1.2,0.046,13.0,93.0,0.9924,3.57,0.85,13.0
1019,3,0.3,0.49,3.8,0.09,11.0,24.0,0.99498,3.27,0.64,12.1
1020,3,0.24,0.47,2.1,0.066,6.0,24.0,0.9978,3.15,0.9,11.0
1021,3,0.31,0.35,1.6,0.075,9.0,28.0,0.99672,3.24,0.83,11.2
1022,3,0.12,0.45,1.8,0.075,10.0,21.0,0.99552,3.41,0.76,11.9
1023,3,0.33,0.63,2.8,0.084,5.0,22.0,0.9998,3.26,0.74,11.2
1024,3,0.31,0.53,2.2,0.06,3.0,10.0,0.99572,3.02,0.83,10.9
1025,3,0.59,0.0,2.1,0.091,9.0,14.0,0.99488,3.42,0.55,11.5
1026,3,0.31,0.49,2.7,0.094,16.0,47.0,0.9986,3.12,1.02,10.6
1027,3,0.53,0.57,2.4,0.093,30.0,52.0,0.9971,3.19,0.76,11.6
1028,3,0.34,0.39,1.4,0.066,3.0,7.0,0.9947,3.19,0.55,11.4
1029,3,0.38,0.5,2.4,0.104,6.0,13.0,0.99643,3.22,0.65,11.6
1030,3,0.21,0.44,2.2,0.075,10.0,24.0,1.00005,3.07,0.84,9.2
1031,3,0.33,0.32,2.8,0.067,4.0,12.0,0.99473,3.3,0.76,12.8
1032,3,0.65,0.0,1.2,0.065,15.0,21.0,0.9946,3.39,0.47,10.0
1033,3,0.615,0.66,5.8,0.083,7.0,42.0,1.0022,3.07,0.73,10.0
1034,3,0.33,0.45,1.5,0.057,19.0,37.0,0.99498,3.18,0.89,11.1
1035,4,0.87,0.0,3.3,0.096,26.0,61.0,1.00025,3.6,0.72,9.8
1036,4,0.62,0.03,1.5,0.08,6.0,13.0,0.99498,3.66,0.62,10.1
1037,4,1.04,0.08,2.3,0.067,19.0,32.0,0.99648,3.52,0.57,11.0
1038,4,0.47,0.44,1.6,0.147,36.0,51.0,0.99836,3.38,0.86,9.9
1039,4,0.68,0.09,3.9,0.068,15.0,29.0,0.99524,3.41,0.52,11.1
1040,4,1.04,0.08,2.3,0.067,19.0,32.0,0.99648,3.52,0.57,11.0
1041,4,0.59,0.08,4.4,0.086,6.0,29.0,0.9974,3.38,0.5,9.0
1042,4,0.46,0.49,4.5,0.07,26.0,49.0,0.9981,3.05,0.57,9.6
1043,4,0.68,0.09,3.9,0.068,15.0,29.0,0.99524,3.41,0.52,11.1
1044,4,0.785,0.0,2.1,0.06,6.0,13.0,0.99664,3.59,0.61,10.0
1045,4,0.975,0.04,2.0,0.087,12.0,67.0,0.99565,3.35,0.6,9.4
1046,4,0.675,0.26,2.1,0.084,11.0,43.0,0.9976,3.31,0.53,9.2
1047,4,0.61,0.0,1.6,0.069,4.0,8.0,0.99396,3.33,0.37,10.4
1048,4,0.58,0.54,2.1,0.114,3.0,9.0,0.99719,3.33,0.57,10.3
1049,4,0.67,0.19,2.2,0.093,11.0,75.0,0.99736,3.2,0.59,9.2
1050,4,1.02,0.04,1.4,0.045,41.0,85.0,0.9938,3.75,0.48,10.5
1051,4,0.755,0.0,1.9,0.084,6.0,12.0,0.99672,3.34,0.49,9.7
1052,4,0.63,0.5,1.4,0.071,6.0,26.0,0.99791,3.07,0.6,10.4
1053,4,0.61,0.3,2.8,0.088,17.0,46.0,0.9976,3.26,0.51,9.3
1054,4,0.59,0.49,2.1,0.07,14.0,47.0,0.9991,3.3,0.56,9.6
1055,4,0.52,1.0,3.4,0.61,32.0,69.0,0.9996,2.74,2.0,9.4
1056,4,0.62,0.03,1.5,0.08,6.0,13.0,0.99498,3.66,0.62,10.1
1057,4,1.115,0.1,3.1,0.086,5.0,12.0,0.9958,3.54,0.6,11.2
1058,4,0.675,0.26,2.1,0.084,11.0,43.0,0.9976,3.31,0.53,9.2
1059,4,0.625,0.2,1.5,0.08,27.0,119.0,0.9972,3.16,1.12,9.1
1060,4,1.09,0.06,2.1,0.061,12.0,31.0,0.9948,3.51,0.43,11.4
1061,4,0.33,0.32,12.9,0.054,6.0,113.0,0.99572,3.3,0.56,11.5
1062,4,0.67,0.0,4.3,0.057,11.0,20.0,0.99488,3.45,0.56,11.8
1063,4,0.915,0.27,2.1,0.088,7.0,23.0,0.9962,3.26,0.47,10.0
1064,4,0.52,0.15,2.1,0.054,8.0,65.0,0.9934,3.9,0.56,13.1
1065,4,0.955,0.05,1.8,0.075,5.0,19.0,0.99616,3.3,0.44,9.6
1066,4,0.635,0.36,2.0,0.089,15.0,55.0,0.99745,3.31,0.57,10.4
1067,4,0.55,0.03,1.6,0.072,17.0,42.0,0.9956,3.37,0.48,9.0
1068,4,0.78,0.0,2.2,0.089,13.0,26.0,0.9978,3.37,0.46,9.6
1069,4,0.785,0.0,2.1,0.06,6.0,13.0,0.99664,3.59,0.61,10.0
1070,4,0.83,0.27,2.0,0.08,11.0,63.0,0.99652,3.29,0.48,9.8
1071,4,0.67,0.19,2.2,0.093,11.0,75.0,0.99736,3.2,0.59,9.2
1072,4,1.09,0.06,2.1,0.061,12.0,31.0,0.9948,3.51,0.43,11.4
1073,4,1.13,0.09,1.5,0.172,7.0,19.0,0.994,3.5,0.48,9.8
1074,4,0.73,0.0,2.5,0.081,12.0,24.0,0.99798,3.38,0.46,9.6
1075,4,0.73,0.0,2.5,0.081,12.0,24.0,0.99798,3.38,0.46,9.6
1076,4,0.53,0.09,3.9,0.123,14.0,31.0,0.9968,3.5,0.67,11.0
1077,4,0.55,0.03,1.6,0.072,17.0,42.0,0.9956,3.37,0.48,9.0
1078,4,0.84,0.02,4.4,0.096,5.0,13.0,0.997,3.41,0.57,11.0
1079,4,0.83,0.27,2.0,0.08,11.0,63.0,0.99652,3.29,0.48,9.8
1080,4,0.33,0.32,12.9,0.054,6.0,113.0,0.99572,3.3,0.56,11.5
1081,4,0.935,0.22,3.4,0.105,11.0,86.0,1.001,3.43,0.64,11.3
1082,4,0.47,0.0,2.2,0.067,7.0,14.0,0.99517,3.4,0.58,10.9
1083,4,0.39,0.24,2.1,0.102,4.0,7.0,0.99462,3.44,0.58,11.4
1084,4,0.61,0.3,2.8,0.088,17.0,46.0,0.9976,3.26,0.51,9.3
1085,4,1.09,0.06,2.1,0.061,12.0,31.0,0.9948,3.51,0.43,11.4
1086,4,0.755,0.0,1.9,0.084,6.0,12.0,0.99672,3.34,0.49,9.7
1087,4,0.63,0.5,1.4,0.071,6.0,26.0,0.99791,3.07,0.6,10.4
1088,4,1.02,0.0,2.0,0.083,17.0,24.0,0.99437,3.59,0.55,11.2
1089,4,0.68,0.02,1.3,0.072,9.0,20.0,0.9965,3.17,1.08,9.2
1090,4,0.62,0.03,1.5,0.08,6.0,13.0,0.99498,3.66,0.62,10.1
1091,4,0.61,0.0,1.6,0.069,4.0,8.0,0.99396,3.33,0.37,10.4
1092,4,0.765,0.04,1.6,0.078,4.0,14.0,0.998,3.29,0.54,9.7
1093,4,0.935,0.22,3.4,0.105,11.0,86.0,1.001,3.43,0.64,11.3
1094,4,0.47,0.44,1.6,0.147,36.0,51.0,0.99836,3.38,0.86,9.9
1095,4,0.61,0.3,2.8,0.088,17.0,46.0,0.9976,3.26,0.51,9.3
1096,4,0.63,0.5,1.4,0.071,6.0,26.0,0.99791,3.07,0.6,10.4
1097,4,0.84,0.02,4.4,0.096,5.0,13.0,0.997,3.41,0.57,11.0
1098,4,0.68,0.09,3.9,0.068,15.0,29.0,0.99524,3.41,0.52,11.1
1099,4,0.33,0.32,12.9,0.054,6.0,113.0,0.99572,3.3,0.56,11.5
1100,4,0.46,0.49,4.5,0.07,26.0,49.0,0.9981,3.05,0.57,9.6
1101,4,0.785,0.0,2.1,0.06,6.0,13.0,0.99664,3.59,0.61,10.0
1102,4,0.39,0.24,2.1,0.102,4.0,7.0,0.99462,3.44,0.58,11.4
1103,4,1.13,0.09,1.5,0.172,7.0,19.0,0.994,3.5,0.48,9.8
1104,4,0.88,0.03,5.6,0.079,23.0,47.0,0.99572,3.58,0.5,11.2
1105,4,1.09,0.06,2.1,0.061,12.0,31.0,0.9948,3.51,0.43,11.4
1106,4,0.685,0.07,2.5,0.058,5.0,9.0,0.99632,3.38,0.55,10.9
1107,4,0.63,0.5,1.4,0.071,6.0,26.0,0.99791,3.07,0.6,10.4
1108,4,1.02,0.0,2.0,0.083,17.0,24.0,0.99437,3.59,0.55,11.2
1109,4,0.53,0.09,3.9,0.123,14.0,31.0,0.9968,3.5,0.67,11.0
1110,4,0.59,0.08,4.4,0.086,6.0,29.0,0.9974,3.38,0.5,9.0
1111,4,0.61,0.3,2.8,0.088,17.0,46.0,0.9976,3.26,0.51,9.3
1112,4,0.68,0.09,3.9,0.068,15.0,29.0,0.99524,3.41,0.52,11.1
1113,4,0.685,0.07,2.5,0.058,5.0,9.0,0.99632,3.38,0.55,10.9
1114,4,0.4,0.4,6.3,0.05,3.0,10.0,0.99566,3.28,0.56,12.0
1115,4,0.845,0.01,2.2,0.07,5.0,14.0,0.9967,3.32,0.58,11.0
1116,4,0.5,0.24,2.3,0.103,6.0,14.0,0.9978,3.34,0.52,10.0
1117,4,0.23,0.37,2.2,0.057,14.0,36.0,0.99614,3.23,0.49,9.3
1118,4,1.09,0.06,2.1,0.061,12.0,31.0,0.9948,3.51,0.43,11.4
1119,4,0.59,0.49,2.1,0.07,14.0,47.0,0.9991,3.3,0.56,9.6
1120,4,0.78,0.0,2.2,0.089,13.0,26.0,0.9978,3.37,0.46,9.6
1121,4,0.67,0.0,4.3,0.057,11.0,20.0,0.99488,3.45,0.56,11.8
1122,4,0.4,0.4,6.3,0.05,3.0,10.0,0.99566,3.28,0.56,12.0
1123,4,0.4,0.4,6.3,0.05,3.0,10.0,0.99566,3.28,0.56,12.0
1124,4,0.785,0.0,2.1,0.06,6.0,13.0,0.99664,3.59,0.61,10.0
1125,4,0.5,0.24,2.3,0.103,6.0,14.0,0.9978,3.34,0.52,10.0
1126,4,0.39,0.24,2.1,0.102,4.0,7.0,0.99462,3.44,0.58,11.4
1127,4,0.675,0.26,2.1,0.084,11.0,43.0,0.9976,3.31,0.53,9.2
1128,4,0.975,0.04,2.0,0.087,12.0,67.0,0.99565,3.35,0.6,9.4
1129,4,0.61,0.3,2.8,0.088,17.0,46.0,0.9976,3.26,0.51,9.3
1130,4,0.915,0.27,2.1,0.088,7.0,23.0,0.9962,3.26,0.47,10.0
1131,4,0.47,0.0,2.2,0.067,7.0,14.0,0.99517,3.4,0.58,10.9
1132,4,0.83,0.27,2.0,0.08,11.0,63.0,0.99652,3.29,0.48,9.8
1133,4,0.78,0.0,2.2,0.089,13.0,26.0,0.9978,3.37,0.46,9.6
1134,4,0.84,0.02,4.4,0.096,5.0,13.0,0.997,3.41,0.57,11.0
1135,4,0.84,0.02,4.4,0.096,5.0,13.0,0.997,3.41,0.57,11.0
1136,4,0.915,0.27,2.1,0.088,7.0,23.0,0.9962,3.26,0.47,10.0
1137,4,0.53,0.09,3.9,0.123,14.0,31.0,0.9968,3.5,0.67,11.0
1138,4,0.67,0.0,4.3,0.057,11.0,20.0,0.99488,3.45,0.56,11.8
1139,4,0.58,0.0,2.2,0.096,3.0,13.0,0.99557,3.62,0.62,11.5
1140,4,0.53,0.09,3.9,0.123,14.0,31.0,0.9968,3.5,0.67,11.0
1141,4,0.975,0.04,2.0,0.087,12.0,67.0,0.99565,3.35,0.6,9.4
1142,4,0.52,0.15,2.1,0.054,8.0,65.0,0.9934,3.9,0.56,13.1
1143,4,0.78,0.0,2.2,0.089,13.0,26.0,0.9978,3.37,0.46,9.6
1144,4,0.91,0.06,2.0,0.06,4.0,11.0,0.99592,3.53,0.64,10.9
1145,4,0.62,0.03,1.5,0.08,6.0,13.0,0.99498,3.66,0.62,10.1
1146,4,0.88,0.03,5.6,0.079,23.0,47.0,0.99572,3.58,0.5,11.2
1147,4,1.04,0.08,2.3,0.067,19.0,32.0,0.99648,3.52,0.57,11.0
1148,4,0.67,0.0,4.3,0.057,11.0,20.0,0.99488,3.45,0.56,11.8
1149,4,0.84,0.02,4.4,0.096,5.0,13.0,0.997,3.41,0.57,11.0
1150,4,0.675,0.26,2.1,0.084,11.0,43.0,0.9976,3.31,0.53,9.2
1151,4,0.915,0.27,2.1,0.088,7.0,23.0,0.9962,3.26,0.47,10.0
1152,4,0.755,0.0,1.9,0.084,6.0,12.0,0.99672,3.34,0.49,9.7
1153,4,0.58,0.54,2.1,0.114,3.0,9.0,0.99719,3.33,0.57,10.3
1154,4,0.685,0.07,2.5,0.058,5.0,9.0,0.99632,3.38,0.55,10.9
1155,4,0.91,0.06,2.0,0.06,4.0,11.0,0.99592,3.53,0.64,10.9
1156,4,1.13,0.09,1.5,0.172,7.0,19.0,0.994,3.5,0.48,9.8
1157,4,0.47,0.0,2.2,0.067,7.0,14.0,0.99517,3.4,0.58,10.9
1158,4,0.48,0.2,1.9,0.082,9.0,23.0,0.99585,3.39,0.43,9.05
1159,4,0.53,0.09,3.9,0.123,14.0,31.0,0.9968,3.5,0.67,11.0
1160,4,0.625,0.2,1.5,0.08,27.0,119.0,0.9972,3.16,1.12,9.1
1161,4,0.59,0.08,4.4,0.086,6.0,29.0,0.9974,3.38,0.5,9.0
1162,4,0.84,0.02,4.4,0.096,5.0,13.0,0.997,3.41,0.57,11.0
1163,4,1.02,0.0,2.0,0.083,17.0,24.0,0.99437,3.59,0.55,11.2
1164,4,0.68,0.09,3.9,0.068,15.0,29.0,0.99524,3.41,0.52,11.1
1165,4,1.13,0.09,1.5,0.172,7.0,19.0,0.994,3.5,0.48,9.8
1166,4,0.52,0.15,2.1,0.054,8.0,65.0,0.9934,3.9,0.56,13.1
1167,4,0.47,0.0,2.2,0.067,7.0,14.0,0.99517,3.4,0.58,10.9
1168,4,0.62,0.03,1.5,0.08,6.0,13.0,0.99498,3.66,0.62,10.1
1169,4,0.755,0.0,1.9,0.084,6.0,12.0,0.99672,3.34,0.49,9.7
1170,4,1.02,0.04,1.4,0.045,41.0,85.0,0.9938,3.75,0.48,10.5
1171,4,0.35,0.24,2.0,0.067,28.0,48.0,0.99576,3.43,0.54,10.0
1172,4,0.88,0.03,5.6,0.079,23.0,47.0,0.99572,3.58,0.5,11.2
1173,4,0.52,0.15,2.1,0.054,8.0,65.0,0.9934,3.9,0.56,13.1
1174,4,0.62,0.03,1.5,0.08,6.0,13.0,0.99498,3.66,0.62,10.1
1175,4,0.78,0.0,2.2,0.089,13.0,26.0,0.9978,3.37,0.46,9.6
1176,4,1.02,0.0,2.0,0.083,17.0,24.0,0.99437,3.59,0.55,11.2
1177,4,0.68,0.09,3.9,0.068,15.0,29.0,0.99524,3.41,0.52,11.1
1178,4,0.38,0.48,2.6,0.073,22.0,84.0,0.9972,3.32,0.7,9.6
1179,4,1.09,0.06,2.1,0.061,12.0,31.0,0.9948,3.51,0.43,11.4
1180,4,0.55,0.03,1.6,0.072,17.0,42.0,0.9956,3.37,0.48,9.0
1181,4,0.78,0.0,2.2,0.089,13.0,26.0,0.9978,3.37,0.46,9.6
1182,4,0.33,0.32,12.9,0.054,6.0,113.0,0.99572,3.3,0.56,11.5
1183,4,0.23,0.37,2.2,0.057,14.0,36.0,0.99614,3.23,0.49,9.3
1184,4,0.67,0.19,2.2,0.093,11.0,75.0,0.99736,3.2,0.59,9.2
1185,4,0.765,0.04,1.6,0.078,4.0,14.0,0.998,3.29,0.54,9.7
1186,4,1.115,0.1,3.1,0.086,5.0,12.0,0.9958,3.54,0.6,11.2
1187,4,0.38,0.48,2.6,0.073,22.0,84.0,0.9972,3.32,0.7,9.6
1188,4,0.975,0.04,2.0,0.087,12.0,67.0,0.99565,3.35,0.6,9.4
1189,4,0.83,0.27,2.0,0.08,11.0,63.0,0.99652,3.29,0.48,9.8
1190,4,0.55,0.03,1.6,0.072,17.0,42.0,0.9956,3.37,0.48,9.0
1191,4,0.62,0.03,1.5,0.08,6.0,13.0,0.99498,3.66,0.62,10.1
1192,4,0.58,0.54,2.1,0.114,3.0,9.0,0.99719,3.33,0.57,10.3
1193,4,0.845,0.01,2.2,0.07,5.0,14.0,0.9967,3.32,0.58,11.0
1194,4,0.52,1.0,3.4,0.61,32.0,69.0,0.9996,2.74,2.0,9.4
1195,4,0.87,0.0,3.3,0.096,26.0,61.0,1.00025,3.6,0.72,9.8
1196,4,0.765,0.04,1.6,0.078,4.0,14.0,0.998,3.29,0.54,9.7
1197,4,0.61,0.0,1.6,0.069,4.0,8.0,0.99396,3.33,0.37,10.4
1198,4,0.915,0.27,2.1,0.088,7.0,23.0,0.9962,3.26,0.47,10.0
1199,4,0.84,0.02,4.4,0.096,5.0,13.0,0.997,3.41,0.57,11.0
1200,4,0.48,0.2,1.9,0.082,9.0,23.0,0.99585,3.39,0.43,9.05
1201,4,0.5,0.24,2.3,0.103,6.0,14.0,0.9978,3.34,0.52,10.0
1202,4,0.67,0.19,2.2,0.093,11.0,75.0,0.99736,3.2,0.59,9.2
1203,4,0.68,0.02,1.3,0.072,9.0,20.0,0.9965,3.17,1.08,9.2
1204,4,0.23,0.37,2.2,0.057,14.0,36.0,0.99614,3.23,0.49,9.3
1205,4,0.52,0.15,2.1,0.054,8.0,65.0,0.9934,3.9,0.56,13.1
1206,4,0.39,0.24,2.1,0.102,4.0,7.0,0.99462,3.44,0.58,11.4
1207,4,0.53,0.09,3.9,0.123,14.0,31.0,0.9968,3.5,0.67,11.0
1208,4,0.61,0.3,2.8,0.088,17.0,46.0,0.9976,3.26,0.51,9.3
1209,4,0.4,0.4,6.3,0.05,3.0,10.0,0.99566,3.28,0.56,12.0
1210,4,0.88,0.03,5.6,0.079,23.0,47.0,0.99572,3.58,0.5,11.2
1211,4,0.87,0.0,3.3,0.096,26.0,61.0,1.00025,3.6,0.72,9.8
1212,4,0.635,0.36,2.0,0.089,15.0,55.0,0.99745,3.31,0.57,10.4
1213,4,0.59,0.08,4.4,0.086,6.0,29.0,0.9974,3.38,0.5,9.0
1214,4,0.61,0.3,2.8,0.088,17.0,46.0,0.9976,3.26,0.51,9.3
1215,4,1.115,0.1,3.1,0.086,5.0,12.0,0.9958,3.54,0.6,11.2
1216,4,0.52,0.15,2.1,0.054,8.0,65.0,0.9934,3.9,0.56,13.1
1217,4,0.785,0.0,2.1,0.06,6.0,13.0,0.99664,3.59,0.61,10.0
1218,4,0.61,0.0,1.6,0.069,4.0,8.0,0.99396,3.33,0.37,10.4
1219,4,0.39,0.24,2.1,0.102,4.0,7.0,0.99462,3.44,0.58,11.4
1220,4,0.935,0.22,3.4,0.105,11.0,86.0,1.001,3.43,0.64,11.3
1221,4,0.23,0.37,2.2,0.057,14.0,36.0,0.99614,3.23,0.49,9.3
1222,4,0.955,0.05,1.8,0.075,5.0,19.0,0.99616,3.3,0.44,9.6
1223,4,1.04,0.08,2.3,0.067,19.0,32.0,0.99648,3.52,0.57,11.0
1224,4,0.88,0.03,5.6,0.079,23.0,47.0,0.99572,3.58,0.5,11.2
1225,4,0.5,0.24,2.3,0.103,6.0,14.0,0.9978,3.34,0.52,10.0
1226,4,0.59,0.49,2.1,0.07,14.0,47.0,0.9991,3.3,0.56,9.6
1227,4,0.68,0.09,3.9,0.068,15.0,29.0,0.99524,3.41,0.52,11.1
1228,4,0.73,0.0,2.5,0.081,12.0,24.0,0.99798,3.38,0.46,9.6
1229,4,0.61,0.0,1.6,0.069,4.0,8.0,0.99396,3.33,0.37,10.4
1230,4,0.765,0.04,1.6,0.078,4.0,14.0,0.998,3.29,0.54,9.7
1231,4,0.63,0.5,1.4,0.071,6.0,26.0,0.99791,3.07,0.6,10.4
1232,4,0.59,0.49,2.1,0.07,14.0,47.0,0.9991,3.3,0.56,9.6
1233,4,0.63,0.5,1.4,0.071,6.0,26.0,0.99791,3.07,0.6,10.4
1234,4,0.38,0.48,2.6,0.073,22.0,84.0,0.9972,3.32,0.7,9.6
1235,4,0.73,0.0,2.5,0.081,12.0,24.0,0.99798,3.38,0.46,9.6
1236,4,0.62,0.03,1.5,0.08,6.0,13.0,0.99498,3.66,0.62,10.1
1237,4,0.62,0.03,1.5,0.08,6.0,13.0,0.99498,3.66,0.62,10.1
1238,4,0.73,0.0,2.5,0.081,12.0,24.0,0.99798,3.38,0.46,9.6
1239,4,0.67,0.0,4.3,0.057,11.0,20.0,0.99488,3.45,0.56,11.8
1240,4,0.47,0.44,1.6,0.147,36.0,51.0,0.99836,3.38,0.86,9.9
1241,4,0.5,0.24,2.3,0.103,6.0,14.0,0.9978,3.34,0.52,10.0
1242,4,0.48,0.2,1.9,0.082,9.0,23.0,0.99585,3.39,0.43,9.05
1243,4,0.915,0.27,2.1,0.088,7.0,23.0,0.9962,3.26,0.47,10.0
1244,4,0.55,0.03,1.6,0.072,17.0,42.0,0.9956,3.37,0.48,9.0
1245,4,0.53,0.09,3.9,0.123,14.0,31.0,0.9968,3.5,0.67,11.0
1246,4,0.23,0.37,2.2,0.057,14.0,36.0,0.99614,3.23,0.49,9.3
1247,4,0.52,1.0,3.4,0.61,32.0,69.0,0.9996,2.74,2.0,9.4
1248,4,0.61,0.3,2.8,0.088,17.0,46.0,0.9976,3.26,0.51,9.3
1249,4,0.67,0.19,2.2,0.093,11.0,75.0,0.99736,3.2,0.59,9.2
1250,4,0.91,0.06,2.0,0.06,4.0,11.0,0.99592,3.53,0.64,10.9
1251,4,0.83,0.27,2.0,0.08,11.0,63.0,0.99652,3.29,0.48,9.8
1252,4,0.635,0.36,2.0,0.089,15.0,55.0,0.99745,3.31,0.57,10.4
1253,4,0.58,0.0,2.2,0.096,3.0,13.0,0.99557,3.62,0.62,11.5
1254,4,0.55,0.03,1.6,0.072,17.0,42.0,0.9956,3.37,0.48,9.0
1255,4,0.4,0.4,6.3,0.05,3.0,10.0,0.99566,3.28,0.56,12.0
1256,4,0.755,0.0,1.9,0.084,6.0,12.0,0.99672,3.34,0.49,9.7
1257,4,0.68,0.09,3.9,0.068,15.0,29.0,0.99524,3.41,0.52,11.1
1258,4,0.935,0.22,3.4,0.105,11.0,86.0,1.001,3.43,0.64,11.3
1259,4,0.63,0.5,1.4,0.071,6.0,26.0,0.99791,3.07,0.6,10.4
1260,4,0.23,0.37,2.2,0.057,14.0,36.0,0.99614,3.23,0.49,9.3
1261,4,0.84,0.02,4.4,0.096,5.0,13.0,0.997,3.41,0.57,11.0
1262,4,0.62,0.03,1.5,0.08,6.0,13.0,0.99498,3.66,0.62,10.1
1263,4,0.73,0.0,2.5,0.081,12.0,24.0,0.99798,3.38,0.46,9.6
1264,4,0.53,0.09,3.9,0.123,14.0,31.0,0.9968,3.5,0.67,11.0
1265,4,0.35,0.24,2.0,0.067,28.0,48.0,0.99576,3.43,0.54,10.0
1266,4,0.55,0.03,1.6,0.072,17.0,42.0,0.9956,3.37,0.48,9.0
1267,4,0.91,0.06,2.0,0.06,4.0,11.0,0.99592,3.53,0.64,10.9
1268,4,0.58,0.0,2.2,0.096,3.0,13.0,0.99557,3.62,0.62,11.5
1269,4,1.09,0.06,2.1,0.061,12.0,31.0,0.9948,3.51,0.43,11.4
1270,4,0.67,0.19,2.2,0.093,11.0,75.0,0.99736,3.2,0.59,9.2
1271,4,0.87,0.0,3.3,0.096,26.0,61.0,1.00025,3.6,0.72,9.8
1272,4,0.685,0.07,2.5,0.058,5.0,9.0,0.99632,3.38,0.55,10.9
1273,4,0.5,0.24,2.3,0.103,6.0,14.0,0.9978,3.34,0.52,10.0
1274,4,0.47,0.44,1.6,0.147,36.0,51.0,0.99836,3.38,0.86,9.9
1275,4,0.39,0.24,2.1,0.102,4.0,7.0,0.99462,3.44,0.58,11.4
1276,4,0.975,0.04,2.0,0.087,12.0,67.0,0.99565,3.35,0.6,9.4
1277,4,0.59,0.08,4.4,0.086,6.0,29.0,0.9974,3.38,0.5,9.0
1278,4,0.845,0.01,2.2,0.07,5.0,14.0,0.9967,3.32,0.58,11.0
1279,4,1.09,0.06,2.1,0.061,12.0,31.0,0.9948,3.51,0.43,11.4
1280,4,0.61,0.3,2.8,0.088,17.0,46.0,0.9976,3.26,0.51,9.3
1281,4,0.38,0.48,2.6,0.073,22.0,84.0,0.9972,3.32,0.7,9.6
1282,4,0.83,0.27,2.0,0.08,11.0,63.0,0.99652,3.29,0.48,9.8
1283,4,1.115,0.1,3.1,0.086,5.0,12.0,0.9958,3.54,0.6,11.2
1284,4,0.39,0.24,2.1,0.102,4.0,7.0,0.99462,3.44,0.58,11.4
1285,4,0.59,0.08,4.4,0.086,6.0,29.0,0.9974,3.38,0.5,9.0
1286,4,0.88,0.03,5.6,0.079,23.0,47.0,0.99572,3.58,0.5,11.2
1287,4,0.885,0.03,1.8,0.058,4.0,8.0,0.9972,3.36,0.33,9.1
1288,4,0.67,0.0,4.3,0.057,11.0,20.0,0.99488,3.45,0.56,11.8
1289,4,0.84,0.02,4.4,0.096,5.0,13.0,0.997,3.41,0.57,11.0
1290,4,0.33,0.32,12.9,0.054,6.0,113.0,0.99572,3.3,0.56,11.5
1291,4,0.685,0.07,2.5,0.058,5.0,9.0,0.99632,3.38,0.55,10.9
1292,4,0.46,0.49,4.5,0.07,26.0,49.0,0.9981,3.05,0.57,9.6
1293,4,0.59,0.49,2.1,0.07,14.0,47.0,0.9991,3.3,0.56,9.6
1294,4,0.83,0.27,2.0,0.08,11.0,63.0,0.99652,3.29,0.48,9.8
1295,4,1.115,0.1,3.1,0.086,5.0,12.0,0.9958,3.54,0.6,11.2
1296,4,0.58,0.0,2.2,0.096,3.0,13.0,0.99557,3.62,0.62,11.5
1297,4,0.55,0.03,1.6,0.072,17.0,42.0,0.9956,3.37,0.48,9.0
1298,4,0.765,0.04,1.6,0.078,4.0,14.0,0.998,3.29,0.54,9.7
1299,4,0.88,0.03,5.6,0.079,23.0,47.0,0.99572,3.58,0.5,11.2
1300,4,1.13,0.09,1.5,0.172,7.0,19.0,0.994,3.5,0.48,9.8
1301,4,0.88,0.03,5.6,0.079,23.0,47.0,0.99572,3.58,0.5,11.2
1302,4,0.52,0.15,2.1,0.054,8.0,65.0,0.9934,3.9,0.56,13.1
1303,4,0.91,0.06,2.0,0.06,4.0,11.0,0.99592,3.53,0.64,10.9
1304,4,0.62,0.03,1.5,0.08,6.0,13.0,0.99498,3.66,0.62,10.1
1305,4,0.58,0.54,2.1,0.114,3.0,9.0,0.99719,3.33,0.57,10.3
1306,4,0.55,0.03,1.6,0.072,17.0,42.0,0.9956,3.37,0.48,9.0
1307,4,0.91,0.06,2.0,0.06,4.0,11.0,0.99592,3.53,0.64,10.9
1308,4,0.55,0.03,1.6,0.072,17.0,42.0,0.9956,3.37,0.48,9.0
1309,4,1.115,0.1,3.1,0.086,5.0,12.0,0.9958,3.54,0.6,11.2
1310,4,0.625,0.2,1.5,0.08,27.0,119.0,0.9972,3.16,1.12,9.1
1311,4,0.63,0.5,1.4,0.071,6.0,26.0,0.99791,3.07,0.6,10.4
1312,4,0.39,0.24,2.1,0.102,4.0,7.0,0.99462,3.44,0.58,11.4
1313,4,0.67,0.0,4.3,0.057,11.0,20.0,0.99488,3.45,0.56,11.8
1314,4,0.84,0.02,4.4,0.096,5.0,13.0,0.997,3.41,0.57,11.0
1315,4,0.84,0.02,4.4,0.096,5.0,13.0,0.997,3.41,0.57,11.0
1316,4,0.91,0.06,2.0,0.06,4.0,11.0,0.99592,3.53,0.64,10.9
1317,4,0.4,0.4,6.3,0.05,3.0,10.0,0.99566,3.28,0.56,12.0
1318,4,0.52,1.0,3.4,0.61,32.0,69.0,0.9996,2.74,2.0,9.4
1319,4,0.87,0.0,3.3,0.096,26.0,61.0,1.00025,3.6,0.72,9.8
1320,4,0.785,0.0,2.1,0.06,6.0,13.0,0.99664,3.59,0.61,10.0
1321,4,1.04,0.08,2.3,0.067,19.0,32.0,0.99648,3.52,0.57,11.0
1322,4,0.46,0.49,4.5,0.07,26.0,49.0,0.9981,3.05,0.57,9.6
1323,4,0.83,0.27,2.0,0.08,11.0,63.0,0.99652,3.29,0.48,9.8
1324,4,0.685,0.07,2.5,0.058,5.0,9.0,0.99632,3.38,0.55,10.9
1325,4,0.955,0.05,1.8,0.075,5.0,19.0,0.99616,3.3,0.44,9.6
1326,4,0.935,0.22,3.4,0.105,11.0,86.0,1.001,3.43,0.64,11.3
1327,4,0.975,0.04,2.0,0.087,12.0,67.0,0.99565,3.35,0.6,9.4
1328,4,0.845,0.01,2.2,0.07,5.0,14.0,0.9967,3.32,0.58,11.0
1329,4,0.46,0.49,4.5,0.07,26.0,49.0,0.9981,3.05,0.57,9.6
1330,4,0.88,0.03,5.6,0.079,23.0,47.0,0.99572,3.58,0.5,11.2
1331,4,1.115,0.1,3.1,0.086,5.0,12.0,0.9958,3.54,0.6,11.2
1332,4,0.765,0.04,1.6,0.078,4.0,14.0,0.998,3.29,0.54,9.7
1333,4,1.115,0.1,3.1,0.086,5.0,12.0,0.9958,3.54,0.6,11.2
1334,4,0.59,0.49,2.1,0.07,14.0,47.0,0.9991,3.3,0.56,9.6
1335,4,0.68,0.02,1.3,0.072,9.0,20.0,0.9965,3.17,1.08,9.2
1336,4,1.02,0.0,2.0,0.083,17.0,24.0,0.99437,3.59,0.55,11.2
1337,4,1.09,0.06,2.1,0.061,12.0,31.0,0.9948,3.51,0.43,11.4
1338,4,0.63,0.5,1.4,0.071,6.0,26.0,0.99791,3.07,0.6,10.4
1339,4,0.91,0.06,2.0,0.06,4.0,11.0,0.99592,3.53,0.64,10.9
1340,4,0.78,0.0,2.2,0.089,13.0,26.0,0.9978,3.37,0.46,9.6
1341,4,0.765,0.04,1.6,0.078,4.0,14.0,0.998,3.29,0.54,9.7
1342,4,0.39,0.24,2.1,0.102,4.0,7.0,0.99462,3.44,0.58,11.4
1343,4,0.52,1.0,3.4,0.61,32.0,69.0,0.9996,2.74,2.0,9.4
1344,4,0.59,0.49,2.1,0.07,14.0,47.0,0.9991,3.3,0.56,9.6
1345,4,0.915,0.27,2.1,0.088,7.0,23.0,0.9962,3.26,0.47,10.0
1346,4,0.685,0.07,2.5,0.058,5.0,9.0,0.99632,3.38,0.55,10.9
1347,4,0.62,0.03,1.5,0.08,6.0,13.0,0.99498,3.66,0.62,10.1
1348,4,0.78,0.0,2.2,0.089,13.0,26.0,0.9978,3.37,0.46,9.6
1349,4,0.73,0.0,2.5,0.081,12.0,24.0,0.99798,3.38,0.46,9.6
1350,4,0.84,0.02,4.4,0.096,5.0,13.0,0.997,3.41,0.57,11.0
1351,4,0.88,0.03,5.6,0.079,23.0,47.0,0.99572,3.58,0.5,11.2
1352,4,1.04,0.08,2.3,0.067,19.0,32.0,0.99648,3.52,0.57,11.0
1353,4,1.02,0.0,2.0,0.083,17.0,24.0,0.99437,3.59,0.55,11.2
1354,4,0.55,0.03,1.6,0.072,17.0,42.0,0.9956,3.37,0.48,9.0
1355,4,0.78,0.0,2.2,0.089,13.0,26.0,0.9978,3.37,0.46,9.6
1356,4,0.91,0.06,2.0,0.06,4.0,11.0,0.99592,3.53,0.64,10.9
1357,4,0.46,0.49,4.5,0.07,26.0,49.0,0.9981,3.05,0.57,9.6
1358,4,0.83,0.27,2.0,0.08,11.0,63.0,0.99652,3.29,0.48,9.8
1359,4,0.88,0.03,5.6,0.079,23.0,47.0,0.99572,3.58,0.5,11.2
1360,4,0.68,0.02,1.3,0.072,9.0,20.0,0.9965,3.17,1.08,9.2
1361,4,0.675,0.26,2.1,0.084,11.0,43.0,0.9976,3.31,0.53,9.2
1362,4,0.73,0.0,2.5,0.081,12.0,24.0,0.99798,3.38,0.46,9.6
1363,4,0.58,0.54,2.1,0.114,3.0,9.0,0.99719,3.33,0.57,10.3
1364,4,0.59,0.49,2.1,0.07,14.0,47.0,0.9991,3.3,0.56,9.6
1365,4,0.88,0.03,5.6,0.079,23.0,47.0,0.99572,3.58,0.5,11.2
1366,4,0.52,1.0,3.4,0.61,32.0,69.0,0.9996,2.74,2.0,9.4
1367,4,0.58,0.54,2.1,0.114,3.0,9.0,0.99719,3.33,0.57,10.3
1368,4,0.35,0.24,2.0,0.067,28.0,48.0,0.99576,3.43,0.54,10.0
1369,4,0.625,0.2,1.5,0.08,27.0,119.0,0.9972,3.16,1.12,9.1
1370,4,0.59,0.08,4.4,0.086,6.0,29.0,0.9974,3.38,0.5,9.0
1371,4,0.39,0.24,2.1,0.102,4.0,7.0,0.99462,3.44,0.58,11.4
1372,4,0.58,0.54,2.1,0.114,3.0,9.0,0.99719,3.33,0.57,10.3
1373,4,0.4,0.4,6.3,0.05,3.0,10.0,0.99566,3.28,0.56,12.0
1374,4,0.47,0.0,2.2,0.067,7.0,14.0,0.99517,3.4,0.58,10.9
1375,4,0.52,0.15,2.1,0.054,8.0,65.0,0.9934,3.9,0.56,13.1
1376,4,0.52,1.0,3.4,0.61,32.0,69.0,0.9996,2.74,2.0,9.4
1377,4,0.58,0.54,2.1,0.114,3.0,9.0,0.99719,3.33,0.57,10.3
1378,4,1.09,0.06,2.1,0.061,12.0,31.0,0.9948,3.51,0.43,11.4
1379,4,0.955,0.05,1.8,0.075,5.0,19.0,0.99616,3.3,0.44,9.6
1380,5,0.36,0.3,1.8,0.074,17.0,24.0,0.99419,3.24,0.7,11.4
1381,5,0.36,0.3,1.8,0.074,17.0,24.0,0.99419,3.24,0.7,11.4
1382,5,0.57,0.09,2.3,0.065,34.0,45.0,0.99417,3.46,0.74,12.7
1383,5,0.49,0.03,1.8,0.044,28.0,87.0,0.9908,3.5,0.82,14.0
1384,5,0.3,0.56,2.8,0.08,6.0,17.0,0.9964,3.15,0.92,11.7
1385,5,0.31,0.72,2.2,0.072,6.0,29.0,0.9987,2.88,0.82,9.8
1386,5,0.33,0.33,1.7,0.061,3.0,13.0,0.996,3.23,1.1,10.0
1387,5,0.32,0.45,6.4,0.073,5.0,13.0,0.9976,3.23,0.82,12.6
1388,5,0.38,0.31,2.0,0.056,15.0,29.0,0.99472,3.23,0.76,11.3
1389,5,0.62,0.67,5.2,0.086,6.0,19.0,0.9988,3.22,0.69,13.4
1390,5,0.42,0.39,1.8,0.068,6.0,12.0,0.99516,3.35,0.69,11.7
1391,5,0.35,0.53,2.6,0.07,5.0,16.0,0.9972,3.15,0.65,11.0
1392,5,0.85,0.05,1.4,0.045,12.0,88.0,0.9924,3.56,0.82,12.9
1393,5,0.54,0.34,2.5,0.076,8.0,17.0,0.99235,3.2,0.72,13.1
1394,5,0.4,0.5,1.8,0.071,7.0,16.0,0.99462,3.21,0.69,12.5
1395,5,0.35,0.46,3.6,0.078,15.0,37.0,0.9973,3.35,0.86,12.8
1396,5,0.3,0.56,2.8,0.08,6.0,17.0,0.9964,3.15,0.92,11.7
1397,5,0.38,0.31,2.0,0.056,15.0,29.0,0.99472,3.23,0.76,11.3
1398,5,0.4,0.5,1.8,0.071,7.0,16.0,0.99462,3.21,0.69,12.5
1399,5,0.54,0.34,2.5,0.076,8.0,17.0,0.99235,3.2,0.72,13.1
1400,5,0.26,0.54,1.9,0.083,42.0,74.0,0.99451,2.98,0.63,11.8
1401,5,0.54,0.34,2.5,0.076,8.0,17.0,0.99235,3.2,0.72,13.1
1402,5,0.42,0.24,2.0,0.06,19.0,50.0,0.9917,3.72,0.74,14.0
1403,5,0.42,0.24,2.0,0.06,19.0,50.0,0.9917,3.72,0.74,14.0
1404,5,0.38,0.31,2.0,0.056,15.0,29.0,0.99472,3.23,0.76,11.3
1405,5,0.85,0.05,1.4,0.045,12.0,88.0,0.9924,3.56,0.82,12.9
1406,5,0.31,0.72,2.2,0.072,6.0,29.0,0.9987,2.88,0.82,9.8
1407,5,0.26,0.54,1.9,0.083,42.0,74.0,0.99451,2.98,0.63,11.8
1408,5,0.57,0.09,2.3,0.065,34.0,45.0,0.99417,3.46,0.74,12.7
1409,5,0.35,0.46,3.6,0.078,15.0,37.0,0.9973,3.35,0.86,12.8
1410,5,0.85,0.05,1.4,0.045,12.0,88.0,0.9924,3.56,0.82,12.9
1411,5,0.57,0.09,2.3,0.065,34.0,45.0,0.99417,3.46,0.74,12.7
1412,5,0.32,0.45,6.4,0.073,5.0,13.0,0.9976,3.23,0.82,12.6
1413,5,0.35,0.53,2.6,0.07,5.0,16.0,0.9972,3.15,0.65,11.0
1414,5,0.54,0.34,2.5,0.076,8.0,17.0,0.99235,3.2,0.72,13.1
1415,5,0.42,0.39,1.8,0.068,6.0,12.0,0.99516,3.35,0.69,11.7
1416,5,0.54,0.34,2.5,0.076,8.0,17.0,0.99235,3.2,0.72,13.1
1417,5,0.42,0.24,2.0,0.06,19.0,50.0,0.9917,3.72,0.74,14.0
1418,5,0.42,0.24,2.0,0.06,19.0,50.0,0.9917,3.72,0.74,14.0
1419,5,0.35,0.53,2.6,0.07,5.0,16.0,0.9972,3.15,0.65,11.0
1420,5,0.57,0.09,2.3,0.065,34.0,45.0,0.99417,3.46,0.74,12.7
1421,5,0.33,0.33,1.7,0.061,3.0,13.0,0.996,3.23,1.1,10.0
1422,5,0.54,0.34,2.5,0.076,8.0,17.0,0.99235,3.2,0.72,13.1
1423,5,0.3,0.56,2.8,0.08,6.0,17.0,0.9964,3.15,0.92,11.7
1424,5,0.42,0.39,1.8,0.068,6.0,12.0,0.99516,3.35,0.69,11.7
1425,5,0.35,0.53,2.6,0.07,5.0,16.0,0.9972,3.15,0.65,11.0
1426,5,0.62,0.67,5.2,0.086,6.0,19.0,0.9988,3.22,0.69,13.4
1427,5,0.54,0.34,2.5,0.076,8.0,17.0,0.99235,3.2,0.72,13.1
1428,5,0.57,0.09,2.3,0.065,34.0,45.0,0.99417,3.46,0.74,12.7
1429,5,0.26,0.54,1.9,0.083,42.0,74.0,0.99451,2.98,0.63,11.8
1430,5,0.35,0.53,2.6,0.07,5.0,16.0,0.9972,3.15,0.65,11.0
1431,5,0.49,0.03,1.8,0.044,28.0,87.0,0.9908,3.5,0.82,14.0
1432,5,0.35,0.46,3.6,0.078,15.0,37.0,0.9973,3.35,0.86,12.8
1433,5,0.57,0.09,2.3,0.065,34.0,45.0,0.99417,3.46,0.74,12.7
1434,5,0.3,0.56,2.8,0.08,6.0,17.0,0.9964,3.15,0.92,11.7
1435,5,0.35,0.53,2.6,0.07,5.0,16.0,0.9972,3.15,0.65,11.0
1436,5,0.38,0.31,2.0,0.056,15.0,29.0,0.99472,3.23,0.76,11.3
1437,5,0.33,0.33,1.7,0.061,3.0,13.0,0.996,3.23,1.1,10.0
1438,5,0.42,0.39,1.8,0.068,6.0,12.0,0.99516,3.35,0.69,11.7
1439,5,0.33,0.33,1.7,0.061,3.0,13.0,0.996,3.23,1.1,10.0
1440,5,0.31,0.72,2.2,0.072,6.0,29.0,0.9987,2.88,0.82,9.8
1441,5,0.31,0.72,2.2,0.072,6.0,29.0,0.9987,2.88,0.82,9.8
1442,5,0.38,0.31,2.0,0.056,15.0,29.0,0.99472,3.23,0.76,11.3
1443,5,0.4,0.5,1.8,0.071,7.0,16.0,0.99462,3.21,0.69,12.5
1444,5,0.38,0.31,2.0,0.056,15.0,29.0,0.99472,3.23,0.76,11.3
1445,5,0.31,0.72,2.2,0.072,6.0,29.0,0.9987,2.88,0.82,9.8
1446,5,0.35,0.53,2.6,0.07,5.0,16.0,0.9972,3.15,0.65,11.0
1447,5,0.32,0.45,6.4,0.073,5.0,13.0,0.9976,3.23,0.82,12.6
1448,5,0.35,0.53,2.6,0.07,5.0,16.0,0.9972,3.15,0.65,11.0
1449,5,0.32,0.45,6.4,0.073,5.0,13.0,0.9976,3.23,0.82,12.6
1450,5,0.35,0.46,3.6,0.078,15.0,37.0,0.9973,3.35,0.86,12.8
1451,5,0.38,0.31,2.0,0.056,15.0,29.0,0.99472,3.23,0.76,11.3
1452,5,0.85,0.05,1.4,0.045,12.0,88.0,0.9924,3.56,0.82,12.9
1453,5,0.85,0.05,1.4,0.045,12.0,88.0,0.9924,3.56,0.82,12.9
1454,5,0.38,0.31,2.0,0.056,15.0,29.0,0.99472,3.23,0.76,11.3
1455,5,0.3,0.56,2.8,0.08,6.0,17.0,0.9964,3.15,0.92,11.7
1456,5,0.32,0.45,6.4,0.073,5.0,13.0,0.9976,3.23,0.82,12.6
1457,5,0.35,0.53,2.6,0.07,5.0,16.0,0.9972,3.15,0.65,11.0
1458,5,0.26,0.54,1.9,0.083,42.0,74.0,0.99451,2.98,0.63,11.8
1459,5,0.3,0.56,2.8,0.08,6.0,17.0,0.9964,3.15,0.92,11.7
1460,5,0.54,0.34,2.5,0.076,8.0,17.0,0.99235,3.2,0.72,13.1
1461,5,0.26,0.54,1.9,0.083,42.0,74.0,0.99451,2.98,0.63,11.8
1462,5,0.33,0.33,1.7,0.061,3.0,13.0,0.996,3.23,1.1,10.0
1463,5,0.31,0.72,2.2,0.072,6.0,29.0,0.9987,2.88,0.82,9.8
1464,5,0.3,0.56,2.8,0.08,6.0,17.0,0.9964,3.15,0.92,11.7
1465,5,0.3,0.56,2.8,0.08,6.0,17.0,0.9964,3.15,0.92,11.7
1466,5,0.62,0.67,5.2,0.086,6.0,19.0,0.9988,3.22,0.69,13.4
1467,5,0.85,0.05,1.4,0.045,12.0,88.0,0.9924,3.56,0.82,12.9
1468,5,0.38,0.31,2.0,0.056,15.0,29.0,0.99472,3.23,0.76,11.3
1469,5,0.42,0.24,2.0,0.06,19.0,50.0,0.9917,3.72,0.74,14.0
1470,5,0.42,0.39,1.8,0.068,6.0,12.0,0.99516,3.35,0.69,11.7
1471,5,0.35,0.53,2.6,0.07,5.0,16.0,0.9972,3.15,0.65,11.0
1472,5,0.4,0.5,1.8,0.071,7.0,16.0,0.99462,3.21,0.69,12.5
1473,5,0.38,0.31,2.0,0.056,15.0,29.0,0.99472,3.23,0.76,11.3
1474,5,0.54,0.34,2.5,0.076,8.0,17.0,0.99235,3.2,0.72,13.1
1475,5,0.85,0.05,1.4,0.045,12.0,88.0,0.9924,3.56,0.82,12.9
1476,5,0.4,0.5,1.8,0.071,7.0,16.0,0.99462,3.21,0.69,12.5
1477,5,0.35,0.53,2.6,0.07,5.0,16.0,0.9972,3.15,0.65,11.0
1478,5,0.35,0.46,3.6,0.078,15.0,37.0,0.9973,3.35,0.86,12.8
1479,5,0.54,0.34,2.5,0.076,8.0,17.0,0.99235,3.2,0.72,13.1
1480,5,0.36,0.3,1.8,0.074,17.0,24.0,0.99419,3.24,0.7,11.4
1481,5,0.35,0.53,2.6,0.07,5.0,16.0,0.9972,3.15,0.65,11.0
1482,5,0.35,0.53,2.6,0.07,5.0,16.0,0.9972,3.15,0.65,11.0
1483,5,0.35,0.53,2.6,0.07,5.0,16.0,0.9972,3.15,0.65,11.0
1484,5,0.49,0.03,1.8,0.044,28.0,87.0,0.9908,3.5,0.82,14.0
1485,5,0.85,0.05,1.4,0.045,12.0,88.0,0.9924,3.56,0.82,12.9
1486,5,0.42,0.39,1.8,0.068,6.0,12.0,0.99516,3.35,0.69,11.7
1487,5,0.33,0.33,1.7,0.061,3.0,13.0,0.996,3.23,1.1,10.0
1488,5,0.36,0.3,1.8,0.074,17.0,24.0,0.99419,3.24,0.7,11.4
1489,5,0.26,0.54,1.9,0.083,42.0,74.0,0.99451,2.98,0.63,11.8
1490,5,0.35,0.53,2.6,0.07,5.0,16.0,0.9972,3.15,0.65,11.0
1491,5,0.49,0.03,1.8,0.044,28.0,87.0,0.9908,3.5,0.82,14.0
1492,5,0.35,0.53,2.6,0.07,5.0,16.0,0.9972,3.15,0.65,11.0
1493,5,0.57,0.09,2.3,0.065,34.0,45.0,0.99417,3.46,0.74,12.7
1494,5,0.36,0.3,1.8,0.074,17.0,24.0,0.99419,3.24,0.7,11.4
1495,5,0.35,0.53,2.6,0.07,5.0,16.0,0.9972,3.15,0.65,11.0
1496,5,0.49,0.03,1.8,0.044,28.0,87.0,0.9908,3.5,0.82,14.0
1497,5,0.32,0.45,6.4,0.073,5.0,13.0,0.9976,3.23,0.82,12.6
1498,5,0.35,0.46,3.6,0.078,15.0,37.0,0.9973,3.35,0.86,12.8
1499,5,0.3,0.56,2.8,0.08,6.0,17.0,0.9964,3.15,0.92,11.7
1500,5,0.36,0.3,1.8,0.074,17.0,24.0,0.99419,3.24,0.7,11.4
1501,5,0.31,0.72,2.2,0.072,6.0,29.0,0.9987,2.88,0.82,9.8
1502,5,0.4,0.5,1.8,0.071,7.0,16.0,0.99462,3.21,0.69,12.5
1503,5,0.49,0.03,1.8,0.044,28.0,87.0,0.9908,3.5,0.82,14.0
1504,5,0.54,0.34,2.5,0.076,8.0,17.0,0.99235,3.2,0.72,13.1
1505,5,0.33,0.33,1.7,0.061,3.0,13.0,0.996,3.23,1.1,10.0
1506,5,0.54,0.34,2.5,0.076,8.0,17.0,0.99235,3.2,0.72,13.1
1507,5,0.85,0.05,1.4,0.045,12.0,88.0,0.9924,3.56,0.82,12.9
1508,5,0.35,0.46,3.6,0.078,15.0,37.0,0.9973,3.35,0.86,12.8
1509,5,0.26,0.54,1.9,0.083,42.0,74.0,0.99451,2.98,0.63,11.8
1510,5,0.35,0.53,2.6,0.07,5.0,16.0,0.9972,3.15,0.65,11.0
1511,5,0.49,0.03,1.8,0.044,28.0,87.0,0.9908,3.5,0.82,14.0
1512,5,0.32,0.45,6.4,0.073,5.0,13.0,0.9976,3.23,0.82,12.6
1513,5,0.38,0.31,2.0,0.056,15.0,29.0,0.99472,3.23,0.76,11.3
1514,5,0.35,0.53,2.6,0.07,5.0,16.0,0.9972,3.15,0.65,11.0
1515,5,0.35,0.53,2.6,0.07,5.0,16.0,0.9972,3.15,0.65,11.0
1516,5,0.54,0.34,2.5,0.076,8.0,17.0,0.99235,3.2,0.72,13.1
1517,5,0.42,0.24,2.0,0.06,19.0,50.0,0.9917,3.72,0.74,14.0
1518,5,0.26,0.54,1.9,0.083,42.0,74.0,0.99451,2.98,0.63,11.8
1519,5,0.38,0.31,2.0,0.056,15.0,29.0,0.99472,3.23,0.76,11.3
1520,5,0.42,0.24,2.0,0.06,19.0,50.0,0.9917,3.72,0.74,14.0
1521,5,0.42,0.24,2.0,0.06,19.0,50.0,0.9917,3.72,0.74,14.0
1522,5,0.35,0.53,2.6,0.07,5.0,16.0,0.9972,3.15,0.65,11.0
1523,5,0.38,0.31,2.0,0.056,15.0,29.0,0.99472,3.23,0.76,11.3
1524,5,0.57,0.09,2.3,0.065,34.0,45.0,0.99417,3.46,0.74,12.7
1525,5,0.26,0.54,1.9,0.083,42.0,74.0,0.99451,2.98,0.63,11.8
1526,5,0.42,0.39,1.8,0.068,6.0,12.0,0.99516,3.35,0.69,11.7
1527,5,0.35,0.53,2.6,0.07,5.0,16.0,0.9972,3.15,0.65,11.0
1528,5,0.4,0.5,1.8,0.071,7.0,16.0,0.99462,3.21,0.69,12.5
1529,5,0.35,0.46,3.6,0.078,15.0,37.0,0.9973,3.35,0.86,12.8
1530,5,0.42,0.24,2.0,0.06,19.0,50.0,0.9917,3.72,0.74,14.0
1531,5,0.62,0.67,5.2,0.086,6.0,19.0,0.9988,3.22,0.69,13.4
1532,5,0.42,0.24,2.0,0.06,19.0,50.0,0.9917,3.72,0.74,14.0
1533,5,0.54,0.34,2.5,0.076,8.0,17.0,0.99235,3.2,0.72,13.1
1534,5,0.38,0.31,2.0,0.056,15.0,29.0,0.99472,3.23,0.76,11.3
1535,5,0.42,0.39,1.8,0.068,6.0,12.0,0.99516,3.35,0.69,11.7
1536,5,0.38,0.31,2.0,0.056,15.0,29.0,0.99472,3.23,0.76,11.3
1537,5,0.54,0.34,2.5,0.076,8.0,17.0,0.99235,3.2,0.72,13.1
1538,5,0.38,0.31,2.0,0.056,15.0,29.0,0.99472,3.23,0.76,11.3
1539,5,0.54,0.34,2.5,0.076,8.0,17.0,0.99235,3.2,0.72,13.1
1540,5,0.33,0.33,1.7,0.061,3.0,13.0,0.996,3.23,1.1,10.0
1541,5,0.3,0.56,2.8,0.08,6.0,17.0,0.9964,3.15,0.92,11.7
1542,5,0.57,0.09,2.3,0.065,34.0,45.0,0.99417,3.46,0.74,12.7
1543,5,0.38,0.31,2.0,0.056,15.0,29.0,0.99472,3.23,0.76,11.3
1544,5,0.26,0.54,1.9,0.083,42.0,74.0,0.99451,2.98,0.63,11.8
1545,5,0.3,0.56,2.8,0.08,6.0,17.0,0.9964,3.15,0.92,11.7
1546,5,0.36,0.3,1.8,0.074,17.0,24.0,0.99419,3.24,0.7,11.4
1547,5,0.26,0.54,1.9,0.083,42.0,74.0,0.99451,2.98,0.63,11.8
1548,5,0.42,0.24,2.0,0.06,19.0,50.0,0.9917,3.72,0.74,14.0
1549,5,0.31,0.72,2.2,0.072,6.0,29.0,0.9987,2.88,0.82,9.8
1550,5,0.42,0.39,1.8,0.068,6.0,12.0,0.99516,3.35,0.69,11.7
1551,5,0.35,0.53,2.6,0.07,5.0,16.0,0.9972,3.15,0.65,11.0
1552,5,0.26,0.54,1.9,0.083,42.0,74.0,0.99451,2.98,0.63,11.8
1553,5,0.26,0.54,1.9,0.083,42.0,74.0,0.99451,2.98,0.63,11.8
1554,5,0.42,0.39,1.8,0.068,6.0,12.0,0.99516,3.35,0.69,11.7
1555,5,0.62,0.67,5.2,0.086,6.0,19.0,0.9988,3.22,0.69,13.4
1556,5,0.33,0.33,1.7,0.061,3.0,13.0,0.996,3.23,1.1,10.0
1557,5,0.35,0.53,2.6,0.07,5.0,16.0,0.9972,3.15,0.65,11.0
1558,5,0.32,0.45,6.4,0.073,5.0,13.0,0.9976,3.23,0.82,12.6
1559,5,0.36,0.3,1.8,0.074,17.0,24.0,0.99419,3.24,0.7,11.4
1560,5,0.54,0.34,2.5,0.076,8.0,17.0,0.99235,3.2,0.72,13.1
1561,5,0.35,0.53,2.6,0.07,5.0,16.0,0.9972,3.15,0.65,11.0
1562,5,0.42,0.24,2.0,0.06,19.0,50.0,0.9917,3.72,0.74,14.0
1563,5,0.26,0.54,1.9,0.083,42.0,74.0,0.99451,2.98,0.63,11.8
1564,5,0.62,0.67,5.2,0.086,6.0,19.0,0.9988,3.22,0.69,13.4
1565,5,0.85,0.05,1.4,0.045,12.0,88.0,0.9924,3.56,0.82,12.9
1566,5,0.3,0.56,2.8,0.08,6.0,17.0,0.9964,3.15,0.92,11.7
1567,5,0.35,0.53,2.6,0.07,5.0,16.0,0.9972,3.15,0.65,11.0
1568,5,0.32,0.45,6.4,0.073,5.0,13.0,0.9976,3.23,0.82,12.6
1569,5,0.85,0.05,1.4,0.045,12.0,88.0,0.9924,3.56,0.82,12.9
1570,5,0.26,0.54,1.9,0.083,42.0,74.0,0.99451,2.98,0.63,11.8
1571,5,0.38,0.31,2.0,0.056,15.0,29.0,0.99472,3.23,0.76,11.3
1572,5,0.42,0.39,1.8,0.068,6.0,12.0,0.99516,3.35,0.69,11.7
1573,5,0.49,0.03,1.8,0.044,28.0,87.0,0.9908,3.5,0.82,14.0
1574,5,0.32,0.45,6.4,0.073,5.0,13.0,0.9976,3.23,0.82,12.6
1575,5,0.57,0.09,2.3,0.065,34.0,45.0,0.99417,3.46,0.74,12.7
1576,5,0.54,0.34,2.5,0.076,8.0,17.0,0.99235,3.2,0.72,13.1
1577,5,0.36,0.3,1.8,0.074,17.0,24.0,0.99419,3.24,0.7,11.4
1578,5,0.49,0.03,1.8,0.044,28.0,87.0,0.9908,3.5,0.82,14.0
1579,5,0.32,0.45,6.4,0.073,5.0,13.0,0.9976,3.23,0.82,12.6
1580,5,0.32,0.45,6.4,0.073,5.0,13.0,0.9976,3.23,0.82,12.6
1581,5,0.33,0.33,1.7,0.061,3.0,13.0,0.996,3.23,1.1,10.0
1582,5,0.36,0.3,1.8,0.074,17.0,24.0,0.99419,3.24,0.7,11.4
1583,5,0.49,0.03,1.8,0.044,28.0,87.0,0.9908,3.5,0.82,14.0
1584,5,0.33,0.33,1.7,0.061,3.0,13.0,0.996,3.23,1.1,10.0
1585,5,0.35,0.53,2.6,0.07,5.0,16.0,0.9972,3.15,0.65,11.0
1586,5,0.54,0.34,2.5,0.076,8.0,17.0,0.99235,3.2,0.72,13.1
1587,5,0.57,0.09,2.3,0.065,34.0,45.0,0.99417,3.46,0.74,12.7
1588,5,0.36,0.3,1.8,0.074,17.0,24.0,0.99419,3.24,0.7,11.4
1589,5,0.42,0.39,1.8,0.068,6.0,12.0,0.99516,3.35,0.69,11.7
1590,5,0.36,0.3,1.8,0.074,17.0,24.0,0.99419,3.24,0.7,11.4
1591,5,0.4,0.5,1.8,0.071,7.0,16.0,0.99462,3.21,0.69,12.5
1592,5,0.26,0.54,1.9,0.083,42.0,74.0,0.99451,2.98,0.63,11.8
1593,5,0.26,0.54,1.9,0.083,42.0,74.0,0.99451,2.98,0.63,11.8
1594,5,0.62,0.67,5.2,0.086,6.0,19.0,0.9988,3.22,0.69,13.4
1595,5,0.36,0.3,1.8,0.074,17.0,24.0,0.99419,3.24,0.7,11.4
1596,5,0.62,0.67,5.2,0.086,6.0,19.0,0.9988,3.22,0.69,13.4
1597,5,0.35,0.53,2.6,0.07,5.0,16.0,0.9972,3.15,0.65,11.0
1598,5,0.35,0.53,2.6,0.07,5.0,16.0,0.9972,3.15,0.65,11.0
1599,5,0.54,0.34,2.5,0.076,8.0,17.0,0.99235,3.2,0.72,13.1
1600,5,0.35,0.46,3.6,0.078,15.0,37.0,0.9973,3.35,0.86,12.8
1601,5,0.35,0.46,3.6,0.078,15.0,37.0,0.9973,3.35,0.86,12.8
1602,5,0.42,0.24,2.0,0.06,19.0,50.0,0.9917,3.72,0.74,14.0
1603,5,0.42,0.39,1.8,0.068,6.0,12.0,0.99516,3.35,0.69,11.7
1604,5,0.38,0.31,2.0,0.056,15.0,29.0,0.99472,3.23,0.76,11.3
1605,5,0.33,0.33,1.7,0.061,3.0,13.0,0.996,3.23,1.1,10.0
1606,5,0.85,0.05,1.4,0.045,12.0,88.0,0.9924,3.56,0.82,12.9
1607,5,0.4,0.5,1.8,0.071,7.0,16.0,0.99462,3.21,0.69,12.5
1608,5,0.26,0.54,1.9,0.083,42.0,74.0,0.99451,2.98,0.63,11.8
1609,5,0.49,0.03,1.8,0.044,28.0,87.0,0.9908,3.5,0.82,14.0
1610,5,0.33,0.33,1.7,0.061,3.0,13.0,0.996,3.23,1.1,10.0
1611,5,0.36,0.3,1.8,0.074,17.0,24.0,0.99419,3.24,0.7,11.4
1612,5,0.42,0.24,2.0,0.06,19.0,50.0,0.9917,3.72,0.74,14.0
1613,5,0.54,0.34,2.5,0.076,8.0,17.0,0.99235,3.2,0.72,13.1
1614,5,0.49,0.03,1.8,0.044,28.0,87.0,0.9908,3.5,0.82,14.0
1615,5,0.85,0.05,1.4,0.045,12.0,88.0,0.9924,3.56,0.82,12.9
1616,5,0.57,0.09,2.3,0.065,34.0,45.0,0.99417,3.46,0.74,12.7
1617,5,0.36,0.3,1.8,0.074,17.0,24.0,0.99419,3.24,0.7,11.4
1618,5,0.62,0.67,5.2,0.086,6.0,19.0,0.9988,3.22,0.69,13.4
1619,5,0.33,0.33,1.7,0.061,3.0,13.0,0.996,3.23,1.1,10.0
1620,5,0.42,0.24,2.0,0.06,19.0,50.0,0.9917,3.72,0.74,14.0
1621,5,0.57,0.09,2.3,0.065,34.0,45.0,0.99417,3.46,0.74,12.7
1622,5,0.35,0.53,2.6,0.07,5.0,16.0,0.9972,3.15,0.65,11.0
1623,5,0.32,0.45,6.4,0.073,5.0,13.0,0.9976,3.23,0.82,12.6
1624,5,0.42,0.39,1.8,0.068,6.0,12.0,0.99516,3.35,0.69,11.7
1625,5,0.57,0.09,2.3,0.065,34.0,45.0,0.99417,3.46,0.74,12.7
1626,5,0.42,0.39,1.8,0.068,6.0,12.0,0.99516,3.35,0.69,11.7
1627,5,0.4,0.5,1.8,0.071,7.0,16.0,0.99462,3.21,0.69,12.5
1628,5,0.57,0.09,2.3,0.065,34.0,45.0,0.99417,3.46,0.74,12.7
1629,5,0.4,0.5,1.8,0.071,7.0,16.0,0.99462,3.21,0.69,12.5
1630,5,0.42,0.24,2.0,0.06,19.0,50.0,0.9917,3.72,0.74,14.0
1631,5,0.35,0.46,3.6,0.078,15.0,37.0,0.9973,3.35,0.86,12.8
1632,5,0.33,0.33,1.7,0.061,3.0,13.0,0.996,3.23,1.1,10.0
1633,5,0.42,0.24,2.0,0.06,19.0,50.0,0.9917,3.72,0.74,14.0
1634,5,0.54,0.34,2.5,0.076,8.0,17.0,0.99235,3.2,0.72,13.1
1635,5,0.4,0.5,1.8,0.071,7.0,16.0,0.99462,3.21,0.69,12.5
1636,5,0.26,0.54,1.9,0.083,42.0,74.0,0.99451,2.98,0.63,11.8
1637,5,0.42,0.39,1.8,0.068,6.0,12.0,0.99516,3.35,0.69,11.7
1638,5,0.49,0.03,1.8,0.044,28.0,87.0,0.9908,3.5,0.82,14.0
1639,5,0.38,0.31,2.0,0.056,15.0,29.0,0.99472,3.23,0.76,11.3
1640,5,0.35,0.46,3.6,0.078,15.0,37.0,0.9973,3.35,0.86,12.8
1641,5,0.57,0.09,2.3,0.065,34.0,45.0,0.99417,3.46,0.74,12.7
1642,5,0.4,0.5,1.8,0.071,7.0,16.0,0.99462,3.21,0.69,12.5
1643,5,0.35,0.46,3.6,0.078,15.0,37.0,0.9973,3.35,0.86,12.8
1644,5,0.4,0.5,1.8,0.071,7.0,16.0,0.99462,3.21,0.69,12.5
1645,5,0.36,0.3,1.8,0.074,17.0,24.0,0.99419,3.24,0.7,11.4
1646,5,0.35,0.46,3.6,0.078,15.0,37.0,0.9973,3.35,0.86,12.8
1647,5,0.31,0.72,2.2,0.072,6.0,29.0,0.9987,2.88,0.82,9.8
1648,5,0.31,0.72,2.2,0.072,6.0,29.0,0.9987,2.88,0.82,9.8
1649,5,0.36,0.3,1.8,0.074,17.0,24.0,0.99419,3.24,0.7,11.4
1650,5,0.32,0.45,6.4,0.073,5.0,13.0,0.9976,3.23,0.82,12.6
1651,5,0.3,0.56,2.8,0.08,6.0,17.0,0.9964,3.15,0.92,11.7
1652,5,0.35,0.46,3.6,0.078,15.0,37.0,0.9973,3.35,0.86,12.8
1653,5,0.35,0.53,2.6,0.07,5.0,16.0,0.9972,3.15,0.65,11.0
1654,5,0.42,0.39,1.8,0.068,6.0,12.0,0.99516,3.35,0.69,11.7
1655,5,0.35,0.46,3.6,0.078,15.0,37.0,0.9973,3.35,0.86,12.8
1656,5,0.35,0.53,2.6,0.07,5.0,16.0,0.9972,3.15,0.65,11.0
1657,5,0.35,0.53,2.6,0.07,5.0,16.0,0.9972,3.15,0.65,11.0
1658,5,0.31,0.72,2.2,0.072,6.0,29.0,0.9987,2.88,0.82,9.8
1659,5,0.57,0.09,2.3,0.065,34.0,45.0,0.99417,3.46,0.74,12.7
1660,5,0.49,0.03,1.8,0.044,28.0,87.0,0.9908,3.5,0.82,14.0
1661,5,0.54,0.34,2.5,0.076,8.0,17.0,0.99235,3.2,0.72,13.1
1662,5,0.35,0.46,3.6,0.078,15.0,37.0,0.9973,3.35,0.86,12.8
1663,5,0.26,0.54,1.9,0.083,42.0,74.0,0.99451,2.98,0.63,11.8
1664,5,0.35,0.53,2.6,0.07,5.0,16.0,0.9972,3.15,0.65,11.0
1665,5,0.35,0.53,2.6,0.07,5.0,16.0,0.9972,3.15,0.65,11.0
1666,5,0.49,0.03,1.8,0.044,28.0,87.0,0.9908,3.5,0.82,14.0
1667,5,0.31,0.72,2.2,0.072,6.0,29.0,0.9987,2.88,0.82,9.8
1668,5,0.36,0.3,1.8,0.074,17.0,24.0,0.99419,3.24,0.7,11.4
1669,5,0.49,0.03,1.8,0.044,28.0,87.0,0.9908,3.5,0.82,14.0
1670,5,0.62,0.67,5.2,0.086,6.0,19.0,0.9988,3.22,0.69,13.4
1671,5,0.49,0.03,1.8,0.044,28.0,87.0,0.9908,3.5,0.82,14.0
1672,5,0.57,0.09,2.3,0.065,34.0,45.0,0.99417,3.46,0.74,12.7
1673,5,0.54,0.34,2.5,0.076,8.0,17.0,0.99235,3.2,0.72,13.1
1674,5,0.49,0.03,1.8,0.044,28.0,87.0,0.9908,3.5,0.82,14.0
1675,5,0.33,0.33,1.7,0.061,3.0,13.0,0.996,3.23,1.1,10.0
1676,5,0.31,0.72,2.2,0.072,6.0,29.0,0.9987,2.88,0.82,9.8
1677,5,0.54,0.34,2.5,0.076,8.0,17.0,0.99235,3.2,0.72,13.1
1678,5,0.49,0.03,1.8,0.044,28.0,87.0,0.9908,3.5,0.82,14.0
1679,5,0.33,0.33,1.7,0.061,3.0,13.0,0.996,3.23,1.1,10.0
1680,5,0.54,0.34,2.5,0.076,8.0,17.0,0.99235,3.2,0.72,13.1
1681,5,0.54,0.34,2.5,0.076,8.0,17.0,0.99235,3.2,0.72,13.1
1682,5,0.36,0.3,1.8,0.074,17.0,24.0,0.99419,3.24,0.7,11.4
1683,5,0.54,0.34,2.5,0.076,8.0,17.0,0.99235,3.2,0.72,13.1
1684,5,0.54,0.34,2.5,0.076,8.0,17.0,0.99235,3.2,0.72,13.1
1685,5,0.3,0.56,2.8,0.08,6.0,17.0,0.9964,3.15,0.92,11.7
1686,5,0.35,0.53,2.6,0.07,5.0,16.0,0.9972,3.15,0.65,11.0
1687,5,0.35,0.53,2.6,0.07,5.0,16.0,0.9972,3.15,0.65,11.0
1688,5,0.54,0.34,2.5,0.076,8.0,17.0,0.99235,3.2,0.72,13.1
1689,5,0.33,0.33,1.7,0.061,3.0,13.0,0.996,3.23,1.1,10.0
1690,5,0.62,0.67,5.2,0.086,6.0,19.0,0.9988,3.22,0.69,13.4
1691,5,0.49,0.03,1.8,0.044,28.0,87.0,0.9908,3.5,0.82,14.0
1692,5,0.62,0.67,5.2,0.086,6.0,19.0,0.9988,3.22,0.69,13.4
1693,5,0.35,0.46,3.6,0.078,15.0,37.0,0.9973,3.35,0.86,12.8
1694,5,0.57,0.09,2.3,0.065,34.0,45.0,0.99417,3.46,0.74,12.7
1695,5,0.35,0.46,3.6,0.078,15.0,37.0,0.9973,3.35,0.86,12.8
1696,5,0.26,0.54,1.9,0.083,42.0,74.0,0.99451,2.98,0.63,11.8
1697,5,0.42,0.24,2.0,0.06,19.0,50.0,0.9917,3.72,0.74,14.0
1698,5,0.32,0.45,6.4,0.073,5.0,13.0,0.9976,3.23,0.82,12.6
1699,5,0.54,0.34,2.5,0.076,8.0,17.0,0.99235,3.2,0.72,13.1
1700,5,0.42,0.39,1.8,0.068,6.0,12.0,0.99516,3.35,0.69,11.7
1701,5,0.35,0.53,2.6,0.07,5.0,16.0,0.9972,3.15,0.65,11.0
1702,5,0.42,0.39,1.8,0.068,6.0,12.0,0.99516,3.35,0.69,11.7
1703,5,0.35,0.53,2.6,0.07,5.0,16.0,0.9972,3.15,0.65,11.0
1704,5,0.35,0.53,2.6,0.07,5.0,16.0,0.9972,3.15,0.65,11.0
1705,5,0.35,0.53,2.6,0.07,5.0,16.0,0.9972,3.15,0.65,11.0
1706,5,0.36,0.3,1.8,0.074,17.0,24.0,0.99419,3.24,0.7,11.4
1707,5,0.49,0.03,1.8,0.044,28.0,87.0,0.9908,3.5,0.82,14.0
1708,5,0.38,0.31,2.0,0.056,15.0,29.0,0.99472,3.23,0.76,11.3
1709,5,0.35,0.53,2.6,0.07,5.0,16.0,0.9972,3.15,0.65,11.0
1710,5,0.85,0.05,1.4,0.045,12.0,88.0,0.9924,3.56,0.82,12.9
1711,5,0.31,0.72,2.2,0.072,6.0,29.0,0.9987,2.88,0.82,9.8
1712,5,0.36,0.3,1.8,0.074,17.0,24.0,0.99419,3.24,0.7,11.4
1713,5,0.3,0.56,2.8,0.08,6.0,17.0,0.9964,3.15,0.92,11.7
1714,5,0.85,0.05,1.4,0.045,12.0,88.0,0.9924,3.56,0.82,12.9
1715,5,0.32,0.45,6.4,0.073,5.0,13.0,0.9976,3.23,0.82,12.6
1716,5,0.32,0.45,6.4,0.073,5.0,13.0,0.9976,3.23,0.82,12.6
1717,5,0.33,0.33,1.7,0.061,3.0,13.0,0.996,3.23,1.1,10.0
1718,5,0.42,0.24,2.0,0.06,19.0,50.0,0.9917,3.72,0.74,14.0
1719,5,0.42,0.39,1.8,0.068,6.0,12.0,0.99516,3.35,0.69,11.7
1720,5,0.54,0.34,2.5,0.076,8.0,17.0,0.99235,3.2,0.72,13.1
1721,5,0.36,0.3,1.8,0.074,17.0,24.0,0.99419,3.24,0.7,11.4
1722,5,0.4,0.5,1.8,0.071,7.0,16.0,0.99462,3.21,0.69,12.5
1723,5,0.35,0.46,3.6,0.078,15.0,37.0,0.9973,3.35,0.86,12.8
1724,5,0.33,0.33,1.7,0.061,3.0,13.0,0.996,3.23,1.1,10.0
1725,6,0.875,0.05,5.7,0.082,3.0,14.0,0.99808,3.4,0.52,10.2
1726,6,1.185,0.0,4.25,0.097,5.0,14.0,0.9966,3.63,0.54,10.7
1727,6,0.61,0.49,2.1,0.2,5.0,16.0,0.9994,3.16,0.63,8.4
1728,6,0.61,0.49,2.1,0.2,5.0,16.0,0.9994,3.16,0.63,8.4
1729,6,1.185,0.0,4.25,0.097,5.0,14.0,0.9966,3.63,0.54,10.7
1730,6,1.02,0.02,3.4,0.084,6.0,11.0,0.99892,3.48,0.49,11.0
1731,6,1.58,0.0,2.1,0.137,5.0,9.0,0.99476,3.5,0.4,10.9
1732,6,0.61,0.49,2.1,0.2,5.0,16.0,0.9994,3.16,0.63,8.4
1733,6,0.815,0.0,1.2,0.267,16.0,29.0,0.99471,3.32,0.51,9.8
1734,6,1.185,0.0,4.25,0.097,5.0,14.0,0.9966,3.63,0.54,10.7
1735,6,0.44,0.42,1.5,0.145,34.0,48.0,0.99832,3.38,0.86,9.9
1736,6,1.185,0.0,4.25,0.097,5.0,14.0,0.9966,3.63,0.54,10.7
1737,6,0.61,0.49,2.1,0.2,5.0,16.0,0.9994,3.16,0.63,8.4
1738,6,1.185,0.0,4.25,0.097,5.0,14.0,0.9966,3.63,0.54,10.7
1739,6,0.98,0.05,2.1,0.061,20.0,49.0,0.99705,3.31,0.55,9.7
1740,6,0.875,0.05,5.7,0.082,3.0,14.0,0.99808,3.4,0.52,10.2
1741,6,0.76,0.02,1.8,0.078,6.0,12.0,0.996,3.55,0.63,9.95
1742,6,1.02,0.02,3.4,0.084,6.0,11.0,0.99892,3.48,0.49,11.0
1743,6,1.02,0.02,3.4,0.084,6.0,11.0,0.99892,3.48,0.49,11.0
1744,6,1.185,0.0,4.25,0.097,5.0,14.0,0.9966,3.63,0.54,10.7
1745,6,0.44,0.42,1.5,0.145,34.0,48.0,0.99832,3.38,0.86,9.9
1746,6,0.58,0.66,2.2,0.074,10.0,47.0,1.0008,3.25,0.57,9.0
1747,6,0.76,0.02,1.8,0.078,6.0,12.0,0.996,3.55,0.63,9.95
1748,6,0.98,0.05,2.1,0.061,20.0,49.0,0.99705,3.31,0.55,9.7
1749,6,1.02,0.02,3.4,0.084,6.0,11.0,0.99892,3.48,0.49,11.0
1750,6,1.58,0.0,2.1,0.137,5.0,9.0,0.99476,3.5,0.4,10.9
1751,6,0.98,0.05,2.1,0.061,20.0,49.0,0.99705,3.31,0.55,9.7
1752,6,0.61,0.49,2.1,0.2,5.0,16.0,0.9994,3.16,0.63,8.4
1753,6,0.58,0.66,2.2,0.074,10.0,47.0,1.0008,3.25,0.57,9.0
1754,6,0.61,0.49,2.1,0.2,5.0,16.0,0.9994,3.16,0.63,8.4
1755,6,0.44,0.42,1.5,0.145,34.0,48.0,0.99832,3.38,0.86,9.9
1756,6,0.875,0.05,5.7,0.082,3.0,14.0,0.99808,3.4,0.52,10.2
1757,6,0.815,0.0,1.2,0.267,16.0,29.0,0.99471,3.32,0.51,9.8
1758,6,0.61,0.49,2.1,0.2,5.0,16.0,0.9994,3.16,0.63,8.4
1759,6,0.58,0.66,2.2,0.074,10.0,47.0,1.0008,3.25,0.57,9.0
1760,6,0.875,0.05,5.7,0.082,3.0,14.0,0.99808,3.4,0.52,10.2
1761,6,0.98,0.05,2.1,0.061,20.0,49.0,0.99705,3.31,0.55,9.7
1762,6,0.76,0.02,1.8,0.078,6.0,12.0,0.996,3.55,0.63,9.95
1763,6,0.98,0.05,2.1,0.061,20.0,49.0,0.99705,3.31,0.55,9.7
1764,6,0.44,0.42,1.5,0.145,34.0,48.0,0.99832,3.38,0.86,9.9
1765,6,0.98,0.05,2.1,0.061,20.0,49.0,0.99705,3.31,0.55,9.7
1766,6,1.58,0.0,2.1,0.137,5.0,9.0,0.99476,3.5,0.4,10.9
1767,6,0.44,0.42,1.5,0.145,34.0,48.0,0.99832,3.38,0.86,9.9
1768,6,1.185,0.0,4.25,0.097,5.0,14.0,0.9966,3.63,0.54,10.7
1769,6,0.61,0.49,2.1,0.2,5.0,16.0,0.9994,3.16,0.63,8.4
1770,6,1.185,0.0,4.25,0.097,5.0,14.0,0.9966,3.63,0.54,10.7
1771,6,1.185,0.0,4.25,0.097,5.0,14.0,0.9966,3.63,0.54,10.7
1772,6,0.44,0.42,1.5,0.145,34.0,48.0,0.99832,3.38,0.86,9.9
1773,6,0.815,0.0,1.2,0.267,16.0,29.0,0.99471,3.32,0.51,9.8
1774,6,1.02,0.02,3.4,0.084,6.0,11.0,0.99892,3.48,0.49,11.0
1775,6,1.58,0.0,2.1,0.137,5.0,9.0,0.99476,3.5,0.4,10.9
1776,6,0.58,0.66,2.2,0.074,10.0,47.0,1.0008,3.25,0.57,9.0
1777,6,0.76,0.02,1.8,0.078,6.0,12.0,0.996,3.55,0.63,9.95
1778,6,0.58,0.66,2.2,0.074,10.0,47.0,1.0008,3.25,0.57,9.0
1779,6,1.185,0.0,4.25,0.097,5.0,14.0,0.9966,3.63,0.54,10.7
1780,6,0.815,0.0,1.2,0.267,16.0,29.0,0.99471,3.32,0.51,9.8
1781,6,0.58,0.66,2.2,0.074,10.0,47.0,1.0008,3.25,0.57,9.0
1782,6,0.815,0.0,1.2,0.267,16.0,29.0,0.99471,3.32,0.51,9.8
1783,6,0.98,0.05,2.1,0.061,20.0,49.0,0.99705,3.31,0.55,9.7
1784,6,0.58,0.66,2.2,0.074,10.0,47.0,1.0008,3.25,0.57,9.0
1785,6,0.58,0.66,2.2,0.074,10.0,47.0,1.0008,3.25,0.57,9.0
1786,6,0.98,0.05,2.1,0.061,20.0,49.0,0.99705,3.31,0.55,9.7
1787,6,0.61,0.49,2.1,0.2,5.0,16.0,0.9994,3.16,0.63,8.4
1788,6,0.875,0.05,5.7,0.082,3.0,14.0,0.99808,3.4,0.52,10.2
1789,6,1.58,0.0,2.1,0.137,5.0,9.0,0.99476,3.5,0.4,10.9
1790,6,0.44,0.42,1.5,0.145,34.0,48.0,0.99832,3.38,0.86,9.9
1791,6,1.185,0.0,4.25,0.097,5.0,14.0,0.9966,3.63,0.54,10.7
1792,6,1.58,0.0,2.1,0.137,5.0,9.0,0.99476,3.5,0.4,10.9
1793,6,0.44,0.42,1.5,0.145,34.0,48.0,0.99832,3.38,0.86,9.9
1794,6,0.44,0.42,1.5,0.145,34.0,48.0,0.99832,3.38,0.86,9.9
1795,6,0.875,0.05,5.7,0.082,3.0,14.0,0.99808,3.4,0.52,10.2
1796,6,0.98,0.05,2.1,0.061,20.0,49.0,0.99705,3.31,0.55,9.7
1797,6,0.44,0.42,1.5,0.145,34.0,48.0,0.99832,3.38,0.86,9.9
1798,6,0.875,0.05,5.7,0.082,3.0,14.0,0.99808,3.4,0.52,10.2
1799,6,1.58,0.0,2.1,0.137,5.0,9.0,0.99476,3.5,0.4,10.9
1800,6,0.76,0.02,1.8,0.078,6.0,12.0,0.996,3.55,0.63,9.95
1801,6,0.98,0.05,2.1,0.061,20.0,49.0,0.99705,3.31,0.55,9.7
1802,6,0.76,0.02,1.8,0.078,6.0,12.0,0.996,3.55,0.63,9.95
1803,6,1.185,0.0,4.25,0.097,5.0,14.0,0.9966,3.63,0.54,10.7
1804,6,0.58,0.66,2.2,0.074,10.0,47.0,1.0008,3.25,0.57,9.0
1805,6,0.58,0.66,2.2,0.074,10.0,47.0,1.0008,3.25,0.57,9.0
1806,6,0.58,0.66,2.2,0.074,10.0,47.0,1.0008,3.25,0.57,9.0
1807,6,1.58,0.0,2.1,0.137,5.0,9.0,0.99476,3.5,0.4,10.9
1808,6,0.61,0.49,2.1,0.2,5.0,16.0,0.9994,3.16,0.63,8.4
1809,6,0.76,0.02,1.8,0.078,6.0,12.0,0.996,3.55,0.63,9.95
1810,6,0.61,0.49,2.1,0.2,5.0,16.0,0.9994,3.16,0.63,8.4
1811,6,1.58,0.0,2.1,0.137,5.0,9.0,0.99476,3.5,0.4,10.9
1812,6,1.185,0.0,4.25,0.097,5.0,14.0,0.9966,3.63,0.54,10.7
1813,6,0.98,0.05,2.1,0.061,20.0,49.0,0.99705,3.31,0.55,9.7
1814,6,0.98,0.05,2.1,0.061,20.0,49.0,0.99705,3.31,0.55,9.7
1815,6,1.185,0.0,4.25,0.097,5.0,14.0,0.9966,3.63,0.54,10.7
1816,6,0.815,0.0,1.2,0.267,16.0,29.0,0.99471,3.32,0.51,9.8
1817,6,0.98,0.05,2.1,0.061,20.0,49.0,0.99705,3.31,0.55,9.7
1818,6,1.58,0.0,2.1,0.137,5.0,9.0,0.99476,3.5,0.4,10.9
1819,6,0.98,0.05,2.1,0.061,20.0,49.0,0.99705,3.31,0.55,9.7
1820,6,1.58,0.0,2.1,0.137,5.0,9.0,0.99476,3.5,0.4,10.9
1821,6,0.98,0.05,2.1,0.061,20.0,49.0,0.99705,3.31,0.55,9.7
1822,6,1.185,0.0,4.25,0.097,5.0,14.0,0.9966,3.63,0.54,10.7
1823,6,1.185,0.0,4.25,0.097,5.0,14.0,0.9966,3.63,0.54,10.7
1824,6,1.02,0.02,3.4,0.084,6.0,11.0,0.99892,3.48,0.49,11.0
1825,6,0.98,0.05,2.1,0.061,20.0,49.0,0.99705,3.31,0.55,9.7
1826,6,0.98,0.05,2.1,0.061,20.0,49.0,0.99705,3.31,0.55,9.7
1827,6,1.02,0.02,3.4,0.084,6.0,11.0,0.99892,3.48,0.49,11.0
1828,6,0.61,0.49,2.1,0.2,5.0,16.0,0.9994,3.16,0.63,8.4
1829,6,0.44,0.42,1.5,0.145,34.0,48.0,0.99832,3.38,0.86,9.9
1830,6,0.61,0.49,2.1,0.2,5.0,16.0,0.9994,3.16,0.63,8.4
1831,6,1.02,0.02,3.4,0.084,6.0,11.0,0.99892,3.48,0.49,11.0
1832,6,0.44,0.42,1.5,0.145,34.0,48.0,0.99832,3.38,0.86,9.9
1833,6,0.76,0.02,1.8,0.078,6.0,12.0,0.996,3.55,0.63,9.95
1834,6,1.02,0.02,3.4,0.084,6.0,11.0,0.99892,3.48,0.49,11.0
1835,6,0.58,0.66,2.2,0.074,10.0,47.0,1.0008,3.25,0.57,9.0
1836,6,1.02,0.02,3.4,0.084,6.0,11.0,0.99892,3.48,0.49,11.0
1837,6,0.76,0.02,1.8,0.078,6.0,12.0,0.996,3.55,0.63,9.95
1838,6,0.44,0.42,1.5,0.145,34.0,48.0,0.99832,3.38,0.86,9.9
1839,6,0.98,0.05,2.1,0.061,20.0,49.0,0.99705,3.31,0.55,9.7
1840,6,1.02,0.02,3.4,0.084,6.0,11.0,0.99892,3.48,0.49,11.0
1841,6,0.875,0.05,5.7,0.082,3.0,14.0,0.99808,3.4,0.52,10.2
1842,6,0.815,0.0,1.2,0.267,16.0,29.0,0.99471,3.32,0.51,9.8
1843,6,1.02,0.02,3.4,0.084,6.0,11.0,0.99892,3.48,0.49,11.0
1844,6,1.58,0.0,2.1,0.137,5.0,9.0,0.99476,3.5,0.4,10.9
1845,6,0.58,0.66,2.2,0.074,10.0,47.0,1.0008,3.25,0.57,9.0
1846,6,0.76,0.02,1.8,0.078,6.0,12.0,0.996,3.55,0.63,9.95
1847,6,0.76,0.02,1.8,0.078,6.0,12.0,0.996,3.55,0.63,9.95
1848,6,0.815,0.0,1.2,0.267,16.0,29.0,0.99471,3.32,0.51,9.8
1849,6,1.58,0.0,2.1,0.137,5.0,9.0,0.99476,3.5,0.4,10.9
1850,6,0.44,0.42,1.5,0.145,34.0,48.0,0.99832,3.38,0.86,9.9
1851,6,1.58,0.0,2.1,0.137,5.0,9.0,0.99476,3.5,0.4,10.9
1852,6,0.58,0.66,2.2,0.074,10.0,47.0,1.0008,3.25,0.57,9.0
1853,6,1.185,0.0,4.25,0.097,5.0,14.0,0.9966,3.63,0.54,10.7
1854,6,1.02,0.02,3.4,0.084,6.0,11.0,0.99892,3.48,0.49,11.0
1855,6,0.61,0.49,2.1,0.2,5.0,16.0,0.9994,3.16,0.63,8.4
1856,6,0.875,0.05,5.7,0.082,3.0,14.0,0.99808,3.4,0.52,10.2
1857,6,0.76,0.02,1.8,0.078,6.0,12.0,0.996,3.55,0.63,9.95
1858,6,0.815,0.0,1.2,0.267,16.0,29.0,0.99471,3.32,0.51,9.8
1859,6,0.61,0.49,2.1,0.2,5.0,16.0,0.9994,3.16,0.63,8.4
1860,6,0.815,0.0,1.2,0.267,16.0,29.0,0.99471,3.32,0.51,9.8
1861,6,1.58,0.0,2.1,0.137,5.0,9.0,0.99476,3.5,0.4,10.9
1862,6,1.58,0.0,2.1,0.137,5.0,9.0,0.99476,3.5,0.4,10.9
1863,6,1.58,0.0,2.1,0.137,5.0,9.0,0.99476,3.5,0.4,10.9
1864,6,0.875,0.05,5.7,0.082,3.0,14.0,0.99808,3.4,0.52,10.2
1865,6,0.98,0.05,2.1,0.061,20.0,49.0,0.99705,3.31,0.55,9.7
1866,6,0.875,0.05,5.7,0.082,3.0,14.0,0.99808,3.4,0.52,10.2
1867,6,1.02,0.02,3.4,0.084,6.0,11.0,0.99892,3.48,0.49,11.0
1868,6,0.58,0.66,2.2,0.074,10.0,47.0,1.0008,3.25,0.57,9.0
1869,6,0.98,0.05,2.1,0.061,20.0,49.0,0.99705,3.31,0.55,9.7
1870,6,0.98,0.05,2.1,0.061,20.0,49.0,0.99705,3.31,0.55,9.7
1871,6,0.98,0.05,2.1,0.061,20.0,49.0,0.99705,3.31,0.55,9.7
1872,6,0.61,0.49,2.1,0.2,5.0,16.0,0.9994,3.16,0.63,8.4
1873,6,1.185,0.0,4.25,0.097,5.0,14.0,0.9966,3.63,0.54,10.7
1874,6,1.185,0.0,4.25,0.097,5.0,14.0,0.9966,3.63,0.54,10.7
1875,6,1.58,0.0,2.1,0.137,5.0,9.0,0.99476,3.5,0.4,10.9
1876,6,1.58,0.0,2.1,0.137,5.0,9.0,0.99476,3.5,0.4,10.9
1877,6,0.44,0.42,1.5,0.145,34.0,48.0,0.99832,3.38,0.86,9.9
1878,6,1.02,0.02,3.4,0.084,6.0,11.0,0.99892,3.48,0.49,11.0
1879,6,1.58,0.0,2.1,0.137,5.0,9.0,0.99476,3.5,0.4,10.9
1880,6,0.815,0.0,1.2,0.267,16.0,29.0,0.99471,3.32,0.51,9.8
1881,6,0.61,0.49,2.1,0.2,5.0,16.0,0.9994,3.16,0.63,8.4
1882,6,1.02,0.02,3.4,0.084,6.0,11.0,0.99892,3.48,0.49,11.0
1883,6,1.02,0.02,3.4,0.084,6.0,11.0,0.99892,3.48,0.49,11.0
1884,6,1.02,0.02,3.4,0.084,6.0,11.0,0.99892,3.48,0.49,11.0
1885,6,1.185,0.0,4.25,0.097,5.0,14.0,0.9966,3.63,0.54,10.7
1886,6,0.875,0.05,5.7,0.082,3.0,14.0,0.99808,3.4,0.52,10.2
1887,6,0.61,0.49,2.1,0.2,5.0,16.0,0.9994,3.16,0.63,8.4
1888,6,0.76,0.02,1.8,0.078,6.0,12.0,0.996,3.55,0.63,9.95
1889,6,0.76,0.02,1.8,0.078,6.0,12.0,0.996,3.55,0.63,9.95
1890,6,0.98,0.05,2.1,0.061,20.0,49.0,0.99705,3.31,0.55,9.7
1891,6,0.875,0.05,5.7,0.082,3.0,14.0,0.99808,3.4,0.52,10.2
1892,6,0.875,0.05,5.7,0.082,3.0,14.0,0.99808,3.4,0.52,10.2
1893,6,1.185,0.0,4.25,0.097,5.0,14.0,0.9966,3.63,0.54,10.7
1894,6,0.98,0.05,2.1,0.061,20.0,49.0,0.99705,3.31,0.55,9.7
1895,6,0.875,0.05,5.7,0.082,3.0,14.0,0.99808,3.4,0.52,10.2
1896,6,0.44,0.42,1.5,0.145,34.0,48.0,0.99832,3.38,0.86,9.9
1897,6,0.875,0.05,5.7,0.082,3.0,14.0,0.99808,3.4,0.52,10.2
1898,6,1.58,0.0,2.1,0.137,5.0,9.0,0.99476,3.5,0.4,10.9
1899,6,1.02,0.02,3.4,0.084,6.0,11.0,0.99892,3.48,0.49,11.0
1900,6,0.875,0.05,5.7,0.082,3.0,14.0,0.99808,3.4,0.52,10.2
1901,6,0.76,0.02,1.8,0.078,6.0,12.0,0.996,3.55,0.63,9.95
1902,6,1.58,0.0,2.1,0.137,5.0,9.0,0.99476,3.5,0.4,10.9
1903,6,1.02,0.02,3.4,0.084,6.0,11.0,0.99892,3.48,0.49,11.0
1904,6,0.44,0.42,1.5,0.145,34.0,48.0,0.99832,3.38,0.86,9.9
1905,6,0.875,0.05,5.7,0.082,3.0,14.0,0.99808,3.4,0.52,10.2
1906,6,0.61,0.49,2.1,0.2,5.0,16.0,0.9994,3.16,0.63,8.4
1907,6,1.02,0.02,3.4,0.084,6.0,11.0,0.99892,3.48,0.49,11.0
1908,6,1.185,0.0,4.25,0.097,5.0,14.0,0.9966,3.63,0.54,10.7
1909,6,0.98,0.05,2.1,0.061,20.0,49.0,0.99705,3.31,0.55,9.7
1910,6,0.815,0.0,1.2,0.267,16.0,29.0,0.99471,3.32,0.51,9.8
1911,6,0.61,0.49,2.1,0.2,5.0,16.0,0.9994,3.16,0.63,8.4
1912,6,1.185,0.0,4.25,0.097,5.0,14.0,0.9966,3.63,0.54,10.7
1913,6,0.875,0.05,5.7,0.082,3.0,14.0,0.99808,3.4,0.52,10.2
1914,6,0.875,0.05,5.7,0.082,3.0,14.0,0.99808,3.4,0.52,10.2
1915,6,1.02,0.02,3.4,0.084,6.0,11.0,0.99892,3.48,0.49,11.0
1916,6,0.875,0.05,5.7,0.082,3.0,14.0,0.99808,3.4,0.52,10.2
1917,6,0.98,0.05,2.1,0.061,20.0,49.0,0.99705,3.31,0.55,9.7
1918,6,0.98,0.05,2.1,0.061,20.0,49.0,0.99705,3.31,0.55,9.7
1919,6,1.02,0.02,3.4,0.084,6.0,11.0,0.99892,3.48,0.49,11.0
1920,6,1.58,0.0,2.1,0.137,5.0,9.0,0.99476,3.5,0.4,10.9
1921,6,0.815,0.0,1.2,0.267,16.0,29.0,0.99471,3.32,0.51,9.8
1922,6,0.815,0.0,1.2,0.267,16.0,29.0,0.99471,3.32,0.51,9.8
1923,6,0.58,0.66,2.2,0.074,10.0,47.0,1.0008,3.25,0.57,9.0
1924,6,1.185,0.0,4.25,0.097,5.0,14.0,0.9966,3.63,0.54,10.7
1925,6,0.61,0.49,2.1,0.2,5.0,16.0,0.9994,3.16,0.63,8.4
1926,6,1.185,0.0,4.25,0.097,5.0,14.0,0.9966,3.63,0.54,10.7
1927,6,0.98,0.05,2.1,0.061,20.0,49.0,0.99705,3.31,0.55,9.7
1928,6,1.02,0.02,3.4,0.084,6.0,11.0,0.99892,3.48,0.49,11.0
1929,6,0.76,0.02,1.8,0.078,6.0,12.0,0.996,3.55,0.63,9.95
1930,6,0.58,0.66,2.2,0.074,10.0,47.0,1.0008,3.25,0.57,9.0
1931,6,0.875,0.05,5.7,0.082,3.0,14.0,0.99808,3.4,0.52,10.2
1932,6,1.185,0.0,4.25,0.097,5.0,14.0,0.9966,3.63,0.54,10.7
1933,6,1.02,0.02,3.4,0.084,6.0,11.0,0.99892,3.48,0.49,11.0
1934,6,1.185,0.0,4.25,0.097,5.0,14.0,0.9966,3.63,0.54,10.7
1935,6,1.185,0.0,4.25,0.097,5.0,14.0,0.9966,3.63,0.54,10.7
1936,6,0.58,0.66,2.2,0.074,10.0,47.0,1.0008,3.25,0.57,9.0
1937,6,0.58,0.66,2.2,0.074,10.0,47.0,1.0008,3.25,0.57,9.0
1938,6,0.76,0.02,1.8,0.078,6.0,12.0,0.996,3.55,0.63,9.95
1939,6,1.02,0.02,3.4,0.084,6.0,11.0,0.99892,3.48,0.49,11.0
1940,6,1.58,0.0,2.1,0.137,5.0,9.0,0.99476,3.5,0.4,10.9
1941,6,0.61,0.49,2.1,0.2,5.0,16.0,0.9994,3.16,0.63,8.4
1942,6,1.185,0.0,4.25,0.097,5.0,14.0,0.9966,3.63,0.54,10.7
1943,6,0.98,0.05,2.1,0.061,20.0,49.0,0.99705,3.31,0.55,9.7
1944,6,0.98,0.05,2.1,0.061,20.0,49.0,0.99705,3.31,0.55,9.7
1945,6,0.76,0.02,1.8,0.078,6.0,12.0,0.996,3.55,0.63,9.95
1946,6,0.98,0.05,2.1,0.061,20.0,49.0,0.99705,3.31,0.55,9.7
1947,6,1.58,0.0,2.1,0.137,5.0,9.0,0.99476,3.5,0.4,10.9
1948,6,1.02,0.02,3.4,0.084,6.0,11.0,0.99892,3.48,0.49,11.0
1949,6,0.61,0.49,2.1,0.2,5.0,16.0,0.9994,3.16,0.63,8.4
1950,6,0.61,0.49,2.1,0.2,5.0,16.0,0.9994,3.16,0.63,8.4
1951,6,0.76,0.02,1.8,0.078,6.0,12.0,0.996,3.55,0.63,9.95
1952,6,0.61,0.49,2.1,0.2,5.0,16.0,0.9994,3.16,0.63,8.4
1953,6,0.58,0.66,2.2,0.074,10.0,47.0,1.0008,3.25,0.57,9.0
1954,6,1.58,0.0,2.1,0.137,5.0,9.0,0.99476,3.5,0.4,10.9
1955,6,1.185,0.0,4.25,0.097,5.0,14.0,0.9966,3.63,0.54,10.7
1956,6,0.98,0.05,2.1,0.061,20.0,49.0,0.99705,3.31,0.55,9.7
1957,6,0.76,0.02,1.8,0.078,6.0,12.0,0.996,3.55,0.63,9.95
1958,6,0.61,0.49,2.1,0.2,5.0,16.0,0.9994,3.16,0.63,8.4
1959,6,1.02,0.02,3.4,0.084,6.0,11.0,0.99892,3.48,0.49,11.0
1960,6,0.58,0.66,2.2,0.074,10.0,47.0,1.0008,3.25,0.57,9.0
1961,6,0.61,0.49,2.1,0.2,5.0,16.0,0.9994,3.16,0.63,8.4
1962,6,1.185,0.0,4.25,0.097,5.0,14.0,0.9966,3.63,0.54,10.7
1963,6,1.185,0.0,4.25,0.097,5.0,14.0,0.9966,3.63,0.54,10.7
1964,6,0.875,0.05,5.7,0.082,3.0,14.0,0.99808,3.4,0.52,10.2
1965,6,0.875,0.05,5.7,0.082,3.0,14.0,0.99808,3.4,0.52,10.2
1966,6,0.815,0.0,1.2,0.267,16.0,29.0,0.99471,3.32,0.51,9.8
1967,6,0.815,0.0,1.2,0.267,16.0,29.0,0.99471,3.32,0.51,9.8
1968,6,0.44,0.42,1.5,0.145,34.0,48.0,0.99832,3.38,0.86,9.9
1969,6,1.02,0.02,3.4,0.084,6.0,11.0,0.99892,3.48,0.49,11.0
1970,6,1.02,0.02,3.4,0.084,6.0,11.0,0.99892,3.48,0.49,11.0
1971,6,0.76,0.02,1.8,0.078,6.0,12.0,0.996,3.55,0.63,9.95
1972,6,0.61,0.49,2.1,0.2,5.0,16.0,0.9994,3.16,0.63,8.4
1973,6,1.185,0.0,4.25,0.097,5.0,14.0,0.9966,3.63,0.54,10.7
1974,6,0.98,0.05,2.1,0.061,20.0,49.0,0.99705,3.31,0.55,9.7
1975,6,0.875,0.05,5.7,0.082,3.0,14.0,0.99808,3.4,0.52,10.2
1976,6,0.44,0.42,1.5,0.145,34.0,48.0,0.99832,3.38,0.86,9.9
1977,6,0.815,0.0,1.2,0.267,16.0,29.0,0.99471,3.32,0.51,9.8
1978,6,0.76,0.02,1.8,0.078,6.0,12.0,0.996,3.55,0.63,9.95
1979,6,1.02,0.02,3.4,0.084,6.0,11.0,0.99892,3.48,0.49,11.0
1980,6,1.02,0.02,3.4,0.084,6.0,11.0,0.99892,3.48,0.49,11.0
1981,6,0.875,0.05,5.7,0.082,3.0,14.0,0.99808,3.4,0.52,10.2
1982,6,0.875,0.05,5.7,0.082,3.0,14.0,0.99808,3.4,0.52,10.2
1983,6,0.98,0.05,2.1,0.061,20.0,49.0,0.99705,3.31,0.55,9.7
1984,6,0.98,0.05,2.1,0.061,20.0,49.0,0.99705,3.31,0.55,9.7
1985,6,0.61,0.49,2.1,0.2,5.0,16.0,0.9994,3.16,0.63,8.4
1986,6,0.875,0.05,5.7,0.082,3.0,14.0,0.99808,3.4,0.52,10.2
1987,6,1.185,0.0,4.25,0.097,5.0,14.0,0.9966,3.63,0.54,10.7
1988,6,1.58,0.0,2.1,0.137,5.0,9.0,0.99476,3.5,0.4,10.9
1989,6,0.44,0.42,1.5,0.145,34.0,48.0,0.99832,3.38,0.86,9.9
1990,6,0.61,0.49,2.1,0.2,5.0,16.0,0.9994,3.16,0.63,8.4
1991,6,0.61,0.49,2.1,0.2,5.0,16.0,0.9994,3.16,0.63,8.4
1992,6,1.02,0.02,3.4,0.084,6.0,11.0,0.99892,3.48,0.49,11.0
1993,6,0.875,0.05,5.7,0.082,3.0,14.0,0.99808,3.4,0.52,10.2
1994,6,1.185,0.0,4.25,0.097,5.0,14.0,0.9966,3.63,0.54,10.7
1995,6,0.875,0.05,5.7,0.082,3.0,14.0,0.99808,3.4,0.52,10.2
1996,6,0.98,0.05,2.1,0.061,20.0,49.0,0.99705,3.31,0.55,9.7
1997,6,1.02,0.02,3.4,0.084,6.0,11.0,0.99892,3.48,0.49,11.0
1998,6,0.44,0.42,1.5,0.145,34.0,48.0,0.99832,3.38,0.86,9.9
1999,6,0.58,0.66,2.2,0.074,10.0,47.0,1.0008,3.25,0.57,9.0
2000,6,0.58,0.66,2.2,0.074,10.0,47.0,1.0008,3.25,0.57,9.0
2001,6,0.76,0.02,1.8,0.078,6.0,12.0,0.996,3.55,0.63,9.95
2002,6,0.76,0.02,1.8,0.078,6.0,12.0,0.996,3.55,0.63,9.95
2003,6,1.185,0.0,4.25,0.097,5.0,14.0,0.9966,3.63,0.54,10.7
2004,6,0.76,0.02,1.8,0.078,6.0,12.0,0.996,3.55,0.63,9.95
2005,6,1.58,0.0,2.1,0.137,5.0,9.0,0.99476,3.5,0.4,10.9
2006,6,0.58,0.66,2.2,0.074,10.0,47.0,1.0008,3.25,0.57,9.0
2007,6,1.58,0.0,2.1,0.137,5.0,9.0,0.99476,3.5,0.4,10.9
2008,6,0.875,0.05,5.7,0.082,3.0,14.0,0.99808,3.4,0.52,10.2
2009,6,1.02,0.02,3.4,0.084,6.0,11.0,0.99892,3.48,0.49,11.0
2010,6,0.44,0.42,1.5,0.145,34.0,48.0,0.99832,3.38,0.86,9.9
2011,6,0.815,0.0,1.2,0.267,16.0,29.0,0.99471,3.32,0.51,9.8
2012,6,0.61,0.49,2.1,0.2,5.0,16.0,0.9994,3.16,0.63,8.4
2013,6,0.76,0.02,1.8,0.078,6.0,12.0,0.996,3.55,0.63,9.95
2014,6,0.815,0.0,1.2,0.267,16.0,29.0,0.99471,3.32,0.51,9.8
2015,6,1.58,0.0,2.1,0.137,5.0,9.0,0.99476,3.5,0.4,10.9
2016,6,0.58,0.66,2.2,0.074,10.0,47.0,1.0008,3.25,0.57,9.0
2017,6,0.875,0.05,5.7,0.082,3.0,14.0,0.99808,3.4,0.52,10.2
2018,6,1.185,0.0,4.25,0.097,5.0,14.0,0.9966,3.63,0.54,10.7
2019,6,1.185,0.0,4.25,0.097,5.0,14.0,0.9966,3.63,0.54,10.7
2020,6,0.58,0.66,2.2,0.074,10.0,47.0,1.0008,3.25,0.57,9.0
2021,6,0.875,0.05,5.7,0.082,3.0,14.0,0.99808,3.4,0.52,10.2
2022,6,0.815,0.0,1.2,0.267,16.0,29.0,0.99471,3.32,0.51,9.8
2023,6,0.44,0.42,1.5,0.145,34.0,48.0,0.99832,3.38,0.86,9.9
2024,6,1.02,0.02,3.4,0.084,6.0,11.0,0.99892,3.48,0.49,11.0
2025,6,0.61,0.49,2.1,0.2,5.0,16.0,0.9994,3.16,0.63,8.4
2026,6,0.44,0.42,1.5,0.145,34.0,48.0,0.99832,3.38,0.86,9.9
2027,6,0.815,0.0,1.2,0.267,16.0,29.0,0.99471,3.32,0.51,9.8
2028,6,0.61,0.49,2.1,0.2,5.0,16.0,0.9994,3.16,0.63,8.4
2029,6,0.815,0.0,1.2,0.267,16.0,29.0,0.99471,3.32,0.51,9.8
2030,6,0.875,0.05,5.7,0.082,3.0,14.0,0.99808,3.4,0.52,10.2
2031,6,1.185,0.0,4.25,0.097,5.0,14.0,0.9966,3.63,0.54,10.7
2032,6,1.58,0.0,2.1,0.137,5.0,9.0,0.99476,3.5,0.4,10.9
2033,6,0.44,0.42,1.5,0.145,34.0,48.0,0.99832,3.38,0.86,9.9
2034,6,0.44,0.42,1.5,0.145,34.0,48.0,0.99832,3.38,0.86,9.9
2035,6,1.58,0.0,2.1,0.137,5.0,9.0,0.99476,3.5,0.4,10.9
2036,6,0.58,0.66,2.2,0.074,10.0,47.0,1.0008,3.25,0.57,9.0
2037,6,0.815,0.0,1.2,0.267,16.0,29.0,0.99471,3.32,0.51,9.8
2038,6,0.815,0.0,1.2,0.267,16.0,29.0,0.99471,3.32,0.51,9.8
2039,6,0.815,0.0,1.2,0.267,16.0,29.0,0.99471,3.32,0.51,9.8
2040,6,0.98,0.05,2.1,0.061,20.0,49.0,0.99705,3.31,0.55,9.7
2041,6,1.185,0.0,4.25,0.097,5.0,14.0,0.9966,3.63,0.54,10.7
2042,6,0.98,0.05,2.1,0.061,20.0,49.0,0.99705,3.31,0.55,9.7
2043,6,1.02,0.02,3.4,0.084,6.0,11.0,0.99892,3.48,0.49,11.0
2044,6,0.815,0.0,1.2,0.267,16.0,29.0,0.99471,3.32,0.51,9.8
2045,6,0.76,0.02,1.8,0.078,6.0,12.0,0.996,3.55,0.63,9.95
2046,6,0.815,0.0,1.2,0.267,16.0,29.0,0.99471,3.32,0.51,9.8
2047,6,1.185,0.0,4.25,0.097,5.0,14.0,0.9966,3.63,0.54,10.7
2048,6,1.185,0.0,4.25,0.097,5.0,14.0,0.9966,3.63,0.54,10.7
2049,6,0.44,0.42,1.5,0.145,34.0,48.0,0.99832,3.38,0.86,9.9
2050,6,0.76,0.02,1.8,0.078,6.0,12.0,0.996,3.55,0.63,9.95
2051,6,0.875,0.05,5.7,0.082,3.0,14.0,0.99808,3.4,0.52,10.2
2052,6,1.02,0.02,3.4,0.084,6.0,11.0,0.99892,3.48,0.49,11.0
2053,6,0.76,0.02,1.8,0.078,6.0,12.0,0.996,3.55,0.63,9.95
2054,6,0.875,0.05,5.7,0.082,3.0,14.0,0.99808,3.4,0.52,10.2
2055,6,0.58,0.66,2.2,0.074,10.0,47.0,1.0008,3.25,0.57,9.0
2056,6,0.58,0.66,2.2,0.074,10.0,47.0,1.0008,3.25,0.57,9.0
2057,6,1.185,0.0,4.25,0.097,5.0,14.0,0.9966,3.63,0.54,10.7
2058,6,0.76,0.02,1.8,0.078,6.0,12.0,0.996,3.55,0.63,9.95
2059,6,1.185,0.0,4.25,0.097,5.0,14.0,0.9966,3.63,0.54,10.7
2060,6,0.76,0.02,1.8,0.078,6.0,12.0,0.996,3.55,0.63,9.95
2061,6,0.76,0.02,1.8,0.078,6.0,12.0,0.996,3.55,0.63,9.95
2062,6,0.44,0.42,1.5,0.145,34.0,48.0,0.99832,3.38,0.86,9.9
2063,6,0.61,0.49,2.1,0.2,5.0,16.0,0.9994,3.16,0.63,8.4
2064,6,1.02,0.02,3.4,0.084,6.0,11.0,0.99892,3.48,0.49,11.0
2065,6,0.875,0.05,5.7,0.082,3.0,14.0,0.99808,3.4,0.52,10.2
2066,6,0.875,0.05,5.7,0.082,3.0,14.0,0.99808,3.4,0.52,10.2
2067,6,0.76,0.02,1.8,0.078,6.0,12.0,0.996,3.55,0.63,9.95
2068,6,0.815,0.0,1.2,0.267,16.0,29.0,0.99471,3.32,0.51,9.8
2069,6,0.58,0.66,2.2,0.074,10.0,47.0,1.0008,3.25,0.57,9.0
