,Class,b,c,d,e,f,g,h,i,j,k
0,3,0.24,0.47,2.1,0.066,6.0,24.0,0.9978,3.15,0.9,11.0
1,1,0.96,0.2,2.0,0.047,15.0,60.0,0.9955,3.36,0.44,10.9
2,2,0.32,0.52,1.8,0.132,17.0,44.0,0.99734,3.28,0.77,11.5
3,3,0.42,0.66,2.95,0.116,12.0,29.0,0.997,3.24,0.75,11.7
4,4,0.625,0.2,1.5,0.08,27.0,119.0,0.9972,3.16,1.12,9.1
5,4,0.935,0.22,3.4,0.105,11.0,86.0,1.001,3.43,0.64,11.3
6,4,0.785,0.0,2.1,0.06,6.0,13.0,0.99664,3.59,0.61,10.0
7,1,0.835,0.03,2.1,0.092,10.0,19.0,0.9966,3.39,0.47,9.6
8,2,0.24,0.39,1.6,0.074,3.0,10.0,0.99698,3.12,0.59,9.5
9,5,0.49,0.03,1.8,0.044,28.0,87.0,0.9908,3.5,0.82,14.0
10,1,0.66,0.34,2.6,0.094,12.0,88.0,0.99796,3.26,0.66,10.1
11,4,0.58,0.54,2.1,0.114,3.0,9.0,0.99719,3.33,0.57,10.3
12,1,0.64,0.07,1.8,0.1,8.0,23.0,0.9961,3.3,0.58,9.6
13,2,0.295,0.4,1.5,0.073,14.0,21.0,0.99556,3.14,0.51,10.9
14,6,0.815,0.0,1.2,0.267,16.0,29.0,0.99471,3.32,0.51,9.8
15,3,0.25,0.37,2.5,0.063,11.0,41.0,0.99439,3.52,0.8,12.4
16,4,1.13,0.09,1.5,0.172,7.0,19.0,0.994,3.5,0.48,9.8
17,2,0.36,0.19,3.2,0.075,15.0,39.0,0.9956,3.56,0.52,12.7
18,2,0.49,0.28,1.9,0.11,20.0,136.0,0.9972,2.93,1.95,9.9
19,5,0.3,0.56,2.8,0.08,6.0,17.0,0.9964,3.15,0.92,11.7
20,6,0.61,0.49,2.1,0.2,5.0,16.0,0.9994,3.16,0.63,8.4
21,5,0.85,0.05,1.4,0.045,12.0,88.0,0.9924,3.56,0.82,12.9
22,2,0.47,0.02,1.3,0.034,18.0,44.0,0.9921,3.9,0.62,12.8
23,1,0.79,0.21,2.3,0.087,21.0,68.0,0.9955,3.12,0.44,9.2
24,3,0.3,0.58,2.1,0.054,7.0,19.0,0.998,3.31,0.88,10.5
25,1,0.52,0.25,2.6,0.081,10.0,37.0,0.99685,3.46,0.5,11.0
26,2,0.44,0.2,1.6,0.049,24.0,64.0,0.9935,3.38,0.57,11.7
27,6,0.875,0.05,5.7,0.082,3.0,14.0,0.99808,3.4,0.52,10.2
28,3,0.64,0.1,6.0,0.115,5.0,11.0,0.9984,3.37,0.69,10.1
29,6,0.875,0.05,5.7,0.082,3.0,14.0,0.99808,3.4,0.52,10.2
30,3,0.26,0.47,1.9,0.078,6.0,24.0,0.9976,3.18,1.04,10.9
31,4,0.39,0.24,2.1,0.102,4.0,7.0,0.99462,3.44,0.58,11.4
32,6,1.58,0.0,2.1,0.137,5.0,9.0,0.99476,3.5,0.4,10.9
33,4,1.04,0.08,2.3,0.067,19.0,32.0,0.99648,3.52,0.57,11.0
34,1,0.62,0.05,2.3,0.079,6.0,18.0,0.99735,3.29,0.63,9.3
35,1,0.34,0.28,2.0,0.082,31.0,68.0,0.99694,3.45,0.48,9.4
36,2,0.36,0.24,2.2,0.095,19.0,42.0,0.9946,3.57,0.57,11.7
37,2,0.78,0.0,1.7,0.076,33.0,45.0,0.99612,3.31,0.62,10.7
38,4,0.955,0.05,1.8,0.075,5.0,19.0,0.99616,3.3,0.44,9.6
39,4,0.765,0.04,1.6,0.078,4.0,14.0,0.998,3.29,0.54,9.7
40,2,0.45,0.23,2.2,0.094,16.0,29.0,0.9962,3.21,0.49,10.2
41,2,0.26,0.37,1.4,0.076,8.0,23.0,0.9974,3.26,0.7,9.6
42,6,0.76,0.02,1.8,0.078,6.0,12.0,0.996,3.55,0.63,9.95
43,5,0.62,0.67,5.2,0.086,6.0,19.0,0.9988,3.22,0.69,13.4
44,3,0.37,0.43,2.3,0.063,12.0,19.0,0.9955,3.17,0.81,11.2
45,5,0.26,0.54,1.9,0.083,42.0,74.0,0.99451,2.98,0.63,11.8
46,1,0.67,0.05,3.6,0.107,6.0,20.0,0.9972,3.4,0.63,10.1
47,5,0.35,0.53,2.6,0.07,5.0,16.0,0.9972,3.15,0.65,11.0
48,6,0.815,0.0,1.2,0.267,16.0,29.0,0.99471,3.32,0.51,9.8
49,2,0.68,0.11,2.8,0.093,11.0,44.0,0.99888,3.31,0.55,9.5
50,3,0.27,0.34,2.3,0.05,4.0,8.0,0.9951,3.4,0.64,11.0
51,5,0.42,0.39,1.8,0.068,6.0,12.0,0.99516,3.35,0.69,11.7
52,1,0.65,0.1,2.9,0.089,17.0,40.0,0.99803,3.29,0.55,9.5
53,5,0.26,0.54,1.9,0.083,42.0,74.0,0.99451,2.98,0.63,11.8
54,3,0.25,0.29,2.2,0.054,19.0,49.0,0.99666,3.4,0.76,10.9
55,1,0.86,0.26,1.9,0.079,13.0,28.0,0.99712,3.25,0.62,10.0
56,6,1.58,0.0,2.1,0.137,5.0,9.0,0.99476,3.5,0.4,10.9
57,4,0.5,0.24,2.3,0.103,6.0,14.0,0.9978,3.34,0.52,10.0
58,1,0.62,0.04,3.8,0.084,25.0,45.0,0.9978,3.34,0.53,9.5
59,2,0.51,0.15,2.8,0.11,33.0,73.0,0.9955,3.17,0.63,10.2
60,3,0.34,0.4,4.7,0.055,3.0,9.0,0.99738,3.38,0.66,11.6
61,1,0.28,0.6,3.0,0.104,10.0,22.0,0.99828,3.39,0.68,10.6
62,3,0.56,0.14,2.4,0.064,13.0,29.0,0.99397,3.42,0.62,11.7
63,2,0.69,0.07,2.5,0.091,15.0,21.0,0.99572,3.38,0.6,11.3
64,3,0.34,0.36,1.9,0.065,5.0,10.0,0.99419,3.27,0.54,11.2
65,2,0.42,0.27,8.6,0.068,24.0,148.0,0.9948,3.16,0.57,11.3
66,5,0.54,0.34,2.5,0.076,8.0,17.0,0.99235,3.2,0.72,13.1
67,4,0.73,0.0,2.5,0.081,12.0,24.0,0.99798,3.38,0.46,9.6
68,2,0.51,0.18,2.1,0.07,12.0,28.0,0.99768,3.52,0.73,9.5
69,5,0.57,0.09,2.3,0.065,34.0,45.0,0.99417,3.46,0.74,12.7
70,5,0.4,0.5,1.8,0.071,7.0,16.0,0.99462,3.21,0.69,12.5
71,3,0.27,0.53,2.4,0.074,6.0,18.0,0.9962,3.2,1.13,12.0
72,5,0.57,0.09,2.3,0.065,34.0,45.0,0.99417,3.46,0.74,12.7
73,3,0.21,0.37,1.6,0.067,6.0,10.0,0.99552,3.23,0.58,11.1
74,6,1.02,0.02,3.4,0.084,6.0,11.0,0.99892,3.48,0.49,11.0
75,1,0.695,0.0,2.5,0.075,3.0,13.0,0.998,3.49,0.52,9.2
76,3,0.33,0.32,2.8,0.067,4.0,12.0,0.99473,3.3,0.76,12.8
77,5,0.49,0.03,1.8,0.044,28.0,87.0,0.9908,3.5,0.82,14.0
78,5,0.3,0.56,2.8,0.08,6.0,17.0,0.9964,3.15,0.92,11.7
79,3,0.53,0.57,2.4,0.093,30.0,52.0,0.9971,3.19,0.76,11.6
80,6,0.815,0.0,1.2,0.267,16.0,29.0,0.99471,3.32,0.51,9.8
81,4,0.39,0.24,2.1,0.102,4.0,7.0,0.99462,3.44,0.58,11.4
82,4,0.975,0.04,2.0,0.087,12.0,67.0,0.99565,3.35,0.6,9.4
83,3,0.39,0.41,8.9,0.069,18.0,39.0,0.99859,3.29,0.81,10.9
84,3,0.31,0.47,2.6,0.085,14.0,33.0,0.99965,3.36,0.8,10.5
85,2,0.8,0.12,2.4,0.083,8.0,28.0,0.99836,3.33,0.65,10.4
86,1,0.6,0.49,2.8,0.075,5.0,19.0,0.9994,3.14,0.57,11.4
87,2,0.4,0.31,2.2,0.09,13.0,62.0,0.9966,3.07,0.63,10.5
88,4,0.53,0.09,3.9,0.123,14.0,31.0,0.9968,3.5,0.67,11.0
89,6,1.02,0.02,3.4,0.084,6.0,11.0,0.99892,3.48,0.49,11.0
90,4,0.73,0.0,2.5,0.081,12.0,24.0,0.99798,3.38,0.46,9.6
91,4,0.67,0.0,4.3,0.057,11.0,20.0,0.99488,3.45,0.56,11.8
92,1,0.29,0.4,1.7,0.067,8.0,20.0,0.99603,3.39,0.6,10.5
93,6,0.61,0.49,2.1,0.2,5.0,16.0,0.9994,3.16,0.63,8.4
94,1,0.41,0.58,2.8,0.096,25.0,101.0,1.00024,3.13,0.53,10.0
95,2,0.61,0.02,2.5,0.081,17.0,87.0,0.99745,3.48,0.6,9.7
96,1,0.725,0.05,4.65,0.086,4.0,11.0,0.9962,3.41,0.39,10.9
97,2,0.63,0.03,2.2,0.08,17.0,88.0,0.99745,3.53,0.58,9.8
98,6,1.02,0.02,3.4,0.084,6.0,11.0,0.99892,3.48,0.49,11.0
99,3,0.65,0.0,1.2,0.065,15.0,21.0,0.9946,3.39,0.47,10.0
100,4,0.55,0.03,1.6,0.072,17.0,42.0,0.9956,3.37,0.48,9.0
101,2,0.28,0.46,1.8,0.05,5.0,13.0,0.9974,3.04,0.79,10.2
102,3,0.37,0.76,4.2,0.066,7.0,38.0,1.0004,3.22,0.6,13.0
103,1,0.54,0.49,2.9,0.094,41.0,110.0,0.9982,3.08,0.61,9.2
104,6,1.185,0.0,4.25,0.097,5.0,14.0,0.9966,3.63,0.54,10.7
105,3,0.58,0.02,2.0,0.073,9.0,18.0,0.9968,3.36,0.57,9.5
106,1,0.65,0.18,1.8,0.07,13.0,40.0,0.997,3.44,0.6,9.1
107,3,0.35,0.49,5.8,0.066,5.0,35.0,1.0014,3.2,0.66,12.0
108,1,0.42,0.32,2.7,0.067,7.0,25.0,0.99628,3.24,0.44,10.4
109,4,0.83,0.27,2.0,0.08,11.0,63.0,0.99652,3.29,0.48,9.8
110,1,0.55,0.09,3.3,0.068,8.0,17.0,0.99735,3.23,0.44,10.0
111,2,0.44,0.39,2.5,0.077,6.0,14.0,0.99555,3.51,0.69,11.0
112,1,0.585,0.18,2.4,0.078,15.0,60.0,0.99638,3.31,0.54,9.8
113,1,0.35,0.41,2.3,0.083,11.0,61.0,0.9982,3.21,0.5,9.5
114,4,0.78,0.0,2.2,0.089,13.0,26.0,0.9978,3.37,0.46,9.6
115,6,0.44,0.42,1.5,0.145,34.0,48.0,0.99832,3.38,0.86,9.9
116,6,0.58,0.66,2.2,0.074,10.0,47.0,1.0008,3.25,0.57,9.0
117,4,0.61,0.0,1.6,0.069,4.0,8.0,0.99396,3.33,0.37,10.4
118,5,0.49,0.03,1.8,0.044,28.0,87.0,0.9908,3.5,0.82,14.0
119,2,0.45,0.23,1.9,0.082,10.0,18.0,0.99774,3.22,0.65,9.3
120,1,0.49,0.1,2.6,0.068,4.0,14.0,0.99562,3.3,0.47,10.5
121,1,0.62,0.05,2.3,0.079,6.0,18.0,0.99735,3.29,0.63,9.3
122,6,0.61,0.49,2.1,0.2,5.0,16.0,0.9994,3.16,0.63,8.4
123,6,0.98,0.05,2.1,0.061,20.0,49.0,0.99705,3.31,0.55,9.7
124,3,0.41,0.41,6.2,0.078,25.0,42.0,0.9953,3.24,0.77,12.6
125,1,0.74,0.28,2.6,0.078,21.0,77.0,0.998,3.28,0.51,9.8
126,3,0.43,0.4,2.6,0.092,13.0,52.0,0.99834,3.22,0.64,10.0
127,3,0.36,0.57,2.3,0.087,6.0,20.0,0.99676,3.14,0.72,11.1
128,1,0.51,0.09,2.1,0.062,4.0,9.0,0.99584,3.35,0.54,10.5
129,4,0.84,0.02,4.4,0.096,5.0,13.0,0.997,3.41,0.57,11.0
130,5,0.36,0.3,1.8,0.074,17.0,24.0,0.99419,3.24,0.7,11.4
131,1,0.48,0.02,2.2,0.08,36.0,111.0,0.99524,3.1,0.53,9.7
132,3,0.27,0.49,5.0,0.082,9.0,17.0,0.99484,3.19,0.52,12.5
133,5,0.31,0.72,2.2,0.072,6.0,29.0,0.9987,2.88,0.82,9.8
134,1,0.49,0.26,1.6,0.236,10.0,88.0,0.9968,3.11,0.8,9.3
135,3,0.37,0.76,4.2,0.066,7.0,38.0,1.0004,3.22,0.6,13.0
136,5,0.57,0.09,2.3,0.065,34.0,45.0,0.99417,3.46,0.74,12.7
137,4,1.02,0.0,2.0,0.083,17.0,24.0,0.99437,3.59,0.55,11.2
138,4,0.53,0.09,3.9,0.123,14.0,31.0,0.9968,3.5,0.67,11.0
139,4,0.915,0.27,2.1,0.088,7.0,23.0,0.9962,3.26,0.47,10.0
140,6,1.185,0.0,4.25,0.097,5.0,14.0,0.9966,3.63,0.54,10.7
141,3,0.31,0.45,2.1,0.216,5.0,16.0,0.99358,3.15,0.81,12.5
142,4,0.58,0.54,2.1,0.114,3.0,9.0,0.99719,3.33,0.57,10.3
143,1,0.82,0.0,4.1,0.095,5.0,14.0,0.99854,3.36,0.53,9.6
144,1,0.67,0.12,1.6,0.186,5.0,21.0,0.996,3.39,0.54,9.5
145,2,0.27,0.49,3.1,0.079,28.0,46.0,0.9993,3.2,0.8,10.2
146,6,0.44,0.42,1.5,0.145,34.0,48.0,0.99832,3.38,0.86,9.9
147,4,0.59,0.49,2.1,0.07,14.0,47.0,0.9991,3.3,0.56,9.6
148,5,0.42,0.24,2.0,0.06,19.0,50.0,0.9917,3.72,0.74,14.0
149,2,0.52,0.45,2.0,0.08,6.0,13.0,0.99774,3.22,0.76,11.4
150,2,0.41,0.55,3.2,0.076,22.0,54.0,0.9996,3.15,0.89,9.9
151,1,0.55,0.17,2.9,0.087,20.0,53.0,1.0004,3.14,0.61,9.4
152,5,0.33,0.33,1.7,0.061,3.0,13.0,0.996,3.23,1.1,10.0
153,1,0.69,0.32,2.5,0.088,22.0,91.0,0.9979,3.29,0.62,10.1
154,6,1.185,0.0,4.25,0.097,5.0,14.0,0.9966,3.63,0.54,10.7
155,5,0.62,0.67,5.2,0.086,6.0,19.0,0.9988,3.22,0.69,13.4
156,3,0.56,0.14,2.4,0.064,13.0,29.0,0.99397,3.42,0.62,11.7
157,5,0.49,0.03,1.8,0.044,28.0,87.0,0.9908,3.5,0.82,14.0
158,6,1.02,0.02,3.4,0.084,6.0,11.0,0.99892,3.48,0.49,11.0
159,3,0.31,0.47,2.6,0.085,14.0,33.0,0.99965,3.36,0.8,10.5
160,4,1.09,0.06,2.1,0.061,12.0,31.0,0.9948,3.51,0.43,11.4
161,6,0.76,0.02,1.8,0.078,6.0,12.0,0.996,3.55,0.63,9.95
162,4,0.47,0.0,2.2,0.067,7.0,14.0,0.99517,3.4,0.58,10.9
163,2,0.61,0.11,1.8,0.066,18.0,28.0,0.99483,3.55,0.66,10.9
164,3,0.38,0.4,2.2,0.068,12.0,28.0,0.99486,3.27,0.75,12.6
165,1,0.64,0.23,2.1,0.08,11.0,119.0,0.99538,3.36,0.7,10.9
166,3,0.24,0.47,2.1,0.066,6.0,24.0,0.9978,3.15,0.9,11.0
167,5,0.31,0.72,2.2,0.072,6.0,29.0,0.9987,2.88,0.82,9.8
168,3,0.41,0.5,2.5,0.055,12.0,25.0,0.9952,3.34,0.79,13.3
169,4,0.52,0.15,2.1,0.054,8.0,65.0,0.9934,3.9,0.56,13.1
170,4,0.955,0.05,1.8,0.075,5.0,19.0,0.99616,3.3,0.44,9.6
171,1,0.43,0.29,1.6,0.081,27.0,45.0,0.99603,3.25,0.54,10.3
172,5,0.4,0.5,1.8,0.071,7.0,16.0,0.99462,3.21,0.69,12.5
173,1,0.39,0.48,2.0,0.082,14.0,67.0,0.9972,3.34,0.55,9.2
174,2,0.29,0.38,1.7,0.062,9.0,30.0,0.9968,3.41,0.53,9.5
175,2,0.53,0.06,2.0,0.063,29.0,44.0,0.99489,3.38,0.83,10.3
176,2,0.38,0.01,1.6,0.048,26.0,60.0,0.99084,3.7,0.75,14.0
177,2,0.49,0.36,1.8,0.222,6.0,16.0,0.998,3.18,0.6,9.5
178,2,0.51,0.15,3.0,0.064,12.0,27.0,0.9929,3.33,0.59,12.8
179,2,0.46,0.24,1.7,0.077,18.0,34.0,0.9948,3.39,0.6,10.6
180,1,0.6,0.1,1.6,0.048,12.0,26.0,0.99306,3.55,0.51,12.1
181,5,0.35,0.46,3.6,0.078,15.0,37.0,0.9973,3.35,0.86,12.8
182,2,0.69,0.0,1.9,0.114,3.0,10.0,0.99636,3.35,0.6,9.7
183,2,0.53,0.13,2.0,0.058,18.0,22.0,0.99573,3.21,0.68,9.9
184,2,0.57,0.31,2.0,0.079,10.0,79.0,0.99677,3.29,0.69,9.5
185,2,0.67,0.15,1.8,0.118,13.0,20.0,0.9954,3.42,0.67,11.3
186,2,0.39,0.1,1.7,0.075,6.0,25.0,0.99581,3.09,0.43,9.7
187,4,0.55,0.03,1.6,0.072,17.0,42.0,0.9956,3.37,0.48,9.0
188,6,0.875,0.05,5.7,0.082,3.0,14.0,0.99808,3.4,0.52,10.2
189,5,0.42,0.24,2.0,0.06,19.0,50.0,0.9917,3.72,0.74,14.0
190,2,0.51,0.24,2.0,0.079,16.0,86.0,0.99764,3.34,0.64,9.5
191,2,0.41,0.55,3.2,0.076,22.0,54.0,0.9996,3.15,0.89,9.9
192,3,0.51,0.64,2.4,0.107,6.0,15.0,0.9973,3.09,0.66,11.8
193,4,0.58,0.0,2.2,0.096,3.0,13.0,0.99557,3.62,0.62,11.5
194,4,0.58,0.54,2.1,0.114,3.0,9.0,0.99719,3.33,0.57,10.3
195,1,0.61,0.04,1.5,0.057,5.0,10.0,0.99525,3.42,0.6,9.5
196,1,0.575,0.22,2.1,0.077,12.0,65.0,0.9967,3.29,0.51,9.2
197,2,0.59,0.01,2.3,0.08,27.0,43.0,0.9955,3.42,0.58,10.7
198,4,0.39,0.24,2.1,0.102,4.0,7.0,0.99462,3.44,0.58,11.4
199,4,0.88,0.03,5.6,0.079,23.0,47.0,0.99572,3.58,0.5,11.2
200,4,0.4,0.4,6.3,0.05,3.0,10.0,0.99566,3.28,0.56,12.0
201,1,0.45,0.49,2.6,0.084,21.0,75.0,0.9987,3.35,0.57,9.7
202,2,0.53,0.08,1.9,0.077,24.0,45.0,0.99528,3.6,0.68,10.3
203,3,0.33,0.45,1.5,0.057,19.0,37.0,0.99498,3.18,0.89,11.1
204,5,0.85,0.05,1.4,0.045,12.0,88.0,0.9924,3.56,0.82,12.9
205,6,0.76,0.02,1.8,0.078,6.0,12.0,0.996,3.55,0.63,9.95
206,5,0.38,0.31,2.0,0.056,15.0,29.0,0.99472,3.23,0.76,11.3
207,3,0.36,0.46,2.1,0.074,24.0,44.0,0.99534,3.4,0.85,11.0
208,1,0.4,0.5,2.0,0.099,19.0,50.0,0.99783,3.1,0.58,10.4
209,6,0.76,0.02,1.8,0.078,6.0,12.0,0.996,3.55,0.63,9.95
210,6,1.02,0.02,3.4,0.084,6.0,11.0,0.99892,3.48,0.49,11.0
211,2,0.47,0.27,1.9,0.058,18.0,38.0,0.99518,3.16,0.85,11.1
212,2,0.49,0.18,2.7,0.069,13.0,34.0,0.9967,3.29,0.48,9.2
213,5,0.31,0.72,2.2,0.072,6.0,29.0,0.9987,2.88,0.82,9.8
214,3,0.48,0.3,2.8,0.066,10.0,28.0,0.9964,3.33,0.67,11.2
215,5,0.49,0.03,1.8,0.044,28.0,87.0,0.9908,3.5,0.82,14.0
216,4,0.4,0.4,6.3,0.05,3.0,10.0,0.99566,3.28,0.56,12.0
217,3,0.52,0.09,2.5,0.091,20.0,49.0,0.9976,3.34,0.86,10.6
218,4,0.67,0.0,4.3,0.057,11.0,20.0,0.99488,3.45,0.56,11.8
219,6,1.02,0.02,3.4,0.084,6.0,11.0,0.99892,3.48,0.49,11.0
220,1,0.61,0.14,2.4,0.067,10.0,42.0,0.9969,3.19,0.59,9.5
221,3,0.48,0.53,4.0,0.101,3.0,10.0,0.99586,3.21,0.59,12.1
222,6,0.815,0.0,1.2,0.267,16.0,29.0,0.99471,3.32,0.51,9.8
223,2,0.57,0.05,2.3,0.081,16.0,36.0,0.99564,3.38,0.6,10.3
224,3,0.48,0.32,2.1,0.062,31.0,54.0,0.99728,3.3,0.65,10.0
225,6,0.76,0.02,1.8,0.078,6.0,12.0,0.996,3.55,0.63,9.95
226,4,0.52,0.15,2.1,0.054,8.0,65.0,0.9934,3.9,0.56,13.1
227,2,0.58,0.23,2.3,0.076,23.0,94.0,0.99686,3.21,0.58,9.5
228,2,0.62,0.01,2.3,0.065,8.0,46.0,0.99332,3.32,0.51,11.8
229,2,0.52,0.42,2.3,0.087,8.0,38.0,0.9972,3.58,0.61,10.5
230,6,1.02,0.02,3.4,0.084,6.0,11.0,0.99892,3.48,0.49,11.0
231,2,0.59,0.0,2.5,0.093,19.0,58.0,1.0002,3.5,0.65,9.3
232,3,0.56,0.33,2.4,0.089,35.0,67.0,0.9972,3.28,0.73,11.8
233,2,0.3,0.48,1.8,0.069,18.0,61.0,0.9959,3.44,0.78,10.3
234,2,0.51,0.23,2.0,0.072,13.0,22.0,0.99438,3.4,0.84,11.2
235,3,0.58,0.01,1.8,0.088,12.0,18.0,0.99568,3.32,0.56,10.5
236,5,0.54,0.34,2.5,0.076,8.0,17.0,0.99235,3.2,0.72,13.1
237,1,0.45,0.49,1.4,0.075,3.0,6.0,0.9969,3.13,0.63,10.4
238,6,0.98,0.05,2.1,0.061,20.0,49.0,0.99705,3.31,0.55,9.7
239,5,0.3,0.56,2.8,0.08,6.0,17.0,0.9964,3.15,0.92,11.7
240,3,0.32,0.55,2.8,0.081,35.0,67.0,1.0002,3.32,0.92,10.8
241,4,0.84,0.02,4.4,0.096,5.0,13.0,0.997,3.41,0.57,11.0
242,5,0.54,0.34,2.5,0.076,8.0,17.0,0.99235,3.2,0.72,13.1
243,1,0.29,0.4,1.7,0.067,8.0,20.0,0.99603,3.39,0.6,10.5
244,5,0.57,0.09,2.3,0.065,34.0,45.0,0.99417,3.46,0.74,12.7
245,6,0.61,0.49,2.1,0.2,5.0,16.0,0.9994,3.16,0.63,8.4
246,1,0.655,0.12,2.3,0.083,15.0,113.0,0.9966,3.17,0.66,9.8
247,4,0.55,0.03,1.6,0.072,17.0,42.0,0.9956,3.37,0.48,9.0
248,5,0.42,0.39,1.8,0.068,6.0,12.0,0.99516,3.35,0.69,11.7
249,3,0.4,0.51,2.6,0.052,13.0,27.0,0.995,3.32,0.9,13.4
250,5,0.38,0.31,2.0,0.056,15.0,29.0,0.99472,3.23,0.76,11.3
251,5,0.3,0.56,2.8,0.08,6.0,17.0,0.9964,3.15,0.92,11.7
252,1,0.49,0.19,3.0,0.077,16.0,37.0,0.9966,3.37,0.51,10.5
253,2,0.51,0.15,3.0,0.064,12.0,27.0,0.9929,3.33,0.59,12.8
254,5,0.35,0.53,2.6,0.07,5.0,16.0,0.9972,3.15,0.65,11.0
255,6,0.58,0.66,2.2,0.074,10.0,47.0,1.0008,3.25,0.57,9.0
256,6,1.58,0.0,2.1,0.137,5.0,9.0,0.99476,3.5,0.4,10.9
257,6,0.815,0.0,1.2,0.267,16.0,29.0,0.99471,3.32,0.51,9.8
258,3,0.53,0.57,2.4,0.093,30.0,52.0,0.9971,3.19,0.76,11.6
259,6,0.44,0.42,1.5,0.145,34.0,48.0,0.99832,3.38,0.86,9.9
260,4,0.91,0.06,2.0,0.06,4.0,11.0,0.99592,3.53,0.64,10.9
261,6,1.185,0.0,4.25,0.097,5.0,14.0,0.9966,3.63,0.54,10.7
262,4,0.53,0.09,3.9,0.123,14.0,31.0,0.9968,3.5,0.67,11.0
263,1,0.26,0.45,3.3,0.06,20.0,49.0,0.9972,3.13,0.54,9.6
264,6,0.76,0.02,1.8,0.078,6.0,12.0,0.996,3.55,0.63,9.95
265,2,0.28,0.51,1.7,0.08,10.0,24.0,0.9982,3.2,0.89,9.4
266,2,0.57,0.21,1.5,0.069,4.0,9.0,0.99458,3.16,0.54,9.8
267,1,0.77,0.2,8.1,0.098,30.0,92.0,0.99892,3.2,0.58,9.2
268,1,0.835,0.0,2.6,0.081,6.0,14.0,0.9975,3.3,0.52,9.3
269,1,0.75,0.27,3.8,0.11,34.0,89.0,0.99664,3.24,0.45,9.3
270,2,0.32,0.52,1.8,0.132,17.0,44.0,0.99734,3.28,0.77,11.5
271,3,0.29,0.36,2.2,0.048,35.0,53.0,0.995,3.27,1.01,12.4
272,6,0.76,0.02,1.8,0.078,6.0,12.0,0.996,3.55,0.63,9.95
273,4,0.39,0.24,2.1,0.102,4.0,7.0,0.99462,3.44,0.58,11.4
274,5,0.32,0.45,6.4,0.073,5.0,13.0,0.9976,3.23,0.82,12.6
275,6,0.76,0.02,1.8,0.078,6.0,12.0,0.996,3.55,0.63,9.95
276,6,0.44,0.42,1.5,0.145,34.0,48.0,0.99832,3.38,0.86,9.9
277,1,0.64,0.23,3.1,0.095,13.0,38.0,0.9998,3.28,0.59,9.7
278,2,0.34,0.42,2.1,0.072,23.0,36.0,0.99392,3.11,0.78,12.4
279,2,0.56,0.03,1.7,0.084,18.0,35.0,0.9968,3.44,0.63,10.0
280,1,0.45,0.49,2.6,0.084,21.0,75.0,0.9987,3.35,0.57,9.7
281,3,0.56,0.14,2.4,0.064,13.0,29.0,0.99397,3.42,0.62,11.7
282,5,0.35,0.53,2.6,0.07,5.0,16.0,0.9972,3.15,0.65,11.0
283,3,0.31,0.09,1.4,0.066,15.0,28.0,0.99459,3.42,0.7,10.0
284,4,1.04,0.08,2.3,0.067,19.0,32.0,0.99648,3.52,0.57,11.0
285,4,0.35,0.24,2.0,0.067,28.0,48.0,0.99576,3.43,0.54,10.0
286,5,0.54,0.34,2.5,0.076,8.0,17.0,0.99235,3.2,0.72,13.1
287,2,0.9,0.0,1.6,0.052,9.0,17.0,0.99467,3.5,0.63,10.9
288,4,1.115,0.1,3.1,0.086,5.0,12.0,0.9958,3.54,0.6,11.2
289,2,0.42,0.38,2.5,0.094,24.0,60.0,0.9979,3.31,0.7,10.8
290,4,0.62,0.03,1.5,0.08,6.0,13.0,0.99498,3.66,0.62,10.1
291,2,0.34,0.21,2.5,0.075,41.0,68.0,0.99586,3.37,0.54,10.1
292,6,1.02,0.02,3.4,0.084,6.0,11.0,0.99892,3.48,0.49,11.0
293,5,0.3,0.56,2.8,0.08,6.0,17.0,0.9964,3.15,0.92,11.7
294,5,0.54,0.34,2.5,0.076,8.0,17.0,0.99235,3.2,0.72,13.1
295,3,0.58,0.02,2.0,0.073,9.0,18.0,0.9968,3.36,0.57,9.5
296,3,0.32,0.47,1.4,0.056,9.0,24.0,0.99695,3.22,0.82,10.3
297,5,0.62,0.67,5.2,0.086,6.0,19.0,0.9988,3.22,0.69,13.4
298,6,1.185,0.0,4.25,0.097,5.0,14.0,0.9966,3.63,0.54,10.7
299,5,0.54,0.34,2.5,0.076,8.0,17.0,0.99235,3.2,0.72,13.1
300,3,0.24,0.42,1.8,0.077,6.0,22.0,0.9976,3.21,1.05,10.8
301,5,0.35,0.53,2.6,0.07,5.0,16.0,0.9972,3.15,0.65,11.0
302,4,1.115,0.1,3.1,0.086,5.0,12.0,0.9958,3.54,0.6,11.2
303,4,1.115,0.1,3.1,0.086,5.0,12.0,0.9958,3.54,0.6,11.2
304,4,0.23,0.37,2.2,0.057,14.0,36.0,0.99614,3.23,0.49,9.3
305,2,0.56,0.12,2.0,0.082,7.0,28.0,0.997,3.37,0.5,9.4
306,2,0.29,0.49,2.7,0.092,25.0,60.0,0.9971,3.31,0.61,10.1
307,1,0.57,0.02,2.1,0.115,6.0,16.0,0.99654,3.38,0.69,9.5
308,3,0.48,0.32,2.1,0.062,31.0,54.0,0.99728,3.3,0.65,10.0
309,1,0.785,0.24,1.7,0.078,10.0,21.0,0.99692,3.29,0.67,10.0
310,4,0.39,0.24,2.1,0.102,4.0,7.0,0.99462,3.44,0.58,11.4
311,5,0.3,0.56,2.8,0.08,6.0,17.0,0.9964,3.15,0.92,11.7
312,3,0.12,0.45,1.8,0.075,10.0,21.0,0.99552,3.41,0.76,11.9
313,1,0.39,0.48,2.0,0.082,14.0,67.0,0.9972,3.34,0.55,9.2
314,5,0.49,0.03,1.8,0.044,28.0,87.0,0.9908,3.5,0.82,14.0
315,2,0.44,0.0,1.6,0.042,3.0,11.0,0.9944,3.48,0.85,11.7
316,4,1.115,0.1,3.1,0.086,5.0,12.0,0.9958,3.54,0.6,11.2
317,2,0.43,0.45,1.9,0.052,6.0,16.0,0.9948,3.35,0.7,12.5
318,1,0.69,0.49,1.8,0.115,20.0,112.0,0.9968,3.21,0.71,9.3
319,3,0.59,0.06,6.0,0.06,11.0,18.0,0.9962,3.41,0.59,10.8
320,1,0.39,0.54,2.7,0.095,21.0,101.0,1.0001,3.13,0.51,9.5
321,5,0.33,0.33,1.7,0.061,3.0,13.0,0.996,3.23,1.1,10.0
322,6,0.61,0.49,2.1,0.2,5.0,16.0,0.9994,3.16,0.63,8.4
323,5,0.35,0.53,2.6,0.07,5.0,16.0,0.9972,3.15,0.65,11.0
324,5,0.36,0.3,1.8,0.074,17.0,24.0,0.99419,3.24,0.7,11.4
325,1,0.62,0.08,1.8,0.076,8.0,24.0,0.9978,3.48,0.53,9.0
326,2,0.5,0.18,2.1,0.071,12.0,31.0,0.99761,3.52,0.72,9.6
327,5,0.31,0.72,2.2,0.072,6.0,29.0,0.9987,2.88,0.82,9.8
328,5,0.4,0.5,1.8,0.071,7.0,16.0,0.99462,3.21,0.69,12.5
329,3,0.33,0.49,3.4,0.093,54.0,80.0,1.0002,3.3,0.76,10.7
330,1,0.64,0.05,1.9,0.066,9.0,17.0,0.99496,3.52,0.78,10.6
331,6,1.02,0.02,3.4,0.084,6.0,11.0,0.99892,3.48,0.49,11.0
332,2,0.61,0.11,1.8,0.066,18.0,28.0,0.99483,3.55,0.66,10.9
333,6,0.98,0.05,2.1,0.061,20.0,49.0,0.99705,3.31,0.55,9.7
334,2,0.38,0.49,2.5,0.097,33.0,85.0,0.9962,3.39,0.77,11.4
335,4,0.88,0.03,5.6,0.079,23.0,47.0,0.99572,3.58,0.5,11.2
336,1,0.46,0.11,2.6,0.079,12.0,49.0,0.9968,3.21,0.57,10.0
337,5,0.42,0.24,2.0,0.06,19.0,50.0,0.9917,3.72,0.74,14.0
338,3,0.28,0.28,2.4,0.012,36.0,100.0,0.99064,3.26,0.39,11.7
339,3,0.37,0.34,2.4,0.085,5.0,17.0,0.99683,3.17,0.65,10.6
340,2,0.38,0.66,2.6,0.088,10.0,41.0,1.001,3.17,0.68,9.8
341,5,0.35,0.53,2.6,0.07,5.0,16.0,0.9972,3.15,0.65,11.0
342,5,0.35,0.46,3.6,0.078,15.0,37.0,0.9973,3.35,0.86,12.8
343,2,0.31,0.32,1.9,0.066,14.0,36.0,0.99364,3.41,0.56,12.6
344,3,0.32,0.47,1.4,0.056,9.0,24.0,0.99695,3.22,0.82,10.3
345,3,0.25,0.37,2.5,0.063,11.0,41.0,0.99439,3.52,0.8,12.4
346,5,0.38,0.31,2.0,0.056,15.0,29.0,0.99472,3.23,0.76,11.3
347,1,0.66,0.07,1.6,0.07,16.0,61.0,0.99572,3.29,0.6,9.3
348,2,0.32,0.56,2.0,0.073,3.0,8.0,0.99534,3.15,0.73,11.4
349,6,1.185,0.0,4.25,0.097,5.0,14.0,0.9966,3.63,0.54,10.7
350,6,1.185,0.0,4.25,0.097,5.0,14.0,0.9966,3.63,0.54,10.7
351,1,0.68,0.07,1.9,0.075,16.0,51.0,0.99685,3.38,0.52,9.5
352,6,0.98,0.05,2.1,0.061,20.0,49.0,0.99705,3.31,0.55,9.7
353,5,0.36,0.3,1.8,0.074,17.0,24.0,0.99419,3.24,0.7,11.4
354,6,0.58,0.66,2.2,0.074,10.0,47.0,1.0008,3.25,0.57,9.0
355,4,0.61,0.3,2.8,0.088,17.0,46.0,0.9976,3.26,0.51,9.3
356,4,1.09,0.06,2.1,0.061,12.0,31.0,0.9948,3.51,0.43,11.4
357,4,0.675,0.26,2.1,0.084,11.0,43.0,0.9976,3.31,0.53,9.2
358,4,1.09,0.06,2.1,0.061,12.0,31.0,0.9948,3.51,0.43,11.4
359,6,0.98,0.05,2.1,0.061,20.0,49.0,0.99705,3.31,0.55,9.7
360,1,0.65,0.18,1.8,0.07,13.0,40.0,0.997,3.44,0.6,9.1
361,3,0.47,0.11,2.2,0.048,16.0,89.0,0.99182,3.54,0.88,13.56666667
362,3,0.58,0.01,1.8,0.088,12.0,18.0,0.99568,3.32,0.56,10.5
363,3,0.48,0.53,4.0,0.101,3.0,10.0,0.99586,3.21,0.59,12.1
364,1,0.575,0.22,2.1,0.077,12.0,65.0,0.9967,3.29,0.51,9.2
365,1,0.88,0.04,2.2,0.066,12.0,20.0,0.99636,3.53,0.56,9.9
366,1,0.6,0.03,1.8,0.095,25.0,99.0,0.995,3.35,0.54,10.1
367,4,0.845,0.01,2.2,0.07,5.0,14.0,0.9967,3.32,0.58,11.0
368,1,0.655,0.16,2.1,0.074,8.0,25.0,0.99606,3.37,0.55,9.7
369,2,0.53,0.07,1.7,0.071,15.0,24.0,0.9951,3.29,0.66,10.8
370,2,0.41,0.33,2.2,0.081,22.0,36.0,0.9949,3.41,0.75,11.1
371,1,0.54,0.27,2.6,0.084,12.0,78.0,0.9964,3.39,0.71,11.0
372,3,0.52,0.08,2.4,0.07,13.0,26.0,0.99358,3.4,0.72,12.5
373,4,0.46,0.49,4.5,0.07,26.0,49.0,0.9981,3.05,0.57,9.6
374,4,0.62,0.03,1.5,0.08,6.0,13.0,0.99498,3.66,0.62,10.1
375,3,0.33,0.39,2.5,0.074,29.0,48.0,0.99528,3.32,0.88,12.4
376,4,0.935,0.22,3.4,0.105,11.0,86.0,1.001,3.43,0.64,11.3
377,6,0.58,0.66,2.2,0.074,10.0,47.0,1.0008,3.25,0.57,9.0
378,3,0.66,0.0,2.4,0.052,6.0,11.0,0.99318,3.35,0.66,12.7
379,6,1.02,0.02,3.4,0.084,6.0,11.0,0.99892,3.48,0.49,11.0
380,3,0.59,0.16,1.8,0.065,3.0,16.0,0.9962,3.42,0.92,10.5
381,6,0.61,0.49,2.1,0.2,5.0,16.0,0.9994,3.16,0.63,8.4
382,5,0.35,0.53,2.6,0.07,5.0,16.0,0.9972,3.15,0.65,11.0
383,5,0.3,0.56,2.8,0.08,6.0,17.0,0.9964,3.15,0.92,11.7
384,5,0.26,0.54,1.9,0.083,42.0,74.0,0.99451,2.98,0.63,11.8
385,2,0.305,0.39,1.2,0.059,7.0,11.0,0.99331,3.29,0.52,11.5
386,4,0.52,0.15,2.1,0.054,8.0,65.0,0.9934,3.9,0.56,13.1
387,6,0.98,0.05,2.1,0.061,20.0,49.0,0.99705,3.31,0.55,9.7
388,3,0.28,0.28,2.4,0.012,36.0,100.0,0.99064,3.26,0.39,11.7
389,2,0.735,0.1,2.1,0.079,6.0,31.0,0.9986,3.23,0.56,10.1
390,4,0.83,0.27,2.0,0.08,11.0,63.0,0.99652,3.29,0.48,9.8
391,5,0.31,0.72,2.2,0.072,6.0,29.0,0.9987,2.88,0.82,9.8
392,5,0.54,0.34,2.5,0.076,8.0,17.0,0.99235,3.2,0.72,13.1
393,6,0.815,0.0,1.2,0.267,16.0,29.0,0.99471,3.32,0.51,9.8
394,5,0.49,0.03,1.8,0.044,28.0,87.0,0.9908,3.5,0.82,14.0
395,6,0.98,0.05,2.1,0.061,20.0,49.0,0.99705,3.31,0.55,9.7
396,6,0.61,0.49,2.1,0.2,5.0,16.0,0.9994,3.16,0.63,8.4
397,6,1.185,0.0,4.25,0.097,5.0,14.0,0.9966,3.63,0.54,10.7
398,4,0.39,0.24,2.1,0.102,4.0,7.0,0.99462,3.44,0.58,11.4
399,6,0.98,0.05,2.1,0.061,20.0,49.0,0.99705,3.31,0.55,9.7
400,2,0.54,0.37,15.4,0.214,55.0,95.0,1.00369,3.18,0.77,9.0
401,6,0.44,0.42,1.5,0.145,34.0,48.0,0.99832,3.38,0.86,9.9
402,6,0.76,0.02,1.8,0.078,6.0,12.0,0.996,3.55,0.63,9.95
403,2,0.45,0.63,2.2,0.073,7.0,23.0,0.99974,3.21,0.69,10.9
404,3,0.32,0.55,2.8,0.081,35.0,67.0,1.0002,3.32,0.92,10.8
405,4,0.675,0.26,2.1,0.084,11.0,43.0,0.9976,3.31,0.53,9.2
406,5,0.54,0.34,2.5,0.076,8.0,17.0,0.99235,3.2,0.72,13.1
407,6,0.98,0.05,2.1,0.061,20.0,49.0,0.99705,3.31,0.55,9.7
408,5,0.49,0.03,1.8,0.044,28.0,87.0,0.9908,3.5,0.82,14.0
409,3,0.34,0.48,2.1,0.052,5.0,9.0,0.99458,3.2,0.69,12.1
410,6,0.815,0.0,1.2,0.267,16.0,29.0,0.99471,3.32,0.51,9.8
411,6,0.815,0.0,1.2,0.267,16.0,29.0,0.99471,3.32,0.51,9.8
412,6,0.875,0.05,5.7,0.082,3.0,14.0,0.99808,3.4,0.52,10.2
413,2,0.64,0.0,2.7,0.123,15.0,33.0,0.99538,3.44,0.63,11.3
414,6,1.02,0.02,3.4,0.084,6.0,11.0,0.99892,3.48,0.49,11.0
415,3,0.3,0.34,2.0,0.064,12.0,25.0,0.99516,3.26,0.84,11.7
416,4,0.68,0.09,3.9,0.068,15.0,29.0,0.99524,3.41,0.52,11.1
417,6,1.58,0.0,2.1,0.137,5.0,9.0,0.99476,3.5,0.4,10.9
418,4,0.58,0.54,2.1,0.114,3.0,9.0,0.99719,3.33,0.57,10.3
419,6,1.185,0.0,4.25,0.097,5.0,14.0,0.9966,3.63,0.54,10.7
420,6,1.02,0.02,3.4,0.084,6.0,11.0,0.99892,3.48,0.49,11.0
421,5,0.38,0.31,2.0,0.056,15.0,29.0,0.99472,3.23,0.76,11.3
422,2,0.38,0.48,3.8,0.132,3.0,11.0,0.99577,3.23,0.57,13.2
423,2,0.81,0.05,2.0,0.07,6.0,14.0,0.99562,3.51,0.66,10.8
424,2,0.61,0.3,2.1,0.084,11.0,50.0,0.9972,3.4,0.61,10.2
425,4,0.63,0.5,1.4,0.071,6.0,26.0,0.99791,3.07,0.6,10.4
426,1,0.54,0.26,1.9,0.089,23.0,147.0,0.99636,3.26,0.59,9.7
427,1,0.41,0.49,2.0,0.088,16.0,43.0,0.998,3.48,0.64,9.1
428,1,0.45,0.33,2.5,0.099,20.0,38.0,0.99818,3.24,0.71,10.8
429,2,0.67,0.1,3.0,0.091,12.0,48.0,0.99888,3.31,0.54,9.5
430,1,0.49,0.49,5.6,0.06,26.0,121.0,0.9974,3.34,0.76,10.5
431,4,0.61,0.3,2.8,0.088,17.0,46.0,0.9976,3.26,0.51,9.3
432,4,1.09,0.06,2.1,0.061,12.0,31.0,0.9948,3.51,0.43,11.4
433,2,0.5,0.3,1.9,0.065,8.0,17.0,0.99774,3.32,0.71,10.5
434,3,0.54,0.71,4.4,0.124,6.0,15.0,0.9984,3.01,0.83,11.8
435,4,0.67,0.0,4.3,0.057,11.0,20.0,0.99488,3.45,0.56,11.8
436,1,0.52,0.11,1.5,0.079,11.0,39.0,0.9968,3.42,0.58,9.6
437,3,0.56,0.14,2.4,0.064,13.0,29.0,0.99397,3.42,0.62,11.7
438,5,0.42,0.39,1.8,0.068,6.0,12.0,0.99516,3.35,0.69,11.7
439,3,0.36,0.39,1.8,0.06,21.0,55.0,0.99495,3.18,0.82,11.0
440,1,0.59,0.44,2.3,0.071,21.0,68.0,0.9992,3.46,0.63,9.5
441,4,0.4,0.4,6.3,0.05,3.0,10.0,0.99566,3.28,0.56,12.0
442,1,1.33,0.0,1.8,0.082,3.0,12.0,0.9964,3.54,0.48,10.9
443,2,0.4,0.1,2.0,0.076,30.0,47.0,0.99554,3.36,0.48,9.4
444,6,1.185,0.0,4.25,0.097,5.0,14.0,0.9966,3.63,0.54,10.7
445,4,0.915,0.27,2.1,0.088,7.0,23.0,0.9962,3.26,0.47,10.0
446,4,0.47,0.44,1.6,0.147,36.0,51.0,0.99836,3.38,0.86,9.9
447,3,0.65,0.0,1.2,0.065,15.0,21.0,0.9946,3.39,0.47,10.0
448,4,0.785,0.0,2.1,0.06,6.0,13.0,0.99664,3.59,0.61,10.0
449,1,0.685,0.35,2.0,0.088,9.0,92.0,0.9963,3.28,0.62,9.4
450,5,0.54,0.34,2.5,0.076,8.0,17.0,0.99235,3.2,0.72,13.1
451,3,0.43,0.3,2.2,0.062,6.0,12.0,0.99495,3.44,0.72,11.5
452,3,0.22,0.36,1.9,0.064,53.0,77.0,0.99604,3.47,0.87,11.0
453,5,0.32,0.45,6.4,0.073,5.0,13.0,0.9976,3.23,0.82,12.6
454,6,1.02,0.02,3.4,0.084,6.0,11.0,0.99892,3.48,0.49,11.0
455,5,0.62,0.67,5.2,0.086,6.0,19.0,0.9988,3.22,0.69,13.4
456,5,0.35,0.46,3.6,0.078,15.0,37.0,0.9973,3.35,0.86,12.8
457,6,0.58,0.66,2.2,0.074,10.0,47.0,1.0008,3.25,0.57,9.0
458,2,0.27,0.6,2.1,0.074,17.0,25.0,0.99814,3.38,0.72,10.6
459,4,0.68,0.09,3.9,0.068,15.0,29.0,0.99524,3.41,0.52,11.1
460,4,0.59,0.08,4.4,0.086,6.0,29.0,0.9974,3.38,0.5,9.0
461,2,0.34,0.0,1.8,0.05,27.0,63.0,0.9916,3.68,0.79,14.0
462,6,1.02,0.02,3.4,0.084,6.0,11.0,0.99892,3.48,0.49,11.0
463,2,0.56,0.0,2.2,0.079,6.0,9.0,0.9948,3.59,0.54,11.5
464,6,0.98,0.05,2.1,0.061,20.0,49.0,0.99705,3.31,0.55,9.7
465,3,0.36,0.34,1.8,0.075,18.0,38.0,0.9933,3.38,0.88,13.6
466,2,0.51,0.0,2.1,0.064,40.0,54.0,0.995,3.54,0.93,10.7
467,1,0.75,0.14,2.5,0.086,9.0,30.0,0.99824,3.34,0.64,10.5
468,1,0.79,0.21,2.3,0.087,21.0,68.0,0.9955,3.12,0.44,9.2
469,1,0.39,0.49,2.3,0.099,47.0,133.0,0.9979,3.38,0.99,9.8
470,4,0.33,0.32,12.9,0.054,6.0,113.0,0.99572,3.3,0.56,11.5
471,2,0.53,0.04,1.7,0.076,17.0,31.0,0.9964,3.33,0.56,10.0
472,1,0.63,0.33,6.7,0.235,66.0,115.0,0.99787,3.22,0.56,9.5
473,4,0.84,0.02,4.4,0.096,5.0,13.0,0.997,3.41,0.57,11.0
474,4,0.755,0.0,1.9,0.084,6.0,12.0,0.99672,3.34,0.49,9.7
475,3,0.44,0.73,6.55,0.074,38.0,76.0,0.999,3.17,0.85,12.0
476,2,0.59,0.45,2.3,0.082,11.0,22.0,1.0,3.0,0.7,9.3
477,6,1.185,0.0,4.25,0.097,5.0,14.0,0.9966,3.63,0.54,10.7
478,1,0.615,0.22,2.6,0.087,6.0,19.0,0.9982,3.26,0.61,9.3
479,5,0.35,0.53,2.6,0.07,5.0,16.0,0.9972,3.15,0.65,11.0
480,6,1.185,0.0,4.25,0.097,5.0,14.0,0.9966,3.63,0.54,10.7
481,5,0.42,0.24,2.0,0.06,19.0,50.0,0.9917,3.72,0.74,14.0
482,6,0.44,0.42,1.5,0.145,34.0,48.0,0.99832,3.38,0.86,9.9
483,3,0.22,0.36,1.9,0.064,53.0,77.0,0.99604,3.47,0.87,11.0
484,3,0.31,0.4,2.2,0.058,6.0,10.0,0.99536,3.31,0.68,11.2
485,3,0.28,0.4,2.4,0.052,4.0,10.0,0.99356,3.33,0.7,12.8
486,2,0.34,0.5,2.4,0.066,10.0,21.0,1.0,3.12,1.18,9.2
487,1,0.61,0.01,1.9,0.08,8.0,25.0,0.99746,3.69,0.73,10.5
488,5,0.35,0.46,3.6,0.078,15.0,37.0,0.9973,3.35,0.86,12.8
489,6,1.185,0.0,4.25,0.097,5.0,14.0,0.9966,3.63,0.54,10.7
490,6,0.44,0.42,1.5,0.145,34.0,48.0,0.99832,3.38,0.86,9.9
491,5,0.33,0.33,1.7,0.061,3.0,13.0,0.996,3.23,1.1,10.0
492,2,0.74,0.0,1.2,0.041,16.0,46.0,0.99258,4.01,0.59,12.5
493,4,0.68,0.02,1.3,0.072,9.0,20.0,0.9965,3.17,1.08,9.2
494,5,0.54,0.34,2.5,0.076,8.0,17.0,0.99235,3.2,0.72,13.1
495,3,0.56,0.14,2.4,0.064,13.0,29.0,0.99397,3.42,0.62,11.7
496,5,0.38,0.31,2.0,0.056,15.0,29.0,0.99472,3.23,0.76,11.3
497,3,0.35,0.4,3.6,0.11,12.0,24.0,0.99549,3.23,0.7,12.0
498,5,0.35,0.53,2.6,0.07,5.0,16.0,0.9972,3.15,0.65,11.0
499,6,0.76,0.02,1.8,0.078,6.0,12.0,0.996,3.55,0.63,9.95
500,2,0.545,0.12,2.5,0.068,11.0,35.0,0.996,3.34,0.61,11.6
501,1,0.46,0.29,2.1,0.074,32.0,98.0,0.99578,3.33,0.62,9.8
502,2,0.39,0.46,2.2,0.075,14.0,27.0,0.99598,3.06,0.84,11.4
503,6,0.98,0.05,2.1,0.061,20.0,49.0,0.99705,3.31,0.55,9.7
504,4,0.59,0.08,4.4,0.086,6.0,29.0,0.9974,3.38,0.5,9.0
505,6,1.185,0.0,4.25,0.097,5.0,14.0,0.9966,3.63,0.54,10.7
506,4,0.58,0.54,2.1,0.114,3.0,9.0,0.99719,3.33,0.57,10.3
507,5,0.85,0.05,1.4,0.045,12.0,88.0,0.9924,3.56,0.82,12.9
508,3,0.65,0.0,1.2,0.065,15.0,21.0,0.9946,3.39,0.47,10.0
509,4,0.63,0.5,1.4,0.071,6.0,26.0,0.99791,3.07,0.6,10.4
510,1,0.615,0.0,1.9,0.065,9.0,18.0,0.9972,3.46,0.65,9.2
511,5,0.31,0.72,2.2,0.072,6.0,29.0,0.9987,2.88,0.82,9.8
512,4,0.38,0.48,2.6,0.073,22.0,84.0,0.9972,3.32,0.7,9.6
513,2,0.27,0.49,3.1,0.079,28.0,46.0,0.9993,3.2,0.8,10.2
514,3,0.33,0.63,2.8,0.084,5.0,22.0,0.9998,3.26,0.74,11.2
515,3,0.41,0.48,4.6,0.072,10.0,20.0,0.9973,3.34,0.79,12.2
516,3,0.35,0.49,5.8,0.066,5.0,35.0,1.0014,3.2,0.66,12.0
517,6,1.58,0.0,2.1,0.137,5.0,9.0,0.99476,3.5,0.4,10.9
518,4,0.68,0.09,3.9,0.068,15.0,29.0,0.99524,3.41,0.52,11.1
519,3,0.33,0.52,2.2,0.074,13.0,25.0,0.99509,3.36,0.76,12.4
520,6,0.76,0.02,1.8,0.078,6.0,12.0,0.996,3.55,0.63,9.95
521,6,0.815,0.0,1.2,0.267,16.0,29.0,0.99471,3.32,0.51,9.8
522,2,0.42,0.27,8.6,0.068,24.0,148.0,0.9948,3.16,0.57,11.3
523,2,0.46,0.2,1.9,0.077,28.0,54.0,0.9956,3.37,0.64,10.4
524,5,0.57,0.09,2.3,0.065,34.0,45.0,0.99417,3.46,0.74,12.7
525,3,0.26,0.52,1.8,0.071,6.0,10.0,0.9968,3.2,0.72,10.2
526,2,0.38,0.3,1.8,0.073,31.0,70.0,0.99685,3.42,0.59,9.5
527,3,0.36,0.57,2.3,0.087,6.0,20.0,0.99676,3.14,0.72,11.1
528,5,0.35,0.46,3.6,0.078,15.0,37.0,0.9973,3.35,0.86,12.8
529,3,0.3,0.74,2.6,0.095,9.0,28.0,0.9994,3.2,0.77,10.8
530,6,1.58,0.0,2.1,0.137,5.0,9.0,0.99476,3.5,0.4,10.9
531,6,1.185,0.0,4.25,0.097,5.0,14.0,0.9966,3.63,0.54,10.7
532,6,0.815,0.0,1.2,0.267,16.0,29.0,0.99471,3.32,0.51,9.8
533,1,0.88,0.25,2.5,0.104,35.0,155.0,1.001,3.41,0.67,11.2
534,3,0.31,0.39,2.4,0.078,17.0,43.0,0.99444,3.31,0.77,12.5
535,5,0.26,0.54,1.9,0.083,42.0,74.0,0.99451,2.98,0.63,11.8
536,3,0.66,0.39,3.2,0.083,21.0,59.0,0.9989,3.37,0.71,11.5
537,1,0.62,0.18,1.5,0.062,7.0,50.0,0.9951,3.08,0.6,9.3
538,5,0.32,0.45,6.4,0.073,5.0,13.0,0.9976,3.23,0.82,12.6
539,2,0.52,0.07,1.4,0.074,5.0,20.0,0.9973,3.32,0.81,9.6
540,2,0.52,0.07,1.4,0.074,5.0,20.0,0.9973,3.32,0.81,9.6
541,5,0.33,0.33,1.7,0.061,3.0,13.0,0.996,3.23,1.1,10.0
542,1,0.695,0.0,2.5,0.075,3.0,13.0,0.998,3.49,0.52,9.2
543,2,0.62,0.01,2.3,0.065,8.0,46.0,0.99332,3.32,0.51,11.8
544,5,0.57,0.09,2.3,0.065,34.0,45.0,0.99417,3.46,0.74,12.7
545,4,0.63,0.5,1.4,0.071,6.0,26.0,0.99791,3.07,0.6,10.4
546,6,1.02,0.02,3.4,0.084,6.0,11.0,0.99892,3.48,0.49,11.0
547,2,0.71,0.0,1.6,0.092,22.0,31.0,0.99635,3.38,0.58,10.0
548,6,1.185,0.0,4.25,0.097,5.0,14.0,0.9966,3.63,0.54,10.7
549,6,1.02,0.02,3.4,0.084,6.0,11.0,0.99892,3.48,0.49,11.0
550,3,0.31,0.35,1.6,0.075,9.0,28.0,0.99672,3.24,0.83,11.2
551,4,0.62,0.03,1.5,0.08,6.0,13.0,0.99498,3.66,0.62,10.1
552,4,0.78,0.0,2.2,0.089,13.0,26.0,0.9978,3.37,0.46,9.6
553,1,0.63,0.12,5.1,0.111,50.0,110.0,0.9983,3.26,0.77,9.4
554,6,0.61,0.49,2.1,0.2,5.0,16.0,0.9994,3.16,0.63,8.4
555,2,0.48,0.34,2.2,0.073,16.0,25.0,0.9936,3.28,0.66,12.4
556,5,0.62,0.67,5.2,0.086,6.0,19.0,0.9988,3.22,0.69,13.4
557,5,0.35,0.46,3.6,0.078,15.0,37.0,0.9973,3.35,0.86,12.8
558,4,1.04,0.08,2.3,0.067,19.0,32.0,0.99648,3.52,0.57,11.0
559,2,0.44,0.46,2.2,0.091,10.0,41.0,0.99638,3.18,0.69,11.9
560,5,0.57,0.09,2.3,0.065,34.0,45.0,0.99417,3.46,0.74,12.7
561,5,0.33,0.33,1.7,0.061,3.0,13.0,0.996,3.23,1.1,10.0
562,6,1.02,0.02,3.4,0.084,6.0,11.0,0.99892,3.48,0.49,11.0
563,2,0.27,0.6,2.1,0.074,17.0,25.0,0.99814,3.38,0.72,10.6
564,6,0.44,0.42,1.5,0.145,34.0,48.0,0.99832,3.38,0.86,9.9
565,4,0.55,0.03,1.6,0.072,17.0,42.0,0.9956,3.37,0.48,9.0
566,5,0.35,0.53,2.6,0.07,5.0,16.0,0.9972,3.15,0.65,11.0
567,6,1.185,0.0,4.25,0.097,5.0,14.0,0.9966,3.63,0.54,10.7
568,1,0.66,0.0,3.0,0.115,21.0,31.0,0.99629,3.45,0.63,10.3
569,3,0.615,0.66,5.8,0.083,7.0,42.0,1.0022,3.07,0.73,10.0
570,6,0.98,0.05,2.1,0.061,20.0,49.0,0.99705,3.31,0.55,9.7
571,4,0.55,0.03,1.6,0.072,17.0,42.0,0.9956,3.37,0.48,9.0
572,4,0.67,0.19,2.2,0.093,11.0,75.0,0.99736,3.2,0.59,9.2
573,4,0.975,0.04,2.0,0.087,12.0,67.0,0.99565,3.35,0.6,9.4
574,6,0.76,0.02,1.8,0.078,6.0,12.0,0.996,3.55,0.63,9.95
575,2,0.53,0.04,1.7,0.076,17.0,31.0,0.9964,3.33,0.56,10.0
576,5,0.36,0.3,1.8,0.074,17.0,24.0,0.99419,3.24,0.7,11.4
577,4,0.58,0.0,2.2,0.096,3.0,13.0,0.99557,3.62,0.62,11.5
578,3,0.28,0.48,2.1,0.093,6.0,12.0,0.99408,3.26,0.62,12.4
579,4,0.91,0.06,2.0,0.06,4.0,11.0,0.99592,3.53,0.64,10.9
580,1,0.49,0.51,2.0,0.422,16.0,62.0,0.9979,3.03,1.17,9.0
581,3,0.42,0.27,2.0,0.092,23.0,55.0,0.99471,3.78,0.64,12.3
582,5,0.35,0.53,2.6,0.07,5.0,16.0,0.9972,3.15,0.65,11.0
583,6,1.185,0.0,4.25,0.097,5.0,14.0,0.9966,3.63,0.54,10.7
584,6,1.58,0.0,2.1,0.137,5.0,9.0,0.99476,3.5,0.4,10.9
585,2,0.8,0.12,2.4,0.083,8.0,28.0,0.99836,3.33,0.65,10.4
586,2,0.59,0.02,2.3,0.082,24.0,94.0,0.99744,3.55,0.53,9.7
587,6,1.02,0.02,3.4,0.084,6.0,11.0,0.99892,3.48,0.49,11.0
588,5,0.49,0.03,1.8,0.044,28.0,87.0,0.9908,3.5,0.82,14.0
589,1,0.39,0.48,2.0,0.082,14.0,67.0,0.9972,3.34,0.55,9.2
590,6,0.61,0.49,2.1,0.2,5.0,16.0,0.9994,3.16,0.63,8.4
591,6,0.98,0.05,2.1,0.061,20.0,49.0,0.99705,3.31,0.55,9.7
592,4,0.52,1.0,3.4,0.61,32.0,69.0,0.9996,2.74,2.0,9.4
593,6,0.44,0.42,1.5,0.145,34.0,48.0,0.99832,3.38,0.86,9.9
594,4,0.915,0.27,2.1,0.088,7.0,23.0,0.9962,3.26,0.47,10.0
595,3,0.5,0.59,1.4,0.073,23.0,42.0,0.998,2.92,0.68,10.5
596,2,0.21,0.49,2.8,0.088,11.0,32.0,0.9972,3.22,0.68,11.7
597,1,0.59,0.18,2.9,0.089,12.0,74.0,0.99738,3.14,0.54,9.4
598,2,0.68,0.16,1.8,0.078,12.0,39.0,0.9977,3.5,0.7,9.9
599,2,0.57,0.1,2.1,0.048,4.0,11.0,0.99448,3.44,0.76,10.8
600,2,0.395,0.13,2.4,0.056,14.0,28.0,0.99362,3.62,0.67,12.4
601,2,0.6,0.26,2.1,0.083,17.0,91.0,0.99616,3.29,0.56,9.8
602,1,0.59,0.18,2.3,0.076,17.0,54.0,0.9975,3.43,0.59,10.0
603,2,0.35,0.47,2.0,0.061,6.0,11.0,0.99585,3.23,0.52,12.0
604,4,0.67,0.0,4.3,0.057,11.0,20.0,0.99488,3.45,0.56,11.8
605,1,0.62,0.35,2.8,0.086,28.0,52.0,0.997,3.31,0.62,10.8
606,3,0.24,0.35,1.7,0.055,13.0,27.0,0.99394,3.14,0.59,11.3
607,3,0.31,0.47,2.6,0.085,14.0,33.0,0.99965,3.36,0.8,10.5
608,1,0.61,0.29,1.6,0.114,9.0,29.0,0.9974,3.26,1.56,9.1
609,2,0.46,0.44,2.9,0.065,4.0,8.0,0.99674,3.33,0.62,12.2
610,1,0.48,0.08,2.1,0.064,18.0,34.0,0.99552,3.33,0.64,9.7
611,2,0.43,0.5,2.3,0.068,13.0,19.0,0.996,3.1,0.87,11.4
612,3,0.27,0.53,2.4,0.074,6.0,18.0,0.9962,3.2,1.13,12.0
613,5,0.35,0.53,2.6,0.07,5.0,16.0,0.9972,3.15,0.65,11.0
614,6,0.875,0.05,5.7,0.082,3.0,14.0,0.99808,3.4,0.52,10.2
615,5,0.57,0.09,2.3,0.065,34.0,45.0,0.99417,3.46,0.74,12.7
616,1,0.87,0.0,2.2,0.084,10.0,31.0,0.99656,3.25,0.5,9.8
617,2,0.49,0.58,3.0,0.103,28.0,99.0,1.0008,3.16,1.0,11.5
618,2,0.69,0.08,1.8,0.097,22.0,89.0,0.9959,3.34,0.54,9.2
619,5,0.54,0.34,2.5,0.076,8.0,17.0,0.99235,3.2,0.72,13.1
620,5,0.35,0.46,3.6,0.078,15.0,37.0,0.9973,3.35,0.86,12.8
621,1,0.61,0.29,1.6,0.114,9.0,29.0,0.9974,3.26,1.56,9.1
622,2,0.46,0.49,6.3,0.064,5.0,17.0,0.9988,3.21,0.73,11.0
623,4,0.53,0.09,3.9,0.123,14.0,31.0,0.9968,3.5,0.67,11.0
624,2,0.34,0.45,2.0,0.082,6.0,15.0,0.9988,2.94,0.66,9.2
625,2,0.635,0.17,2.4,0.241,6.0,18.0,0.9961,3.4,0.59,10.3
626,1,0.7,0.06,1.9,0.079,20.0,35.0,0.99628,3.4,0.69,10.9
627,3,0.58,0.02,2.0,0.062,37.0,53.0,0.99374,3.35,0.76,11.6
628,1,0.56,0.09,1.7,0.053,24.0,32.0,0.99402,3.54,0.6,11.3
629,5,0.35,0.46,3.6,0.078,15.0,37.0,0.9973,3.35,0.86,12.8
630,6,1.58,0.0,2.1,0.137,5.0,9.0,0.99476,3.5,0.4,10.9
631,6,0.875,0.05,5.7,0.082,3.0,14.0,0.99808,3.4,0.52,10.2
632,1,0.52,0.12,3.0,0.067,12.0,53.0,0.9971,3.36,0.57,9.1
633,4,0.53,0.09,3.9,0.123,14.0,31.0,0.9968,3.5,0.67,11.0
634,3,0.52,0.09,2.5,0.091,20.0,49.0,0.9976,3.34,0.86,10.6
635,4,0.73,0.0,2.5,0.081,12.0,24.0,0.99798,3.38,0.46,9.6
636,4,0.59,0.08,4.4,0.086,6.0,29.0,0.9974,3.38,0.5,9.0
637,4,0.53,0.09,3.9,0.123,14.0,31.0,0.9968,3.5,0.67,11.0
638,3,0.34,0.48,2.1,0.052,5.0,9.0,0.99458,3.2,0.69,12.1
639,3,0.66,0.0,2.4,0.052,6.0,11.0,0.99318,3.35,0.66,12.7
640,3,0.66,0.0,2.4,0.052,6.0,11.0,0.99318,3.35,0.66,12.7
641,6,0.98,0.05,2.1,0.061,20.0,49.0,0.99705,3.31,0.55,9.7
642,6,0.76,0.02,1.8,0.078,6.0,12.0,0.996,3.55,0.63,9.95
643,1,0.785,0.24,1.7,0.078,10.0,21.0,0.99692,3.29,0.67,10.0
644,3,0.58,0.02,2.0,0.073,9.0,18.0,0.9968,3.36,0.57,9.5
645,3,0.65,0.01,2.5,0.078,17.0,38.0,0.9963,3.34,0.74,11.7
646,4,0.48,0.2,1.9,0.082,9.0,23.0,0.99585,3.39,0.43,9.05
647,3,0.31,0.49,2.7,0.094,16.0,47.0,0.9986,3.12,1.02,10.6
648,2,0.22,0.48,1.8,0.077,29.0,60.0,0.9968,3.39,0.53,9.4
649,1,0.765,0.02,2.3,0.063,35.0,63.0,0.9975,3.57,0.78,9.9
650,3,0.36,0.46,2.1,0.074,24.0,44.0,0.99534,3.4,0.85,11.0
651,4,0.755,0.0,1.9,0.084,6.0,12.0,0.99672,3.34,0.49,9.7
652,5,0.38,0.31,2.0,0.056,15.0,29.0,0.99472,3.23,0.76,11.3
653,2,0.61,0.19,4.0,0.094,30.0,69.0,0.99787,3.22,0.5,10.0
654,3,0.28,0.47,1.7,0.054,17.0,32.0,0.99686,3.15,0.67,10.6
655,5,0.4,0.5,1.8,0.071,7.0,16.0,0.99462,3.21,0.69,12.5
656,6,0.815,0.0,1.2,0.267,16.0,29.0,0.99471,3.32,0.51,9.8
657,5,0.36,0.3,1.8,0.074,17.0,24.0,0.99419,3.24,0.7,11.4
658,1,0.66,0.34,2.6,0.094,12.0,88.0,0.99796,3.26,0.66,10.1
659,1,0.38,0.48,1.8,0.157,5.0,17.0,0.9976,3.3,1.05,9.4
660,6,0.58,0.66,2.2,0.074,10.0,47.0,1.0008,3.25,0.57,9.0
661,4,0.38,0.48,2.6,0.073,22.0,84.0,0.9972,3.32,0.7,9.6
662,3,0.58,0.01,1.8,0.088,12.0,18.0,0.99568,3.32,0.56,10.5
663,5,0.35,0.53,2.6,0.07,5.0,16.0,0.9972,3.15,0.65,11.0
664,6,0.98,0.05,2.1,0.061,20.0,49.0,0.99705,3.31,0.55,9.7
665,3,0.64,0.1,6.0,0.115,5.0,11.0,0.9984,3.37,0.69,10.1
666,5,0.42,0.24,2.0,0.06,19.0,50.0,0.9917,3.72,0.74,14.0
667,2,0.49,0.36,1.8,0.222,6.0,16.0,0.998,3.18,0.6,9.5
668,4,0.52,1.0,3.4,0.61,32.0,69.0,0.9996,2.74,2.0,9.4
669,3,0.34,0.4,4.7,0.055,3.0,9.0,0.99738,3.38,0.66,11.6
670,1,0.37,0.41,2.3,0.088,6.0,16.0,0.9988,3.09,0.8,9.3
671,5,0.57,0.09,2.3,0.065,34.0,45.0,0.99417,3.46,0.74,12.7
672,2,0.96,0.0,1.8,0.082,5.0,16.0,0.9936,3.5,0.44,11.9
673,6,0.875,0.05,5.7,0.082,3.0,14.0,0.99808,3.4,0.52,10.2
674,3,0.57,0.01,1.7,0.054,5.0,27.0,0.9934,3.57,0.84,12.5
675,4,0.685,0.07,2.5,0.058,5.0,9.0,0.99632,3.38,0.55,10.9
676,6,0.76,0.02,1.8,0.078,6.0,12.0,0.996,3.55,0.63,9.95
677,4,1.02,0.0,2.0,0.083,17.0,24.0,0.99437,3.59,0.55,11.2
678,1,0.965,0.1,2.1,0.112,11.0,22.0,0.9963,3.26,0.5,9.5
679,4,0.635,0.36,2.0,0.089,15.0,55.0,0.99745,3.31,0.57,10.4
680,5,0.54,0.34,2.5,0.076,8.0,17.0,0.99235,3.2,0.72,13.1
681,5,0.49,0.03,1.8,0.044,28.0,87.0,0.9908,3.5,0.82,14.0
682,3,0.33,0.39,2.5,0.074,29.0,48.0,0.99528,3.32,0.88,12.4
683,1,0.78,0.23,2.6,0.059,5.0,15.0,0.997,3.37,0.56,11.3
684,4,0.52,0.15,2.1,0.054,8.0,65.0,0.9934,3.9,0.56,13.1
685,1,0.67,0.26,1.8,0.401,16.0,51.0,0.9969,3.16,1.14,9.4
686,6,0.875,0.05,5.7,0.082,3.0,14.0,0.99808,3.4,0.52,10.2
687,6,0.875,0.05,5.7,0.082,3.0,14.0,0.99808,3.4,0.52,10.2
688,6,0.875,0.05,5.7,0.082,3.0,14.0,0.99808,3.4,0.52,10.2
689,1,0.55,0.35,2.2,0.074,21.0,66.0,0.9974,3.25,0.56,9.2
690,5,0.62,0.67,5.2,0.086,6.0,19.0,0.9988,3.22,0.69,13.4
691,2,0.35,0.33,2.4,0.068,9.0,26.0,0.9947,3.36,0.6,11.9
692,4,0.59,0.08,4.4,0.086,6.0,29.0,0.9974,3.38,0.5,9.0
693,1,0.735,0.0,2.2,0.08,18.0,28.0,0.99765,3.41,0.6,9.4
694,1,0.57,0.02,2.1,0.115,6.0,16.0,0.99654,3.38,0.69,9.5
695,4,0.84,0.02,4.4,0.096,5.0,13.0,0.997,3.41,0.57,11.0
696,2,0.6,0.0,1.4,0.063,11.0,18.0,0.99191,3.45,0.56,12.2
697,1,0.43,0.42,5.5,0.071,28.0,128.0,0.9973,3.42,0.71,10.5
698,1,0.61,0.49,2.0,0.27,23.0,110.0,0.9972,3.12,1.02,9.3
699,1,0.59,0.07,3.4,0.102,32.0,71.0,1.00015,3.31,0.71,9.8
700,6,0.98,0.05,2.1,0.061,20.0,49.0,0.99705,3.31,0.55,9.7
701,5,0.32,0.45,6.4,0.073,5.0,13.0,0.9976,3.23,0.82,12.6
702,1,0.61,0.14,2.4,0.067,10.0,42.0,0.9969,3.19,0.59,9.5
703,6,0.44,0.42,1.5,0.145,34.0,48.0,0.99832,3.38,0.86,9.9
704,5,0.57,0.09,2.3,0.065,34.0,45.0,0.99417,3.46,0.74,12.7
705,2,0.84,0.21,4.1,0.074,16.0,65.0,0.99842,3.53,0.72,9.233333333
706,3,0.28,0.56,1.8,0.092,35.0,103.0,0.9969,3.3,0.75,10.5
707,6,0.815,0.0,1.2,0.267,16.0,29.0,0.99471,3.32,0.51,9.8
708,4,0.785,0.0,2.1,0.06,6.0,13.0,0.99664,3.59,0.61,10.0
709,6,0.58,0.66,2.2,0.074,10.0,47.0,1.0008,3.25,0.57,9.0
710,1,0.735,0.05,2.0,0.081,13.0,54.0,0.9966,3.39,0.57,9.8
711,1,0.56,0.2,2.0,0.075,9.0,39.0,0.9987,3.48,0.62,9.3
712,4,0.83,0.27,2.0,0.08,11.0,63.0,0.99652,3.29,0.48,9.8
713,1,0.55,0.19,1.8,0.082,15.0,34.0,0.99655,3.49,0.68,10.5
714,2,0.63,0.28,2.7,0.096,17.0,69.0,0.99734,3.26,0.63,10.2
715,3,0.49,0.63,2.9,0.072,10.0,26.0,0.9968,3.16,0.78,12.5
716,1,0.7,0.08,2.6,0.106,14.0,27.0,0.99665,3.44,0.58,10.2
717,4,0.975,0.04,2.0,0.087,12.0,67.0,0.99565,3.35,0.6,9.4
718,3,0.615,0.66,5.8,0.083,7.0,42.0,1.0022,3.07,0.73,10.0
719,1,0.5,0.5,13.8,0.205,48.0,82.0,1.00242,3.16,0.75,8.8
720,1,0.62,0.04,3.8,0.084,25.0,45.0,0.9978,3.34,0.53,9.5
721,4,0.5,0.24,2.3,0.103,6.0,14.0,0.9978,3.34,0.52,10.0
722,3,0.24,0.35,1.7,0.055,13.0,27.0,0.99394,3.14,0.59,11.3
723,5,0.26,0.54,1.9,0.083,42.0,74.0,0.99451,2.98,0.63,11.8
724,4,0.61,0.3,2.8,0.088,17.0,46.0,0.9976,3.26,0.51,9.3
725,3,0.36,0.32,1.8,0.067,4.0,8.0,0.9928,3.36,0.55,12.8
726,2,0.59,0.5,2.0,0.337,27.0,81.0,0.9964,3.04,1.61,9.5
727,5,0.35,0.53,2.6,0.07,5.0,16.0,0.9972,3.15,0.65,11.0
728,6,1.58,0.0,2.1,0.137,5.0,9.0,0.99476,3.5,0.4,10.9
729,3,0.33,0.63,2.8,0.084,5.0,22.0,0.9998,3.26,0.74,11.2
730,3,0.25,0.29,2.2,0.054,19.0,49.0,0.99666,3.4,0.76,10.9
731,1,0.57,0.25,2.0,0.104,12.0,89.0,0.9963,3.04,0.9,10.1
732,3,0.34,0.4,4.7,0.055,3.0,9.0,0.99738,3.38,0.66,11.6
733,6,0.44,0.42,1.5,0.145,34.0,48.0,0.99832,3.38,0.86,9.9
734,2,0.51,0.13,2.3,0.076,29.0,40.0,0.99574,3.42,0.75,11.0
735,5,0.31,0.72,2.2,0.072,6.0,29.0,0.9987,2.88,0.82,9.8
736,5,0.35,0.46,3.6,0.078,15.0,37.0,0.9973,3.35,0.86,12.8
737,6,0.76,0.02,1.8,0.078,6.0,12.0,0.996,3.55,0.63,9.95
738,5,0.49,0.03,1.8,0.044,28.0,87.0,0.9908,3.5,0.82,14.0
739,6,0.98,0.05,2.1,0.061,20.0,49.0,0.99705,3.31,0.55,9.7
740,4,0.62,0.03,1.5,0.08,6.0,13.0,0.99498,3.66,0.62,10.1
741,4,0.61,0.0,1.6,0.069,4.0,8.0,0.99396,3.33,0.37,10.4
742,4,0.625,0.2,1.5,0.08,27.0,119.0,0.9972,3.16,1.12,9.1
743,3,0.615,0.66,5.8,0.083,7.0,42.0,1.0022,3.07,0.73,10.0
744,3,0.4,0.16,1.8,0.069,11.0,25.0,0.9955,3.42,0.74,10.1
745,5,0.4,0.5,1.8,0.071,7.0,16.0,0.99462,3.21,0.69,12.5
746,1,0.775,0.0,3.0,0.102,8.0,23.0,0.9965,3.45,0.56,10.7
747,6,1.58,0.0,2.1,0.137,5.0,9.0,0.99476,3.5,0.4,10.9
748,2,0.52,0.13,2.4,0.078,34.0,61.0,0.99528,3.43,0.59,10.8
749,2,0.48,0.54,2.6,0.085,19.0,64.0,1.0,3.1,0.61,10.5
750,3,0.27,0.49,5.0,0.082,9.0,17.0,0.99484,3.19,0.52,12.5
751,5,0.42,0.39,1.8,0.068,6.0,12.0,0.99516,3.35,0.69,11.7
752,2,0.26,0.42,2.0,0.08,11.0,27.0,0.9974,3.21,0.8,9.4
753,5,0.26,0.54,1.9,0.083,42.0,74.0,0.99451,2.98,0.63,11.8
754,3,0.43,0.3,2.2,0.062,6.0,12.0,0.99495,3.44,0.72,11.5
755,2,0.41,0.31,8.8,0.084,26.0,45.0,0.99824,3.38,0.64,10.1
756,5,0.35,0.53,2.6,0.07,5.0,16.0,0.9972,3.15,0.65,11.0
757,4,0.47,0.44,1.6,0.147,36.0,51.0,0.99836,3.38,0.86,9.9
758,6,0.815,0.0,1.2,0.267,16.0,29.0,0.99471,3.32,0.51,9.8
759,2,0.32,0.56,2.0,0.073,3.0,8.0,0.99534,3.15,0.73,11.4
760,2,0.53,0.49,4.6,0.118,10.0,17.0,1.0002,3.07,0.56,11.7
761,4,0.73,0.0,2.5,0.081,12.0,24.0,0.99798,3.38,0.46,9.6
762,5,0.32,0.45,6.4,0.073,5.0,13.0,0.9976,3.23,0.82,12.6
763,6,1.58,0.0,2.1,0.137,5.0,9.0,0.99476,3.5,0.4,10.9
764,6,0.98,0.05,2.1,0.061,20.0,49.0,0.99705,3.31,0.55,9.7
765,3,0.24,0.46,1.8,0.075,6.0,21.0,0.9976,3.25,1.02,10.8
766,2,0.43,0.02,1.9,0.08,15.0,28.0,0.99492,3.35,0.81,10.6
767,5,0.4,0.5,1.8,0.071,7.0,16.0,0.99462,3.21,0.69,12.5
768,2,0.605,0.12,10.7,0.073,40.0,83.0,0.9993,3.45,0.52,9.4
769,3,0.21,0.37,1.6,0.067,6.0,10.0,0.99552,3.23,0.58,11.1
770,6,0.61,0.49,2.1,0.2,5.0,16.0,0.9994,3.16,0.63,8.4
771,1,0.655,0.49,6.1,0.122,34.0,151.0,1.001,3.31,1.14,9.3
772,4,0.68,0.09,3.9,0.068,15.0,29.0,0.99524,3.41,0.52,11.1
773,3,0.33,0.45,1.5,0.057,19.0,37.0,0.99498,3.18,0.89,11.1
774,3,0.52,0.38,2.6,0.066,29.0,56.0,0.99577,3.15,0.79,12.1
775,2,0.59,0.42,2.8,0.09,35.0,73.0,0.999,3.28,0.7,9.5
776,2,0.38,0.48,3.8,0.132,3.0,11.0,0.99577,3.23,0.57,13.2
777,5,0.36,0.3,1.8,0.074,17.0,24.0,0.99419,3.24,0.7,11.4
778,6,0.98,0.05,2.1,0.061,20.0,49.0,0.99705,3.31,0.55,9.7
779,4,1.13,0.09,1.5,0.172,7.0,19.0,0.994,3.5,0.48,9.8
780,1,0.58,0.14,2.2,0.077,27.0,60.0,0.9963,3.28,0.59,9.8
781,2,0.38,0.44,1.9,0.098,6.0,15.0,0.9956,3.3,0.64,11.4
782,6,0.875,0.05,5.7,0.082,3.0,14.0,0.99808,3.4,0.52,10.2
783,5,0.54,0.34,2.5,0.076,8.0,17.0,0.99235,3.2,0.72,13.1
784,2,0.4,0.3,1.8,0.157,2.0,45.0,0.99727,3.31,0.91,9.5
785,6,0.58,0.66,2.2,0.074,10.0,47.0,1.0008,3.25,0.57,9.0
786,6,0.61,0.49,2.1,0.2,5.0,16.0,0.9994,3.16,0.63,8.4
787,4,0.935,0.22,3.4,0.105,11.0,86.0,1.001,3.43,0.64,11.3
788,4,0.46,0.49,4.5,0.07,26.0,49.0,0.9981,3.05,0.57,9.6
789,3,0.41,0.45,6.2,0.071,6.0,14.0,0.99702,3.21,0.49,11.8
790,5,0.26,0.54,1.9,0.083,42.0,74.0,0.99451,2.98,0.63,11.8
791,2,0.745,0.12,1.8,0.114,15.0,64.0,0.99588,3.22,0.59,9.5
792,6,0.44,0.42,1.5,0.145,34.0,48.0,0.99832,3.38,0.86,9.9
793,1,0.73,0.21,1.7,0.074,5.0,13.0,0.9968,3.2,0.52,9.5
794,3,0.34,0.33,2.5,0.064,21.0,37.0,0.9952,3.35,0.77,12.1
795,2,0.5,0.3,1.9,0.065,8.0,17.0,0.99774,3.32,0.71,10.5
796,3,0.3,0.68,8.3,0.05,37.5,289.0,0.99316,3.01,0.51,12.3
797,6,0.875,0.05,5.7,0.082,3.0,14.0,0.99808,3.4,0.52,10.2
798,1,0.43,0.36,2.3,0.075,10.0,48.0,0.9976,3.34,0.46,9.4
799,5,0.42,0.24,2.0,0.06,19.0,50.0,0.9917,3.72,0.74,14.0
800,5,0.35,0.53,2.6,0.07,5.0,16.0,0.9972,3.15,0.65,11.0
801,1,0.89,0.3,2.6,0.132,7.0,60.0,0.99786,2.99,1.18,10.2
802,4,0.63,0.5,1.4,0.071,6.0,26.0,0.99791,3.07,0.6,10.4
803,1,0.8,0.03,7.8,0.079,6.0,12.0,0.9963,3.52,0.5,12.2
804,4,0.68,0.09,3.9,0.068,15.0,29.0,0.99524,3.41,0.52,11.1
805,5,0.42,0.39,1.8,0.068,6.0,12.0,0.99516,3.35,0.69,11.7
806,6,1.58,0.0,2.1,0.137,5.0,9.0,0.99476,3.5,0.4,10.9
807,6,0.44,0.42,1.5,0.145,34.0,48.0,0.99832,3.38,0.86,9.9
808,4,0.685,0.07,2.5,0.058,5.0,9.0,0.99632,3.38,0.55,10.9
809,1,0.665,0.61,2.0,0.112,13.0,95.0,0.997,3.16,0.54,9.1
810,1,0.66,0.0,1.8,0.075,13.0,40.0,0.9978,3.51,0.56,9.4
811,1,0.69,0.0,2.4,0.088,19.0,38.0,0.999,3.35,0.6,9.3
812,5,0.49,0.03,1.8,0.044,28.0,87.0,0.9908,3.5,0.82,14.0
813,4,0.39,0.24,2.1,0.102,4.0,7.0,0.99462,3.44,0.58,11.4
814,6,0.875,0.05,5.7,0.082,3.0,14.0,0.99808,3.4,0.52,10.2
815,5,0.26,0.54,1.9,0.083,42.0,74.0,0.99451,2.98,0.63,11.8
816,2,0.26,0.48,1.9,0.066,6.0,10.0,0.99724,3.33,0.87,10.9
817,3,0.615,0.66,5.8,0.083,7.0,42.0,1.0022,3.07,0.73,10.0
818,5,0.38,0.31,2.0,0.056,15.0,29.0,0.99472,3.23,0.76,11.3
819,5,0.62,0.67,5.2,0.086,6.0,19.0,0.9988,3.22,0.69,13.4
820,4,0.5,0.24,2.3,0.103,6.0,14.0,0.9978,3.34,0.52,10.0
821,4,1.02,0.0,2.0,0.083,17.0,24.0,0.99437,3.59,0.55,11.2
822,4,0.48,0.2,1.9,0.082,9.0,23.0,0.99585,3.39,0.43,9.05
823,3,0.56,0.33,2.4,0.089,35.0,67.0,0.9972,3.28,0.73,11.8
824,1,0.49,0.32,1.9,0.082,17.0,144.0,0.9968,3.2,0.55,9.5
825,2,0.42,0.35,2.1,0.083,17.0,38.0,0.99622,3.23,0.66,11.1
826,2,0.4,0.51,2.0,0.059,6.0,24.0,0.9994,3.04,0.6,9.3
827,6,0.98,0.05,2.1,0.061,20.0,49.0,0.99705,3.31,0.55,9.7
828,3,0.21,0.37,1.6,0.067,6.0,10.0,0.99552,3.23,0.58,11.1
829,4,1.115,0.1,3.1,0.086,5.0,12.0,0.9958,3.54,0.6,11.2
830,3,0.615,0.66,5.8,0.083,7.0,42.0,1.0022,3.07,0.73,10.0
831,6,1.02,0.02,3.4,0.084,6.0,11.0,0.99892,3.48,0.49,11.0
832,4,0.755,0.0,1.9,0.084,6.0,12.0,0.99672,3.34,0.49,9.7
833,4,0.78,0.0,2.2,0.089,13.0,26.0,0.9978,3.37,0.46,9.6
834,5,0.38,0.31,2.0,0.056,15.0,29.0,0.99472,3.23,0.76,11.3
835,2,0.26,0.37,1.4,0.076,8.0,23.0,0.9974,3.26,0.7,9.6
836,3,0.56,0.14,2.4,0.064,13.0,29.0,0.99397,3.42,0.62,11.7
837,6,0.98,0.05,2.1,0.061,20.0,49.0,0.99705,3.31,0.55,9.7
838,5,0.36,0.3,1.8,0.074,17.0,24.0,0.99419,3.24,0.7,11.4
839,1,0.38,0.49,2.7,0.098,12.0,42.0,1.0004,3.16,0.61,10.3
840,1,0.41,0.3,2.1,0.083,35.0,72.0,0.997,3.44,0.52,9.4
841,6,0.58,0.66,2.2,0.074,10.0,47.0,1.0008,3.25,0.57,9.0
842,2,0.54,0.02,1.7,0.085,17.0,31.0,0.99589,3.37,0.51,10.4
843,2,0.775,0.27,2.8,0.078,24.0,56.0,0.9984,3.31,0.67,10.6
844,3,0.585,0.0,1.7,0.044,14.0,86.0,0.99264,3.56,0.94,12.9
845,5,0.62,0.67,5.2,0.086,6.0,19.0,0.9988,3.22,0.69,13.4
846,4,0.67,0.19,2.2,0.093,11.0,75.0,0.99736,3.2,0.59,9.2
847,3,0.34,0.48,2.1,0.052,5.0,9.0,0.99458,3.2,0.69,12.1
848,6,1.58,0.0,2.1,0.137,5.0,9.0,0.99476,3.5,0.4,10.9
849,6,0.98,0.05,2.1,0.061,20.0,49.0,0.99705,3.31,0.55,9.7
850,3,0.915,0.12,2.2,0.143,7.0,23.0,0.9964,3.35,0.65,10.2
851,4,0.88,0.03,5.6,0.079,23.0,47.0,0.99572,3.58,0.5,11.2
852,1,0.34,0.25,1.8,0.084,4.0,28.0,0.99464,3.36,0.44,10.1
853,3,0.37,0.76,4.2,0.066,7.0,38.0,1.0004,3.22,0.6,13.0
854,6,1.185,0.0,4.25,0.097,5.0,14.0,0.9966,3.63,0.54,10.7
855,6,1.58,0.0,2.1,0.137,5.0,9.0,0.99476,3.5,0.4,10.9
856,5,0.26,0.54,1.9,0.083,42.0,74.0,0.99451,2.98,0.63,11.8
857,5,0.35,0.53,2.6,0.07,5.0,16.0,0.9972,3.15,0.65,11.0
858,1,0.63,0.24,2.4,0.077,6.0,33.0,0.9974,3.09,0.57,9.4
859,6,1.185,0.0,4.25,0.097,5.0,14.0,0.9966,3.63,0.54,10.7
860,1,0.73,0.24,1.9,0.108,18.0,102.0,0.9967,3.26,0.59,9.3
861,1,0.64,0.21,1.8,0.081,14.0,31.0,0.99689,3.59,0.66,9.8
862,4,0.33,0.32,12.9,0.054,6.0,113.0,0.99572,3.3,0.56,11.5
863,4,0.55,0.03,1.6,0.072,17.0,42.0,0.9956,3.37,0.48,9.0
864,1,0.62,0.08,1.8,0.076,8.0,24.0,0.9978,3.48,0.53,9.0
865,4,0.84,0.02,4.4,0.096,5.0,13.0,0.997,3.41,0.57,11.0
866,5,0.49,0.03,1.8,0.044,28.0,87.0,0.9908,3.5,0.82,14.0
867,6,0.98,0.05,2.1,0.061,20.0,49.0,0.99705,3.31,0.55,9.7
868,5,0.3,0.56,2.8,0.08,6.0,17.0,0.9964,3.15,0.92,11.7
869,5,0.36,0.3,1.8,0.074,17.0,24.0,0.99419,3.24,0.7,11.4
870,3,0.31,0.35,1.6,0.075,9.0,28.0,0.99672,3.24,0.83,11.2
871,6,1.185,0.0,4.25,0.097,5.0,14.0,0.9966,3.63,0.54,10.7
872,2,0.745,0.12,1.8,0.114,15.0,64.0,0.99588,3.22,0.59,9.5
873,2,0.54,0.37,15.4,0.214,55.0,95.0,1.00369,3.18,0.77,9.0
874,1,0.6,0.49,2.8,0.075,5.0,19.0,0.9994,3.14,0.57,11.4
875,2,0.51,0.02,1.7,0.084,13.0,31.0,0.99538,3.36,0.54,10.5
876,3,0.4,0.53,6.7,0.097,6.0,19.0,0.9986,3.27,0.82,11.7
877,5,0.35,0.53,2.6,0.07,5.0,16.0,0.9972,3.15,0.65,11.0
878,4,0.84,0.02,4.4,0.096,5.0,13.0,0.997,3.41,0.57,11.0
879,3,0.29,0.36,2.2,0.048,35.0,53.0,0.995,3.27,1.01,12.4
880,5,0.36,0.3,1.8,0.074,17.0,24.0,0.99419,3.24,0.7,11.4
881,5,0.26,0.54,1.9,0.083,42.0,74.0,0.99451,2.98,0.63,11.8
882,5,0.35,0.46,3.6,0.078,15.0,37.0,0.9973,3.35,0.86,12.8
883,2,0.16,0.44,2.5,0.068,17.0,31.0,0.99328,3.35,0.54,12.4
884,6,0.58,0.66,2.2,0.074,10.0,47.0,1.0008,3.25,0.57,9.0
885,6,0.98,0.05,2.1,0.061,20.0,49.0,0.99705,3.31,0.55,9.7
886,3,0.615,0.66,5.8,0.083,7.0,42.0,1.0022,3.07,0.73,10.0
887,4,0.48,0.2,1.9,0.082,9.0,23.0,0.99585,3.39,0.43,9.05
888,1,0.5,0.36,2.8,0.116,26.0,55.0,0.99722,3.18,0.68,10.9
889,6,0.76,0.02,1.8,0.078,6.0,12.0,0.996,3.55,0.63,9.95
890,6,1.02,0.02,3.4,0.084,6.0,11.0,0.99892,3.48,0.49,11.0
891,4,0.62,0.03,1.5,0.08,6.0,13.0,0.99498,3.66,0.62,10.1
892,3,0.24,0.47,2.1,0.066,6.0,24.0,0.9978,3.15,0.9,11.0
893,3,0.52,0.38,2.6,0.066,29.0,56.0,0.99577,3.15,0.79,12.1
894,6,1.02,0.02,3.4,0.084,6.0,11.0,0.99892,3.48,0.49,11.0
895,5,0.36,0.3,1.8,0.074,17.0,24.0,0.99419,3.24,0.7,11.4
896,4,0.68,0.09,3.9,0.068,15.0,29.0,0.99524,3.41,0.52,11.1
897,1,0.64,0.05,1.9,0.066,9.0,17.0,0.99496,3.52,0.78,10.6
898,4,0.975,0.04,2.0,0.087,12.0,67.0,0.99565,3.35,0.6,9.4
899,2,0.58,0.58,1.9,0.071,5.0,18.0,0.998,3.09,0.63,10.0
900,5,0.35,0.53,2.6,0.07,5.0,16.0,0.9972,3.15,0.65,11.0
901,2,0.41,0.31,8.8,0.084,26.0,45.0,0.99824,3.38,0.64,10.1
902,1,0.63,0.02,1.9,0.078,18.0,30.0,0.99712,3.4,0.75,9.8
903,4,0.61,0.3,2.8,0.088,17.0,46.0,0.9976,3.26,0.51,9.3
904,2,0.32,0.51,1.8,0.341,17.0,56.0,0.9969,3.04,1.08,9.2
905,3,0.59,0.16,1.8,0.065,3.0,16.0,0.9962,3.42,0.92,10.5
906,1,0.48,0.32,2.8,0.084,21.0,122.0,0.9984,3.32,0.62,9.4
907,6,0.98,0.05,2.1,0.061,20.0,49.0,0.99705,3.31,0.55,9.7
908,4,0.47,0.0,2.2,0.067,7.0,14.0,0.99517,3.4,0.58,10.9
909,1,0.45,0.49,1.4,0.075,3.0,6.0,0.9969,3.13,0.63,10.4
910,1,0.63,0.24,2.4,0.077,6.0,33.0,0.9974,3.09,0.57,9.4
911,4,0.67,0.19,2.2,0.093,11.0,75.0,0.99736,3.2,0.59,9.2
912,1,0.41,0.39,2.2,0.064,12.0,31.0,0.9984,3.26,0.65,10.2
913,6,1.02,0.02,3.4,0.084,6.0,11.0,0.99892,3.48,0.49,11.0
914,6,0.815,0.0,1.2,0.267,16.0,29.0,0.99471,3.32,0.51,9.8
915,6,0.44,0.42,1.5,0.145,34.0,48.0,0.99832,3.38,0.86,9.9
916,6,0.875,0.05,5.7,0.082,3.0,14.0,0.99808,3.4,0.52,10.2
917,2,0.305,0.39,1.2,0.059,7.0,11.0,0.99331,3.29,0.52,11.5
918,3,0.37,0.43,2.3,0.063,12.0,19.0,0.9955,3.17,0.81,11.2
919,4,0.23,0.37,2.2,0.057,14.0,36.0,0.99614,3.23,0.49,9.3
920,4,0.61,0.0,1.6,0.069,4.0,8.0,0.99396,3.33,0.37,10.4
921,6,0.58,0.66,2.2,0.074,10.0,47.0,1.0008,3.25,0.57,9.0
922,5,0.3,0.56,2.8,0.08,6.0,17.0,0.9964,3.15,0.92,11.7
923,5,0.35,0.46,3.6,0.078,15.0,37.0,0.9973,3.35,0.86,12.8
924,2,0.5,0.18,2.1,0.071,12.0,31.0,0.99761,3.52,0.72,9.6
925,1,0.64,0.23,2.1,0.08,11.0,119.0,0.99538,3.36,0.7,10.9
926,5,0.35,0.53,2.6,0.07,5.0,16.0,0.9972,3.15,0.65,11.0
927,6,1.185,0.0,4.25,0.097,5.0,14.0,0.9966,3.63,0.54,10.7
928,5,0.54,0.34,2.5,0.076,8.0,17.0,0.99235,3.2,0.72,13.1
929,4,0.91,0.06,2.0,0.06,4.0,11.0,0.99592,3.53,0.64,10.9
930,3,0.5,0.59,1.4,0.073,23.0,42.0,0.998,2.92,0.68,10.5
931,6,1.185,0.0,4.25,0.097,5.0,14.0,0.9966,3.63,0.54,10.7
932,3,0.36,0.39,1.8,0.06,21.0,55.0,0.99495,3.18,0.82,11.0
933,5,0.54,0.34,2.5,0.076,8.0,17.0,0.99235,3.2,0.72,13.1
934,1,0.72,0.0,1.8,0.123,6.0,14.0,0.99627,3.45,0.58,9.8
935,1,0.55,0.17,2.9,0.087,20.0,53.0,1.0004,3.14,0.61,9.4
936,4,0.39,0.24,2.1,0.102,4.0,7.0,0.99462,3.44,0.58,11.4
937,1,0.42,0.21,2.5,0.092,33.0,88.0,0.99823,3.19,0.52,9.2
938,6,0.61,0.49,2.1,0.2,5.0,16.0,0.9994,3.16,0.63,8.4
939,4,0.88,0.03,5.6,0.079,23.0,47.0,0.99572,3.58,0.5,11.2
940,4,0.84,0.02,4.4,0.096,5.0,13.0,0.997,3.41,0.57,11.0
941,3,0.24,0.35,1.7,0.055,13.0,27.0,0.99394,3.14,0.59,11.3
942,2,0.29,0.49,2.7,0.092,25.0,60.0,0.9971,3.31,0.61,10.1
943,4,1.09,0.06,2.1,0.061,12.0,31.0,0.9948,3.51,0.43,11.4
944,5,0.33,0.33,1.7,0.061,3.0,13.0,0.996,3.23,1.1,10.0
945,2,0.64,0.0,2.4,0.077,18.0,29.0,0.9965,3.32,0.6,10.0
946,2,0.37,0.55,2.6,0.083,25.0,68.0,0.9995,3.15,0.82,10.4
947,3,0.685,0.76,3.7,0.1,6.0,43.0,1.0032,2.95,0.68,11.2
948,4,0.52,0.15,2.1,0.054,8.0,65.0,0.9934,3.9,0.56,13.1
949,1,0.74,0.19,5.8,0.111,33.0,76.0,0.99878,3.14,0.55,9.4
950,5,0.35,0.53,2.6,0.07,5.0,16.0,0.9972,3.15,0.65,11.0
951,1,0.91,0.1,1.8,0.074,20.0,56.0,0.99672,3.35,0.56,9.2
952,5,0.26,0.54,1.9,0.083,42.0,74.0,0.99451,2.98,0.63,11.8
953,6,1.02,0.02,3.4,0.084,6.0,11.0,0.99892,3.48,0.49,11.0
954,4,0.33,0.32,12.9,0.054,6.0,113.0,0.99572,3.3,0.56,11.5
955,2,0.34,0.21,2.5,0.075,41.0,68.0,0.99586,3.37,0.54,10.1
956,1,0.62,0.04,1.9,0.146,27.0,90.0,0.9984,3.16,0.7,9.4
957,3,0.38,0.41,2.4,0.103,6.0,10.0,0.99604,3.13,0.58,11.9
958,4,0.61,0.3,2.8,0.088,17.0,46.0,0.9976,3.26,0.51,9.3
959,3,0.31,0.53,2.2,0.06,3.0,10.0,0.99572,3.02,0.83,10.9
960,6,0.76,0.02,1.8,0.078,6.0,12.0,0.996,3.55,0.63,9.95
961,6,0.875,0.05,5.7,0.082,3.0,14.0,0.99808,3.4,0.52,10.2
962,3,0.37,0.44,1.6,0.038,21.0,42.0,0.99526,3.24,0.81,10.8
963,5,0.32,0.45,6.4,0.073,5.0,13.0,0.9976,3.23,0.82,12.6
964,6,0.58,0.66,2.2,0.074,10.0,47.0,1.0008,3.25,0.57,9.0
965,2,0.23,0.57,1.8,0.074,3.0,8.0,0.9981,3.14,0.7,9.9
966,4,0.59,0.08,4.4,0.086,6.0,29.0,0.9974,3.38,0.5,9.0
967,5,0.35,0.53,2.6,0.07,5.0,16.0,0.9972,3.15,0.65,11.0
968,4,1.115,0.1,3.1,0.086,5.0,12.0,0.9958,3.54,0.6,11.2
969,3,0.65,0.0,1.2,0.065,15.0,21.0,0.9946,3.39,0.47,10.0
970,4,0.88,0.03,5.6,0.079,23.0,47.0,0.99572,3.58,0.5,11.2
971,5,0.3,0.56,2.8,0.08,6.0,17.0,0.9964,3.15,0.92,11.7
972,5,0.49,0.03,1.8,0.044,28.0,87.0,0.9908,3.5,0.82,14.0
973,6,0.875,0.05,5.7,0.082,3.0,14.0,0.99808,3.4,0.52,10.2
974,6,0.61,0.49,2.1,0.2,5.0,16.0,0.9994,3.16,0.63,8.4
975,2,0.5,0.04,2.1,0.068,6.0,14.0,0.9955,3.39,0.64,9.4
976,4,0.765,0.04,1.6,0.078,4.0,14.0,0.998,3.29,0.54,9.7
977,5,0.42,0.39,1.8,0.068,6.0,12.0,0.99516,3.35,0.69,11.7
978,2,0.53,0.04,1.7,0.076,17.0,31.0,0.9964,3.33,0.56,10.0
979,5,0.26,0.54,1.9,0.083,42.0,74.0,0.99451,2.98,0.63,11.8
980,1,0.59,0.0,1.7,0.052,3.0,8.0,0.996,3.41,0.47,10.3
981,1,0.58,0.66,2.5,0.072,6.0,37.0,0.9992,3.05,0.56,10.0
982,6,0.875,0.05,5.7,0.082,3.0,14.0,0.99808,3.4,0.52,10.2
983,2,0.18,0.34,2.7,0.066,15.0,58.0,0.9947,3.37,0.78,11.8
984,5,0.49,0.03,1.8,0.044,28.0,87.0,0.9908,3.5,0.82,14.0
985,2,0.64,0.0,2.7,0.123,15.0,33.0,0.99538,3.44,0.63,11.3
986,3,0.41,0.41,6.2,0.078,25.0,42.0,0.9953,3.24,0.77,12.6
987,1,0.745,0.11,1.9,0.09,16.0,63.0,0.9965,3.19,0.82,9.6
988,6,0.815,0.0,1.2,0.267,16.0,29.0,0.99471,3.32,0.51,9.8
989,5,0.42,0.39,1.8,0.068,6.0,12.0,0.99516,3.35,0.69,11.7
990,2,0.41,0.55,3.2,0.076,22.0,54.0,0.9996,3.15,0.89,9.9
991,6,0.58,0.66,2.2,0.074,10.0,47.0,1.0008,3.25,0.57,9.0
992,1,0.62,0.06,2.7,0.077,15.0,85.0,0.99746,3.51,0.54,9.5
993,3,0.12,0.45,1.8,0.075,10.0,21.0,0.99552,3.41,0.76,11.9
994,3,0.25,0.39,2.0,0.041,4.0,10.0,0.99386,3.27,0.71,12.5
995,1,0.665,0.61,2.0,0.112,13.0,95.0,0.997,3.16,0.54,9.1
996,4,0.765,0.04,1.6,0.078,4.0,14.0,0.998,3.29,0.54,9.7
997,1,0.66,0.26,1.7,0.074,4.0,23.0,0.9971,3.15,0.74,9.2
998,5,0.35,0.46,3.6,0.078,15.0,37.0,0.9973,3.35,0.86,12.8
999,5,0.35,0.53,2.6,0.07,5.0,16.0,0.9972,3.15,0.65,11.0
1000,2,0.5,0.34,3.6,0.082,5.0,14.0,0.9987,3.29,0.52,10.7
1001,1,0.46,0.23,2.6,0.091,18.0,77.0,0.99922,3.15,0.51,9.4
1002,6,0.61,0.49,2.1,0.2,5.0,16.0,0.9994,3.16,0.63,8.4
1003,1,0.645,0.49,4.2,0.095,10.0,23.0,1.00315,2.92,0.74,11.1
1004,5,0.35,0.53,2.6,0.07,5.0,16.0,0.9972,3.15,0.65,11.0
1005,3,0.915,0.12,2.2,0.143,7.0,23.0,0.9964,3.35,0.65,10.2
1006,6,0.875,0.05,5.7,0.082,3.0,14.0,0.99808,3.4,0.52,10.2
1007,2,0.4,0.31,1.9,0.082,8.0,24.0,0.996,3.24,0.69,10.6
1008,5,0.35,0.53,2.6,0.07,5.0,16.0,0.9972,3.15,0.65,11.0
1009,4,0.52,0.15,2.1,0.054,8.0,65.0,0.9934,3.9,0.56,13.1
1010,2,0.46,0.24,1.7,0.077,18.0,34.0,0.9948,3.39,0.6,10.6
1011,3,0.28,0.47,1.7,0.054,17.0,32.0,0.99686,3.15,0.67,10.6
1012,1,0.46,0.39,2.0,0.061,7.0,15.0,0.9981,3.18,0.62,9.5
1013,3,0.44,0.42,2.0,0.071,7.0,20.0,0.99566,3.14,0.79,11.1
1014,3,0.4,0.32,3.6,0.061,9.0,29.0,0.99416,3.28,0.49,11.3
1015,4,0.935,0.22,3.4,0.105,11.0,86.0,1.001,3.43,0.64,11.3
1016,4,0.59,0.49,2.1,0.07,14.0,47.0,0.9991,3.3,0.56,9.6
1017,2,0.27,0.24,2.1,0.072,15.0,33.0,0.9956,3.22,0.66,12.8
1018,5,0.35,0.53,2.6,0.07,5.0,16.0,0.9972,3.15,0.65,11.0
1019,3,0.29,0.33,2.05,0.063,13.0,27.0,0.99516,3.26,0.84,11.7
1020,5,0.54,0.34,2.5,0.076,8.0,17.0,0.99235,3.2,0.72,13.1
1021,3,0.55,0.01,1.8,0.093,9.0,15.0,0.99514,3.35,0.58,11.0
1022,6,0.76,0.02,1.8,0.078,6.0,12.0,0.996,3.55,0.63,9.95
1023,5,0.26,0.54,1.9,0.083,42.0,74.0,0.99451,2.98,0.63,11.8
1024,5,0.31,0.72,2.2,0.072,6.0,29.0,0.9987,2.88,0.82,9.8
1025,6,1.58,0.0,2.1,0.137,5.0,9.0,0.99476,3.5,0.4,10.9
1026,1,0.72,0.17,2.6,0.096,20.0,38.0,0.9978,3.4,0.53,9.5
1027,4,0.55,0.03,1.6,0.072,17.0,42.0,0.9956,3.37,0.48,9.0
1028,2,0.78,0.0,1.7,0.076,33.0,45.0,0.99612,3.31,0.62,10.7
1029,2,0.54,0.09,2.0,0.081,10.0,16.0,0.99479,3.43,0.59,11.5
1030,5,0.35,0.46,3.6,0.078,15.0,37.0,0.9973,3.35,0.86,12.8
1031,6,0.98,0.05,2.1,0.061,20.0,49.0,0.99705,3.31,0.55,9.7
1032,4,0.62,0.03,1.5,0.08,6.0,13.0,0.99498,3.66,0.62,10.1
1033,6,1.185,0.0,4.25,0.097,5.0,14.0,0.9966,3.63,0.54,10.7
1034,5,0.57,0.09,2.3,0.065,34.0,45.0,0.99417,3.46,0.74,12.7
1035,4,0.55,0.03,1.6,0.072,17.0,42.0,0.9956,3.37,0.48,9.0
1036,3,0.4,0.32,5.6,0.087,10.0,47.0,0.9991,3.38,0.77,10.5
1037,5,0.38,0.31,2.0,0.056,15.0,29.0,0.99472,3.23,0.76,11.3
1038,3,0.48,0.3,2.8,0.066,10.0,28.0,0.9964,3.33,0.67,11.2
1039,1,0.6,0.3,4.5,0.068,20.0,110.0,0.99914,3.3,1.17,10.2
1040,4,0.915,0.27,2.1,0.088,7.0,23.0,0.9962,3.26,0.47,10.0
1041,3,0.31,0.49,2.7,0.094,16.0,47.0,0.9986,3.12,1.02,10.6
1042,5,0.57,0.09,2.3,0.065,34.0,45.0,0.99417,3.46,0.74,12.7
1043,3,0.66,0.0,2.4,0.052,6.0,11.0,0.99318,3.35,0.66,12.7
1044,2,0.43,0.25,2.6,0.073,29.0,63.0,0.99615,3.37,0.58,10.5
1045,4,1.09,0.06,2.1,0.061,12.0,31.0,0.9948,3.51,0.43,11.4
1046,4,0.23,0.37,2.2,0.057,14.0,36.0,0.99614,3.23,0.49,9.3
1047,2,0.63,0.08,1.9,0.076,15.0,27.0,0.9967,3.32,0.54,9.5
1048,2,0.38,0.55,2.1,0.071,5.0,19.0,0.9986,3.11,0.62,10.8
1049,5,0.4,0.5,1.8,0.071,7.0,16.0,0.99462,3.21,0.69,12.5
1050,5,0.33,0.33,1.7,0.061,3.0,13.0,0.996,3.23,1.1,10.0
1051,2,0.46,0.2,1.9,0.077,28.0,54.0,0.9956,3.37,0.64,10.4
1052,3,0.33,0.45,1.5,0.057,19.0,37.0,0.99498,3.18,0.89,11.1
1053,2,0.5,0.0,1.8,0.062,21.0,28.0,0.99352,3.44,0.55,12.3
1054,6,0.76,0.02,1.8,0.078,6.0,12.0,0.996,3.55,0.63,9.95
1055,2,0.54,0.42,2.4,0.081,25.0,52.0,0.997,3.2,0.71,11.4
1056,5,0.35,0.53,2.6,0.07,5.0,16.0,0.9972,3.15,0.65,11.0
1057,4,0.67,0.0,4.3,0.057,11.0,20.0,0.99488,3.45,0.56,11.8
1058,6,0.61,0.49,2.1,0.2,5.0,16.0,0.9994,3.16,0.63,8.4
1059,1,0.67,0.26,1.8,0.401,16.0,51.0,0.9969,3.16,1.14,9.4
1060,1,0.835,0.0,2.0,0.166,4.0,11.0,0.99608,3.39,0.52,10.0
1061,5,0.85,0.05,1.4,0.045,12.0,88.0,0.9924,3.56,0.82,12.9
1062,2,0.58,0.08,1.9,0.059,20.0,31.0,0.99484,3.5,0.64,10.2
1063,3,0.41,0.48,4.6,0.072,10.0,20.0,0.9973,3.34,0.79,12.2
1064,4,0.785,0.0,2.1,0.06,6.0,13.0,0.99664,3.59,0.61,10.0
1065,6,1.185,0.0,4.25,0.097,5.0,14.0,0.9966,3.63,0.54,10.7
1066,2,0.28,0.46,1.8,0.05,5.0,13.0,0.9974,3.04,0.79,10.2
1067,4,0.59,0.49,2.1,0.07,14.0,47.0,0.9991,3.3,0.56,9.6
1068,4,0.88,0.03,5.6,0.079,23.0,47.0,0.99572,3.58,0.5,11.2
1069,5,0.85,0.05,1.4,0.045,12.0,88.0,0.9924,3.56,0.82,12.9
1070,2,0.57,0.5,2.6,0.082,6.0,32.0,1.0006,3.12,0.78,10.7
1071,1,0.59,0.18,2.3,0.076,17.0,54.0,0.9975,3.43,0.59,10.0
1072,1,0.42,0.53,3.3,0.105,33.0,98.0,1.001,3.2,0.95,9.2
1073,3,0.27,0.53,2.4,0.074,6.0,18.0,0.9962,3.2,1.13,12.0
1074,1,0.35,0.45,2.5,0.092,20.0,88.0,0.99918,3.15,0.43,9.4
1075,6,0.98,0.05,2.1,0.061,20.0,49.0,0.99705,3.31,0.55,9.7
1076,5,0.42,0.39,1.8,0.068,6.0,12.0,0.99516,3.35,0.69,11.7
1077,3,0.12,0.45,1.8,0.075,10.0,21.0,0.99552,3.41,0.76,11.9
1078,1,0.36,0.29,2.6,0.087,26.0,72.0,0.99645,3.39,0.68,11.0
1079,2,0.63,0.28,2.7,0.096,17.0,69.0,0.99734,3.26,0.63,10.2
1080,4,0.91,0.06,2.0,0.06,4.0,11.0,0.99592,3.53,0.64,10.9
1081,3,0.57,0.12,2.3,0.12,25.0,36.0,0.99519,3.47,0.71,11.3
1082,5,0.35,0.53,2.6,0.07,5.0,16.0,0.9972,3.15,0.65,11.0
1083,1,0.695,0.13,2.0,0.076,12.0,20.0,0.99546,3.29,0.54,10.1
1084,4,0.84,0.02,4.4,0.096,5.0,13.0,0.997,3.41,0.57,11.0
1085,1,0.59,0.29,2.6,0.109,31.0,119.0,0.99801,3.15,0.5,9.1
1086,5,0.38,0.31,2.0,0.056,15.0,29.0,0.99472,3.23,0.76,11.3
1087,6,1.02,0.02,3.4,0.084,6.0,11.0,0.99892,3.48,0.49,11.0
1088,2,0.36,0.19,3.2,0.075,15.0,39.0,0.9956,3.56,0.52,12.7
1089,2,0.735,0.1,2.1,0.079,6.0,31.0,0.9986,3.23,0.56,10.1
1090,3,0.4,0.32,5.6,0.087,10.0,47.0,0.9991,3.38,0.77,10.5
1091,3,0.29,0.33,2.05,0.063,13.0,27.0,0.99516,3.26,0.84,11.7
1092,2,0.59,0.45,2.3,0.082,11.0,22.0,1.0,3.0,0.7,9.3
1093,6,1.58,0.0,2.1,0.137,5.0,9.0,0.99476,3.5,0.4,10.9
1094,5,0.4,0.5,1.8,0.071,7.0,16.0,0.99462,3.21,0.69,12.5
1095,5,0.42,0.24,2.0,0.06,19.0,50.0,0.9917,3.72,0.74,14.0
1096,4,1.13,0.09,1.5,0.172,7.0,19.0,0.994,3.5,0.48,9.8
1097,2,0.53,0.06,2.0,0.063,29.0,44.0,0.99489,3.38,0.83,10.3
1098,5,0.33,0.33,1.7,0.061,3.0,13.0,0.996,3.23,1.1,10.0
1099,3,0.31,0.36,2.2,0.079,11.0,31.0,0.99615,3.33,0.86,12.0
1100,3,0.31,0.35,1.6,0.075,9.0,28.0,0.99672,3.24,0.83,11.2
1101,6,0.58,0.66,2.2,0.074,10.0,47.0,1.0008,3.25,0.57,9.0
1102,4,0.52,0.15,2.1,0.054,8.0,65.0,0.9934,3.9,0.56,13.1
1103,6,0.875,0.05,5.7,0.082,3.0,14.0,0.99808,3.4,0.52,10.2
1104,5,0.36,0.3,1.8,0.074,17.0,24.0,0.99419,3.24,0.7,11.4
1105,2,0.86,0.07,2.0,0.1,20.0,57.0,0.99598,3.6,0.74,11.7
1106,4,1.115,0.1,3.1,0.086,5.0,12.0,0.9958,3.54,0.6,11.2
1107,3,0.28,0.47,1.7,0.054,17.0,32.0,0.99686,3.15,0.67,10.6
1108,2,0.63,0.0,1.9,0.097,14.0,38.0,0.99675,3.37,0.58,9.0
1109,3,0.58,0.01,1.8,0.088,12.0,18.0,0.99568,3.32,0.56,10.5
1110,2,0.38,0.14,2.2,0.038,15.0,25.0,0.99514,3.44,0.65,11.1
1111,4,0.675,0.26,2.1,0.084,11.0,43.0,0.9976,3.31,0.53,9.2
1112,3,0.29,0.33,2.05,0.063,13.0,27.0,0.99516,3.26,0.84,11.7
1113,1,0.64,0.21,1.8,0.081,14.0,31.0,0.99689,3.59,0.66,9.8
1114,2,0.29,0.42,1.6,0.084,19.0,27.0,0.99545,3.28,0.73,11.9
1115,5,0.4,0.5,1.8,0.071,7.0,16.0,0.99462,3.21,0.69,12.5
1116,5,0.31,0.72,2.2,0.072,6.0,29.0,0.9987,2.88,0.82,9.8
1117,6,1.58,0.0,2.1,0.137,5.0,9.0,0.99476,3.5,0.4,10.9
1118,2,0.57,0.08,2.6,0.089,14.0,27.0,0.99592,3.3,0.59,10.4
1119,6,1.185,0.0,4.25,0.097,5.0,14.0,0.9966,3.63,0.54,10.7
1120,4,0.765,0.04,1.6,0.078,4.0,14.0,0.998,3.29,0.54,9.7
1121,6,0.875,0.05,5.7,0.082,3.0,14.0,0.99808,3.4,0.52,10.2
1122,5,0.35,0.53,2.6,0.07,5.0,16.0,0.9972,3.15,0.65,11.0
1123,5,0.38,0.31,2.0,0.056,15.0,29.0,0.99472,3.23,0.76,11.3
1124,5,0.42,0.24,2.0,0.06,19.0,50.0,0.9917,3.72,0.74,14.0
1125,1,0.59,0.29,2.6,0.109,31.0,119.0,0.99801,3.15,0.5,9.1
1126,1,0.38,0.6,2.6,0.081,31.0,72.0,0.9996,3.1,0.73,10.5
1127,1,1.035,0.15,6.0,0.073,11.0,54.0,0.999,3.37,0.49,9.9
1128,2,0.54,0.37,15.4,0.214,55.0,95.0,1.00369,3.18,0.77,9.0
1129,6,0.875,0.05,5.7,0.082,3.0,14.0,0.99808,3.4,0.52,10.2
1130,2,0.53,0.06,2.0,0.063,29.0,44.0,0.99489,3.38,0.83,10.3
1131,5,0.32,0.45,6.4,0.073,5.0,13.0,0.9976,3.23,0.82,12.6
1132,1,0.33,0.4,2.6,0.083,16.0,68.0,0.99782,3.3,0.48,9.4
1133,5,0.38,0.31,2.0,0.056,15.0,29.0,0.99472,3.23,0.76,11.3
1134,2,0.295,0.4,1.5,0.073,14.0,21.0,0.99556,3.14,0.51,10.9
1135,4,0.91,0.06,2.0,0.06,4.0,11.0,0.99592,3.53,0.64,10.9
1136,3,0.29,0.49,2.6,0.059,5.0,13.0,0.9976,3.05,0.74,10.5
1137,6,0.58,0.66,2.2,0.074,10.0,47.0,1.0008,3.25,0.57,9.0
1138,1,0.43,0.42,5.5,0.07,29.0,129.0,0.9973,3.42,0.72,10.5
1139,1,0.55,0.15,2.2,0.076,19.0,40.0,0.9961,3.41,0.59,10.1
1140,1,0.6,0.04,2.5,0.076,18.0,88.0,0.99745,3.53,0.55,9.5
1141,2,0.54,0.26,2.5,0.097,7.0,31.0,0.9976,3.27,0.6,9.3
1142,3,0.84,0.03,2.3,0.059,32.0,48.0,0.9952,3.52,0.56,12.3
1143,2,0.43,0.36,1.6,0.089,14.0,37.0,0.99615,3.34,0.56,9.2
1144,5,0.54,0.34,2.5,0.076,8.0,17.0,0.99235,3.2,0.72,13.1
1145,2,0.62,0.12,1.8,0.072,38.0,46.0,0.99504,3.38,0.89,11.8
1146,4,0.55,0.03,1.6,0.072,17.0,42.0,0.9956,3.37,0.48,9.0
1147,4,0.91,0.06,2.0,0.06,4.0,11.0,0.99592,3.53,0.64,10.9
1148,5,0.42,0.24,2.0,0.06,19.0,50.0,0.9917,3.72,0.74,14.0
1149,5,0.42,0.24,2.0,0.06,19.0,50.0,0.9917,3.72,0.74,14.0
1150,1,0.78,0.08,2.0,0.093,10.0,19.0,0.9956,3.4,0.47,10.0
1151,3,0.28,0.56,1.8,0.092,35.0,103.0,0.9969,3.3,0.75,10.5
1152,1,0.43,0.7,1.9,0.464,22.0,67.0,0.9974,3.13,1.28,9.4
1153,3,0.43,0.3,2.2,0.062,6.0,12.0,0.99495,3.44,0.72,11.5
1154,3,0.27,0.68,3.5,0.358,5.0,10.0,0.9972,3.25,1.08,9.9
1155,1,0.35,0.48,3.1,0.09,5.0,21.0,0.9986,3.17,0.53,10.5
1156,4,0.52,1.0,3.4,0.61,32.0,69.0,0.9996,2.74,2.0,9.4
1157,1,0.58,0.25,2.0,0.104,8.0,21.0,0.99769,3.27,0.72,9.6
1158,4,0.38,0.48,2.6,0.073,22.0,84.0,0.9972,3.32,0.7,9.6
1159,6,0.815,0.0,1.2,0.267,16.0,29.0,0.99471,3.32,0.51,9.8
1160,4,0.23,0.37,2.2,0.057,14.0,36.0,0.99614,3.23,0.49,9.3
1161,2,0.51,0.02,1.7,0.084,13.0,31.0,0.99538,3.36,0.54,10.5
1162,6,0.58,0.66,2.2,0.074,10.0,47.0,1.0008,3.25,0.57,9.0
1163,6,0.98,0.05,2.1,0.061,20.0,49.0,0.99705,3.31,0.55,9.7
1164,3,0.37,0.34,2.4,0.085,5.0,17.0,0.99683,3.17,0.65,10.6
1165,4,0.59,0.49,2.1,0.07,14.0,47.0,0.9991,3.3,0.56,9.6
1166,4,0.88,0.03,5.6,0.079,23.0,47.0,0.99572,3.58,0.5,11.2
1167,3,0.51,0.64,2.4,0.107,6.0,15.0,0.9973,3.09,0.66,11.8
1168,5,0.35,0.53,2.6,0.07,5.0,16.0,0.9972,3.15,0.65,11.0
1169,3,0.32,0.55,2.8,0.081,35.0,67.0,1.0002,3.32,0.92,10.8
1170,6,1.02,0.02,3.4,0.084,6.0,11.0,0.99892,3.48,0.49,11.0
1171,5,0.42,0.39,1.8,0.068,6.0,12.0,0.99516,3.35,0.69,11.7
1172,1,0.45,0.49,1.4,0.075,3.0,6.0,0.9969,3.13,0.63,10.4
1173,6,1.58,0.0,2.1,0.137,5.0,9.0,0.99476,3.5,0.4,10.9
1174,3,0.58,0.02,2.0,0.073,9.0,18.0,0.9968,3.36,0.57,9.5
1175,5,0.42,0.24,2.0,0.06,19.0,50.0,0.9917,3.72,0.74,14.0
1176,2,0.67,0.15,1.8,0.118,13.0,20.0,0.9954,3.42,0.67,11.3
1177,6,0.76,0.02,1.8,0.078,6.0,12.0,0.996,3.55,0.63,9.95
1178,3,0.52,0.08,2.4,0.07,13.0,26.0,0.99358,3.4,0.72,12.5
1179,1,0.98,0.32,2.3,0.078,35.0,152.0,0.998,3.25,0.48,9.4
1180,3,0.38,0.41,2.4,0.103,6.0,10.0,0.99604,3.13,0.58,11.9
1181,6,0.815,0.0,1.2,0.267,16.0,29.0,0.99471,3.32,0.51,9.8
1182,5,0.32,0.45,6.4,0.073,5.0,13.0,0.9976,3.23,0.82,12.6
1183,5,0.54,0.34,2.5,0.076,8.0,17.0,0.99235,3.2,0.72,13.1
1184,1,0.775,0.42,1.9,0.092,8.0,86.0,0.9959,3.23,0.59,9.5
1185,6,0.61,0.49,2.1,0.2,5.0,16.0,0.9994,3.16,0.63,8.4
1186,6,0.875,0.05,5.7,0.082,3.0,14.0,0.99808,3.4,0.52,10.2
1187,1,0.69,0.32,2.5,0.088,22.0,91.0,0.9979,3.29,0.62,10.1
1188,5,0.36,0.3,1.8,0.074,17.0,24.0,0.99419,3.24,0.7,11.4
1189,1,0.64,0.21,1.8,0.081,14.0,31.0,0.99689,3.59,0.66,9.8
1190,2,0.37,0.52,2.0,0.088,12.0,51.0,0.99613,3.29,0.58,11.1
1191,4,0.58,0.54,2.1,0.114,3.0,9.0,0.99719,3.33,0.57,10.3
1192,3,0.635,0.1,2.4,0.08,16.0,33.0,0.99736,3.58,0.69,10.8
1193,2,0.4,0.41,2.0,0.058,15.0,40.0,0.99414,3.22,0.6,12.2
1194,1,0.775,0.22,2.2,0.079,12.0,48.0,0.9976,3.18,0.51,9.6
1195,5,0.35,0.53,2.6,0.07,5.0,16.0,0.9972,3.15,0.65,11.0
1196,4,0.52,0.15,2.1,0.054,8.0,65.0,0.9934,3.9,0.56,13.1
1197,6,0.44,0.42,1.5,0.145,34.0,48.0,0.99832,3.38,0.86,9.9
1198,6,0.98,0.05,2.1,0.061,20.0,49.0,0.99705,3.31,0.55,9.7
1199,5,0.33,0.33,1.7,0.061,3.0,13.0,0.996,3.23,1.1,10.0
1200,5,0.3,0.56,2.8,0.08,6.0,17.0,0.9964,3.15,0.92,11.7
1201,5,0.36,0.3,1.8,0.074,17.0,24.0,0.99419,3.24,0.7,11.4
1202,5,0.32,0.45,6.4,0.073,5.0,13.0,0.9976,3.23,0.82,12.6
1203,4,0.88,0.03,5.6,0.079,23.0,47.0,0.99572,3.58,0.5,11.2
1204,4,0.61,0.3,2.8,0.088,17.0,46.0,0.9976,3.26,0.51,9.3
1205,1,0.685,0.0,1.9,0.099,9.0,22.0,0.99606,3.34,0.6,9.7
1206,1,0.835,0.0,2.6,0.081,6.0,14.0,0.9975,3.3,0.52,9.3
1207,5,0.32,0.45,6.4,0.073,5.0,13.0,0.9976,3.23,0.82,12.6
1208,3,0.31,0.09,1.4,0.066,15.0,28.0,0.99459,3.42,0.7,10.0
1209,1,0.41,0.3,2.1,0.083,35.0,72.0,0.997,3.44,0.52,9.4
1210,6,0.61,0.49,2.1,0.2,5.0,16.0,0.9994,3.16,0.63,8.4
1211,4,0.59,0.49,2.1,0.07,14.0,47.0,0.9991,3.3,0.56,9.6
1212,6,0.875,0.05,5.7,0.082,3.0,14.0,0.99808,3.4,0.52,10.2
1213,1,0.6,0.04,2.5,0.076,18.0,88.0,0.99745,3.53,0.55,9.5
1214,2,0.41,0.55,3.2,0.076,22.0,54.0,0.9996,3.15,0.89,9.9
1215,5,0.33,0.33,1.7,0.061,3.0,13.0,0.996,3.23,1.1,10.0
1216,4,0.88,0.03,5.6,0.079,23.0,47.0,0.99572,3.58,0.5,11.2
1217,4,0.87,0.0,3.3,0.096,26.0,61.0,1.00025,3.6,0.72,9.8
1218,5,0.35,0.53,2.6,0.07,5.0,16.0,0.9972,3.15,0.65,11.0
1219,3,0.42,0.47,2.65,0.085,9.0,34.0,0.99736,3.24,0.77,12.1
1220,3,0.26,0.52,1.8,0.071,6.0,10.0,0.9968,3.2,0.72,10.2
1221,4,0.61,0.3,2.8,0.088,17.0,46.0,0.9976,3.26,0.51,9.3
1222,3,0.34,0.39,1.4,0.066,3.0,7.0,0.9947,3.19,0.55,11.4
1223,3,0.48,0.32,2.1,0.062,31.0,54.0,0.99728,3.3,0.65,10.0
1224,6,1.58,0.0,2.1,0.137,5.0,9.0,0.99476,3.5,0.4,10.9
1225,5,0.42,0.24,2.0,0.06,19.0,50.0,0.9917,3.72,0.74,14.0
1226,4,0.635,0.36,2.0,0.089,15.0,55.0,0.99745,3.31,0.57,10.4
1227,6,0.61,0.49,2.1,0.2,5.0,16.0,0.9994,3.16,0.63,8.4
1228,1,0.35,0.21,1.9,0.073,46.0,102.0,0.9964,3.27,0.58,9.5
1229,3,0.37,0.76,4.2,0.066,7.0,38.0,1.0004,3.22,0.6,13.0
1230,4,0.87,0.0,3.3,0.096,26.0,61.0,1.00025,3.6,0.72,9.8
1231,6,0.61,0.49,2.1,0.2,5.0,16.0,0.9994,3.16,0.63,8.4
1232,3,0.66,0.39,3.2,0.083,21.0,59.0,0.9989,3.37,0.71,11.5
1233,6,1.185,0.0,4.25,0.097,5.0,14.0,0.9966,3.63,0.54,10.7
1234,3,0.59,0.06,6.0,0.06,11.0,18.0,0.9962,3.41,0.59,10.8
1235,2,0.55,0.04,2.2,0.119,14.0,56.0,0.9962,3.21,0.6,10.9
1236,6,0.61,0.49,2.1,0.2,5.0,16.0,0.9994,3.16,0.63,8.4
1237,1,0.63,0.02,1.9,0.078,18.0,30.0,0.99712,3.4,0.75,9.8
1238,5,0.31,0.72,2.2,0.072,6.0,29.0,0.9987,2.88,0.82,9.8
1239,2,0.41,0.42,2.4,0.213,6.0,14.0,0.9994,3.19,0.62,9.5
1240,5,0.33,0.33,1.7,0.061,3.0,13.0,0.996,3.23,1.1,10.0
1241,1,0.735,0.02,7.9,0.122,68.0,124.0,0.9994,3.47,0.53,9.9
1242,1,0.43,0.42,5.5,0.071,28.0,128.0,0.9973,3.42,0.71,10.5
1243,1,0.735,0.02,7.9,0.122,68.0,124.0,0.9994,3.47,0.53,9.9
1244,6,1.58,0.0,2.1,0.137,5.0,9.0,0.99476,3.5,0.4,10.9
1245,2,0.56,0.22,1.8,0.074,15.0,24.0,0.99438,3.4,0.82,11.2
1246,5,0.42,0.39,1.8,0.068,6.0,12.0,0.99516,3.35,0.69,11.7
1247,3,0.32,0.44,2.4,0.061,24.0,34.0,0.99484,3.29,0.8,11.6
1248,2,0.62,0.12,1.8,0.072,38.0,46.0,0.99504,3.38,0.89,11.8
1249,1,0.49,0.33,1.9,0.074,27.0,85.0,0.99706,3.41,0.58,9.0
1250,1,0.29,0.4,1.7,0.067,8.0,20.0,0.99603,3.39,0.6,10.5
1251,6,0.61,0.49,2.1,0.2,5.0,16.0,0.9994,3.16,0.63,8.4
1252,2,0.38,0.3,1.8,0.073,31.0,70.0,0.99685,3.42,0.59,9.5
1253,4,0.685,0.07,2.5,0.058,5.0,9.0,0.99632,3.38,0.55,10.9
1254,6,1.02,0.02,3.4,0.084,6.0,11.0,0.99892,3.48,0.49,11.0
1255,5,0.36,0.3,1.8,0.074,17.0,24.0,0.99419,3.24,0.7,11.4
1256,6,0.61,0.49,2.1,0.2,5.0,16.0,0.9994,3.16,0.63,8.4
1257,4,0.84,0.02,4.4,0.096,5.0,13.0,0.997,3.41,0.57,11.0
1258,5,0.32,0.45,6.4,0.073,5.0,13.0,0.9976,3.23,0.82,12.6
1259,5,0.54,0.34,2.5,0.076,8.0,17.0,0.99235,3.2,0.72,13.1
1260,1,0.69,0.21,2.1,0.08,33.0,141.0,0.9962,3.25,0.51,9.9
1261,6,0.76,0.02,1.8,0.078,6.0,12.0,0.996,3.55,0.63,9.95
1262,5,0.54,0.34,2.5,0.076,8.0,17.0,0.99235,3.2,0.72,13.1
1263,3,0.36,0.46,2.1,0.074,24.0,44.0,0.99534,3.4,0.85,11.0
1264,4,0.83,0.27,2.0,0.08,11.0,63.0,0.99652,3.29,0.48,9.8
1265,1,0.67,0.12,1.6,0.186,5.0,21.0,0.996,3.39,0.54,9.5
1266,1,0.6,0.65,2.3,0.063,6.0,25.0,0.9997,3.03,0.57,9.9
1267,3,0.25,0.39,2.0,0.041,4.0,10.0,0.99386,3.27,0.71,12.5
1268,3,0.39,0.43,2.0,0.071,14.0,24.0,0.99428,3.45,0.87,11.2
1269,2,0.29,0.49,2.7,0.092,25.0,60.0,0.9971,3.31,0.61,10.1
1270,2,0.96,0.0,1.8,0.082,5.0,16.0,0.9936,3.5,0.44,11.9
1271,4,1.04,0.08,2.3,0.067,19.0,32.0,0.99648,3.52,0.57,11.0
1272,5,0.42,0.24,2.0,0.06,19.0,50.0,0.9917,3.72,0.74,14.0
1273,1,0.575,0.22,2.1,0.077,12.0,65.0,0.9967,3.29,0.51,9.2
1274,1,0.42,0.53,3.3,0.105,33.0,98.0,1.001,3.2,0.95,9.2
1275,5,0.42,0.39,1.8,0.068,6.0,12.0,0.99516,3.35,0.69,11.7
1276,3,0.31,0.4,2.8,0.109,7.0,16.0,0.99614,3.31,0.79,11.8
1277,2,0.44,0.68,4.1,0.114,6.0,24.0,0.997,3.06,0.66,13.4
1278,4,0.33,0.32,12.9,0.054,6.0,113.0,0.99572,3.3,0.56,11.5
1279,3,0.33,0.45,1.5,0.057,19.0,37.0,0.99498,3.18,0.89,11.1
1280,5,0.42,0.39,1.8,0.068,6.0,12.0,0.99516,3.35,0.69,11.7
1281,3,0.28,0.4,2.4,0.052,4.0,10.0,0.99356,3.33,0.7,12.8
1282,4,0.88,0.03,5.6,0.079,23.0,47.0,0.99572,3.58,0.5,11.2
1283,6,0.815,0.0,1.2,0.267,16.0,29.0,0.99471,3.32,0.51,9.8
1284,1,0.46,0.63,2.0,0.071,6.0,15.0,0.9988,2.99,0.87,10.2
1285,4,0.67,0.0,4.3,0.057,11.0,20.0,0.99488,3.45,0.56,11.8
1286,2,0.34,0.4,2.4,0.065,24.0,48.0,0.99554,3.34,0.86,11.0
1287,1,0.88,0.0,2.6,0.098,25.0,67.0,0.9968,3.2,0.68,9.8
1288,2,0.28,0.51,1.7,0.08,10.0,24.0,0.9982,3.2,0.89,9.4
1289,2,0.4,0.3,1.8,0.157,2.0,45.0,0.99727,3.31,0.91,9.5
1290,2,0.18,0.37,0.9,0.049,36.0,109.0,0.99007,2.89,0.44,12.7
1291,1,0.885,0.27,2.3,0.084,31.0,145.0,0.9978,3.24,0.53,9.4
1292,4,0.88,0.03,5.6,0.079,23.0,47.0,0.99572,3.58,0.5,11.2
1293,4,0.785,0.0,2.1,0.06,6.0,13.0,0.99664,3.59,0.61,10.0
1294,1,0.46,0.29,2.1,0.074,32.0,98.0,0.99578,3.33,0.62,9.8
1295,2,0.28,0.48,1.8,0.067,26.0,46.0,0.9967,3.32,1.04,10.6
1296,4,0.685,0.07,2.5,0.058,5.0,9.0,0.99632,3.38,0.55,10.9
1297,2,0.23,0.42,1.9,0.069,9.0,17.0,0.99376,3.21,0.54,12.3
1298,5,0.32,0.45,6.4,0.073,5.0,13.0,0.9976,3.23,0.82,12.6
1299,5,0.36,0.3,1.8,0.074,17.0,24.0,0.99419,3.24,0.7,11.4
1300,5,0.49,0.03,1.8,0.044,28.0,87.0,0.9908,3.5,0.82,14.0
1301,5,0.85,0.05,1.4,0.045,12.0,88.0,0.9924,3.56,0.82,12.9
1302,1,0.6,0.06,1.6,0.069,15.0,59.0,0.9964,3.3,0.46,9.4
1303,1,0.57,0.02,1.8,0.067,4.0,11.0,0.997,3.46,0.68,9.5
1304,4,0.73,0.0,2.5,0.081,12.0,24.0,0.99798,3.38,0.46,9.6
1305,5,0.42,0.39,1.8,0.068,6.0,12.0,0.99516,3.35,0.69,11.7
1306,3,0.52,0.09,2.5,0.091,20.0,49.0,0.9976,3.34,0.86,10.6
1307,6,0.58,0.66,2.2,0.074,10.0,47.0,1.0008,3.25,0.57,9.0
1308,3,0.53,0.66,3.65,0.121,6.0,14.0,0.9978,3.05,0.74,11.5
1309,2,0.34,0.58,3.7,0.174,6.0,16.0,0.997,3.19,0.7,11.3
1310,1,0.91,0.1,1.8,0.074,20.0,56.0,0.99672,3.35,0.56,9.2
1311,1,0.6,0.1,2.2,0.085,14.0,111.0,0.9964,3.15,0.66,9.8
1312,3,0.33,0.39,2.5,0.074,29.0,48.0,0.99528,3.32,0.88,12.4
1313,2,0.52,0.25,1.9,0.081,14.0,38.0,0.9984,3.43,0.65,9.0
1314,5,0.33,0.33,1.7,0.061,3.0,13.0,0.996,3.23,1.1,10.0
1315,6,1.58,0.0,2.1,0.137,5.0,9.0,0.99476,3.5,0.4,10.9
1316,4,0.635,0.36,2.0,0.089,15.0,55.0,0.99745,3.31,0.57,10.4
1317,6,0.58,0.66,2.2,0.074,10.0,47.0,1.0008,3.25,0.57,9.0
1318,5,0.35,0.46,3.6,0.078,15.0,37.0,0.9973,3.35,0.86,12.8
1319,6,0.815,0.0,1.2,0.267,16.0,29.0,0.99471,3.32,0.51,9.8
1320,1,0.49,0.19,1.9,0.076,10.0,44.0,0.9957,3.39,0.54,9.7
1321,6,1.185,0.0,4.25,0.097,5.0,14.0,0.9966,3.63,0.54,10.7
1322,6,0.76,0.02,1.8,0.078,6.0,12.0,0.996,3.55,0.63,9.95
1323,3,0.33,0.63,2.8,0.084,5.0,22.0,0.9998,3.26,0.74,11.2
1324,1,0.36,0.6,2.2,0.152,7.0,18.0,0.9986,3.04,1.06,9.4
1325,4,0.4,0.4,6.3,0.05,3.0,10.0,0.99566,3.28,0.56,12.0
1326,5,0.54,0.34,2.5,0.076,8.0,17.0,0.99235,3.2,0.72,13.1
1327,6,0.44,0.42,1.5,0.145,34.0,48.0,0.99832,3.38,0.86,9.9
1328,5,0.42,0.39,1.8,0.068,6.0,12.0,0.99516,3.35,0.69,11.7
1329,6,0.76,0.02,1.8,0.078,6.0,12.0,0.996,3.55,0.63,9.95
1330,1,0.64,0.1,2.1,0.085,18.0,101.0,0.9956,3.34,0.52,10.2
1331,2,0.24,0.49,1.8,0.075,6.0,20.0,0.9977,3.18,1.06,11.0
1332,3,0.52,0.09,2.5,0.091,20.0,49.0,0.9976,3.34,0.86,10.6
1333,6,0.61,0.49,2.1,0.2,5.0,16.0,0.9994,3.16,0.63,8.4
1334,2,0.57,0.1,2.1,0.048,4.0,11.0,0.99448,3.44,0.76,10.8
1335,3,0.32,0.47,1.4,0.056,9.0,24.0,0.99695,3.22,0.82,10.3
1336,6,0.61,0.49,2.1,0.2,5.0,16.0,0.9994,3.16,0.63,8.4
1337,6,1.02,0.02,3.4,0.084,6.0,11.0,0.99892,3.48,0.49,11.0
1338,2,0.55,0.0,1.7,0.07,7.0,17.0,0.99659,3.26,0.64,9.4
1339,1,0.54,0.49,2.9,0.094,41.0,110.0,0.9982,3.08,0.61,9.2
1340,4,0.47,0.0,2.2,0.067,7.0,14.0,0.99517,3.4,0.58,10.9
1341,5,0.57,0.09,2.3,0.065,34.0,45.0,0.99417,3.46,0.74,12.7
1342,2,0.5,0.04,2.1,0.068,6.0,14.0,0.9955,3.39,0.64,9.4
1343,3,0.735,0.02,2.5,0.071,10.0,14.0,0.99538,3.51,0.71,11.7
1344,6,1.58,0.0,2.1,0.137,5.0,9.0,0.99476,3.5,0.4,10.9
1345,4,0.73,0.0,2.5,0.081,12.0,24.0,0.99798,3.38,0.46,9.6
1346,3,0.685,0.76,3.7,0.1,6.0,43.0,1.0032,2.95,0.68,11.2
1347,5,0.62,0.67,5.2,0.086,6.0,19.0,0.9988,3.22,0.69,13.4
1348,2,0.56,0.24,2.2,0.079,19.0,58.0,0.9991,3.18,0.56,10.1
1349,6,0.61,0.49,2.1,0.2,5.0,16.0,0.9994,3.16,0.63,8.4
1350,5,0.31,0.72,2.2,0.072,6.0,29.0,0.9987,2.88,0.82,9.8
1351,1,0.43,0.42,5.5,0.07,29.0,129.0,0.9973,3.42,0.72,10.5
1352,1,0.45,0.49,1.4,0.075,3.0,6.0,0.9969,3.13,0.63,10.4
1353,4,0.5,0.24,2.3,0.103,6.0,14.0,0.9978,3.34,0.52,10.0
1354,2,0.52,0.25,1.9,0.081,14.0,38.0,0.9984,3.43,0.65,9.0
1355,2,0.49,0.0,2.3,0.068,15.0,33.0,0.99292,3.58,0.59,12.5
1356,3,0.39,0.41,8.9,0.069,18.0,39.0,0.99859,3.29,0.81,10.9
1357,2,0.43,0.24,2.5,0.078,27.0,67.0,0.99648,3.6,0.59,11.1
1358,5,0.62,0.67,5.2,0.086,6.0,19.0,0.9988,3.22,0.69,13.4
1359,2,0.43,0.24,2.5,0.078,27.0,67.0,0.99648,3.6,0.59,11.1
1360,1,0.33,0.4,2.6,0.083,16.0,68.0,0.99782,3.3,0.48,9.4
1361,4,0.845,0.01,2.2,0.07,5.0,14.0,0.9967,3.32,0.58,11.0
1362,3,0.38,0.4,2.2,0.068,12.0,28.0,0.99486,3.27,0.75,12.6
1363,1,0.41,0.76,1.8,0.611,8.0,45.0,0.9968,3.06,1.26,9.4
1364,6,1.185,0.0,4.25,0.097,5.0,14.0,0.9966,3.63,0.54,10.7
1365,2,0.22,0.3,1.8,0.065,16.0,20.0,0.99672,3.61,0.82,10.0
1366,2,0.59,0.0,2.5,0.093,19.0,58.0,1.0002,3.5,0.65,9.3
1367,4,0.33,0.32,12.9,0.054,6.0,113.0,0.99572,3.3,0.56,11.5
1368,1,0.77,0.2,8.1,0.098,30.0,92.0,0.99892,3.2,0.58,9.2
1369,6,0.61,0.49,2.1,0.2,5.0,16.0,0.9994,3.16,0.63,8.4
1370,3,0.31,0.53,2.2,0.06,3.0,10.0,0.99572,3.02,0.83,10.9
1371,3,0.44,0.73,6.55,0.074,38.0,76.0,0.999,3.17,0.85,12.0
1372,1,0.37,0.58,4.0,0.071,17.0,65.0,0.99935,3.22,0.78,10.1
1373,1,0.37,0.41,2.3,0.088,6.0,16.0,0.9988,3.09,0.8,9.3
1374,1,0.675,0.07,2.4,0.089,17.0,82.0,0.9958,3.35,0.54,10.1
1375,6,0.44,0.42,1.5,0.145,34.0,48.0,0.99832,3.38,0.86,9.9
1376,1,0.33,0.4,2.6,0.083,16.0,68.0,0.99782,3.3,0.48,9.4
1377,6,0.98,0.05,2.1,0.061,20.0,49.0,0.99705,3.31,0.55,9.7
1378,1,0.78,0.23,2.6,0.059,5.0,15.0,0.997,3.37,0.56,11.3
1379,6,1.185,0.0,4.25,0.097,5.0,14.0,0.9966,3.63,0.54,10.7
1380,5,0.54,0.34,2.5,0.076,8.0,17.0,0.99235,3.2,0.72,13.1
1381,5,0.38,0.31,2.0,0.056,15.0,29.0,0.99472,3.23,0.76,11.3
1382,2,0.625,0.66,6.2,0.088,6.0,24.0,0.9988,3.11,0.99,13.3
1383,3,0.33,0.63,2.8,0.084,5.0,22.0,0.9998,3.26,0.74,11.2
1384,4,0.83,0.27,2.0,0.08,11.0,63.0,0.99652,3.29,0.48,9.8
1385,6,0.815,0.0,1.2,0.267,16.0,29.0,0.99471,3.32,0.51,9.8
1386,1,0.52,0.33,1.3,0.07,9.0,30.0,0.9978,3.24,0.6,9.3
1387,3,0.38,0.46,2.1,0.104,6.0,10.0,0.99664,3.12,0.65,11.8
1388,4,0.68,0.02,1.3,0.072,9.0,20.0,0.9965,3.17,1.08,9.2
1389,6,1.02,0.02,3.4,0.084,6.0,11.0,0.99892,3.48,0.49,11.0
1390,5,0.26,0.54,1.9,0.083,42.0,74.0,0.99451,2.98,0.63,11.8
1391,4,0.4,0.4,6.3,0.05,3.0,10.0,0.99566,3.28,0.56,12.0
1392,5,0.54,0.34,2.5,0.076,8.0,17.0,0.99235,3.2,0.72,13.1
1393,6,1.58,0.0,2.1,0.137,5.0,9.0,0.99476,3.5,0.4,10.9
1394,6,0.875,0.05,5.7,0.082,3.0,14.0,0.99808,3.4,0.52,10.2
1395,3,0.51,0.64,2.4,0.107,6.0,15.0,0.9973,3.09,0.66,11.8
1396,1,0.43,0.29,2.1,0.075,19.0,66.0,0.99718,3.4,0.64,9.5
1397,5,0.85,0.05,1.4,0.045,12.0,88.0,0.9924,3.56,0.82,12.9
1398,6,0.61,0.49,2.1,0.2,5.0,16.0,0.9994,3.16,0.63,8.4
1399,4,0.78,0.0,2.2,0.089,13.0,26.0,0.9978,3.37,0.46,9.6
1400,2,0.52,0.45,2.0,0.08,6.0,13.0,0.99774,3.22,0.76,11.4
1401,3,0.28,0.3,2.0,0.062,18.0,34.0,0.9952,3.28,0.9,11.3
1402,3,0.41,0.48,4.6,0.072,10.0,20.0,0.9973,3.34,0.79,12.2
1403,1,0.66,0.04,1.6,0.039,4.0,9.0,0.9962,3.4,0.47,9.4
1404,1,0.56,0.23,3.4,0.102,37.0,92.0,0.9996,3.3,0.65,10.1
1405,3,0.32,0.47,1.4,0.056,9.0,24.0,0.99695,3.22,0.82,10.3
1406,4,0.46,0.49,4.5,0.07,26.0,49.0,0.9981,3.05,0.57,9.6
1407,1,0.57,0.26,2.2,0.06,28.0,65.0,0.9959,3.3,0.43,10.1
1408,6,1.58,0.0,2.1,0.137,5.0,9.0,0.99476,3.5,0.4,10.9
1409,2,0.5,0.42,2.0,0.069,21.0,51.0,0.9982,3.16,0.72,11.5
1410,2,0.39,0.44,2.6,0.066,22.0,48.0,0.99494,3.3,0.84,11.5
1411,5,0.85,0.05,1.4,0.045,12.0,88.0,0.9924,3.56,0.82,12.9
1412,1,0.715,0.15,1.8,0.089,10.0,52.0,0.9968,3.23,0.77,9.5
1413,2,0.53,0.49,4.6,0.118,10.0,17.0,1.0002,3.07,0.56,11.7
1414,3,0.31,0.53,2.2,0.06,3.0,10.0,0.99572,3.02,0.83,10.9
1415,5,0.3,0.56,2.8,0.08,6.0,17.0,0.9964,3.15,0.92,11.7
1416,1,0.65,0.1,2.9,0.089,17.0,40.0,0.99803,3.29,0.55,9.5
1417,1,0.4,0.18,1.6,0.079,24.0,58.0,0.9965,3.34,0.58,9.4
1418,2,0.57,0.02,2.6,0.077,11.0,35.0,0.99557,3.36,0.62,10.8
1419,3,0.28,0.3,2.0,0.062,18.0,34.0,0.9952,3.28,0.9,11.3
1420,6,0.61,0.49,2.1,0.2,5.0,16.0,0.9994,3.16,0.63,8.4
1421,1,0.72,0.55,1.7,0.136,24.0,52.0,0.99752,3.35,0.94,10.0
1422,3,0.33,0.63,2.8,0.084,5.0,22.0,0.9998,3.26,0.74,11.2
1423,5,0.35,0.53,2.6,0.07,5.0,16.0,0.9972,3.15,0.65,11.0
1424,3,0.48,0.32,2.1,0.062,31.0,54.0,0.99728,3.3,0.65,10.0
1425,6,0.875,0.05,5.7,0.082,3.0,14.0,0.99808,3.4,0.52,10.2
1426,3,0.29,0.33,2.05,0.063,13.0,27.0,0.99516,3.26,0.84,11.7
1427,5,0.33,0.33,1.7,0.061,3.0,13.0,0.996,3.23,1.1,10.0
1428,1,0.54,0.27,2.6,0.084,12.0,78.0,0.9964,3.39,0.71,11.0
1429,6,0.815,0.0,1.2,0.267,16.0,29.0,0.99471,3.32,0.51,9.8
1430,6,1.02,0.02,3.4,0.084,6.0,11.0,0.99892,3.48,0.49,11.0
1431,5,0.38,0.31,2.0,0.056,15.0,29.0,0.99472,3.23,0.76,11.3
1432,2,0.5,0.3,1.9,0.075,8.0,22.0,0.9959,3.31,0.56,10.4
1433,1,0.5,0.49,2.2,0.089,5.0,14.0,1.0002,3.19,0.44,9.6
1434,6,1.185,0.0,4.25,0.097,5.0,14.0,0.9966,3.63,0.54,10.7
1435,4,0.765,0.04,1.6,0.078,4.0,14.0,0.998,3.29,0.54,9.7
1436,1,0.49,0.49,5.6,0.06,26.0,121.0,0.9974,3.34,0.76,10.5
1437,1,1.0,0.0,3.0,0.102,7.0,16.0,0.99586,3.43,0.46,10.0
1438,5,0.85,0.05,1.4,0.045,12.0,88.0,0.9924,3.56,0.82,12.9
1439,3,0.44,0.73,6.55,0.074,38.0,76.0,0.999,3.17,0.85,12.0
1440,1,0.39,0.16,1.4,0.08,11.0,23.0,0.9955,3.34,0.56,9.3
1441,6,0.875,0.05,5.7,0.082,3.0,14.0,0.99808,3.4,0.52,10.2
1442,1,0.74,0.08,1.7,0.094,10.0,45.0,0.99576,3.24,0.5,9.8
1443,3,0.915,0.12,2.2,0.143,7.0,23.0,0.9964,3.35,0.65,10.2
1444,5,0.36,0.3,1.8,0.074,17.0,24.0,0.99419,3.24,0.7,11.4
1445,3,0.3,0.74,2.6,0.095,9.0,28.0,0.9994,3.2,0.77,10.8
1446,4,0.67,0.0,4.3,0.057,11.0,20.0,0.99488,3.45,0.56,11.8
1447,5,0.49,0.03,1.8,0.044,28.0,87.0,0.9908,3.5,0.82,14.0
1448,5,0.42,0.24,2.0,0.06,19.0,50.0,0.9917,3.72,0.74,14.0
1449,3,0.21,0.44,2.2,0.075,10.0,24.0,1.00005,3.07,0.84,9.2
1450,6,0.44,0.42,1.5,0.145,34.0,48.0,0.99832,3.38,0.86,9.9
1451,1,0.59,0.1,1.7,0.063,34.0,53.0,0.9958,3.41,0.67,9.7
1452,1,0.18,0.4,1.8,0.062,7.0,20.0,0.9941,3.28,0.7,11.1
1453,6,1.02,0.02,3.4,0.084,6.0,11.0,0.99892,3.48,0.49,11.0
1454,3,0.615,0.66,5.8,0.083,7.0,42.0,1.0022,3.07,0.73,10.0
1455,3,0.53,0.66,3.65,0.121,6.0,14.0,0.9978,3.05,0.74,11.5
1456,5,0.57,0.09,2.3,0.065,34.0,45.0,0.99417,3.46,0.74,12.7
1457,5,0.4,0.5,1.8,0.071,7.0,16.0,0.99462,3.21,0.69,12.5
1458,6,0.58,0.66,2.2,0.074,10.0,47.0,1.0008,3.25,0.57,9.0
1459,4,0.39,0.24,2.1,0.102,4.0,7.0,0.99462,3.44,0.58,11.4
1460,1,0.59,0.33,2.0,0.074,24.0,120.0,0.9968,3.25,0.54,9.4
1461,3,0.3,0.41,2.0,0.068,10.0,24.0,0.99523,3.27,0.85,11.7
1462,2,0.27,0.62,2.6,0.082,6.0,21.0,1.0002,3.16,0.67,9.7
1463,4,0.935,0.22,3.4,0.105,11.0,86.0,1.001,3.43,0.64,11.3
1464,1,1.005,0.15,2.1,0.102,11.0,32.0,0.99604,3.23,0.48,10.0
1465,2,0.58,0.13,2.1,0.102,17.0,36.0,0.9944,3.24,0.53,11.2
1466,6,0.44,0.42,1.5,0.145,34.0,48.0,0.99832,3.38,0.86,9.9
1467,2,0.55,0.24,2.0,0.078,10.0,28.0,0.9983,3.45,0.78,9.5
1468,2,0.4,0.48,2.1,0.125,15.0,49.0,0.998,3.03,0.81,9.7
1469,6,0.44,0.42,1.5,0.145,34.0,48.0,0.99832,3.38,0.86,9.9
1470,3,0.4,0.32,3.6,0.061,9.0,29.0,0.99416,3.28,0.49,11.3
1471,2,0.52,0.22,2.7,0.084,4.0,18.0,0.99682,3.26,0.57,9.9
1472,1,0.49,0.49,2.2,0.083,5.0,15.0,1.0,3.19,0.43,9.2
1473,3,0.32,0.55,2.8,0.081,35.0,67.0,1.0002,3.32,0.92,10.8
1474,2,0.46,0.49,6.3,0.064,5.0,17.0,0.9988,3.21,0.73,11.0
1475,2,0.715,0.22,2.3,0.075,13.0,81.0,0.99688,3.24,0.54,9.5
1476,4,0.73,0.0,2.5,0.081,12.0,24.0,0.99798,3.38,0.46,9.6
1477,4,0.675,0.26,2.1,0.084,11.0,43.0,0.9976,3.31,0.53,9.2
1478,5,0.35,0.46,3.6,0.078,15.0,37.0,0.9973,3.35,0.86,12.8
1479,1,0.55,0.66,2.3,0.387,12.0,37.0,0.9982,3.17,0.67,9.6
1480,4,0.62,0.03,1.5,0.08,6.0,13.0,0.99498,3.66,0.62,10.1
1481,5,0.42,0.24,2.0,0.06,19.0,50.0,0.9917,3.72,0.74,14.0
1482,5,0.3,0.56,2.8,0.08,6.0,17.0,0.9964,3.15,0.92,11.7
1483,6,0.815,0.0,1.2,0.267,16.0,29.0,0.99471,3.32,0.51,9.8
1484,4,0.67,0.19,2.2,0.093,11.0,75.0,0.99736,3.2,0.59,9.2
1485,4,0.685,0.07,2.5,0.058,5.0,9.0,0.99632,3.38,0.55,10.9
1486,2,0.67,0.0,2.2,0.068,10.0,24.0,0.9956,3.42,0.72,11.1
1487,2,0.7,0.0,1.7,0.069,8.0,19.0,0.99701,3.31,0.53,10.0
1488,5,0.38,0.31,2.0,0.056,15.0,29.0,0.99472,3.23,0.76,11.3
1489,2,0.48,0.41,3.3,0.092,26.0,52.0,0.9982,3.31,0.53,10.5
1490,6,0.58,0.66,2.2,0.074,10.0,47.0,1.0008,3.25,0.57,9.0
1491,3,0.37,0.43,2.3,0.063,12.0,19.0,0.9955,3.17,0.81,11.2
1492,6,0.875,0.05,5.7,0.082,3.0,14.0,0.99808,3.4,0.52,10.2
1493,1,0.18,0.4,2.2,0.049,38.0,67.0,0.996,3.33,0.93,11.3
1494,3,0.31,0.53,2.2,0.06,3.0,10.0,0.99572,3.02,0.83,10.9
1495,4,0.68,0.09,3.9,0.068,15.0,29.0,0.99524,3.41,0.52,11.1
1496,4,0.59,0.08,4.4,0.086,6.0,29.0,0.9974,3.38,0.5,9.0
1497,2,0.5,0.3,1.9,0.075,8.0,22.0,0.9959,3.31,0.56,10.4
1498,2,0.61,0.19,4.0,0.094,30.0,69.0,0.99787,3.22,0.5,10.0
1499,3,0.34,0.39,1.4,0.066,3.0,7.0,0.9947,3.19,0.55,11.4
1500,2,0.36,0.69,2.1,0.09,6.0,21.0,1.0,3.17,0.62,9.2
1501,3,0.29,0.33,2.05,0.063,13.0,27.0,0.99516,3.26,0.84,11.7
1502,3,0.53,0.57,2.4,0.093,30.0,52.0,0.9971,3.19,0.76,11.6
1503,4,0.88,0.03,5.6,0.079,23.0,47.0,0.99572,3.58,0.5,11.2
1504,2,0.295,0.4,1.5,0.073,14.0,21.0,0.99556,3.14,0.51,10.9
1505,3,0.48,0.32,2.1,0.062,31.0,54.0,0.99728,3.3,0.65,10.0
1506,5,0.4,0.5,1.8,0.071,7.0,16.0,0.99462,3.21,0.69,12.5
1507,2,0.36,0.64,2.9,0.122,10.0,41.0,0.998,3.23,0.66,12.5
1508,6,0.76,0.02,1.8,0.078,6.0,12.0,0.996,3.55,0.63,9.95
1509,1,0.48,0.24,2.85,0.094,35.0,106.0,0.9982,3.1,0.53,9.2
1510,4,0.55,0.03,1.6,0.072,17.0,42.0,0.9956,3.37,0.48,9.0
1511,6,0.815,0.0,1.2,0.267,16.0,29.0,0.99471,3.32,0.51,9.8
1512,3,0.43,0.66,3.1,0.109,10.0,23.0,1.0,3.15,0.85,10.4
1513,4,0.63,0.5,1.4,0.071,6.0,26.0,0.99791,3.07,0.6,10.4
1514,2,0.39,0.49,2.5,0.08,8.0,20.0,0.9992,3.07,0.82,10.3
1515,2,0.545,0.06,4.0,0.087,27.0,61.0,0.9965,3.36,0.67,10.7
1516,6,0.98,0.05,2.1,0.061,20.0,49.0,0.99705,3.31,0.55,9.7
1517,5,0.54,0.34,2.5,0.076,8.0,17.0,0.99235,3.2,0.72,13.1
1518,3,0.52,0.38,2.6,0.066,29.0,56.0,0.99577,3.15,0.79,12.1
1519,1,0.56,0.19,2.0,0.081,17.0,108.0,0.9962,3.32,0.54,9.5
1520,2,0.635,0.17,2.4,0.241,6.0,18.0,0.9961,3.4,0.59,10.3
1521,3,0.32,0.55,2.8,0.081,35.0,67.0,1.0002,3.32,0.92,10.8
1522,6,0.44,0.42,1.5,0.145,34.0,48.0,0.99832,3.38,0.86,9.9
1523,4,0.625,0.2,1.5,0.08,27.0,119.0,0.9972,3.16,1.12,9.1
1524,1,0.67,0.06,2.1,0.08,8.0,33.0,0.99845,3.68,0.71,9.6
1525,5,0.4,0.5,1.8,0.071,7.0,16.0,0.99462,3.21,0.69,12.5
1526,5,0.35,0.53,2.6,0.07,5.0,16.0,0.9972,3.15,0.65,11.0
1527,2,0.51,0.13,2.3,0.076,29.0,40.0,0.99574,3.42,0.75,11.0
1528,5,0.57,0.09,2.3,0.065,34.0,45.0,0.99417,3.46,0.74,12.7
1529,6,0.58,0.66,2.2,0.074,10.0,47.0,1.0008,3.25,0.57,9.0
1530,2,0.3,0.48,1.8,0.069,18.0,61.0,0.9959,3.44,0.78,10.3
1531,1,0.74,0.0,1.9,0.1,6.0,12.0,0.99521,3.36,0.59,11.0
1532,3,0.3,0.41,2.0,0.068,10.0,24.0,0.99523,3.27,0.85,11.7
1533,1,0.52,0.11,1.8,0.073,13.0,38.0,0.9955,3.34,0.52,9.3
1534,2,0.42,0.27,8.6,0.068,24.0,148.0,0.9948,3.16,0.57,11.3
1535,6,0.58,0.66,2.2,0.074,10.0,47.0,1.0008,3.25,0.57,9.0
1536,5,0.57,0.09,2.3,0.065,34.0,45.0,0.99417,3.46,0.74,12.7
1537,4,0.755,0.0,1.9,0.084,6.0,12.0,0.99672,3.34,0.49,9.7
1538,4,0.78,0.0,2.2,0.089,13.0,26.0,0.9978,3.37,0.46,9.6
1539,2,0.34,0.4,2.4,0.065,24.0,48.0,0.99554,3.34,0.86,11.0
1540,5,0.4,0.5,1.8,0.071,7.0,16.0,0.99462,3.21,0.69,12.5
1541,3,0.53,0.57,2.4,0.093,30.0,52.0,0.9971,3.19,0.76,11.6
1542,6,0.61,0.49,2.1,0.2,5.0,16.0,0.9994,3.16,0.63,8.4
1543,2,0.54,0.02,1.7,0.085,17.0,31.0,0.99589,3.37,0.51,10.4
1544,2,0.3,0.48,1.8,0.069,18.0,61.0,0.9959,3.44,0.78,10.3
1545,2,0.43,0.4,2.7,0.082,6.0,11.0,0.99538,3.44,0.54,12.2
1546,6,0.76,0.02,1.8,0.078,6.0,12.0,0.996,3.55,0.63,9.95
1547,1,0.74,0.08,1.7,0.094,10.0,45.0,0.99576,3.24,0.5,9.8
1548,4,0.46,0.49,4.5,0.07,26.0,49.0,0.9981,3.05,0.57,9.6
1549,6,0.98,0.05,2.1,0.061,20.0,49.0,0.99705,3.31,0.55,9.7
1550,1,0.66,0.26,1.7,0.074,4.0,23.0,0.9971,3.15,0.74,9.2
1551,6,0.61,0.49,2.1,0.2,5.0,16.0,0.9994,3.16,0.63,8.4
1552,1,0.59,0.07,3.4,0.102,32.0,71.0,1.00015,3.31,0.71,9.8
1553,3,0.58,0.02,2.0,0.062,37.0,53.0,0.99374,3.35,0.76,11.6
1554,2,0.62,0.05,1.9,0.068,24.0,42.0,0.9961,3.42,0.57,11.5
1555,2,0.6,0.14,2.4,0.086,3.0,15.0,0.9975,3.42,0.6,10.8
1556,2,0.44,0.42,2.2,0.064,14.0,19.0,0.99758,3.25,0.57,10.4
1557,6,0.76,0.02,1.8,0.078,6.0,12.0,0.996,3.55,0.63,9.95
1558,2,0.64,0.02,2.1,0.067,9.0,23.0,0.997,3.47,0.67,9.4
1559,6,1.02,0.02,3.4,0.084,6.0,11.0,0.99892,3.48,0.49,11.0
1560,5,0.33,0.33,1.7,0.061,3.0,13.0,0.996,3.23,1.1,10.0
1561,4,0.58,0.54,2.1,0.114,3.0,9.0,0.99719,3.33,0.57,10.3
1562,3,0.735,0.02,2.5,0.071,10.0,14.0,0.99538,3.51,0.71,11.7
1563,2,0.44,0.42,2.2,0.064,14.0,19.0,0.99758,3.25,0.57,10.4
1564,3,0.66,0.39,3.2,0.083,21.0,59.0,0.9989,3.37,0.71,11.5
1565,3,0.38,0.4,2.2,0.068,12.0,28.0,0.99486,3.27,0.75,12.6
1566,3,0.38,0.38,2.8,0.068,23.0,42.0,0.99356,3.34,0.72,12.9
1567,4,0.73,0.0,2.5,0.081,12.0,24.0,0.99798,3.38,0.46,9.6
1568,4,0.955,0.05,1.8,0.075,5.0,19.0,0.99616,3.3,0.44,9.6
1569,5,0.33,0.33,1.7,0.061,3.0,13.0,0.996,3.23,1.1,10.0
1570,2,0.54,0.09,2.0,0.081,10.0,16.0,0.99479,3.43,0.59,11.5
1571,4,0.4,0.4,6.3,0.05,3.0,10.0,0.99566,3.28,0.56,12.0
1572,4,0.83,0.27,2.0,0.08,11.0,63.0,0.99652,3.29,0.48,9.8
1573,5,0.35,0.53,2.6,0.07,5.0,16.0,0.9972,3.15,0.65,11.0
1574,2,0.69,0.0,1.65,0.055,7.0,12.0,0.99162,3.47,0.53,12.9
1575,1,0.595,0.41,7.9,0.086,30.0,109.0,0.9998,3.27,0.57,9.3
1576,6,0.58,0.66,2.2,0.074,10.0,47.0,1.0008,3.25,0.57,9.0
1577,5,0.42,0.39,1.8,0.068,6.0,12.0,0.99516,3.35,0.69,11.7
1578,3,0.27,0.34,2.3,0.05,4.0,8.0,0.9951,3.4,0.64,11.0
1579,6,0.58,0.66,2.2,0.074,10.0,47.0,1.0008,3.25,0.57,9.0
1580,2,0.59,0.01,2.3,0.08,27.0,43.0,0.9955,3.42,0.58,10.7
1581,6,0.44,0.42,1.5,0.145,34.0,48.0,0.99832,3.38,0.86,9.9
1582,3,0.37,0.44,1.6,0.038,21.0,42.0,0.99526,3.24,0.81,10.8
1583,5,0.36,0.3,1.8,0.074,17.0,24.0,0.99419,3.24,0.7,11.4
1584,1,0.32,0.25,1.8,0.086,5.0,32.0,0.99464,3.36,0.44,10.1
1585,4,0.68,0.02,1.3,0.072,9.0,20.0,0.9965,3.17,1.08,9.2
1586,2,0.36,0.31,1.7,0.079,26.0,65.0,0.99716,3.46,0.62,9.5
1587,1,0.43,0.58,1.9,0.07,15.0,40.0,1.0004,3.06,0.49,9.0
1588,3,0.3,0.68,8.3,0.05,37.5,278.0,0.99316,3.01,0.51,12.3
1589,6,0.58,0.66,2.2,0.074,10.0,47.0,1.0008,3.25,0.57,9.0
1590,4,0.785,0.0,2.1,0.06,6.0,13.0,0.99664,3.59,0.61,10.0
1591,4,0.4,0.4,6.3,0.05,3.0,10.0,0.99566,3.28,0.56,12.0
1592,6,0.58,0.66,2.2,0.074,10.0,47.0,1.0008,3.25,0.57,9.0
1593,4,0.23,0.37,2.2,0.057,14.0,36.0,0.99614,3.23,0.49,9.3
1594,3,0.34,0.33,2.5,0.064,21.0,37.0,0.9952,3.35,0.77,12.1
1595,4,1.04,0.08,2.3,0.067,19.0,32.0,0.99648,3.52,0.57,11.0
1596,5,0.32,0.45,6.4,0.073,5.0,13.0,0.9976,3.23,0.82,12.6
1597,4,0.58,0.0,2.2,0.096,3.0,13.0,0.99557,3.62,0.62,11.5
1598,5,0.26,0.54,1.9,0.083,42.0,74.0,0.99451,2.98,0.63,11.8
1599,3,0.59,0.0,2.1,0.091,9.0,14.0,0.99488,3.42,0.55,11.5
1600,4,0.59,0.08,4.4,0.086,6.0,29.0,0.9974,3.38,0.5,9.0
1601,5,0.42,0.24,2.0,0.06,19.0,50.0,0.9917,3.72,0.74,14.0
1602,6,1.02,0.02,3.4,0.084,6.0,11.0,0.99892,3.48,0.49,11.0
1603,3,0.24,0.47,2.1,0.066,6.0,24.0,0.9978,3.15,0.9,11.0
1604,5,0.54,0.34,2.5,0.076,8.0,17.0,0.99235,3.2,0.72,13.1
1605,3,0.43,0.66,3.1,0.109,10.0,23.0,1.0,3.15,0.85,10.4
1606,1,0.64,0.21,1.8,0.081,14.0,31.0,0.99689,3.59,0.66,9.8
1607,1,0.27,0.41,2.0,0.091,6.0,16.0,0.998,3.28,0.7,9.7
1608,2,0.305,0.39,1.2,0.059,7.0,11.0,0.99331,3.29,0.52,11.5
1609,1,0.66,0.0,1.4,0.096,6.0,13.0,0.99569,3.43,0.58,9.5
1610,1,0.65,0.02,2.3,0.094,5.0,31.0,0.9993,3.67,0.8,9.7
1611,4,0.67,0.19,2.2,0.093,11.0,75.0,0.99736,3.2,0.59,9.2
1612,6,0.61,0.49,2.1,0.2,5.0,16.0,0.9994,3.16,0.63,8.4
1613,2,0.76,0.29,4.2,0.075,12.0,16.0,0.9965,3.45,0.68,11.5
1614,4,1.13,0.09,1.5,0.172,7.0,19.0,0.994,3.5,0.48,9.8
1615,1,1.035,0.15,6.0,0.073,11.0,54.0,0.999,3.37,0.49,9.9
1616,4,0.91,0.06,2.0,0.06,4.0,11.0,0.99592,3.53,0.64,10.9
1617,1,0.35,0.41,2.3,0.083,11.0,61.0,0.9982,3.21,0.5,9.5
1618,2,0.63,0.0,1.9,0.097,14.0,38.0,0.99675,3.37,0.58,9.0
1619,1,0.75,0.27,3.8,0.11,34.0,89.0,0.99664,3.24,0.45,9.3
1620,2,0.5,0.0,1.8,0.062,21.0,28.0,0.99352,3.44,0.55,12.3
1621,3,0.27,0.53,2.4,0.074,6.0,18.0,0.9962,3.2,1.13,12.0
1622,3,0.31,0.4,2.8,0.109,7.0,16.0,0.99614,3.31,0.79,11.8
1623,4,0.62,0.03,1.5,0.08,6.0,13.0,0.99498,3.66,0.62,10.1
1624,2,0.47,0.27,1.9,0.058,18.0,38.0,0.99518,3.16,0.85,11.1
1625,6,0.815,0.0,1.2,0.267,16.0,29.0,0.99471,3.32,0.51,9.8
1626,1,0.62,0.18,3.8,0.176,52.0,145.0,0.9986,3.16,0.88,9.2
1627,6,1.02,0.02,3.4,0.084,6.0,11.0,0.99892,3.48,0.49,11.0
1628,4,0.52,1.0,3.4,0.61,32.0,69.0,0.9996,2.74,2.0,9.4
1629,1,0.18,0.4,2.2,0.049,38.0,67.0,0.996,3.33,0.93,11.3
1630,4,0.53,0.09,3.9,0.123,14.0,31.0,0.9968,3.5,0.67,11.0
1631,3,0.55,0.01,1.8,0.093,9.0,15.0,0.99514,3.35,0.58,11.0
1632,5,0.35,0.46,3.6,0.078,15.0,37.0,0.9973,3.35,0.86,12.8
1633,3,0.31,0.47,2.6,0.085,14.0,33.0,0.99965,3.36,0.8,10.5
1634,1,0.59,0.39,2.3,0.095,5.0,22.0,0.9986,3.37,0.58,10.3
1635,3,0.41,0.41,6.2,0.078,25.0,42.0,0.9953,3.24,0.77,12.6
1636,6,0.815,0.0,1.2,0.267,16.0,29.0,0.99471,3.32,0.51,9.8
1637,4,1.09,0.06,2.1,0.061,12.0,31.0,0.9948,3.51,0.43,11.4
1638,6,0.98,0.05,2.1,0.061,20.0,49.0,0.99705,3.31,0.55,9.7
1639,1,0.4,0.18,1.6,0.079,24.0,58.0,0.9965,3.34,0.58,9.4
1640,2,0.23,0.42,1.9,0.069,9.0,17.0,0.99376,3.21,0.54,12.3
1641,5,0.42,0.24,2.0,0.06,19.0,50.0,0.9917,3.72,0.74,14.0
1642,6,0.98,0.05,2.1,0.061,20.0,49.0,0.99705,3.31,0.55,9.7
1643,2,0.61,0.19,4.0,0.094,30.0,69.0,0.99787,3.22,0.5,10.0
1644,6,1.185,0.0,4.25,0.097,5.0,14.0,0.9966,3.63,0.54,10.7
1645,2,0.39,0.46,2.2,0.075,14.0,27.0,0.99598,3.06,0.84,11.4
1646,6,0.61,0.49,2.1,0.2,5.0,16.0,0.9994,3.16,0.63,8.4
1647,2,0.65,0.02,2.1,0.078,8.0,15.0,0.99498,3.35,0.62,10.4
1648,3,0.3,0.74,2.6,0.095,9.0,28.0,0.9994,3.2,0.77,10.8
1649,6,1.58,0.0,2.1,0.137,5.0,9.0,0.99476,3.5,0.4,10.9
1650,6,0.58,0.66,2.2,0.074,10.0,47.0,1.0008,3.25,0.57,9.0
1651,1,0.48,0.02,2.2,0.08,36.0,111.0,0.99524,3.1,0.53,9.7
1652,1,0.58,0.0,1.6,0.065,8.0,18.0,0.9966,3.56,0.84,9.4
1653,4,0.63,0.5,1.4,0.071,6.0,26.0,0.99791,3.07,0.6,10.4
1654,4,1.02,0.0,2.0,0.083,17.0,24.0,0.99437,3.59,0.55,11.2
1655,4,0.52,1.0,3.4,0.61,32.0,69.0,0.9996,2.74,2.0,9.4
1656,6,0.76,0.02,1.8,0.078,6.0,12.0,0.996,3.55,0.63,9.95
1657,1,0.6,0.03,1.8,0.095,25.0,99.0,0.995,3.35,0.54,10.1
1658,3,0.52,0.09,2.5,0.091,20.0,49.0,0.9976,3.34,0.86,10.6
1659,1,0.56,0.08,2.1,0.105,16.0,44.0,0.9958,3.13,0.52,11.0
1660,3,0.84,0.03,2.3,0.059,32.0,48.0,0.9952,3.52,0.56,12.3
1661,5,0.42,0.39,1.8,0.068,6.0,12.0,0.99516,3.35,0.69,11.7
1662,3,0.52,0.16,1.9,0.085,12.0,35.0,0.9968,3.38,0.62,9.5
1663,2,0.49,0.28,1.9,0.11,20.0,136.0,0.9972,2.93,1.95,9.9
1664,4,1.02,0.0,2.0,0.083,17.0,24.0,0.99437,3.59,0.55,11.2
1665,1,0.59,0.18,2.3,0.076,17.0,54.0,0.9975,3.43,0.59,10.0
1666,4,0.68,0.02,1.3,0.072,9.0,20.0,0.9965,3.17,1.08,9.2
1667,4,0.78,0.0,2.2,0.089,13.0,26.0,0.9978,3.37,0.46,9.6
1668,4,0.675,0.26,2.1,0.084,11.0,43.0,0.9976,3.31,0.53,9.2
1669,2,0.735,0.08,2.4,0.092,10.0,41.0,0.9974,3.24,0.71,9.8
1670,1,0.735,0.02,7.9,0.122,68.0,124.0,0.9994,3.47,0.53,9.9
1671,5,0.42,0.39,1.8,0.068,6.0,12.0,0.99516,3.35,0.69,11.7
1672,6,0.815,0.0,1.2,0.267,16.0,29.0,0.99471,3.32,0.51,9.8
1673,4,0.35,0.24,2.0,0.067,28.0,48.0,0.99576,3.43,0.54,10.0
1674,3,0.54,0.71,4.4,0.124,6.0,15.0,0.9984,3.01,0.83,11.8
1675,3,0.42,0.27,2.0,0.092,23.0,55.0,0.99471,3.78,0.64,12.3
1676,5,0.32,0.45,6.4,0.073,5.0,13.0,0.9976,3.23,0.82,12.6
1677,4,0.58,0.54,2.1,0.114,3.0,9.0,0.99719,3.33,0.57,10.3
1678,6,0.76,0.02,1.8,0.078,6.0,12.0,0.996,3.55,0.63,9.95
1679,6,1.185,0.0,4.25,0.097,5.0,14.0,0.9966,3.63,0.54,10.7
1680,2,0.5,0.0,1.8,0.062,21.0,28.0,0.99352,3.44,0.55,12.3
1681,3,0.39,0.41,8.9,0.069,18.0,39.0,0.99859,3.29,0.81,10.9
1682,2,0.56,0.03,1.7,0.084,18.0,35.0,0.9968,3.44,0.63,10.0
1683,4,0.61,0.0,1.6,0.069,4.0,8.0,0.99396,3.33,0.37,10.4
1684,5,0.3,0.56,2.8,0.08,6.0,17.0,0.9964,3.15,0.92,11.7
1685,2,0.64,0.0,2.7,0.123,15.0,33.0,0.99538,3.44,0.63,11.3
1686,3,0.27,0.34,2.3,0.05,4.0,8.0,0.9951,3.4,0.64,11.0
1687,3,0.38,0.31,2.5,0.096,16.0,49.0,0.9982,3.19,0.7,10.0
1688,6,0.875,0.05,5.7,0.082,3.0,14.0,0.99808,3.4,0.52,10.2
1689,4,0.915,0.27,2.1,0.088,7.0,23.0,0.9962,3.26,0.47,10.0
1690,6,0.875,0.05,5.7,0.082,3.0,14.0,0.99808,3.4,0.52,10.2
1691,3,0.66,0.0,2.4,0.052,6.0,11.0,0.99318,3.35,0.66,12.7
1692,3,0.22,0.36,1.9,0.064,53.0,77.0,0.99604,3.47,0.87,11.0
1693,6,0.44,0.42,1.5,0.145,34.0,48.0,0.99832,3.38,0.86,9.9
1694,4,0.83,0.27,2.0,0.08,11.0,63.0,0.99652,3.29,0.48,9.8
1695,4,1.115,0.1,3.1,0.086,5.0,12.0,0.9958,3.54,0.6,11.2
1696,1,0.41,0.39,2.2,0.064,12.0,31.0,0.9984,3.26,0.65,10.2
1697,6,1.185,0.0,4.25,0.097,5.0,14.0,0.9966,3.63,0.54,10.7
1698,2,0.765,0.18,2.4,0.243,5.5,48.0,0.99612,3.4,0.6,10.3
1699,5,0.54,0.34,2.5,0.076,8.0,17.0,0.99235,3.2,0.72,13.1
1700,6,0.98,0.05,2.1,0.061,20.0,49.0,0.99705,3.31,0.55,9.7
1701,1,0.5,0.35,2.9,0.077,21.0,127.0,0.9976,3.23,0.62,9.4
1702,1,0.55,0.66,2.3,0.387,12.0,37.0,0.9982,3.17,0.67,9.6
1703,2,0.39,0.69,2.8,0.095,17.0,35.0,0.9994,3.1,0.61,10.8
1704,6,0.875,0.05,5.7,0.082,3.0,14.0,0.99808,3.4,0.52,10.2
1705,6,0.61,0.49,2.1,0.2,5.0,16.0,0.9994,3.16,0.63,8.4
1706,6,1.185,0.0,4.25,0.097,5.0,14.0,0.9966,3.63,0.54,10.7
1707,1,0.45,0.49,2.6,0.084,21.0,75.0,0.9987,3.35,0.57,9.7
1708,1,0.56,0.19,1.8,0.104,12.0,47.0,0.9964,3.19,0.93,9.5
1709,5,0.49,0.03,1.8,0.044,28.0,87.0,0.9908,3.5,0.82,14.0
1710,2,0.44,0.39,2.5,0.077,6.0,14.0,0.99555,3.51,0.69,11.0
1711,3,0.685,0.76,3.7,0.1,6.0,43.0,1.0032,2.95,0.68,11.2
1712,6,1.185,0.0,4.25,0.097,5.0,14.0,0.9966,3.63,0.54,10.7
1713,6,0.98,0.05,2.1,0.061,20.0,49.0,0.99705,3.31,0.55,9.7
1714,6,0.875,0.05,5.7,0.082,3.0,14.0,0.99808,3.4,0.52,10.2
1715,4,0.35,0.24,2.0,0.067,28.0,48.0,0.99576,3.43,0.54,10.0
1716,4,0.47,0.44,1.6,0.147,36.0,51.0,0.99836,3.38,0.86,9.9
1717,3,0.59,0.0,2.1,0.091,9.0,14.0,0.99488,3.42,0.55,11.5
1718,5,0.33,0.33,1.7,0.061,3.0,13.0,0.996,3.23,1.1,10.0
1719,6,0.58,0.66,2.2,0.074,10.0,47.0,1.0008,3.25,0.57,9.0
1720,2,0.36,0.24,2.2,0.095,19.0,42.0,0.9946,3.57,0.57,11.7
1721,2,0.34,0.45,2.0,0.082,6.0,15.0,0.9988,2.94,0.66,9.2
1722,2,0.545,0.06,4.0,0.087,27.0,61.0,0.9965,3.36,0.67,10.7
1723,2,0.45,0.23,1.9,0.082,10.0,18.0,0.99774,3.22,0.65,9.3
1724,2,0.48,0.31,2.8,0.07,4.0,15.0,0.99693,3.22,0.55,10.3
1725,3,0.38,0.31,2.5,0.096,16.0,49.0,0.9982,3.19,0.7,10.0
1726,6,1.185,0.0,4.25,0.097,5.0,14.0,0.9966,3.63,0.54,10.7
1727,3,0.44,0.49,2.7,0.077,11.0,19.0,0.9963,3.23,0.63,11.6
1728,3,0.51,0.64,2.4,0.107,6.0,15.0,0.9973,3.09,0.66,11.8
1729,6,1.02,0.02,3.4,0.084,6.0,11.0,0.99892,3.48,0.49,11.0
1730,6,1.58,0.0,2.1,0.137,5.0,9.0,0.99476,3.5,0.4,10.9
1731,5,0.26,0.54,1.9,0.083,42.0,74.0,0.99451,2.98,0.63,11.8
1732,1,0.59,0.01,2.5,0.077,20.0,85.0,0.99746,3.55,0.59,9.8
1733,5,0.36,0.3,1.8,0.074,17.0,24.0,0.99419,3.24,0.7,11.4
1734,4,1.09,0.06,2.1,0.061,12.0,31.0,0.9948,3.51,0.43,11.4
1735,4,0.67,0.19,2.2,0.093,11.0,75.0,0.99736,3.2,0.59,9.2
1736,4,0.84,0.02,4.4,0.096,5.0,13.0,0.997,3.41,0.57,11.0
1737,4,0.5,0.24,2.3,0.103,6.0,14.0,0.9978,3.34,0.52,10.0
1738,2,0.49,0.19,1.7,0.079,13.0,26.0,0.99547,3.38,0.64,9.8
1739,1,0.45,0.33,2.5,0.099,20.0,38.0,0.99818,3.24,0.71,10.8
1740,5,0.33,0.33,1.7,0.061,3.0,13.0,0.996,3.23,1.1,10.0
1741,5,0.35,0.53,2.6,0.07,5.0,16.0,0.9972,3.15,0.65,11.0
1742,6,0.875,0.05,5.7,0.082,3.0,14.0,0.99808,3.4,0.52,10.2
1743,3,0.36,0.46,2.1,0.074,24.0,44.0,0.99534,3.4,0.85,11.0
1744,3,0.12,0.45,1.8,0.075,10.0,21.0,0.99552,3.41,0.76,11.9
1745,4,0.63,0.5,1.4,0.071,6.0,26.0,0.99791,3.07,0.6,10.4
1746,3,0.5,0.59,1.4,0.073,23.0,42.0,0.998,2.92,0.68,10.5
1747,3,0.28,0.45,1.7,0.067,7.0,12.0,0.99354,3.25,0.55,12.3
1748,5,0.26,0.54,1.9,0.083,42.0,74.0,0.99451,2.98,0.63,11.8
1749,1,0.36,0.59,2.2,0.152,6.0,18.0,0.9986,3.04,1.05,9.4
1750,3,0.59,0.16,1.8,0.065,3.0,16.0,0.9962,3.42,0.92,10.5
1751,2,0.34,0.37,1.9,0.057,43.0,74.0,0.99408,3.23,0.81,12.0
1752,3,0.3,0.41,2.0,0.068,10.0,24.0,0.99523,3.27,0.85,11.7
1753,6,0.44,0.42,1.5,0.145,34.0,48.0,0.99832,3.38,0.86,9.9
1754,5,0.42,0.39,1.8,0.068,6.0,12.0,0.99516,3.35,0.69,11.7
1755,1,0.58,0.66,2.5,0.072,6.0,37.0,0.9992,3.05,0.56,10.0
1756,3,0.5,0.34,2.3,0.094,10.0,45.0,0.99864,3.24,0.6,9.7
1757,3,0.4,0.32,5.6,0.087,10.0,47.0,0.9991,3.38,0.77,10.5
1758,3,0.33,0.63,2.8,0.084,5.0,22.0,0.9998,3.26,0.74,11.2
1759,1,0.575,0.22,2.1,0.077,12.0,65.0,0.9967,3.29,0.51,9.2
1760,6,0.76,0.02,1.8,0.078,6.0,12.0,0.996,3.55,0.63,9.95
1761,6,0.815,0.0,1.2,0.267,16.0,29.0,0.99471,3.32,0.51,9.8
1762,5,0.35,0.53,2.6,0.07,5.0,16.0,0.9972,3.15,0.65,11.0
1763,4,1.02,0.0,2.0,0.083,17.0,24.0,0.99437,3.59,0.55,11.2
1764,3,0.835,0.08,1.2,0.046,13.0,93.0,0.9924,3.57,0.85,13.0
1765,5,0.38,0.31,2.0,0.056,15.0,29.0,0.99472,3.23,0.76,11.3
1766,4,0.78,0.0,2.2,0.089,13.0,26.0,0.9978,3.37,0.46,9.6
1767,1,0.915,0.29,4.8,0.07,15.0,39.0,0.99577,3.53,0.54,11.1
1768,5,0.42,0.39,1.8,0.068,6.0,12.0,0.99516,3.35,0.69,11.7
1769,4,0.52,1.0,3.4,0.61,32.0,69.0,0.9996,2.74,2.0,9.4
1770,6,0.44,0.42,1.5,0.145,34.0,48.0,0.99832,3.38,0.86,9.9
1771,1,0.33,0.4,2.6,0.083,16.0,68.0,0.99782,3.3,0.48,9.4
1772,5,0.42,0.24,2.0,0.06,19.0,50.0,0.9917,3.72,0.74,14.0
1773,2,0.43,0.4,2.7,0.082,6.0,11.0,0.99538,3.44,0.54,12.2
1774,4,0.955,0.05,1.8,0.075,5.0,19.0,0.99616,3.3,0.44,9.6
1775,5,0.31,0.72,2.2,0.072,6.0,29.0,0.9987,2.88,0.82,9.8
1776,4,0.59,0.49,2.1,0.07,14.0,47.0,0.9991,3.3,0.56,9.6
1777,2,0.61,0.18,2.4,0.083,6.0,20.0,0.9963,3.29,0.6,10.2
1778,6,0.875,0.05,5.7,0.082,3.0,14.0,0.99808,3.4,0.52,10.2
1779,6,1.58,0.0,2.1,0.137,5.0,9.0,0.99476,3.5,0.4,10.9
1780,3,0.33,0.52,2.2,0.074,13.0,25.0,0.99509,3.36,0.76,12.4
1781,6,0.875,0.05,5.7,0.082,3.0,14.0,0.99808,3.4,0.52,10.2
1782,5,0.54,0.34,2.5,0.076,8.0,17.0,0.99235,3.2,0.72,13.1
1783,1,0.46,0.63,2.0,0.071,6.0,15.0,0.9988,2.99,0.87,10.2
1784,5,0.38,0.31,2.0,0.056,15.0,29.0,0.99472,3.23,0.76,11.3
1785,3,0.48,0.53,4.0,0.101,3.0,10.0,0.99586,3.21,0.59,12.1
1786,6,0.98,0.05,2.1,0.061,20.0,49.0,0.99705,3.31,0.55,9.7
1787,4,0.83,0.27,2.0,0.08,11.0,63.0,0.99652,3.29,0.48,9.8
1788,5,0.32,0.45,6.4,0.073,5.0,13.0,0.9976,3.23,0.82,12.6
1789,3,0.615,0.66,5.8,0.083,7.0,42.0,1.0022,3.07,0.73,10.0
1790,3,0.28,0.54,2.3,0.082,12.0,29.0,0.9997,3.11,1.36,9.8
1791,5,0.57,0.09,2.3,0.065,34.0,45.0,0.99417,3.46,0.74,12.7
1792,1,0.55,0.19,1.8,0.082,15.0,34.0,0.99655,3.49,0.68,10.5
1793,6,1.02,0.02,3.4,0.084,6.0,11.0,0.99892,3.48,0.49,11.0
1794,1,0.24,0.49,2.4,0.075,10.0,28.0,0.9978,3.14,0.61,10.4
1795,5,0.35,0.46,3.6,0.078,15.0,37.0,0.9973,3.35,0.86,12.8
1796,4,0.975,0.04,2.0,0.087,12.0,67.0,0.99565,3.35,0.6,9.4
1797,5,0.49,0.03,1.8,0.044,28.0,87.0,0.9908,3.5,0.82,14.0
1798,2,0.49,0.2,2.6,0.332,8.0,14.0,0.9968,3.21,0.9,10.5
1799,5,0.57,0.09,2.3,0.065,34.0,45.0,0.99417,3.46,0.74,12.7
1800,6,1.185,0.0,4.25,0.097,5.0,14.0,0.9966,3.63,0.54,10.7
1801,4,0.68,0.09,3.9,0.068,15.0,29.0,0.99524,3.41,0.52,11.1
1802,6,1.02,0.02,3.4,0.084,6.0,11.0,0.99892,3.48,0.49,11.0
1803,4,0.55,0.03,1.6,0.072,17.0,42.0,0.9956,3.37,0.48,9.0
1804,3,0.56,0.14,2.4,0.064,13.0,29.0,0.99397,3.42,0.62,11.7
1805,3,0.57,0.01,1.7,0.054,5.0,27.0,0.9934,3.57,0.84,12.5
1806,1,0.74,0.08,1.7,0.094,10.0,45.0,0.99576,3.24,0.5,9.8
1807,1,0.58,0.08,1.8,0.097,15.0,65.0,0.9959,3.28,0.54,9.2
1808,4,0.87,0.0,3.3,0.096,26.0,61.0,1.00025,3.6,0.72,9.8
1809,1,0.69,0.49,1.8,0.115,20.0,112.0,0.9968,3.21,0.71,9.3
1810,2,0.53,0.49,4.6,0.118,10.0,17.0,1.0002,3.07,0.56,11.7
1811,3,0.36,0.46,2.1,0.074,24.0,44.0,0.99534,3.4,0.85,11.0
1812,4,0.5,0.24,2.3,0.103,6.0,14.0,0.9978,3.34,0.52,10.0
1813,4,0.845,0.01,2.2,0.07,5.0,14.0,0.9967,3.32,0.58,11.0
1814,3,0.84,0.03,2.3,0.059,32.0,48.0,0.9952,3.52,0.56,12.3
1815,2,0.49,0.28,1.9,0.11,20.0,136.0,0.9972,2.93,1.95,9.9
1816,2,0.39,0.1,1.7,0.075,6.0,25.0,0.99581,3.09,0.43,9.7
1817,3,0.6,0.12,2.2,0.083,13.0,28.0,0.9966,3.52,0.62,10.2
1818,2,0.43,0.35,3.3,0.092,24.0,70.0,0.99798,3.21,0.69,10.5
1819,2,0.715,0.22,2.3,0.075,13.0,81.0,0.99688,3.24,0.54,9.5
1820,5,0.33,0.33,1.7,0.061,3.0,13.0,0.996,3.23,1.1,10.0
1821,5,0.4,0.5,1.8,0.071,7.0,16.0,0.99462,3.21,0.69,12.5
1822,5,0.57,0.09,2.3,0.065,34.0,45.0,0.99417,3.46,0.74,12.7
1823,4,0.63,0.5,1.4,0.071,6.0,26.0,0.99791,3.07,0.6,10.4
1824,5,0.36,0.3,1.8,0.074,17.0,24.0,0.99419,3.24,0.7,11.4
1825,5,0.35,0.53,2.6,0.07,5.0,16.0,0.9972,3.15,0.65,11.0
1826,4,0.78,0.0,2.2,0.089,13.0,26.0,0.9978,3.37,0.46,9.6
1827,6,0.76,0.02,1.8,0.078,6.0,12.0,0.996,3.55,0.63,9.95
1828,4,0.62,0.03,1.5,0.08,6.0,13.0,0.99498,3.66,0.62,10.1
1829,4,1.04,0.08,2.3,0.067,19.0,32.0,0.99648,3.52,0.57,11.0
1830,1,0.37,0.58,4.0,0.071,17.0,65.0,0.99935,3.22,0.78,10.1
1831,1,0.88,0.25,2.5,0.104,35.0,155.0,1.001,3.41,0.67,11.2
1832,3,0.6,0.12,2.2,0.083,13.0,28.0,0.9966,3.52,0.62,10.2
1833,3,0.22,0.36,1.9,0.064,53.0,77.0,0.99604,3.47,0.87,11.0
1834,3,0.32,0.44,2.4,0.061,24.0,34.0,0.99484,3.29,0.8,11.6
1835,1,0.41,0.58,2.8,0.096,25.0,101.0,1.00024,3.13,0.53,10.0
1836,5,0.49,0.03,1.8,0.044,28.0,87.0,0.9908,3.5,0.82,14.0
1837,4,0.63,0.5,1.4,0.071,6.0,26.0,0.99791,3.07,0.6,10.4
1838,2,0.31,0.44,2.3,0.08,22.0,46.0,0.9988,3.32,0.67,9.7
1839,3,0.3,0.34,2.0,0.064,12.0,25.0,0.99516,3.26,0.84,11.7
1840,4,0.61,0.0,1.6,0.069,4.0,8.0,0.99396,3.33,0.37,10.4
1841,4,0.38,0.48,2.6,0.073,22.0,84.0,0.9972,3.32,0.7,9.6
1842,1,0.6,0.26,2.0,0.08,31.0,131.0,0.99622,3.21,0.52,9.9
1843,1,0.78,0.51,1.7,0.415,12.0,66.0,0.99623,3.0,1.17,9.2
1844,4,1.09,0.06,2.1,0.061,12.0,31.0,0.9948,3.51,0.43,11.4
1845,3,0.59,0.0,2.1,0.091,9.0,14.0,0.99488,3.42,0.55,11.5
1846,2,0.785,0.0,2.6,0.093,11.0,28.0,0.9994,3.36,0.86,9.4
1847,4,0.62,0.03,1.5,0.08,6.0,13.0,0.99498,3.66,0.62,10.1
1848,4,0.765,0.04,1.6,0.078,4.0,14.0,0.998,3.29,0.54,9.7
1849,1,0.66,0.03,2.3,0.078,16.0,86.0,0.99743,3.53,0.57,9.7
1850,6,1.58,0.0,2.1,0.137,5.0,9.0,0.99476,3.5,0.4,10.9
1851,5,0.33,0.33,1.7,0.061,3.0,13.0,0.996,3.23,1.1,10.0
1852,3,0.28,0.48,2.1,0.093,6.0,12.0,0.99408,3.26,0.62,12.4
1853,4,1.02,0.04,1.4,0.045,41.0,85.0,0.9938,3.75,0.48,10.5
1854,2,0.38,0.06,1.8,0.078,12.0,49.0,0.99625,3.37,0.52,9.9
1855,5,0.31,0.72,2.2,0.072,6.0,29.0,0.9987,2.88,0.82,9.8
1856,6,1.58,0.0,2.1,0.137,5.0,9.0,0.99476,3.5,0.4,10.9
1857,6,1.02,0.02,3.4,0.084,6.0,11.0,0.99892,3.48,0.49,11.0
1858,2,0.63,0.0,1.9,0.097,14.0,38.0,0.99675,3.37,0.58,9.0
1859,5,0.62,0.67,5.2,0.086,6.0,19.0,0.9988,3.22,0.69,13.4
1860,3,0.6,0.12,2.2,0.083,13.0,28.0,0.9966,3.52,0.62,10.2
1861,4,1.09,0.06,2.1,0.061,12.0,31.0,0.9948,3.51,0.43,11.4
1862,5,0.26,0.54,1.9,0.083,42.0,74.0,0.99451,2.98,0.63,11.8
1863,4,0.47,0.44,1.6,0.147,36.0,51.0,0.99836,3.38,0.86,9.9
1864,1,0.53,0.01,1.6,0.077,3.0,19.0,0.995,3.16,0.46,9.8
1865,3,0.38,0.5,2.4,0.104,6.0,13.0,0.99643,3.22,0.65,11.6
1866,1,0.5,0.47,2.0,0.086,21.0,73.0,0.997,3.36,0.57,9.1
1867,1,0.42,0.48,2.6,0.077,8.0,20.0,0.99852,3.09,0.53,11.0
1868,5,0.85,0.05,1.4,0.045,12.0,88.0,0.9924,3.56,0.82,12.9
1869,3,0.4,0.53,6.7,0.097,6.0,19.0,0.9986,3.27,0.82,11.7
1870,5,0.35,0.53,2.6,0.07,5.0,16.0,0.9972,3.15,0.65,11.0
1871,3,0.34,0.36,1.9,0.065,5.0,10.0,0.99419,3.27,0.54,11.2
1872,1,0.78,0.23,2.6,0.059,5.0,15.0,0.997,3.37,0.56,11.3
1873,4,0.84,0.02,4.4,0.096,5.0,13.0,0.997,3.41,0.57,11.0
1874,5,0.26,0.54,1.9,0.083,42.0,74.0,0.99451,2.98,0.63,11.8
1875,1,0.58,0.2,3.0,0.081,15.0,115.0,0.998,3.23,0.59,9.5
1876,5,0.85,0.05,1.4,0.045,12.0,88.0,0.9924,3.56,0.82,12.9
1877,5,0.42,0.24,2.0,0.06,19.0,50.0,0.9917,3.72,0.74,14.0
1878,1,0.63,0.0,4.3,0.093,51.0,77.5,0.99558,3.2,0.45,9.5
1879,2,0.6,0.01,2.3,0.079,24.0,37.0,0.99514,3.4,0.61,10.9
1880,3,0.37,0.34,2.4,0.085,5.0,17.0,0.99683,3.17,0.65,10.6
1881,4,0.685,0.07,2.5,0.058,5.0,9.0,0.99632,3.38,0.55,10.9
1882,4,0.78,0.0,2.2,0.089,13.0,26.0,0.9978,3.37,0.46,9.6
1883,1,0.86,0.26,1.9,0.079,13.0,28.0,0.99712,3.25,0.62,10.0
1884,6,0.44,0.42,1.5,0.145,34.0,48.0,0.99832,3.38,0.86,9.9
1885,4,0.62,0.03,1.5,0.08,6.0,13.0,0.99498,3.66,0.62,10.1
1886,5,0.36,0.3,1.8,0.074,17.0,24.0,0.99419,3.24,0.7,11.4
1887,6,1.58,0.0,2.1,0.137,5.0,9.0,0.99476,3.5,0.4,10.9
1888,3,0.38,0.31,2.5,0.096,16.0,49.0,0.9982,3.19,0.7,10.0
1889,3,0.26,0.34,2.5,0.073,16.0,47.0,0.99594,3.4,0.78,11.3
1890,5,0.85,0.05,1.4,0.045,12.0,88.0,0.9924,3.56,0.82,12.9
1891,2,0.5,0.45,2.6,0.119,34.0,68.0,0.99708,3.23,0.72,10.9
1892,3,0.3,0.34,2.0,0.064,12.0,25.0,0.99516,3.26,0.84,11.7
1893,3,0.48,0.3,2.8,0.066,10.0,28.0,0.9964,3.33,0.67,11.2
1894,4,0.59,0.49,2.1,0.07,14.0,47.0,0.9991,3.3,0.56,9.6
1895,1,0.41,0.3,2.1,0.083,35.0,72.0,0.997,3.44,0.52,9.4
1896,2,0.54,0.02,1.7,0.085,17.0,31.0,0.99589,3.37,0.51,10.4
1897,4,0.91,0.06,2.0,0.06,4.0,11.0,0.99592,3.53,0.64,10.9
1898,6,1.185,0.0,4.25,0.097,5.0,14.0,0.9966,3.63,0.54,10.7
1899,6,1.185,0.0,4.25,0.097,5.0,14.0,0.9966,3.63,0.54,10.7
1900,5,0.54,0.34,2.5,0.076,8.0,17.0,0.99235,3.2,0.72,13.1
1901,1,0.66,0.7,2.2,0.098,25.0,129.0,0.9972,3.08,0.53,9.0
1902,6,0.44,0.42,1.5,0.145,34.0,48.0,0.99832,3.38,0.86,9.9
1903,2,0.77,0.12,2.9,0.082,30.0,74.0,0.99865,3.3,0.64,10.4
1904,5,0.85,0.05,1.4,0.045,12.0,88.0,0.9924,3.56,0.82,12.9
1905,6,0.815,0.0,1.2,0.267,16.0,29.0,0.99471,3.32,0.51,9.8
1906,3,0.44,0.58,4.1,0.092,11.0,24.0,0.99745,3.29,0.99,12.0
1907,4,0.53,0.09,3.9,0.123,14.0,31.0,0.9968,3.5,0.67,11.0
1908,5,0.38,0.31,2.0,0.056,15.0,29.0,0.99472,3.23,0.76,11.3
1909,4,0.47,0.0,2.2,0.067,7.0,14.0,0.99517,3.4,0.58,10.9
1910,2,0.29,0.49,2.2,0.096,21.0,59.0,0.99714,3.31,0.67,10.1
1911,5,0.32,0.45,6.4,0.073,5.0,13.0,0.9976,3.23,0.82,12.6
1912,6,0.875,0.05,5.7,0.082,3.0,14.0,0.99808,3.4,0.52,10.2
1913,3,0.915,0.12,2.2,0.143,7.0,23.0,0.9964,3.35,0.65,10.2
1914,4,1.02,0.04,1.4,0.045,41.0,85.0,0.9938,3.75,0.48,10.5
1915,1,0.43,0.42,5.5,0.07,29.0,129.0,0.9973,3.42,0.72,10.5
1916,1,0.45,0.49,2.6,0.084,21.0,75.0,0.9987,3.35,0.57,9.7
1917,2,0.46,0.52,2.2,0.071,12.0,35.0,1.0006,3.1,0.56,9.0
1918,2,0.43,0.34,2.5,0.08,26.0,86.0,0.9987,3.38,0.62,9.5
1919,2,0.36,0.52,2.1,0.111,5.0,10.0,0.99568,3.31,0.62,11.3
1920,2,0.6,0.49,4.3,0.1,5.0,14.0,1.001,3.25,0.74,11.9
1921,4,0.975,0.04,2.0,0.087,12.0,67.0,0.99565,3.35,0.6,9.4
1922,1,0.45,0.2,1.6,0.069,3.0,15.0,0.9958,3.41,0.56,9.2
1923,1,0.56,0.08,2.1,0.105,16.0,44.0,0.9958,3.13,0.52,11.0
1924,2,0.59,0.5,2.0,0.337,27.0,81.0,0.9964,3.04,1.61,9.5
1925,4,0.91,0.06,2.0,0.06,4.0,11.0,0.99592,3.53,0.64,10.9
1926,6,0.76,0.02,1.8,0.078,6.0,12.0,0.996,3.55,0.63,9.95
1927,4,0.84,0.02,4.4,0.096,5.0,13.0,0.997,3.41,0.57,11.0
1928,6,1.185,0.0,4.25,0.097,5.0,14.0,0.9966,3.63,0.54,10.7
1929,6,1.185,0.0,4.25,0.097,5.0,14.0,0.9966,3.63,0.54,10.7
1930,5,0.38,0.31,2.0,0.056,15.0,29.0,0.99472,3.23,0.76,11.3
1931,1,0.75,0.27,3.8,0.11,34.0,89.0,0.99664,3.24,0.45,9.3
1932,4,0.885,0.03,1.8,0.058,4.0,8.0,0.9972,3.36,0.33,9.1
1933,3,0.57,0.01,1.7,0.054,5.0,27.0,0.9934,3.57,0.84,12.5
1934,4,0.58,0.0,2.2,0.096,3.0,13.0,0.99557,3.62,0.62,11.5
1935,5,0.54,0.34,2.5,0.076,8.0,17.0,0.99235,3.2,0.72,13.1
1936,5,0.35,0.46,3.6,0.078,15.0,37.0,0.9973,3.35,0.86,12.8
1937,5,0.3,0.56,2.8,0.08,6.0,17.0,0.9964,3.15,0.92,11.7
1938,4,0.46,0.49,4.5,0.07,26.0,49.0,0.9981,3.05,0.57,9.6
1939,2,0.42,0.19,2.0,0.075,22.0,47.0,0.99522,3.39,0.78,10.0
1940,1,0.835,0.03,2.1,0.092,10.0,19.0,0.9966,3.39,0.47,9.6
1941,5,0.54,0.34,2.5,0.076,8.0,17.0,0.99235,3.2,0.72,13.1
1942,1,0.69,0.0,5.6,0.124,21.0,58.0,0.9997,3.46,0.72,10.2
1943,2,0.43,0.44,2.4,0.214,5.0,12.0,0.9994,3.19,0.63,9.5
1944,3,0.4,0.32,5.6,0.087,10.0,47.0,0.9991,3.38,0.77,10.5
1945,4,0.915,0.27,2.1,0.088,7.0,23.0,0.9962,3.26,0.47,10.0
1946,3,0.66,0.0,2.2,0.087,3.0,11.0,0.99378,3.71,0.63,12.8
1947,2,0.32,0.42,2.3,0.098,3.0,9.0,0.99506,3.27,0.55,12.3
1948,6,1.02,0.02,3.4,0.084,6.0,11.0,0.99892,3.48,0.49,11.0
1949,2,0.27,0.24,2.1,0.072,15.0,33.0,0.9956,3.22,0.66,12.8
1950,6,0.61,0.49,2.1,0.2,5.0,16.0,0.9994,3.16,0.63,8.4
1951,2,0.46,0.2,1.9,0.077,28.0,54.0,0.9956,3.37,0.64,10.4
1952,3,0.38,0.4,2.2,0.068,12.0,28.0,0.99486,3.27,0.75,12.6
1953,1,0.59,0.05,2.0,0.089,12.0,32.0,0.99735,3.36,0.61,10.0
1954,6,0.76,0.02,1.8,0.078,6.0,12.0,0.996,3.55,0.63,9.95
1955,5,0.35,0.53,2.6,0.07,5.0,16.0,0.9972,3.15,0.65,11.0
1956,1,0.685,0.23,2.3,0.111,20.0,84.0,0.9964,3.21,0.61,9.3
1957,2,0.22,0.3,1.8,0.065,16.0,20.0,0.99672,3.61,0.82,10.0
1958,3,0.31,0.09,1.4,0.066,15.0,28.0,0.99459,3.42,0.7,10.0
1959,2,0.38,0.42,1.9,0.071,5.0,13.0,0.99659,3.15,0.75,10.5
1960,1,0.745,0.56,2.0,0.118,30.0,134.0,0.9968,3.24,0.66,9.4
1961,2,0.44,0.0,1.4,0.07,32.0,38.0,0.99438,3.32,0.58,11.4
1962,5,0.32,0.45,6.4,0.073,5.0,13.0,0.9976,3.23,0.82,12.6
1963,4,0.755,0.0,1.9,0.084,6.0,12.0,0.99672,3.34,0.49,9.7
1964,3,0.31,0.35,1.6,0.075,9.0,28.0,0.99672,3.24,0.83,11.2
1965,2,0.63,0.27,2.0,0.083,17.0,91.0,0.99616,3.26,0.58,9.8
1966,6,0.875,0.05,5.7,0.082,3.0,14.0,0.99808,3.4,0.52,10.2
1967,6,1.02,0.02,3.4,0.084,6.0,11.0,0.99892,3.48,0.49,11.0
1968,1,0.52,0.25,2.6,0.081,10.0,37.0,0.99685,3.46,0.5,11.0
1969,5,0.33,0.33,1.7,0.061,3.0,13.0,0.996,3.23,1.1,10.0
1970,5,0.26,0.54,1.9,0.083,42.0,74.0,0.99451,2.98,0.63,11.8
1971,4,0.62,0.03,1.5,0.08,6.0,13.0,0.99498,3.66,0.62,10.1
1972,1,0.46,0.63,2.0,0.071,6.0,15.0,0.9988,2.99,0.87,10.2
1973,4,0.87,0.0,3.3,0.096,26.0,61.0,1.00025,3.6,0.72,9.8
1974,4,0.845,0.01,2.2,0.07,5.0,14.0,0.9967,3.32,0.58,11.0
1975,5,0.35,0.46,3.6,0.078,15.0,37.0,0.9973,3.35,0.86,12.8
1976,3,0.28,0.48,2.1,0.093,6.0,12.0,0.99408,3.26,0.62,12.4
1977,2,0.65,0.37,5.1,0.11,11.0,65.0,1.0026,3.32,0.64,10.4
1978,1,0.18,0.4,1.8,0.062,7.0,20.0,0.9941,3.28,0.7,11.1
1979,2,0.47,0.49,4.3,0.085,6.0,47.0,1.0021,3.3,0.68,12.7
1980,1,0.64,0.07,1.8,0.1,8.0,23.0,0.9961,3.3,0.58,9.6
1981,3,0.29,0.49,2.6,0.059,5.0,13.0,0.9976,3.05,0.74,10.5
1982,1,0.885,0.2,1.4,0.086,7.0,31.0,0.9946,3.11,0.46,10.0
1983,5,0.62,0.67,5.2,0.086,6.0,19.0,0.9988,3.22,0.69,13.4
1984,2,0.58,0.13,2.1,0.102,17.0,36.0,0.9944,3.24,0.53,11.2
1985,6,1.185,0.0,4.25,0.097,5.0,14.0,0.9966,3.63,0.54,10.7
1986,6,0.58,0.66,2.2,0.074,10.0,47.0,1.0008,3.25,0.57,9.0
1987,5,0.38,0.31,2.0,0.056,15.0,29.0,0.99472,3.23,0.76,11.3
1988,5,0.26,0.54,1.9,0.083,42.0,74.0,0.99451,2.98,0.63,11.8
1989,3,0.3,0.49,3.8,0.09,11.0,24.0,0.99498,3.27,0.64,12.1
1990,5,0.54,0.34,2.5,0.076,8.0,17.0,0.99235,3.2,0.72,13.1
1991,4,0.915,0.27,2.1,0.088,7.0,23.0,0.9962,3.26,0.47,10.0
1992,1,0.935,0.43,2.2,0.114,22.0,114.0,0.997,3.25,0.73,9.2
1993,4,0.47,0.0,2.2,0.067,7.0,14.0,0.99517,3.4,0.58,10.9
1994,6,0.44,0.42,1.5,0.145,34.0,48.0,0.99832,3.38,0.86,9.9
1995,3,0.3,0.58,2.1,0.054,7.0,19.0,0.998,3.31,0.88,10.5
1996,3,0.51,0.18,2.1,0.042,16.0,101.0,0.9924,3.46,0.87,12.9
1997,1,0.655,0.12,2.3,0.083,15.0,113.0,0.9966,3.17,0.66,9.8
1998,4,0.61,0.3,2.8,0.088,17.0,46.0,0.9976,3.26,0.51,9.3
1999,3,0.37,0.44,1.6,0.038,21.0,42.0,0.99526,3.24,0.81,10.8
2000,2,0.53,0.06,2.6,0.086,20.0,44.0,0.9965,3.38,0.59,10.7
2001,4,0.61,0.3,2.8,0.088,17.0,46.0,0.9976,3.26,0.51,9.3
2002,2,0.51,0.19,3.2,0.081,8.0,30.0,0.9984,3.23,0.58,10.5
2003,5,0.36,0.3,1.8,0.074,17.0,24.0,0.99419,3.24,0.7,11.4
2004,3,0.26,0.47,1.9,0.078,6.0,24.0,0.9976,3.18,1.04,10.9
2005,3,0.51,0.18,2.1,0.042,16.0,101.0,0.9924,3.46,0.87,12.9
2006,5,0.54,0.34,2.5,0.076,8.0,17.0,0.99235,3.2,0.72,13.1
2007,2,0.41,0.33,2.2,0.081,22.0,36.0,0.9949,3.41,0.75,11.1
2008,3,0.42,0.0,2.1,0.048,16.0,42.0,0.99154,3.71,0.74,14.0
2009,2,0.51,0.25,2.9,0.077,21.0,45.0,0.9974,3.49,0.96,12.1
2010,1,0.36,0.65,7.5,0.096,22.0,71.0,0.9976,2.98,0.84,14.9
2011,4,0.87,0.0,3.3,0.096,26.0,61.0,1.00025,3.6,0.72,9.8
2012,6,0.58,0.66,2.2,0.074,10.0,47.0,1.0008,3.25,0.57,9.0
2013,4,0.52,1.0,3.4,0.61,32.0,69.0,0.9996,2.74,2.0,9.4
2014,6,0.61,0.49,2.1,0.2,5.0,16.0,0.9994,3.16,0.63,8.4
2015,3,0.24,0.47,2.1,0.066,6.0,24.0,0.9978,3.15,0.9,11.0
2016,3,0.84,0.03,2.3,0.059,32.0,48.0,0.9952,3.52,0.56,12.3
2017,2,0.64,0.0,2.4,0.077,18.0,29.0,0.9965,3.32,0.6,10.0
2018,1,0.56,0.2,2.0,0.075,9.0,39.0,0.9987,3.48,0.62,9.3
2019,6,1.185,0.0,4.25,0.097,5.0,14.0,0.9966,3.63,0.54,10.7
2020,5,0.42,0.39,1.8,0.068,6.0,12.0,0.99516,3.35,0.69,11.7
2021,1,0.44,0.49,2.4,0.078,26.0,121.0,0.9978,3.23,0.58,9.2
2022,4,0.59,0.49,2.1,0.07,14.0,47.0,0.9991,3.3,0.56,9.6
2023,2,0.52,0.45,2.0,0.08,6.0,13.0,0.99774,3.22,0.76,11.4
2024,5,0.49,0.03,1.8,0.044,28.0,87.0,0.9908,3.5,0.82,14.0
2025,1,0.64,0.1,2.1,0.085,18.0,101.0,0.9956,3.34,0.52,10.2
2026,1,0.36,0.6,2.2,0.152,7.0,18.0,0.9986,3.04,1.06,9.4
2027,3,0.33,0.45,1.5,0.057,19.0,37.0,0.99498,3.18,0.89,11.1
2028,2,0.65,0.02,2.1,0.066,8.0,25.0,0.9972,3.47,0.67,9.5
2029,2,0.22,0.3,1.8,0.065,16.0,20.0,0.99672,3.61,0.82,10.0
2030,1,0.37,0.65,6.4,0.08,3.0,8.0,0.99817,3.27,0.58,11.0
2031,4,0.46,0.49,4.5,0.07,26.0,49.0,0.9981,3.05,0.57,9.6
2032,5,0.4,0.5,1.8,0.071,7.0,16.0,0.99462,3.21,0.69,12.5
2033,1,0.685,0.0,1.9,0.067,40.0,63.0,0.9979,3.6,0.81,9.9
2034,1,0.66,0.0,3.9,0.086,17.0,45.0,0.9976,3.46,0.54,9.5
2035,1,0.82,0.02,1.2,0.07,36.0,48.0,0.9952,3.2,0.58,9.8
2036,5,0.31,0.72,2.2,0.072,6.0,29.0,0.9987,2.88,0.82,9.8
2037,1,0.56,0.03,1.5,0.086,36.0,46.0,0.99522,3.53,0.57,10.6
2038,2,0.635,0.17,2.4,0.241,6.0,18.0,0.9961,3.4,0.59,10.3
2039,5,0.36,0.3,1.8,0.074,17.0,24.0,0.99419,3.24,0.7,11.4
2040,3,0.31,0.45,2.1,0.216,5.0,16.0,0.99358,3.15,0.81,12.5
2041,2,0.41,0.31,2.0,0.079,21.0,51.0,0.99668,3.47,0.55,9.5
2042,6,1.58,0.0,2.1,0.137,5.0,9.0,0.99476,3.5,0.4,10.9
2043,3,0.5,0.59,1.4,0.073,23.0,42.0,0.998,2.92,0.68,10.5
2044,4,0.83,0.27,2.0,0.08,11.0,63.0,0.99652,3.29,0.48,9.8
2045,4,0.625,0.2,1.5,0.08,27.0,119.0,0.9972,3.16,1.12,9.1
2046,5,0.35,0.46,3.6,0.078,15.0,37.0,0.9973,3.35,0.86,12.8
2047,6,0.875,0.05,5.7,0.082,3.0,14.0,0.99808,3.4,0.52,10.2
2048,4,0.23,0.37,2.2,0.057,14.0,36.0,0.99614,3.23,0.49,9.3
2049,6,0.875,0.05,5.7,0.082,3.0,14.0,0.99808,3.4,0.52,10.2
2050,6,0.98,0.05,2.1,0.061,20.0,49.0,0.99705,3.31,0.55,9.7
2051,4,1.13,0.09,1.5,0.172,7.0,19.0,0.994,3.5,0.48,9.8
2052,2,0.685,0.1,1.6,0.092,3.0,12.0,0.99745,3.31,0.65,9.55
2053,6,0.76,0.02,1.8,0.078,6.0,12.0,0.996,3.55,0.63,9.95
2054,6,1.58,0.0,2.1,0.137,5.0,9.0,0.99476,3.5,0.4,10.9
2055,5,0.38,0.31,2.0,0.056,15.0,29.0,0.99472,3.23,0.76,11.3
2056,5,0.35,0.53,2.6,0.07,5.0,16.0,0.9972,3.15,0.65,11.0
2057,4,0.765,0.04,1.6,0.078,4.0,14.0,0.998,3.29,0.54,9.7
2058,5,0.85,0.05,1.4,0.045,12.0,88.0,0.9924,3.56,0.82,12.9
2059,4,0.39,0.24,2.1,0.102,4.0,7.0,0.99462,3.44,0.58,11.4
2060,5,0.35,0.53,2.6,0.07,5.0,16.0,0.9972,3.15,0.65,11.0
2061,2,0.36,0.19,3.2,0.075,15.0,39.0,0.9956,3.56,0.52,12.7
2062,1,0.6,0.1,2.2,0.085,14.0,111.0,0.9964,3.15,0.66,9.8
2063,5,0.85,0.05,1.4,0.045,12.0,88.0,0.9924,3.56,0.82,12.9
2064,2,0.69,0.0,1.65,0.055,7.0,12.0,0.99162,3.47,0.53,12.9
2065,1,0.46,0.39,2.0,0.061,7.0,15.0,0.9981,3.18,0.62,9.5
2066,1,0.7,0.06,1.9,0.079,20.0,35.0,0.99628,3.4,0.69,10.9
2067,3,0.33,0.63,2.8,0.084,5.0,22.0,0.9998,3.26,0.74,11.2
2068,2,0.39,0.23,8.3,0.051,28.0,91.0,0.9952,3.44,0.55,12.1
2069,4,0.685,0.07,2.5,0.058,5.0,9.0,0.99632,3.38,0.55,10.9
